timestamp,sensor_name,address,roll_deg,pitch_deg,yaw_deg,cal_system,cal_gyro,cal_accel,cal_mag
2026-09-03T00:43:25.237,IMU-1,0x28,-1.31,179.81,352.44,0,3,0,0
2026-09-03T00:43:25.240,IMU-2,0x29,0.0,0.0,0.0,0,0,0,0
2026-09-03T00:43:25.336,IMU-1,0x28,-1.31,179.81,352.44,0,3,0,0
2026-09-03T00:43:25.338,IMU-2,0x29,-1.69,177.81,259.75,0,0,0,0
2026-09-03T00:43:25.436,IMU-1,0x28,-1.31,179.81,352.44,0,3,0,0
2026-09-03T00:43:25.438,IMU-2,0x29,-1.69,177.81,259.75,0,0,0,0
2026-09-03T00:43:25.536,IMU-1,0x28,-1.31,179.81,352.44,0,3,0,0
2026-09-03T00:43:25.538,IMU-2,0x29,-1.69,177.81,259.75,0,0,0,0
2026-09-03T00:43:25.637,IMU-1,0x28,-1.31,179.81,352.44,0,3,0,0
2026-09-03T00:43:25.638,IMU-2,0x29,-1.69,177.81,259.75,0,0,0,0
2026-09-03T00:43:25.737,IMU-1,0x28,-1.31,179.81,352.44,0,3,0,0
2026-09-03T00:43:25.738,IMU-2,0x29,-1.69,177.81,259.75,0,0,0,0
2026-09-03T00:43:25.837,IMU-1,0x28,-1.31,179.81,352.44,0,3,0,0
2026-09-03T00:43:25.838,IMU-2,0x29,-1.69,177.81,259.75,0,0,0,0
2026-09-03T00:43:25.937,IMU-1,0x28,-1.31,179.81,352.44,0,3,0,0
2026-09-03T00:43:25.939,IMU-2,0x29,-1.69,177.81,259.75,0,0,0,0
2026-09-03T00:43:26.037,IMU-1,0x28,-1.31,179.81,352.44,0,3,0,0
2026-09-03T00:43:26.039,IMU-2,0x29,-1.69,177.81,259.75,0,0,0,0
2026-09-03T00:43:26.138,IMU-1,0x28,-1.31,179.81,352.44,0,3,0,0
2026-09-03T00:43:26.140,IMU-2,0x29,-1.69,177.81,259.75,0,3,0,0
2026-09-03T00:43:26.238,IMU-1,0x28,-1.31,179.81,352.44,0,3,0,0
2026-09-03T00:43:26.240,IMU-2,0x29,-1.69,177.81,259.75,0,3,0,0
2026-09-03T00:43:26.338,IMU-1,0x28,-1.31,179.81,352.44,0,3,0,0
2026-09-03T00:43:26.340,IMU-2,0x29,-1.69,177.81,259.75,0,3,0,0
2026-09-03T00:43:26.438,IMU-1,0x28,-1.31,179.81,352.44,0,3,0,0
2026-09-03T00:43:26.440,IMU-2,0x29,-1.69,177.81,259.75,0,3,0,0
2026-09-03T00:43:26.538,IMU-1,0x28,-1.31,179.81,352.44,0,3,0,0
2026-09-03T00:43:26.541,IMU-2,0x29,-1.69,177.81,259.75,0,3,0,0
2026-09-03T00:43:26.638,IMU-1,0x28,-1.31,179.81,352.44,0,3,0,0
2026-09-03T00:43:26.641,IMU-2,0x29,-1.69,177.81,259.75,0,3,0,0
2026-09-03T00:43:26.738,IMU-1,0x28,-1.31,179.81,352.44,0,3,0,0
2026-09-03T00:43:26.741,IMU-2,0x29,-1.69,177.81,259.75,0,3,0,0
2026-09-03T00:43:26.838,IMU-1,0x28,-1.31,179.81,352.44,0,3,0,0
2026-09-03T00:43:26.841,IMU-2,0x29,-1.69,177.81,259.75,0,3,0,0
2026-09-03T00:43:26.938,IMU-1,0x28,-1.31,179.81,352.44,0,3,0,0
2026-09-03T00:43:26.941,IMU-2,0x29,-1.69,177.81,259.75,0,3,0,0
2026-09-03T00:43:27.038,IMU-1,0x28,-1.31,179.81,352.44,0,3,0,0
2026-09-03T00:43:27.041,IMU-2,0x29,-1.69,177.81,259.75,0,3,0,0
2026-09-03T00:43:27.138,IMU-1,0x28,-1.31,179.81,352.44,0,3,0,0
2026-09-03T00:43:27.142,IMU-2,0x29,-1.69,177.81,259.75,0,3,0,0
2026-09-03T00:43:27.237,IMU-1,0x28,-1.31,179.81,352.44,0,3,0,0
2026-09-03T00:43:27.240,IMU-2,0x29,-1.69,177.81,259.75,0,3,0,0
2026-09-03T00:43:27.337,IMU-1,0x28,-1.31,179.81,352.44,0,3,0,0
2026-09-03T00:43:27.340,IMU-2,0x29,-1.69,177.81,259.75,0,3,0,0
2026-09-03T00:43:27.437,IMU-1,0x28,-1.31,179.81,352.44,0,3,0,0
2026-09-03T00:43:27.440,IMU-2,0x29,-1.69,177.81,259.75,0,3,0,0
2026-09-03T00:43:27.537,IMU-1,0x28,-1.31,179.81,352.44,0,3,0,0
2026-09-03T00:43:27.539,IMU-2,0x29,-1.69,177.81,259.75,0,3,0,0
2026-09-03T00:43:27.637,IMU-1,0x28,-1.31,179.81,352.44,0,3,0,0
2026-09-03T00:43:27.639,IMU-2,0x29,-1.69,177.81,259.75,0,3,0,0
2026-09-03T00:43:27.738,IMU-1,0x28,-1.31,179.81,352.44,0,3,0,0
2026-09-03T00:43:27.739,IMU-2,0x29,-1.69,177.81,259.75,0,3,0,0
2026-09-03T00:43:27.838,IMU-1,0x28,-1.31,179.81,352.44,0,3,0,0
2026-09-03T00:43:27.839,IMU-2,0x29,-1.69,177.81,259.75,0,3,0,0
2026-09-03T00:43:27.938,IMU-1,0x28,-1.31,179.81,352.44,0,3,0,0
2026-09-03T00:43:27.939,IMU-2,0x29,-1.69,177.81,259.75,0,3,0,0
2026-09-03T00:43:28.038,IMU-1,0x28,-1.31,179.81,352.44,0,3,0,0
2026-09-03T00:43:28.039,IMU-2,0x29,-1.69,177.81,259.75,0,3,0,0
2026-09-03T00:43:28.138,IMU-1,0x28,-1.31,179.81,352.44,0,3,0,0
2026-09-03T00:43:28.140,IMU-2,0x29,-1.69,177.81,259.75,0,3,0,0
2026-09-03T00:43:28.238,IMU-1,0x28,-1.31,179.81,352.44,0,3,0,0
2026-09-03T00:43:28.239,IMU-2,0x29,-1.69,177.81,259.75,0,3,0,0
2026-09-03T00:43:28.338,IMU-1,0x28,-1.31,179.81,352.44,0,3,0,0
2026-09-03T00:43:28.339,IMU-2,0x29,-1.69,177.81,259.75,0,3,0,0
2026-09-03T00:43:28.438,IMU-1,0x28,-1.31,179.81,352.44,0,3,0,0
2026-09-03T00:43:28.440,IMU-2,0x29,-1.69,177.81,259.75,0,3,0,0
2026-09-03T00:43:28.538,IMU-1,0x28,-1.31,179.81,352.44,0,3,0,0
2026-09-03T00:43:28.540,IMU-2,0x29,-1.69,177.81,259.75,0,3,0,0
2026-09-03T00:43:28.638,IMU-1,0x28,-1.31,179.81,352.44,0,3,0,0
2026-09-03T00:43:28.640,IMU-2,0x29,-1.69,177.81,259.75,0,3,0,0
2026-09-03T00:43:28.738,IMU-1,0x28,-1.31,179.81,352.44,0,3,0,0
2026-09-03T00:43:28.740,IMU-2,0x29,-1.69,177.81,259.75,0,3,0,0
2026-09-03T00:43:28.838,IMU-1,0x28,-1.31,179.81,352.44,0,3,0,0
2026-09-03T00:43:28.841,IMU-2,0x29,-1.69,177.81,259.75,0,3,0,0
2026-09-03T00:43:28.938,IMU-1,0x28,-1.31,179.81,352.44,0,3,0,0
2026-09-03T00:43:28.941,IMU-2,0x29,-1.69,177.81,259.75,0,3,0,0
2026-09-03T00:43:29.038,IMU-1,0x28,-1.31,179.81,352.44,0,3,0,0
2026-09-03T00:43:29.041,IMU-2,0x29,-1.69,177.81,259.75,0,3,0,0
2026-09-03T00:43:29.139,IMU-1,0x28,-1.31,179.81,352.44,0,3,0,0
2026-09-03T00:43:29.142,IMU-2,0x29,-1.69,177.81,259.75,0,3,0,0
2026-09-03T00:43:29.239,IMU-1,0x28,-1.31,179.81,352.44,0,3,0,0
2026-09-03T00:43:29.242,IMU-2,0x29,-1.69,177.81,259.75,0,3,0,0
2026-09-03T00:43:29.339,IMU-1,0x28,-1.31,179.81,352.44,0,3,0,0
2026-09-03T00:43:29.342,IMU-2,0x29,-1.69,177.81,259.75,0,3,0,0
2026-09-03T00:43:29.439,IMU-1,0x28,-1.31,179.81,352.44,0,3,0,0
2026-09-03T00:43:29.442,IMU-2,0x29,-1.69,177.81,259.75,0,3,0,0
2026-09-03T00:43:29.539,IMU-1,0x28,-1.31,179.81,352.44,0,3,0,0
2026-09-03T00:43:29.542,IMU-2,0x29,-1.69,177.81,259.75,0,3,0,0
2026-09-03T00:43:29.639,IMU-1,0x28,-1.31,179.81,352.44,0,3,0,0
2026-09-03T00:43:29.642,IMU-2,0x29,-1.69,177.81,259.75,0,3,0,0
2026-09-03T00:43:29.739,IMU-1,0x28,-1.31,179.81,352.44,0,3,0,0
2026-09-03T00:43:29.742,IMU-2,0x29,-1.69,177.81,259.75,0,3,0,0
2026-09-03T00:43:29.840,IMU-1,0x28,-1.31,179.81,352.44,0,3,0,0
2026-09-03T00:43:29.843,IMU-2,0x29,-1.69,177.81,259.75,0,3,0,0
2026-09-03T00:43:29.940,IMU-1,0x28,-1.31,179.81,352.44,0,3,0,0
2026-09-03T00:43:29.943,IMU-2,0x29,-1.69,177.81,259.75,0,3,0,0
2026-09-03T00:43:30.040,IMU-1,0x28,-1.31,179.81,352.44,0,3,0,0
2026-09-03T00:43:30.043,IMU-2,0x29,-1.69,177.81,259.75,0,3,0,0
2026-09-03T00:43:30.141,IMU-1,0x28,-1.31,179.81,352.44,0,3,0,0
2026-09-03T00:43:30.144,IMU-2,0x29,-1.69,177.81,259.75,0,3,0,0
2026-09-03T00:43:30.240,IMU-1,0x28,-1.31,179.81,352.44,0,3,0,0
2026-09-03T00:43:30.243,IMU-2,0x29,-1.69,177.81,259.75,0,3,0,0
2026-09-03T00:43:30.341,IMU-1,0x28,-1.31,179.81,352.44,0,3,0,0
2026-09-03T00:43:30.343,IMU-2,0x29,-1.69,177.81,259.75,0,3,0,0
2026-09-03T00:43:30.441,IMU-1,0x28,-1.31,179.81,352.44,0,3,0,0
2026-09-03T00:43:30.442,IMU-2,0x29,-1.69,177.81,259.75,0,3,0,0
2026-09-03T00:43:30.541,IMU-1,0x28,-1.31,179.81,352.44,0,3,0,0
2026-09-03T00:43:30.542,IMU-2,0x29,-1.69,177.81,259.75,0,3,0,0
2026-09-03T00:43:30.641,IMU-1,0x28,-1.31,179.81,352.44,0,3,0,0
2026-09-03T00:43:30.643,IMU-2,0x29,-1.69,177.81,259.75,0,3,0,0
2026-09-03T00:43:30.741,IMU-1,0x28,-1.31,179.81,352.44,0,3,0,0
2026-09-03T00:43:30.743,IMU-2,0x29,-1.69,177.81,259.75,0,3,0,0
2026-09-03T00:43:30.841,IMU-1,0x28,-1.31,179.81,352.44,0,3,0,0
2026-09-03T00:43:30.843,IMU-2,0x29,-1.69,177.81,259.75,0,3,0,0
2026-09-03T00:43:30.941,IMU-1,0x28,-1.31,179.81,352.44,0,3,0,0
2026-09-03T00:43:30.943,IMU-2,0x29,-1.69,177.81,259.75,0,3,0,0
2026-09-03T00:43:31.041,IMU-1,0x28,-1.31,179.81,352.44,0,3,0,0
2026-09-03T00:43:31.043,IMU-2,0x29,-1.69,177.81,259.75,0,3,0,0
2026-09-03T00:43:31.142,IMU-1,0x28,-1.31,179.81,352.44,0,3,0,0
2026-09-03T00:43:31.144,IMU-2,0x29,-1.69,177.81,259.75,0,3,0,0
2026-09-03T00:43:31.241,IMU-1,0x28,-1.31,179.81,352.44,0,3,0,0
2026-09-03T00:43:31.243,IMU-2,0x29,-1.69,177.81,259.75,0,3,0,0
2026-09-03T00:43:31.341,IMU-1,0x28,-1.31,179.81,352.44,0,3,0,0
2026-09-03T00:43:31.343,IMU-2,0x29,-1.69,177.81,259.75,0,3,0,0
2026-09-03T00:43:31.441,IMU-1,0x28,-1.31,179.81,352.44,0,3,0,0
2026-09-03T00:43:31.443,IMU-2,0x29,-1.69,177.81,259.75,0,3,0,0
2026-09-03T00:43:31.541,IMU-1,0x28,-1.31,179.81,352.44,0,3,0,0
2026-09-03T00:43:31.544,IMU-2,0x29,-1.69,177.81,259.75,0,3,0,0
2026-09-03T00:43:31.642,IMU-1,0x28,-1.31,179.81,352.44,0,3,0,0
2026-09-03T00:43:31.644,IMU-2,0x29,-1.69,177.81,259.75,0,3,0,0
2026-09-03T00:43:31.742,IMU-1,0x28,-1.31,179.81,352.44,0,3,0,0
2026-09-03T00:43:31.744,IMU-2,0x29,-1.69,177.81,259.75,0,3,0,0
2026-09-03T00:43:31.842,IMU-1,0x28,-1.31,179.81,352.44,0,3,0,0
2026-09-03T00:43:31.844,IMU-2,0x29,-1.69,177.81,259.75,0,3,0,0
2026-09-03T00:43:31.942,IMU-1,0x28,-1.31,179.81,352.44,0,3,0,0
2026-09-03T00:43:31.945,IMU-2,0x29,-1.69,177.81,259.75,0,3,0,0
2026-09-03T00:43:32.042,IMU-1,0x28,-1.31,179.81,352.44,0,3,0,0
2026-09-03T00:43:32.045,IMU-2,0x29,-1.69,177.81,259.75,0,3,0,0
2026-09-03T00:43:32.143,IMU-1,0x28,-1.31,179.81,352.44,0,3,0,0
2026-09-03T00:43:32.146,IMU-2,0x29,-1.69,177.81,259.75,0,3,0,0
2026-09-03T00:43:32.241,IMU-1,0x28,-1.31,179.81,352.44,0,3,0,0
2026-09-03T00:43:32.244,IMU-2,0x29,-1.69,177.81,259.75,0,3,0,0
2026-09-03T00:43:32.341,IMU-1,0x28,-1.31,179.81,352.44,0,3,0,0
2026-09-03T00:43:32.344,IMU-2,0x29,-1.69,177.81,259.75,0,3,0,0
2026-09-03T00:43:32.441,IMU-1,0x28,-1.31,179.81,352.44,0,3,0,0
2026-09-03T00:43:32.444,IMU-2,0x29,-1.69,177.81,259.75,0,3,0,0
2026-09-03T00:43:32.541,IMU-1,0x28,-1.31,179.81,352.44,0,3,0,0
2026-09-03T00:43:32.544,IMU-2,0x29,-1.69,177.81,259.75,0,3,0,0
2026-09-03T00:43:32.641,IMU-1,0x28,-1.31,179.81,352.44,0,3,0,0
2026-09-03T00:43:32.643,IMU-2,0x29,-1.69,177.81,259.75,0,3,0,0
2026-09-03T00:43:32.741,IMU-1,0x28,-1.31,179.81,352.44,0,3,0,0
2026-09-03T00:43:32.743,IMU-2,0x29,-1.69,177.81,259.75,0,3,0,0
2026-09-03T00:43:32.841,IMU-1,0x28,-1.31,179.81,352.44,0,3,0,0
2026-09-03T00:43:32.843,IMU-2,0x29,-1.69,177.81,259.75,0,3,0,0
2026-09-03T00:43:32.941,IMU-1,0x28,-1.31,179.81,352.44,0,3,0,0
2026-09-03T00:43:32.943,IMU-2,0x29,-1.69,177.81,259.75,0,3,0,0
2026-09-03T00:43:33.041,IMU-1,0x28,-1.31,179.81,352.44,0,3,0,0
2026-09-03T00:43:33.043,IMU-2,0x29,-1.69,177.81,259.75,0,3,0,0
2026-09-03T00:43:33.142,IMU-1,0x28,-1.31,179.81,352.44,0,3,0,0
2026-09-03T00:43:33.144,IMU-2,0x29,-1.69,177.81,259.75,0,3,0,0
2026-09-03T00:43:33.241,IMU-1,0x28,-1.31,179.81,352.44,0,3,0,0
2026-09-03T00:43:33.243,IMU-2,0x29,-1.69,177.81,259.75,0,3,0,0
2026-09-03T00:43:33.341,IMU-1,0x28,-1.31,179.81,352.44,0,3,0,0
2026-09-03T00:43:33.343,IMU-2,0x29,-1.69,177.81,259.75,0,3,0,0
2026-09-03T00:43:33.441,IMU-1,0x28,-1.31,179.81,352.44,0,3,0,0
2026-09-03T00:43:33.443,IMU-2,0x29,-1.69,177.81,259.75,0,3,0,0
2026-09-03T00:43:33.541,IMU-1,0x28,-1.31,179.81,352.44,0,3,0,0
2026-09-03T00:43:33.543,IMU-2,0x29,-1.69,177.81,259.75,0,3,0,0
2026-09-03T00:43:33.642,IMU-1,0x28,-1.31,179.81,352.44,0,3,0,0
2026-09-03T00:43:33.643,IMU-2,0x29,-1.69,177.81,259.75,0,3,0,0
2026-09-03T00:43:33.742,IMU-1,0x28,-1.31,179.81,352.44,0,3,0,0
2026-09-03T00:43:33.744,IMU-2,0x29,-1.69,177.81,259.75,0,3,0,0
2026-09-03T00:43:33.842,IMU-1,0x28,-1.31,179.81,352.44,0,3,0,0
2026-09-03T00:43:33.844,IMU-2,0x29,-1.69,177.81,259.75,0,3,0,0
2026-09-03T00:43:33.942,IMU-1,0x28,-1.31,179.81,352.44,0,3,0,0
2026-09-03T00:43:33.944,IMU-2,0x29,-1.69,177.81,259.75,0,3,0,0
2026-09-03T00:43:34.042,IMU-1,0x28,-1.31,179.81,352.44,0,3,0,0
2026-09-03T00:43:34.045,IMU-2,0x29,-1.69,177.81,259.75,0,3,0,0
2026-09-03T00:43:34.143,IMU-1,0x28,-1.31,179.81,352.44,0,3,0,0
2026-09-03T00:43:34.146,IMU-2,0x29,-1.69,177.81,259.75,0,3,0,0
2026-09-03T00:43:34.243,IMU-1,0x28,-1.31,179.81,352.44,0,3,0,0
2026-09-03T00:43:34.245,IMU-2,0x29,-1.69,177.81,259.75,0,3,0,0
2026-09-03T00:43:34.343,IMU-1,0x28,-1.31,179.81,352.44,0,3,0,0
2026-09-03T00:43:34.346,IMU-2,0x29,-1.69,177.81,259.75,0,3,0,0
2026-09-03T00:43:34.443,IMU-1,0x28,-1.31,179.81,352.44,0,3,0,0
2026-09-03T00:43:34.446,IMU-2,0x29,-1.69,177.81,259.75,0,3,0,0
2026-09-03T00:43:34.544,IMU-1,0x28,-1.31,179.81,352.44,0,3,0,0
2026-09-03T00:43:34.547,IMU-2,0x29,-1.69,177.81,259.75,0,3,0,0
2026-09-03T00:43:34.644,IMU-1,0x28,-1.31,179.81,352.44,0,3,0,0
2026-09-03T00:43:34.647,IMU-2,0x29,-1.69,177.81,259.75,0,3,0,0
2026-09-03T00:43:34.744,IMU-1,0x28,-1.31,179.81,352.44,0,3,0,0
2026-09-03T00:43:34.747,IMU-2,0x29,-1.69,177.81,259.75,0,3,0,0
2026-09-03T00:43:34.844,IMU-1,0x28,-1.31,179.81,352.44,0,3,0,0
2026-09-03T00:43:34.847,IMU-2,0x29,-1.69,177.81,259.75,0,3,0,0
2026-09-03T00:43:34.944,IMU-1,0x28,-1.31,179.81,352.44,0,3,0,0
2026-09-03T00:43:34.947,IMU-2,0x29,-1.69,177.81,259.75,0,3,0,0
2026-09-03T00:43:35.044,IMU-1,0x28,-1.31,179.81,352.44,0,3,0,0
2026-09-03T00:43:35.047,IMU-2,0x29,-1.69,177.81,259.75,0,3,0,0
2026-09-03T00:43:35.145,IMU-1,0x28,-1.31,179.81,352.44,0,3,0,0
2026-09-03T00:43:35.149,IMU-2,0x29,-1.69,177.81,259.75,0,3,0,0
2026-09-03T00:43:35.244,IMU-1,0x28,-1.31,179.81,352.44,0,3,0,0
2026-09-03T00:43:35.247,IMU-2,0x29,-1.69,177.81,259.75,0,3,0,0
2026-09-03T00:43:35.344,IMU-1,0x28,-1.31,179.81,352.44,0,3,0,0
2026-09-03T00:43:35.347,IMU-2,0x29,-1.69,177.81,259.75,0,3,0,0
2026-09-03T00:43:35.444,IMU-1,0x28,-1.31,179.81,352.44,0,3,0,0
2026-09-03T00:43:35.447,IMU-2,0x29,-1.69,177.81,259.75,0,3,0,0
2026-09-03T00:43:35.544,IMU-1,0x28,-1.31,179.81,352.44,0,3,0,0
2026-09-03T00:43:35.547,IMU-2,0x29,-1.69,177.81,259.75,0,3,0,0
2026-09-03T00:43:35.644,IMU-1,0x28,-1.31,179.81,352.44,0,3,0,0
2026-09-03T00:43:35.647,IMU-2,0x29,-1.69,177.81,259.75,0,3,0,0
2026-09-03T00:43:35.744,IMU-1,0x28,-1.31,179.81,352.44,0,3,0,0
2026-09-03T00:43:35.746,IMU-2,0x29,-1.69,177.81,259.75,0,3,0,0
2026-09-03T00:43:35.844,IMU-1,0x28,-1.31,179.81,352.44,0,3,0,0
2026-09-03T00:43:35.846,IMU-2,0x29,-1.69,177.81,259.75,0,3,0,0
2026-09-03T00:43:35.944,IMU-1,0x28,-1.31,179.81,352.44,0,3,0,0
2026-09-03T00:43:35.945,IMU-2,0x29,-1.69,177.81,259.75,0,3,0,0
2026-09-03T00:43:36.044,IMU-1,0x28,-1.31,179.81,352.44,0,3,0,0
2026-09-03T00:43:36.045,IMU-2,0x29,-1.69,177.81,259.75,0,3,0,0
2026-09-03T00:43:36.144,IMU-1,0x28,-1.31,179.81,352.44,0,3,0,0
2026-09-03T00:43:36.146,IMU-2,0x29,-1.69,177.81,259.75,0,3,0,0
2026-09-03T00:43:36.243,IMU-1,0x28,-1.31,179.81,352.44,0,3,0,0
2026-09-03T00:43:36.245,IMU-2,0x29,-1.69,177.81,259.75,0,3,0,0
2026-09-03T00:43:36.343,IMU-1,0x28,-1.31,179.81,352.44,0,3,0,0
2026-09-03T00:43:36.345,IMU-2,0x29,-1.69,177.81,259.75,0,3,0,0
2026-09-03T00:43:36.443,IMU-1,0x28,-1.31,179.81,352.44,0,3,0,0
2026-09-03T00:43:36.445,IMU-2,0x29,-1.69,177.81,259.75,0,3,0,0
2026-09-03T00:43:36.543,IMU-1,0x28,-1.31,179.81,352.44,0,3,0,0
2026-09-03T00:43:36.546,IMU-2,0x29,-1.69,177.81,259.75,0,3,0,0
2026-09-03T00:43:36.643,IMU-1,0x28,-1.31,179.81,352.44,0,3,0,0
2026-09-03T00:43:36.646,IMU-2,0x29,-1.69,177.81,259.75,0,3,0,0
2026-09-03T00:43:36.744,IMU-1,0x28,-1.31,179.81,352.44,0,3,0,0
2026-09-03T00:43:36.746,IMU-2,0x29,-1.69,177.81,259.75,0,3,0,0
2026-09-03T00:43:36.844,IMU-1,0x28,-1.31,179.81,352.44,0,3,0,0
2026-09-03T00:43:36.846,IMU-2,0x29,-1.69,177.81,259.75,0,3,0,0
2026-09-03T00:43:36.944,IMU-1,0x28,-1.31,179.81,352.44,0,3,0,0
2026-09-03T00:43:36.947,IMU-2,0x29,-1.69,177.81,259.75,0,3,0,0
2026-09-03T00:43:37.044,IMU-1,0x28,-1.31,179.81,352.44,0,3,0,0
2026-09-03T00:43:37.046,IMU-2,0x29,-1.69,177.81,259.75,0,3,0,0
2026-09-03T00:43:37.144,IMU-1,0x28,-1.31,179.81,352.44,0,3,0,0
2026-09-03T00:43:37.148,IMU-2,0x29,-1.69,177.81,259.75,0,3,0,0
2026-09-03T00:43:37.244,IMU-1,0x28,-1.31,179.81,352.44,0,3,0,0
2026-09-03T00:43:37.245,IMU-2,0x29,-1.69,177.81,259.75,0,3,0,0
2026-09-03T00:43:37.344,IMU-1,0x28,-1.31,179.81,352.44,0,3,0,0
2026-09-03T00:43:37.345,IMU-2,0x29,-1.69,177.81,259.75,0,3,0,0
2026-09-03T00:43:37.444,IMU-1,0x28,-1.31,179.81,352.44,0,3,0,0
2026-09-03T00:43:37.445,IMU-2,0x29,-1.69,177.81,259.75,0,3,0,0
2026-09-03T00:43:37.544,IMU-1,0x28,-1.31,179.81,352.44,0,3,0,0
2026-09-03T00:43:37.546,IMU-2,0x29,-1.69,177.81,259.75,0,3,0,0
2026-09-03T00:43:37.644,IMU-1,0x28,-1.31,179.81,352.44,0,3,0,0
2026-09-03T00:43:37.646,IMU-2,0x29,-1.69,177.81,259.75,0,3,0,0
2026-09-03T00:43:37.744,IMU-1,0x28,-1.31,179.81,352.44,0,3,0,0
2026-09-03T00:43:37.746,IMU-2,0x29,-1.69,177.81,259.75,0,3,0,0
2026-09-03T00:43:37.845,IMU-1,0x28,-1.31,179.81,352.44,0,3,0,0
2026-09-03T00:43:37.846,IMU-2,0x29,-1.69,177.81,259.75,0,3,0,0
2026-09-03T00:43:37.945,IMU-1,0x28,-1.31,179.81,352.44,0,3,0,0
2026-09-03T00:43:37.946,IMU-2,0x29,-1.69,177.81,259.75,0,3,0,0
2026-09-03T00:43:38.045,IMU-1,0x28,-1.31,179.81,352.44,0,3,0,0
2026-09-03T00:43:38.047,IMU-2,0x29,-1.69,177.81,259.75,0,3,0,0
2026-09-03T00:43:38.146,IMU-1,0x28,-1.31,179.81,352.44,0,3,0,0
2026-09-03T00:43:38.148,IMU-2,0x29,-1.69,177.81,259.75,0,3,0,0
2026-09-03T00:43:38.246,IMU-1,0x28,-1.31,179.81,352.44,0,3,0,0
2026-09-03T00:43:38.247,IMU-2,0x29,-1.69,177.81,259.75,0,3,0,0
2026-09-03T00:43:38.346,IMU-1,0x28,-1.31,179.81,352.44,0,3,0,0
2026-09-03T00:43:38.347,IMU-2,0x29,-1.69,177.81,259.75,0,3,0,0
2026-09-03T00:43:38.446,IMU-1,0x28,-1.31,179.81,352.44,0,3,0,0
2026-09-03T00:43:38.447,IMU-2,0x29,-1.69,177.81,259.75,0,3,0,0
2026-09-03T00:43:38.546,IMU-1,0x28,-1.31,179.81,352.44,0,3,0,0
2026-09-03T00:43:38.548,IMU-2,0x29,-1.69,177.81,259.75,0,3,0,0
2026-09-03T00:43:38.646,IMU-1,0x28,-1.31,179.81,352.44,0,3,0,0
2026-09-03T00:43:38.648,IMU-2,0x29,-1.69,177.81,259.75,0,3,0,0
2026-09-03T00:43:38.746,IMU-1,0x28,-1.31,179.81,352.44,0,3,0,0
2026-09-03T00:43:38.748,IMU-2,0x29,-1.69,177.81,259.75,0,3,0,0
2026-09-03T00:43:38.846,IMU-1,0x28,-1.31,179.81,352.44,0,3,0,0
2026-09-03T00:43:38.848,IMU-2,0x29,-1.69,177.81,259.75,0,3,0,0
2026-09-03T00:43:38.946,IMU-1,0x28,-1.31,179.81,352.44,0,3,0,0
2026-09-03T00:43:38.948,IMU-2,0x29,-1.69,177.81,259.75,0,3,0,0
2026-09-03T00:43:39.047,IMU-1,0x28,-1.31,179.81,352.44,0,3,0,0
2026-09-03T00:43:39.048,IMU-2,0x29,-1.69,177.81,259.75,0,3,0,0
2026-09-03T00:43:39.147,IMU-1,0x28,-1.31,179.81,352.44,0,3,0,0
2026-09-03T00:43:39.150,IMU-2,0x29,-1.69,177.81,259.75,0,3,0,0
2026-09-03T00:43:39.247,IMU-1,0x28,-1.31,179.81,352.44,0,3,0,0
2026-09-03T00:43:39.249,IMU-2,0x29,-1.69,177.81,259.75,0,3,0,0
2026-09-03T00:43:39.347,IMU-1,0x28,-1.31,179.81,352.44,0,3,0,0
2026-09-03T00:43:39.349,IMU-2,0x29,-1.69,177.81,259.75,0,3,0,0
2026-09-03T00:43:39.447,IMU-1,0x28,-1.31,179.81,352.44,0,3,0,0
2026-09-03T00:43:39.449,IMU-2,0x29,-1.69,177.81,259.75,0,3,0,0
2026-09-03T00:43:39.547,IMU-1,0x28,-1.31,179.81,352.44,0,3,0,0
2026-09-03T00:43:39.549,IMU-2,0x29,-1.69,177.81,259.75,0,3,0,0
2026-09-03T00:43:39.647,IMU-1,0x28,-1.31,179.81,352.44,0,3,0,0
2026-09-03T00:43:39.650,IMU-2,0x29,-1.69,177.81,259.75,0,3,0,0
2026-09-03T00:43:39.747,IMU-1,0x28,-1.31,179.81,352.44,0,3,0,0
2026-09-03T00:43:39.750,IMU-2,0x29,-1.69,177.81,259.75,0,3,0,0
2026-09-03T00:43:39.847,IMU-1,0x28,-1.31,179.81,352.44,0,3,0,0
2026-09-03T00:43:39.850,IMU-2,0x29,-1.69,177.81,259.75,0,3,0,0
2026-09-03T00:43:39.947,IMU-1,0x28,-1.31,179.81,352.44,0,3,0,0
2026-09-03T00:43:39.950,IMU-2,0x29,-1.69,177.81,259.75,0,3,0,0
2026-09-03T00:43:40.047,IMU-1,0x28,-1.31,179.81,352.44,0,3,0,0
2026-09-03T00:43:40.050,IMU-2,0x29,-1.69,177.81,259.75,0,3,0,0
2026-09-03T00:43:40.147,IMU-1,0x28,-1.31,179.81,352.44,0,3,0,0
2026-09-03T00:43:40.151,IMU-2,0x29,-1.69,177.81,259.75,0,3,0,0
2026-09-03T00:43:40.246,IMU-1,0x28,-1.31,179.81,352.44,0,3,0,0
2026-09-03T00:43:40.249,IMU-2,0x29,-1.69,177.81,259.75,0,3,0,0
2026-09-03T00:43:40.346,IMU-1,0x28,-1.31,179.81,352.44,0,3,0,0
2026-09-03T00:43:40.349,IMU-2,0x29,-1.69,177.81,259.75,0,3,0,0
2026-09-03T00:43:40.446,IMU-1,0x28,-1.31,179.81,352.44,0,3,0,0
2026-09-03T00:43:40.448,IMU-2,0x29,-1.69,177.81,259.75,0,3,0,0
2026-09-03T00:43:40.546,IMU-1,0x28,-1.31,179.81,352.44,0,3,0,0
2026-09-03T00:43:40.548,IMU-2,0x29,-1.69,177.81,259.75,0,3,0,0
2026-09-03T00:43:40.646,IMU-1,0x28,-1.31,179.81,352.44,0,3,0,0
2026-09-03T00:43:40.648,IMU-2,0x29,-1.69,177.81,259.75,0,3,0,0
2026-09-03T00:43:40.746,IMU-1,0x28,-1.31,179.81,352.44,0,3,0,0
2026-09-03T00:43:40.748,IMU-2,0x29,-1.69,177.81,259.75,0,3,0,0
2026-09-03T00:43:40.846,IMU-1,0x28,-1.31,179.81,352.44,0,3,0,0
2026-09-03T00:43:40.848,IMU-2,0x29,-1.69,177.81,259.75,0,3,0,0
2026-09-03T00:43:40.946,IMU-1,0x28,-1.31,179.81,352.44,0,3,0,0
2026-09-03T00:43:40.948,IMU-2,0x29,-1.69,177.81,259.75,0,3,0,0
2026-09-03T00:43:41.046,IMU-1,0x28,-1.31,179.81,352.44,0,3,0,0
2026-09-03T00:43:41.048,IMU-2,0x29,-1.69,177.81,259.75,0,3,0,0
2026-09-03T00:43:41.147,IMU-1,0x28,-1.31,179.81,352.44,0,3,0,0
2026-09-03T00:43:41.149,IMU-2,0x29,-1.69,177.81,259.75,0,3,0,0
2026-09-03T00:43:41.246,IMU-1,0x28,-1.31,179.81,352.44,0,3,0,0
2026-09-03T00:43:41.248,IMU-2,0x29,-1.69,177.81,259.75,0,3,0,0
2026-09-03T00:43:41.346,IMU-1,0x28,-1.31,179.81,352.44,0,3,0,0
2026-09-03T00:43:41.348,IMU-2,0x29,-1.69,177.81,259.75,0,3,0,0
2026-09-03T00:43:41.447,IMU-1,0x28,-1.31,179.81,352.44,0,3,0,0
2026-09-03T00:43:41.448,IMU-2,0x29,-1.69,177.81,259.75,0,3,0,0
2026-09-03T00:43:41.547,IMU-1,0x28,-1.31,179.81,352.44,0,3,0,0
2026-09-03T00:43:41.549,IMU-2,0x29,-1.69,177.81,259.75,0,3,0,0
2026-09-03T00:43:41.647,IMU-1,0x28,-1.31,179.81,352.44,0,3,0,0
2026-09-03T00:43:41.649,IMU-2,0x29,-1.69,177.81,259.75,0,3,0,0
2026-09-03T00:43:41.747,IMU-1,0x28,-1.31,179.81,352.44,0,3,0,0
2026-09-03T00:43:41.749,IMU-2,0x29,-1.69,177.81,259.75,0,3,0,0
2026-09-03T00:43:41.847,IMU-1,0x28,-1.31,179.81,352.44,0,3,0,0
2026-09-03T00:43:41.849,IMU-2,0x29,-1.69,177.81,259.75,0,3,0,0
2026-09-03T00:43:41.948,IMU-1,0x28,-1.31,179.81,352.44,0,3,0,0
2026-09-03T00:43:41.950,IMU-2,0x29,-1.69,177.81,259.75,0,3,0,0
2026-09-03T00:43:42.048,IMU-1,0x28,-1.31,179.81,352.44,0,3,0,0
2026-09-03T00:43:42.050,IMU-2,0x29,-1.69,177.81,259.75,0,3,0,0
2026-09-03T00:43:42.149,IMU-1,0x28,-1.31,179.81,352.44,0,3,0,0
2026-09-03T00:43:42.151,IMU-2,0x29,-1.69,177.81,259.75,0,3,0,0
2026-09-03T00:43:42.248,IMU-1,0x28,-1.31,179.81,352.44,0,3,0,0
2026-09-03T00:43:42.251,IMU-2,0x29,-1.69,177.81,259.75,0,3,0,0
2026-09-03T00:43:42.349,IMU-1,0x28,-1.31,179.81,352.44,0,3,0,0
2026-09-03T00:43:42.351,IMU-2,0x29,-1.69,177.81,259.75,0,3,0,0
2026-09-03T00:43:42.449,IMU-1,0x28,-1.31,179.81,352.44,0,3,0,0
2026-09-03T00:43:42.452,IMU-2,0x29,-1.69,177.81,259.75,0,3,0,0
2026-09-03T00:43:42.549,IMU-1,0x28,-1.31,179.81,352.44,0,3,0,0
2026-09-03T00:43:42.552,IMU-2,0x29,-1.69,177.81,259.75,0,3,0,0
2026-09-03T00:43:42.649,IMU-1,0x28,-1.31,179.81,352.44,0,3,0,0
2026-09-03T00:43:42.652,IMU-2,0x29,-1.69,177.81,259.75,0,3,0,0
2026-09-03T00:43:42.749,IMU-1,0x28,-1.31,179.81,352.44,0,3,0,0
2026-09-03T00:43:42.752,IMU-2,0x29,-1.69,177.81,259.75,0,3,0,0
2026-09-03T00:43:42.849,IMU-1,0x28,-1.31,179.81,352.44,0,3,0,0
2026-09-03T00:43:42.852,IMU-2,0x29,-1.69,177.81,259.75,0,3,0,0
2026-09-03T00:43:42.949,IMU-1,0x28,-1.31,179.81,352.44,0,3,0,0
2026-09-03T00:43:42.952,IMU-2,0x29,-1.69,177.81,259.75,0,3,0,0
2026-09-03T00:43:43.049,IMU-1,0x28,-1.31,179.81,352.44,0,3,0,0
2026-09-03T00:43:43.052,IMU-2,0x29,-1.69,177.81,259.75,0,3,0,0
2026-09-03T00:43:43.150,IMU-1,0x28,-1.31,179.81,352.44,0,3,0,0
2026-09-03T00:43:43.154,IMU-2,0x29,-1.69,177.81,259.75,0,3,0,0
2026-09-03T00:43:43.249,IMU-1,0x28,-1.31,179.81,352.44,0,3,0,0
2026-09-03T00:43:43.252,IMU-2,0x29,-1.69,177.81,259.75,0,3,0,0
2026-09-03T00:43:43.349,IMU-1,0x28,-1.31,179.81,352.44,0,3,0,0
2026-09-03T00:43:43.352,IMU-2,0x29,-1.69,177.81,259.75,0,3,0,0
2026-09-03T00:43:43.449,IMU-1,0x28,-1.31,179.81,352.44,0,3,0,0
2026-09-03T00:43:43.451,IMU-2,0x29,-1.69,177.81,259.75,0,3,0,0
2026-09-03T00:43:43.549,IMU-1,0x28,-1.31,179.81,352.44,0,3,0,0
2026-09-03T00:43:43.550,IMU-2,0x29,-1.69,177.81,259.75,0,3,0,0
2026-09-03T00:43:43.649,IMU-1,0x28,-1.31,179.81,352.44,0,3,0,0
2026-09-03T00:43:43.650,IMU-2,0x29,-1.69,177.81,259.75,0,3,0,0
2026-09-03T00:43:43.749,IMU-1,0x28,-1.31,179.81,352.44,0,3,0,0
2026-09-03T00:43:43.751,IMU-2,0x29,-1.69,177.81,259.75,0,3,0,0
2026-09-03T00:43:43.848,IMU-1,0x28,-1.31,179.81,352.44,0,3,0,0
2026-09-03T00:43:43.850,IMU-2,0x29,-1.75,177.81,259.75,0,3,0,0
2026-09-03T00:43:43.949,IMU-1,0x28,-1.31,179.81,352.44,0,3,0,0
2026-09-03T00:43:43.950,IMU-2,0x29,-1.75,177.81,259.75,0,3,0,0
2026-09-03T00:43:44.048,IMU-1,0x28,-1.31,179.81,352.44,0,3,0,0
2026-09-03T00:43:44.050,IMU-2,0x29,-1.75,177.81,259.75,0,3,0,0
2026-09-03T00:43:44.149,IMU-1,0x28,-1.31,179.81,352.44,0,3,0,0
2026-09-03T00:43:44.151,IMU-2,0x29,-1.75,177.81,259.75,0,3,0,0
2026-09-03T00:43:44.248,IMU-1,0x28,-1.31,179.81,352.44,0,3,0,0
2026-09-03T00:43:44.250,IMU-2,0x29,-1.75,177.81,259.75,0,3,0,0
2026-09-03T00:43:44.348,IMU-1,0x28,-1.31,179.81,352.44,0,3,0,0
2026-09-03T00:43:44.351,IMU-2,0x29,-1.75,177.81,259.75,0,3,0,0
2026-09-03T00:43:44.448,IMU-1,0x28,-1.31,179.81,352.44,0,3,0,0
2026-09-03T00:43:44.451,IMU-2,0x29,-1.75,177.81,259.75,0,3,0,0
2026-09-03T00:43:44.548,IMU-1,0x28,-1.31,179.81,352.44,0,3,0,0
2026-09-03T00:43:44.551,IMU-2,0x29,-1.75,177.81,259.75,0,3,0,0
2026-09-03T00:43:44.648,IMU-1,0x28,-1.31,179.81,352.44,0,3,0,0
2026-09-03T00:43:44.651,IMU-2,0x29,-1.75,177.81,259.75,0,3,0,0
2026-09-03T00:43:44.748,IMU-1,0x28,-1.31,179.81,352.44,0,3,0,0
2026-09-03T00:43:44.752,IMU-2,0x29,-1.75,177.81,259.75,0,3,0,0
2026-09-03T00:43:44.848,IMU-1,0x28,-1.31,179.81,352.44,0,3,0,0
2026-09-03T00:43:44.852,IMU-2,0x29,-1.75,177.81,259.75,0,3,0,0
2026-09-03T00:43:44.949,IMU-1,0x28,-1.31,179.81,352.44,0,3,0,0
2026-09-03T00:43:44.952,IMU-2,0x29,-1.75,177.88,259.75,0,3,0,0
2026-09-03T00:43:45.049,IMU-1,0x28,-1.31,179.81,352.44,0,3,0,0
2026-09-03T00:43:45.052,IMU-2,0x29,-1.75,177.81,259.75,0,3,0,0
2026-09-03T00:43:45.150,IMU-1,0x28,-1.31,179.81,352.44,0,3,0,0
2026-09-03T00:43:45.154,IMU-2,0x29,-1.75,177.81,259.75,0,3,0,0
2026-09-03T00:43:45.249,IMU-1,0x28,-1.31,179.81,352.44,0,3,0,0
2026-09-03T00:43:45.252,IMU-2,0x29,-1.75,177.88,259.75,0,3,0,0
2026-09-03T00:43:45.350,IMU-1,0x28,-1.31,179.81,352.44,0,3,0,0
2026-09-03T00:43:45.353,IMU-2,0x29,-1.75,177.81,259.75,0,3,0,0
2026-09-03T00:43:45.450,IMU-1,0x28,-1.31,179.81,352.44,0,3,0,0
2026-09-03T00:43:45.453,IMU-2,0x29,-1.75,177.81,259.75,0,3,0,0
2026-09-03T00:43:45.550,IMU-1,0x28,-1.31,179.81,352.44,0,3,0,0
2026-09-03T00:43:45.553,IMU-2,0x29,-1.75,177.81,259.75,0,3,0,0
2026-09-03T00:43:45.650,IMU-1,0x28,-1.31,179.81,352.44,0,3,0,0
2026-09-03T00:43:45.653,IMU-2,0x29,-1.75,177.81,259.75,0,3,0,0
2026-09-03T00:43:45.750,IMU-1,0x28,-1.31,179.81,352.44,0,3,0,0
2026-09-03T00:43:45.753,IMU-2,0x29,-1.75,177.81,259.75,0,3,0,0
2026-09-03T00:43:45.851,IMU-1,0x28,-1.31,179.81,352.44,0,3,0,0
2026-09-03T00:43:45.853,IMU-2,0x29,-1.75,177.81,259.75,0,3,0,0
2026-09-03T00:43:45.951,IMU-1,0x28,-1.31,179.81,352.44,0,3,0,0
2026-09-03T00:43:45.953,IMU-2,0x29,-1.75,177.81,259.75,0,3,0,0
2026-09-03T00:43:46.051,IMU-1,0x28,-1.31,179.81,352.44,0,3,0,0
2026-09-03T00:43:46.053,IMU-2,0x29,-1.75,177.81,259.75,0,3,0,0
2026-09-03T00:43:46.151,IMU-1,0x28,-1.31,179.81,352.44,0,3,0,0
2026-09-03T00:43:46.154,IMU-2,0x29,-1.75,177.81,259.75,0,3,0,0
2026-09-03T00:43:46.251,IMU-1,0x28,-1.31,179.81,352.44,0,3,0,0
2026-09-03T00:43:46.252,IMU-2,0x29,-1.75,177.81,259.75,0,3,0,0
2026-09-03T00:43:46.350,IMU-1,0x28,-1.31,179.81,352.44,0,3,0,0
2026-09-03T00:43:46.352,IMU-2,0x29,-1.75,177.81,259.75,0,3,0,0
2026-09-03T00:43:46.450,IMU-1,0x28,-1.31,179.81,352.44,0,3,0,0
2026-09-03T00:43:46.451,IMU-2,0x29,-1.75,177.81,259.75,0,3,0,0
2026-09-03T00:43:46.550,IMU-1,0x28,-1.31,179.81,352.44,0,3,0,0
2026-09-03T00:43:46.551,IMU-2,0x29,-1.75,177.81,259.75,0,3,0,0
2026-09-03T00:43:46.650,IMU-1,0x28,-1.31,179.81,352.44,0,3,0,0
2026-09-03T00:43:46.652,IMU-2,0x29,-1.75,177.81,259.75,0,3,0,0
2026-09-03T00:43:46.750,IMU-1,0x28,-1.31,179.81,352.44,0,3,0,0
2026-09-03T00:43:46.752,IMU-2,0x29,-1.75,177.81,259.75,0,3,0,0
2026-09-03T00:43:46.850,IMU-1,0x28,-1.31,179.81,352.44,0,3,0,0
2026-09-03T00:43:46.852,IMU-2,0x29,-1.75,177.81,259.75,0,3,0,0
2026-09-03T00:43:46.950,IMU-1,0x28,-1.31,179.81,352.44,0,3,0,0
2026-09-03T00:43:46.952,IMU-2,0x29,-1.75,177.81,259.75,0,3,0,0
2026-09-03T00:43:47.050,IMU-1,0x28,-1.31,179.81,352.44,0,3,0,0
2026-09-03T00:43:47.053,IMU-2,0x29,-1.75,177.81,259.75,0,3,0,0
2026-09-03T00:43:47.150,IMU-1,0x28,-1.31,179.81,352.44,0,3,0,0
2026-09-03T00:43:47.154,IMU-2,0x29,-1.75,177.81,259.75,0,3,0,0
2026-09-03T00:43:47.250,IMU-1,0x28,-1.31,179.81,352.44,0,3,0,0
2026-09-03T00:43:47.253,IMU-2,0x29,-1.75,177.81,259.75,0,3,0,0
2026-09-03T00:43:47.350,IMU-1,0x28,-1.31,179.81,352.44,0,3,0,0
2026-09-03T00:43:47.353,IMU-2,0x29,-1.75,177.81,259.75,0,3,0,0
2026-09-03T00:43:47.450,IMU-1,0x28,-1.31,179.81,352.44,0,3,0,0
2026-09-03T00:43:47.453,IMU-2,0x29,-1.75,177.81,259.75,0,3,0,0
2026-09-03T00:43:47.550,IMU-1,0x28,-1.31,179.81,352.44,0,3,0,0
2026-09-03T00:43:47.553,IMU-2,0x29,-1.75,177.81,259.75,0,3,0,0
2026-09-03T00:43:47.650,IMU-1,0x28,-1.31,179.81,352.44,0,3,0,0
2026-09-03T00:43:47.653,IMU-2,0x29,-1.75,177.81,259.75,0,3,0,0
2026-09-03T00:43:47.750,IMU-1,0x28,-1.31,179.81,352.44,0,3,0,0
2026-09-03T00:43:47.753,IMU-2,0x29,-1.75,177.81,259.75,0,3,0,0
2026-09-03T00:43:47.850,IMU-1,0x28,-1.31,179.81,352.44,0,3,0,0
2026-09-03T00:43:47.853,IMU-2,0x29,-1.75,177.81,259.75,0,3,0,0
2026-09-03T00:43:47.950,IMU-1,0x28,-1.31,179.81,352.44,0,3,0,0
2026-09-03T00:43:47.954,IMU-2,0x29,-1.75,177.81,259.75,0,3,0,0
2026-09-03T00:43:48.050,IMU-1,0x28,-1.31,179.81,352.44,0,3,0,0
2026-09-03T00:43:48.054,IMU-2,0x29,-1.75,177.81,259.75,0,3,0,0
2026-09-03T00:43:48.151,IMU-1,0x28,-1.31,179.81,352.44,0,3,0,0
2026-09-03T00:43:48.155,IMU-2,0x29,-1.75,177.81,259.75,0,3,0,0
2026-09-03T00:43:48.251,IMU-1,0x28,-1.31,179.81,352.44,0,3,0,0
2026-09-03T00:43:48.253,IMU-2,0x29,-1.75,177.81,259.75,0,3,0,0
2026-09-03T00:43:48.351,IMU-1,0x28,-1.31,179.81,352.44,0,3,0,0
2026-09-03T00:43:48.353,IMU-2,0x29,-1.75,177.81,259.75,0,3,0,0
2026-09-03T00:43:48.451,IMU-1,0x28,-1.31,179.81,352.44,0,3,0,0
2026-09-03T00:43:48.452,IMU-2,0x29,-1.75,177.81,259.75,0,3,0,0
2026-09-03T00:43:48.551,IMU-1,0x28,-1.31,179.81,352.44,0,3,0,0
2026-09-03T00:43:48.552,IMU-2,0x29,-1.75,177.81,259.75,0,3,0,0
2026-09-03T00:43:48.651,IMU-1,0x28,-1.31,179.81,352.44,0,3,0,0
2026-09-03T00:43:48.653,IMU-2,0x29,-1.75,177.81,259.75,0,3,0,0
2026-09-03T00:43:48.751,IMU-1,0x28,-1.31,179.81,352.44,0,3,0,0
2026-09-03T00:43:48.753,IMU-2,0x29,-1.75,177.81,259.75,0,3,0,0
2026-09-03T00:43:48.852,IMU-1,0x28,-1.31,179.81,352.44,0,3,0,0
2026-09-03T00:43:48.853,IMU-2,0x29,-1.75,177.81,259.75,0,3,0,0
2026-09-03T00:43:48.952,IMU-1,0x28,-1.31,179.81,352.44,0,3,0,0
2026-09-03T00:43:48.953,IMU-2,0x29,-1.75,177.81,259.75,0,3,0,0
2026-09-03T00:43:49.052,IMU-1,0x28,-1.31,179.81,352.44,0,3,0,0
2026-09-03T00:43:49.054,IMU-2,0x29,-1.75,177.81,259.75,0,3,0,0
2026-09-03T00:43:49.153,IMU-1,0x28,-1.31,179.81,352.44,0,3,0,0
2026-09-03T00:43:49.155,IMU-2,0x29,-1.75,177.81,259.75,0,3,0,0
2026-09-03T00:43:49.253,IMU-1,0x28,-1.31,179.81,352.44,0,3,0,0
2026-09-03T00:43:49.254,IMU-2,0x29,-1.75,177.81,259.75,0,3,0,0
2026-09-03T00:43:49.353,IMU-1,0x28,-1.31,179.81,352.44,0,3,0,0
2026-09-03T00:43:49.354,IMU-2,0x29,-1.75,177.81,259.75,0,3,0,0
2026-09-03T00:43:49.453,IMU-1,0x28,-1.31,179.81,352.44,0,3,0,0
2026-09-03T00:43:49.454,IMU-2,0x29,-1.75,177.81,259.75,0,3,0,0
2026-09-03T00:43:49.553,IMU-1,0x28,-1.31,179.81,352.44,0,3,0,0
2026-09-03T00:43:49.555,IMU-2,0x29,-1.75,177.81,259.75,0,3,0,0
2026-09-03T00:43:49.653,IMU-1,0x28,-1.31,179.81,352.44,0,3,0,0
2026-09-03T00:43:49.655,IMU-2,0x29,-1.75,177.81,259.75,0,3,0,0
2026-09-03T00:43:49.753,IMU-1,0x28,-1.31,179.81,352.44,0,3,0,0
2026-09-03T00:43:49.755,IMU-2,0x29,-1.75,177.81,259.75,0,3,0,0
2026-09-03T00:43:49.853,IMU-1,0x28,-1.31,179.81,352.44,0,3,0,0
2026-09-03T00:43:49.856,IMU-2,0x29,-1.75,177.81,259.75,0,3,0,0
2026-09-03T00:43:49.953,IMU-1,0x28,-1.31,179.81,352.44,0,3,0,0
2026-09-03T00:43:49.956,IMU-2,0x29,-1.75,177.81,259.75,0,3,0,0
2026-09-03T00:43:50.053,IMU-1,0x28,-1.31,179.81,352.44,0,3,0,0
2026-09-03T00:43:50.056,IMU-2,0x29,-1.75,177.81,259.75,0,3,0,0
2026-09-03T00:43:50.154,IMU-1,0x28,-1.31,179.81,352.44,0,3,0,0
2026-09-03T00:43:50.157,IMU-2,0x29,-1.75,177.81,259.75,0,3,0,0
2026-09-03T00:43:50.253,IMU-1,0x28,-1.31,179.81,352.44,0,3,0,0
2026-09-03T00:43:50.257,IMU-2,0x29,-1.75,177.81,259.75,0,3,0,0
2026-09-03T00:43:50.354,IMU-1,0x28,-1.31,179.81,352.44,0,3,0,0
2026-09-03T00:43:50.357,IMU-2,0x29,-1.75,177.81,259.75,0,3,0,0
2026-09-03T00:43:50.454,IMU-1,0x28,-1.31,179.81,352.44,0,3,0,0
2026-09-03T00:43:50.456,IMU-2,0x29,-1.75,177.81,259.75,0,3,0,0
2026-09-03T00:43:50.554,IMU-1,0x28,-1.31,179.81,352.44,0,3,0,0
2026-09-03T00:43:50.556,IMU-2,0x29,-1.75,177.81,259.75,0,3,0,0
2026-09-03T00:43:50.654,IMU-1,0x28,-1.31,179.81,352.44,0,3,0,0
2026-09-03T00:43:50.655,IMU-2,0x29,-1.75,177.81,259.75,0,3,0,0
2026-09-03T00:43:50.754,IMU-1,0x28,-1.31,179.81,352.44,0,3,0,0
2026-09-03T00:43:50.755,IMU-2,0x29,-1.75,177.81,259.75,0,3,0,0
2026-09-03T00:43:50.854,IMU-1,0x28,-1.31,179.81,352.44,0,3,0,0
2026-09-03T00:43:50.855,IMU-2,0x29,-1.75,177.81,259.75,0,3,0,0
2026-09-03T00:43:50.954,IMU-1,0x28,-1.31,179.81,352.44,0,3,0,0
2026-09-03T00:43:50.955,IMU-2,0x29,-1.75,177.81,259.75,0,3,0,0
2026-09-03T00:43:51.053,IMU-1,0x28,-1.31,179.81,352.44,0,3,0,0
2026-09-03T00:43:51.055,IMU-2,0x29,-1.75,177.81,259.75,0,3,0,0
2026-09-03T00:43:51.154,IMU-1,0x28,-1.31,179.81,352.44,0,3,0,0
2026-09-03T00:43:51.156,IMU-2,0x29,-1.75,177.81,259.75,0,3,0,0
2026-09-03T00:43:51.253,IMU-1,0x28,-1.31,179.81,352.44,0,3,0,0
2026-09-03T00:43:51.254,IMU-2,0x29,-1.75,177.81,259.75,0,3,0,0
2026-09-03T00:43:51.353,IMU-1,0x28,-1.31,179.81,352.44,0,3,0,0
2026-09-03T00:43:51.355,IMU-2,0x29,-1.75,177.81,259.75,0,3,0,0
2026-09-03T00:43:51.453,IMU-1,0x28,-1.31,179.81,352.44,0,3,0,0
2026-09-03T00:43:51.454,IMU-2,0x29,-1.75,177.81,259.75,0,3,0,0
2026-09-03T00:43:51.553,IMU-1,0x28,-1.31,179.81,352.44,0,3,0,0
2026-09-03T00:43:51.554,IMU-2,0x29,-1.75,177.81,259.75,0,3,0,0
2026-09-03T00:43:51.653,IMU-1,0x28,-1.31,179.81,352.44,0,3,0,0
2026-09-03T00:43:51.654,IMU-2,0x29,-1.75,177.81,259.75,0,3,0,0
2026-09-03T00:43:51.753,IMU-1,0x28,-1.31,179.81,352.44,0,3,0,0
2026-09-03T00:43:51.755,IMU-2,0x29,-1.75,177.81,259.75,0,3,0,0
2026-09-03T00:43:51.853,IMU-1,0x28,-1.31,179.81,352.44,0,3,0,0
2026-09-03T00:43:51.855,IMU-2,0x29,-1.75,177.81,259.75,0,3,0,0
2026-09-03T00:43:51.953,IMU-1,0x28,-1.31,179.81,352.44,0,3,0,0
2026-09-03T00:43:51.955,IMU-2,0x29,-1.75,177.81,259.75,0,3,0,0
2026-09-03T00:43:52.053,IMU-1,0x28,-1.31,179.81,352.44,0,3,0,0
2026-09-03T00:43:52.056,IMU-2,0x29,-1.75,177.81,259.75,0,3,0,0
2026-09-03T00:43:52.154,IMU-1,0x28,-1.31,179.75,352.44,0,3,0,0
2026-09-03T00:43:52.156,IMU-2,0x29,-1.75,177.81,259.75,0,3,0,0
2026-09-03T00:43:52.253,IMU-1,0x28,-1.31,179.75,352.44,0,3,0,0
2026-09-03T00:43:52.256,IMU-2,0x29,-1.75,177.81,259.75,0,3,0,0
2026-09-03T00:43:52.353,IMU-1,0x28,-1.31,179.75,352.44,0,3,0,0
2026-09-03T00:43:52.356,IMU-2,0x29,-1.75,177.81,259.75,0,3,0,0
2026-09-03T00:43:52.454,IMU-1,0x28,-1.31,179.75,352.44,0,3,0,0
2026-09-03T00:43:52.457,IMU-2,0x29,-1.75,177.81,259.75,0,3,0,0
2026-09-03T00:43:52.554,IMU-1,0x28,-1.31,179.75,352.44,0,3,0,0
2026-09-03T00:43:52.557,IMU-2,0x29,-1.75,177.81,259.75,0,3,0,0
2026-09-03T00:43:52.654,IMU-1,0x28,-1.31,179.75,352.44,0,3,0,0
2026-09-03T00:43:52.657,IMU-2,0x29,-1.75,177.81,259.75,0,3,0,0
2026-09-03T00:43:52.754,IMU-1,0x28,-1.31,179.81,352.44,0,3,0,0
2026-09-03T00:43:52.757,IMU-2,0x29,-1.75,177.81,259.75,0,3,0,0
2026-09-03T00:43:52.854,IMU-1,0x28,-1.25,179.75,352.44,0,3,0,0
2026-09-03T00:43:52.857,IMU-2,0x29,-1.75,177.81,259.75,0,3,0,0
2026-09-03T00:43:52.955,IMU-1,0x28,-1.25,179.75,352.44,0,3,0,0
2026-09-03T00:43:52.958,IMU-2,0x29,-1.75,177.81,259.75,0,3,0,0
2026-09-03T00:43:53.055,IMU-1,0x28,-1.25,179.75,352.44,0,3,0,0
2026-09-03T00:43:53.058,IMU-2,0x29,-1.75,177.81,259.75,0,3,0,0
2026-09-03T00:43:53.155,IMU-1,0x28,-1.25,179.75,352.44,0,3,0,0
2026-09-03T00:43:53.159,IMU-2,0x29,-1.75,177.81,259.75,0,3,0,0
2026-09-03T00:43:53.255,IMU-1,0x28,-1.25,179.75,352.44,0,3,0,0
2026-09-03T00:43:53.258,IMU-2,0x29,-1.75,177.81,259.75,0,3,0,0
2026-09-03T00:43:53.355,IMU-1,0x28,-1.25,179.75,352.44,0,3,0,0
2026-09-03T00:43:53.358,IMU-2,0x29,-1.75,177.81,259.75,0,3,0,0
2026-09-03T00:43:53.456,IMU-1,0x28,-1.25,179.75,352.44,0,3,0,0
2026-09-03T00:43:53.459,IMU-2,0x29,-1.75,177.81,259.75,0,3,0,0
2026-09-03T00:43:53.556,IMU-1,0x28,-1.25,179.75,352.44,0,3,0,0
2026-09-03T00:43:53.559,IMU-2,0x29,-1.75,177.81,259.75,0,3,0,0
2026-09-03T00:43:53.656,IMU-1,0x28,-1.25,179.75,352.44,0,3,0,0
2026-09-03T00:43:53.659,IMU-2,0x29,-1.75,177.81,259.75,0,3,0,0
2026-09-03T00:43:53.756,IMU-1,0x28,-1.25,179.75,352.44,0,3,0,0
2026-09-03T00:43:53.758,IMU-2,0x29,-1.75,177.81,259.75,0,3,0,0
2026-09-03T00:43:53.856,IMU-1,0x28,-1.25,179.75,352.44,0,3,0,0
2026-09-03T00:43:53.858,IMU-2,0x29,-1.75,177.81,259.75,0,3,0,0
2026-09-03T00:43:53.956,IMU-1,0x28,-1.25,179.75,352.44,0,3,0,0
2026-09-03T00:43:53.957,IMU-2,0x29,-1.75,177.81,259.75,0,3,0,0
2026-09-03T00:43:54.056,IMU-1,0x28,-1.25,179.75,352.44,0,3,0,0
2026-09-03T00:43:54.057,IMU-2,0x29,-1.75,177.81,259.75,0,3,0,0
2026-09-03T00:43:54.157,IMU-1,0x28,-1.25,179.75,352.44,0,3,0,0
2026-09-03T00:43:54.160,IMU-2,0x29,-1.75,177.81,259.75,0,3,0,0
2026-09-03T00:43:54.256,IMU-1,0x28,-1.25,179.75,352.44,0,3,0,0
2026-09-03T00:43:54.258,IMU-2,0x29,-1.75,177.81,259.75,0,3,0,0
2026-09-03T00:43:54.356,IMU-1,0x28,-1.25,179.75,352.44,0,3,0,0
2026-09-03T00:43:54.358,IMU-2,0x29,-1.75,177.81,259.75,0,3,0,0
2026-09-03T00:43:54.456,IMU-1,0x28,-1.25,179.75,352.44,0,3,0,0
2026-09-03T00:43:54.458,IMU-2,0x29,-1.75,177.81,259.75,0,3,0,0
2026-09-03T00:43:54.556,IMU-1,0x28,-1.25,179.75,352.44,0,3,0,0
2026-09-03T00:43:54.557,IMU-2,0x29,-1.75,177.81,259.75,0,3,0,0
2026-09-03T00:43:54.656,IMU-1,0x28,-1.25,179.75,352.44,0,3,0,0
2026-09-03T00:43:54.658,IMU-2,0x29,-1.75,177.81,259.75,0,3,0,0
2026-09-03T00:43:54.755,IMU-1,0x28,-1.25,179.75,352.44,0,3,0,0
2026-09-03T00:43:54.758,IMU-2,0x29,-1.75,177.81,259.75,0,3,0,0
2026-09-03T00:43:54.855,IMU-1,0x28,-1.25,179.75,352.44,0,3,0,0
2026-09-03T00:43:54.858,IMU-2,0x29,-1.75,177.81,259.75,0,3,0,0
2026-09-03T00:43:54.955,IMU-1,0x28,-1.25,179.75,352.44,0,3,0,0
2026-09-03T00:43:54.958,IMU-2,0x29,-1.75,177.81,259.75,0,3,0,0
2026-09-03T00:43:55.055,IMU-1,0x28,-1.25,179.75,352.44,0,3,0,0
2026-09-03T00:43:55.058,IMU-2,0x29,-1.75,177.81,259.75,0,3,0,0
2026-09-03T00:43:55.155,IMU-1,0x28,-1.25,179.75,352.44,0,3,0,0
2026-09-03T00:43:55.159,IMU-2,0x29,-1.75,177.81,259.75,0,3,0,0
2026-09-03T00:43:55.255,IMU-1,0x28,-1.25,179.75,352.44,0,3,0,0
2026-09-03T00:43:55.258,IMU-2,0x29,-1.75,177.81,259.75,0,3,0,0
2026-09-03T00:43:55.355,IMU-1,0x28,-1.25,179.75,352.44,0,3,0,0
2026-09-03T00:43:55.358,IMU-2,0x29,-1.75,177.81,259.75,0,3,0,0
2026-09-03T00:43:55.455,IMU-1,0x28,-1.25,179.75,352.44,0,3,0,0
2026-09-03T00:43:55.458,IMU-2,0x29,-1.75,177.81,259.75,0,3,0,0
2026-09-03T00:43:55.555,IMU-1,0x28,-1.25,179.75,352.44,0,3,0,0
2026-09-03T00:43:55.558,IMU-2,0x29,-1.75,177.81,259.75,0,3,0,0
2026-09-03T00:43:55.655,IMU-1,0x28,-1.25,179.75,352.44,0,3,0,0
2026-09-03T00:43:55.658,IMU-2,0x29,-1.75,177.81,259.75,0,3,0,0
2026-09-03T00:43:55.755,IMU-1,0x28,-1.25,179.75,352.44,0,3,0,0
2026-09-03T00:43:55.758,IMU-2,0x29,-1.75,177.81,259.75,0,3,0,0
2026-09-03T00:43:55.855,IMU-1,0x28,-1.25,179.75,352.44,0,3,0,0
2026-09-03T00:43:55.857,IMU-2,0x29,-1.75,177.81,259.75,0,3,0,0
2026-09-03T00:43:55.955,IMU-1,0x28,-1.25,179.75,352.44,0,3,0,0
2026-09-03T00:43:55.957,IMU-2,0x29,-1.75,177.81,259.75,0,3,0,0
2026-09-03T00:43:56.056,IMU-1,0x28,-1.25,179.75,352.44,0,3,0,0
2026-09-03T00:43:56.057,IMU-2,0x29,-1.75,177.81,259.75,0,3,0,0
2026-09-03T00:43:56.156,IMU-1,0x28,-1.25,179.75,352.44,0,3,0,0
2026-09-03T00:43:56.158,IMU-2,0x29,-1.75,177.81,259.75,0,3,0,0
2026-09-03T00:43:56.256,IMU-1,0x28,-1.25,179.75,352.44,0,3,0,0
2026-09-03T00:43:56.257,IMU-2,0x29,-1.75,177.81,259.75,0,3,0,0
2026-09-03T00:43:56.356,IMU-1,0x28,-1.25,179.75,352.44,0,3,0,0
2026-09-03T00:43:56.358,IMU-2,0x29,-1.75,177.81,259.75,0,3,0,0
2026-09-03T00:43:56.456,IMU-1,0x28,-1.25,179.75,352.44,0,3,0,0
2026-09-03T00:43:56.458,IMU-2,0x29,-1.75,177.81,259.75,0,3,0,0
2026-09-03T00:43:56.556,IMU-1,0x28,-1.25,179.75,352.44,0,3,0,0
2026-09-03T00:43:56.558,IMU-2,0x29,-1.75,177.81,259.75,0,3,0,0
2026-09-03T00:43:56.657,IMU-1,0x28,-1.25,179.75,352.44,0,3,0,0
2026-09-03T00:43:56.658,IMU-2,0x29,-1.75,177.81,259.75,0,3,0,0
2026-09-03T00:43:56.757,IMU-1,0x28,-1.25,179.75,352.44,0,3,0,0
2026-09-03T00:43:56.758,IMU-2,0x29,-1.75,177.81,259.75,0,3,0,0
2026-09-03T00:43:56.857,IMU-1,0x28,-1.25,179.75,352.44,0,3,0,0
2026-09-03T00:43:56.859,IMU-2,0x29,-1.75,177.81,259.75,0,3,0,0
2026-09-03T00:43:56.957,IMU-1,0x28,-1.25,179.75,352.44,0,3,0,0
2026-09-03T00:43:56.959,IMU-2,0x29,-1.75,177.81,259.75,0,3,0,0
2026-09-03T00:43:57.057,IMU-1,0x28,-1.25,179.75,352.44,0,3,0,0
2026-09-03T00:43:57.059,IMU-2,0x29,-1.75,177.81,259.75,0,3,0,0
2026-09-03T00:43:57.158,IMU-1,0x28,-1.25,179.75,352.44,0,3,0,0
2026-09-03T00:43:57.160,IMU-2,0x29,-1.75,177.81,259.75,0,3,0,0
2026-09-03T00:43:57.258,IMU-1,0x28,-1.25,179.75,352.44,0,3,0,0
2026-09-03T00:43:57.259,IMU-2,0x29,-1.75,177.81,259.75,0,3,0,0
2026-09-03T00:43:57.358,IMU-1,0x28,-1.25,179.75,352.44,0,3,0,0
2026-09-03T00:43:57.360,IMU-2,0x29,-1.75,177.81,259.75,0,3,0,0
2026-09-03T00:43:57.458,IMU-1,0x28,-1.25,179.75,352.44,0,3,0,0
2026-09-03T00:43:57.460,IMU-2,0x29,-1.75,177.81,259.75,0,3,0,0
2026-09-03T00:43:57.558,IMU-1,0x28,-1.25,179.75,352.44,0,3,0,0
2026-09-03T00:43:57.560,IMU-2,0x29,-1.75,177.81,259.75,0,3,0,0
2026-09-03T00:43:57.658,IMU-1,0x28,-1.25,179.75,352.44,0,3,0,0
2026-09-03T00:43:57.661,IMU-2,0x29,-1.75,177.81,259.75,0,3,0,0
2026-09-03T00:43:57.758,IMU-1,0x28,-1.25,179.75,352.44,0,3,0,0
2026-09-03T00:43:57.761,IMU-2,0x29,-1.75,177.81,259.75,0,3,0,0
2026-09-03T00:43:57.858,IMU-1,0x28,-1.25,179.75,352.44,0,3,0,0
2026-09-03T00:43:57.861,IMU-2,0x29,-1.75,177.81,259.75,0,3,0,0
2026-09-03T00:43:57.958,IMU-1,0x28,-1.25,179.75,352.44,0,3,0,0
2026-09-03T00:43:57.961,IMU-2,0x29,-1.75,177.81,259.75,0,3,0,0
2026-09-03T00:43:58.058,IMU-1,0x28,-1.25,179.75,352.44,0,3,0,0
2026-09-03T00:43:58.061,IMU-2,0x29,-1.75,177.81,259.75,0,3,0,0
2026-09-03T00:43:58.159,IMU-1,0x28,-1.25,179.75,352.44,0,3,0,0
2026-09-03T00:43:58.163,IMU-2,0x29,-1.75,177.81,259.75,0,3,0,0
2026-09-03T00:43:58.258,IMU-1,0x28,-1.25,179.75,352.44,0,3,0,0
2026-09-03T00:43:58.261,IMU-2,0x29,-1.75,177.81,259.75,0,3,0,0
2026-09-03T00:43:58.359,IMU-1,0x28,-1.25,179.75,352.44,0,3,0,0
2026-09-03T00:43:58.362,IMU-2,0x29,-1.75,177.81,259.75,0,3,0,0
2026-09-03T00:43:58.458,IMU-1,0x28,-1.25,179.75,352.44,0,3,0,0
2026-09-03T00:43:58.461,IMU-2,0x29,-1.75,177.81,259.75,0,3,0,0
2026-09-03T00:43:58.558,IMU-1,0x28,-1.25,179.75,352.44,0,3,0,0
2026-09-03T00:43:58.561,IMU-2,0x29,-1.75,177.81,259.75,0,3,0,0
2026-09-03T00:43:58.658,IMU-1,0x28,-1.25,179.75,352.44,0,3,0,0
2026-09-03T00:43:58.661,IMU-2,0x29,-1.75,177.81,259.75,0,3,0,0
2026-09-03T00:43:58.758,IMU-1,0x28,-1.25,179.75,352.44,0,3,0,0
2026-09-03T00:43:58.759,IMU-2,0x29,-1.75,177.81,259.75,0,3,0,0
2026-09-03T00:43:58.858,IMU-1,0x28,-1.25,179.75,352.44,0,3,0,0
2026-09-03T00:43:58.859,IMU-2,0x29,-1.75,177.81,259.75,0,3,0,0
2026-09-03T00:43:58.958,IMU-1,0x28,-1.25,179.75,352.44,0,3,0,0
2026-09-03T00:43:58.960,IMU-2,0x29,-1.75,177.81,259.75,0,3,0,0
2026-09-03T00:43:59.058,IMU-1,0x28,-1.25,179.75,352.44,0,3,0,0
2026-09-03T00:43:59.059,IMU-2,0x29,-1.75,177.81,259.75,0,3,0,0
2026-09-03T00:43:59.158,IMU-1,0x28,-1.25,179.75,352.44,0,3,0,0
2026-09-03T00:43:59.160,IMU-2,0x29,-1.75,177.81,259.75,0,3,0,0
2026-09-03T00:43:59.258,IMU-1,0x28,-1.25,179.75,352.44,0,3,0,0
2026-09-03T00:43:59.259,IMU-2,0x29,-1.75,177.81,259.75,0,3,0,0
2026-09-03T00:43:59.358,IMU-1,0x28,-1.25,179.75,352.44,0,3,0,0
2026-09-03T00:43:59.359,IMU-2,0x29,-1.75,177.81,259.75,0,3,0,0
2026-09-03T00:43:59.458,IMU-1,0x28,-1.25,179.75,352.44,0,3,0,0
2026-09-03T00:43:59.459,IMU-2,0x29,-1.75,177.81,259.75,0,3,0,0
2026-09-03T00:43:59.558,IMU-1,0x28,-1.25,179.75,352.44,0,3,0,0
2026-09-03T00:43:59.560,IMU-2,0x29,-1.75,177.81,259.75,0,3,0,0
2026-09-03T00:43:59.658,IMU-1,0x28,-1.25,179.75,352.44,0,3,0,0
2026-09-03T00:43:59.660,IMU-2,0x29,-1.75,177.81,259.75,0,3,0,0
2026-09-03T00:43:59.758,IMU-1,0x28,-1.25,179.75,352.44,0,3,0,0
2026-09-03T00:43:59.760,IMU-2,0x29,-1.75,177.81,259.75,0,3,0,0
2026-09-03T00:43:59.858,IMU-1,0x28,-1.25,179.75,352.44,0,3,0,0
2026-09-03T00:43:59.860,IMU-2,0x29,-1.75,177.81,259.75,0,3,0,0
2026-09-03T00:43:59.958,IMU-1,0x28,-1.25,179.75,352.44,0,3,0,0
2026-09-03T00:43:59.961,IMU-2,0x29,-1.75,177.81,259.75,0,3,0,0
2026-09-03T00:44:00.058,IMU-1,0x28,-1.25,179.75,352.44,0,3,0,0
2026-09-03T00:44:00.061,IMU-2,0x29,-1.75,177.81,259.75,0,3,0,0
2026-09-03T00:44:00.159,IMU-1,0x28,-1.25,179.75,352.44,0,3,0,0
2026-09-03T00:44:00.162,IMU-2,0x29,-1.75,177.81,259.75,0,3,0,0
2026-09-03T00:44:00.259,IMU-1,0x28,-1.25,179.75,352.44,0,3,0,0
2026-09-03T00:44:00.262,IMU-2,0x29,-1.75,177.81,259.75,0,3,0,0
2026-09-03T00:44:00.359,IMU-1,0x28,-1.25,179.75,352.44,0,3,0,0
2026-09-03T00:44:00.362,IMU-2,0x29,-1.75,177.81,259.75,0,3,0,0
2026-09-03T00:44:00.459,IMU-1,0x28,-1.25,179.75,352.44,0,3,0,0
2026-09-03T00:44:00.462,IMU-2,0x29,-1.75,177.81,259.75,0,3,0,0
2026-09-03T00:44:00.559,IMU-1,0x28,-1.25,179.75,352.44,0,3,0,0
2026-09-03T00:44:00.562,IMU-2,0x29,-1.75,177.81,259.75,0,3,0,0
2026-09-03T00:44:00.659,IMU-1,0x28,-1.25,179.75,352.44,0,3,0,0
2026-09-03T00:44:00.662,IMU-2,0x29,-1.75,177.81,259.75,0,3,0,0
2026-09-03T00:44:00.760,IMU-1,0x28,-1.25,179.75,352.44,0,3,0,0
2026-09-03T00:44:00.763,IMU-2,0x29,-1.75,177.81,259.75,0,3,0,0
2026-09-03T00:44:00.860,IMU-1,0x28,-1.25,179.75,352.44,0,3,0,0
2026-09-03T00:44:00.863,IMU-2,0x29,-1.75,177.81,259.75,0,3,0,0
2026-09-03T00:44:00.960,IMU-1,0x28,-1.25,179.75,352.44,0,3,0,0
2026-09-03T00:44:00.963,IMU-2,0x29,-1.75,177.81,259.75,0,3,0,0
2026-09-03T00:44:01.060,IMU-1,0x28,-1.25,179.75,352.44,0,3,0,0
2026-09-03T00:44:01.063,IMU-2,0x29,-1.75,177.81,259.75,0,3,0,0
2026-09-03T00:44:01.161,IMU-1,0x28,-1.25,179.75,352.44,0,3,0,0
2026-09-03T00:44:01.165,IMU-2,0x29,-1.75,177.81,259.75,0,3,0,0
2026-09-03T00:44:01.260,IMU-1,0x28,-1.25,179.75,352.44,0,3,0,0
2026-09-03T00:44:01.263,IMU-2,0x29,-1.75,177.81,259.75,0,3,0,0
2026-09-03T00:44:01.360,IMU-1,0x28,-1.25,179.75,352.44,0,3,0,0
2026-09-03T00:44:01.363,IMU-2,0x29,-1.75,177.81,259.75,0,3,0,0
2026-09-03T00:44:01.460,IMU-1,0x28,-1.25,179.75,352.44,0,3,0,0
2026-09-03T00:44:01.463,IMU-2,0x29,-1.75,177.81,259.75,0,3,0,0
2026-09-03T00:44:01.560,IMU-1,0x28,-1.25,179.75,352.44,0,3,0,0
2026-09-03T00:44:01.562,IMU-2,0x29,-1.75,177.81,259.75,0,3,0,0
2026-09-03T00:44:01.660,IMU-1,0x28,-1.25,179.75,352.44,0,3,0,0
2026-09-03T00:44:01.662,IMU-2,0x29,-1.75,177.81,259.75,0,3,0,0
2026-09-03T00:44:01.761,IMU-1,0x28,-1.25,179.75,352.44,0,3,0,0
2026-09-03T00:44:01.762,IMU-2,0x29,-1.75,177.81,259.75,0,3,0,0
2026-09-03T00:44:01.861,IMU-1,0x28,-1.25,179.75,352.44,0,3,0,0
2026-09-03T00:44:01.862,IMU-2,0x29,-1.75,177.81,259.75,0,3,0,0
2026-09-03T00:44:01.961,IMU-1,0x28,-1.25,179.75,352.44,0,3,0,0
2026-09-03T00:44:01.962,IMU-2,0x29,-1.75,177.81,259.75,0,3,0,0
2026-09-03T00:44:02.061,IMU-1,0x28,-1.25,179.75,352.44,0,3,0,0
2026-09-03T00:44:02.062,IMU-2,0x29,-1.75,177.81,259.75,0,3,0,0
2026-09-03T00:44:02.162,IMU-1,0x28,-1.25,179.75,352.44,0,3,0,0
2026-09-03T00:44:02.164,IMU-2,0x29,-1.75,177.81,259.75,0,3,0,0
2026-09-03T00:44:02.261,IMU-1,0x28,-1.25,179.75,352.44,0,3,0,0
2026-09-03T00:44:02.262,IMU-2,0x29,-1.75,177.81,259.75,0,3,0,0
2026-09-03T00:44:02.359,IMU-1,0x28,-1.25,179.75,352.44,0,3,0,0
2026-09-03T00:44:02.361,IMU-2,0x29,-1.75,177.88,259.75,0,3,0,0
2026-09-03T00:44:02.461,IMU-1,0x28,-1.31,179.75,352.44,0,3,0,0
2026-09-03T00:44:02.462,IMU-2,0x29,-1.69,177.88,259.75,0,3,0,0
2026-09-03T00:44:02.560,IMU-1,0x28,-1.31,179.75,352.44,0,3,0,0
2026-09-03T00:44:02.563,IMU-2,0x29,-1.69,177.88,259.75,0,3,0,0
2026-09-03T00:44:02.660,IMU-1,0x28,-1.31,179.75,352.44,0,3,0,0
2026-09-03T00:44:02.663,IMU-2,0x29,-1.69,177.88,259.75,0,3,0,0
2026-09-03T00:44:02.760,IMU-1,0x28,-1.31,179.75,352.44,0,3,0,0
2026-09-03T00:44:02.763,IMU-2,0x29,-1.69,177.88,259.75,0,3,0,0
2026-09-03T00:44:02.860,IMU-1,0x28,-1.31,179.75,352.44,0,3,0,0
2026-09-03T00:44:02.862,IMU-2,0x29,-1.69,177.88,259.75,0,3,0,0
2026-09-03T00:44:02.960,IMU-1,0x28,-1.31,179.75,352.44,0,3,0,0
2026-09-03T00:44:02.962,IMU-2,0x29,-1.69,177.88,259.75,0,3,0,0
2026-09-03T00:44:03.060,IMU-1,0x28,-1.31,179.75,352.44,0,3,0,0
2026-09-03T00:44:03.061,IMU-2,0x29,-1.69,177.88,259.75,0,3,0,0
2026-09-03T00:44:03.160,IMU-1,0x28,-1.31,179.75,352.44,0,3,0,0
2026-09-03T00:44:03.163,IMU-2,0x29,-1.69,177.88,259.75,0,3,0,0
2026-09-03T00:44:03.260,IMU-1,0x28,-1.31,179.75,352.44,0,3,0,0
2026-09-03T00:44:03.261,IMU-2,0x29,-1.69,177.88,259.75,0,3,0,0
2026-09-03T00:44:03.360,IMU-1,0x28,-1.31,179.75,352.44,0,3,0,0
2026-09-03T00:44:03.361,IMU-2,0x29,-1.69,177.88,259.75,0,3,0,0
2026-09-03T00:44:03.460,IMU-1,0x28,-1.31,179.75,352.44,0,3,0,0
2026-09-03T00:44:03.461,IMU-2,0x29,-1.69,177.88,259.75,0,3,0,0
2026-09-03T00:44:03.560,IMU-1,0x28,-1.31,179.75,352.44,0,3,0,0
2026-09-03T00:44:03.561,IMU-2,0x29,-1.69,177.88,259.75,0,3,0,0
2026-09-03T00:44:03.660,IMU-1,0x28,-1.31,179.75,352.44,0,3,0,0
2026-09-03T00:44:03.662,IMU-2,0x29,-1.69,177.88,259.75,0,3,0,0
2026-09-03T00:44:03.760,IMU-1,0x28,-1.31,179.75,352.44,0,3,0,0
2026-09-03T00:44:03.762,IMU-2,0x29,-1.69,177.88,259.75,0,3,0,0
2026-09-03T00:44:03.861,IMU-1,0x28,-1.31,179.75,352.44,0,3,0,0
2026-09-03T00:44:03.862,IMU-2,0x29,-1.69,177.88,259.75,0,3,0,0
2026-09-03T00:44:03.961,IMU-1,0x28,-1.31,179.75,352.44,0,3,0,0
2026-09-03T00:44:03.962,IMU-2,0x29,-1.69,177.88,259.75,0,3,0,0
2026-09-03T00:44:04.061,IMU-1,0x28,-1.31,179.75,352.44,0,3,0,0
2026-09-03T00:44:04.062,IMU-2,0x29,-1.69,177.88,259.75,0,3,0,0
2026-09-03T00:44:04.162,IMU-1,0x28,-1.31,179.75,352.44,0,3,0,0
2026-09-03T00:44:04.164,IMU-2,0x29,-1.69,177.88,259.75,0,3,0,0
2026-09-03T00:44:04.262,IMU-1,0x28,-1.31,179.75,352.44,0,3,0,0
2026-09-03T00:44:04.263,IMU-2,0x29,-1.69,177.88,259.75,0,3,0,0
2026-09-03T00:44:04.362,IMU-1,0x28,-1.31,179.75,352.44,0,3,0,0
2026-09-03T00:44:04.363,IMU-2,0x29,-1.69,177.88,259.75,0,3,0,0
2026-09-03T00:44:04.462,IMU-1,0x28,-1.31,179.75,352.44,0,3,0,0
2026-09-03T00:44:04.463,IMU-2,0x29,-1.69,177.88,259.75,0,3,0,0
2026-09-03T00:44:04.562,IMU-1,0x28,-1.31,179.75,352.44,0,3,0,0
2026-09-03T00:44:04.564,IMU-2,0x29,-1.69,177.88,259.75,0,3,0,0
2026-09-03T00:44:04.662,IMU-1,0x28,-1.31,179.75,352.44,0,3,0,0
2026-09-03T00:44:04.664,IMU-2,0x29,-1.69,177.88,259.75,0,3,0,0
2026-09-03T00:44:04.762,IMU-1,0x28,-1.31,179.75,352.44,0,3,0,0
2026-09-03T00:44:04.763,IMU-2,0x29,-1.69,177.88,259.75,0,3,0,0
2026-09-03T00:44:04.862,IMU-1,0x28,-1.31,179.75,352.44,0,3,0,0
2026-09-03T00:44:04.864,IMU-2,0x29,-1.69,177.88,259.75,0,3,0,0
2026-09-03T00:44:04.962,IMU-1,0x28,-1.31,179.75,352.44,0,3,0,0
2026-09-03T00:44:04.964,IMU-2,0x29,-1.69,177.88,259.75,0,3,0,0
2026-09-03T00:44:05.061,IMU-1,0x28,-1.31,179.75,352.44,0,3,0,0
2026-09-03T00:44:05.064,IMU-2,0x29,-1.69,177.88,259.75,0,3,0,0
2026-09-03T00:44:05.162,IMU-1,0x28,-1.31,179.75,352.44,0,3,0,0
2026-09-03T00:44:05.165,IMU-2,0x29,-1.69,177.88,259.75,0,3,0,0
2026-09-03T00:44:05.261,IMU-1,0x28,-1.31,179.75,352.44,0,3,0,0
2026-09-03T00:44:05.264,IMU-2,0x29,-1.69,177.88,259.75,0,3,0,0
2026-09-03T00:44:05.361,IMU-1,0x28,-1.31,179.75,352.44,0,3,0,0
2026-09-03T00:44:05.364,IMU-2,0x29,-1.69,177.88,259.75,0,3,0,0
2026-09-03T00:44:05.461,IMU-1,0x28,-1.31,179.75,352.44,0,3,0,0
2026-09-03T00:44:05.464,IMU-2,0x29,-1.69,177.88,259.75,0,3,0,0
2026-09-03T00:44:05.561,IMU-1,0x28,-1.31,179.75,352.44,0,3,0,0
2026-09-03T00:44:05.564,IMU-2,0x29,-1.69,177.88,259.75,0,3,0,0
2026-09-03T00:44:05.661,IMU-1,0x28,-1.31,179.75,352.44,0,3,0,0
2026-09-03T00:44:05.664,IMU-2,0x29,-1.69,177.88,259.75,0,3,0,0
2026-09-03T00:44:05.761,IMU-1,0x28,-1.31,179.75,352.44,0,3,0,0
2026-09-03T00:44:05.764,IMU-2,0x29,-1.69,177.88,259.75,0,3,0,0
2026-09-03T00:44:05.861,IMU-1,0x28,-1.31,179.75,352.44,0,3,0,0
2026-09-03T00:44:05.865,IMU-2,0x29,-1.69,177.88,259.75,0,3,0,0
2026-09-03T00:44:05.962,IMU-1,0x28,-1.31,179.75,352.44,0,3,0,0
2026-09-03T00:44:05.965,IMU-2,0x29,-1.69,177.88,259.75,0,3,0,0
2026-09-03T00:44:06.062,IMU-1,0x28,-1.31,179.75,352.44,0,3,0,0
2026-09-03T00:44:06.065,IMU-2,0x29,-1.69,177.88,259.75,0,3,0,0
2026-09-03T00:44:06.162,IMU-1,0x28,-1.31,179.75,352.44,0,3,0,0
2026-09-03T00:44:06.166,IMU-2,0x29,-1.69,177.88,259.75,0,3,0,0
2026-09-03T00:44:06.262,IMU-1,0x28,-1.31,179.75,352.44,0,3,0,0
2026-09-03T00:44:06.264,IMU-2,0x29,-1.69,177.88,259.75,0,3,0,0
2026-09-03T00:44:06.362,IMU-1,0x28,-1.31,179.75,352.44,0,3,0,0
2026-09-03T00:44:06.363,IMU-2,0x29,-1.69,177.88,259.75,0,3,0,0
2026-09-03T00:44:06.462,IMU-1,0x28,-1.31,179.75,352.44,0,3,0,0
2026-09-03T00:44:06.463,IMU-2,0x29,-1.69,177.88,259.75,0,3,0,0
2026-09-03T00:44:06.562,IMU-1,0x28,-1.31,179.75,352.44,0,3,0,0
2026-09-03T00:44:06.563,IMU-2,0x29,-1.69,177.88,259.75,0,3,0,0
2026-09-03T00:44:06.662,IMU-1,0x28,-1.31,179.75,352.44,0,3,0,0
2026-09-03T00:44:06.663,IMU-2,0x29,-1.69,177.88,259.75,0,3,0,0
2026-09-03T00:44:06.762,IMU-1,0x28,-1.31,179.75,352.44,0,3,0,0
2026-09-03T00:44:06.763,IMU-2,0x29,-1.69,177.88,259.75,0,3,0,0
2026-09-03T00:44:06.862,IMU-1,0x28,-1.31,179.75,352.44,0,3,0,0
2026-09-03T00:44:06.864,IMU-2,0x29,-1.69,177.88,259.75,0,3,0,0
2026-09-03T00:44:06.962,IMU-1,0x28,-1.31,179.75,352.44,0,3,0,0
2026-09-03T00:44:06.964,IMU-2,0x29,-1.69,177.88,259.75,0,3,0,0
2026-09-03T00:44:07.062,IMU-1,0x28,-1.31,179.75,352.44,0,3,0,0
2026-09-03T00:44:07.064,IMU-2,0x29,-1.69,177.88,259.75,0,3,0,0
2026-09-03T00:44:07.163,IMU-1,0x28,-1.31,179.75,352.44,0,3,0,0
2026-09-03T00:44:07.165,IMU-2,0x29,-1.69,177.88,259.75,0,3,0,0
2026-09-03T00:44:07.263,IMU-1,0x28,-1.31,179.75,352.44,0,3,0,0
2026-09-03T00:44:07.265,IMU-2,0x29,-1.69,177.88,259.75,0,3,0,0
2026-09-03T00:44:07.363,IMU-1,0x28,-1.31,179.75,352.44,0,3,0,0
2026-09-03T00:44:07.365,IMU-2,0x29,-1.69,177.88,259.75,0,3,0,0
2026-09-03T00:44:07.463,IMU-1,0x28,-1.31,179.75,352.44,0,3,0,0
2026-09-03T00:44:07.465,IMU-2,0x29,-1.69,177.88,259.75,0,3,0,0
2026-09-03T00:44:07.563,IMU-1,0x28,-1.31,179.75,352.44,0,3,0,0
2026-09-03T00:44:07.565,IMU-2,0x29,-1.69,177.88,259.75,0,3,0,0
2026-09-03T00:44:07.664,IMU-1,0x28,-1.31,179.75,352.44,0,3,0,0
2026-09-03T00:44:07.666,IMU-2,0x29,-1.69,177.88,259.75,0,3,0,0
2026-09-03T00:44:07.764,IMU-1,0x28,-1.31,179.75,352.44,0,3,0,0
2026-09-03T00:44:07.766,IMU-2,0x29,-1.69,177.88,259.75,0,3,0,0
2026-09-03T00:44:07.864,IMU-1,0x28,-1.31,179.75,352.44,0,3,0,0
2026-09-03T00:44:07.867,IMU-2,0x29,-1.69,177.88,259.75,0,3,0,0
2026-09-03T00:44:07.964,IMU-1,0x28,-1.31,179.75,352.44,0,3,0,0
2026-09-03T00:44:07.967,IMU-2,0x29,-1.69,177.88,259.75,0,3,0,0
2026-09-03T00:44:08.065,IMU-1,0x28,-1.31,179.75,352.44,0,3,0,0
2026-09-03T00:44:08.067,IMU-2,0x29,-1.69,177.88,259.75,0,3,0,0
2026-09-03T00:44:08.165,IMU-1,0x28,-1.31,179.75,352.44,0,3,0,0
2026-09-03T00:44:08.168,IMU-2,0x29,-1.69,177.88,259.75,0,3,0,0
2026-09-03T00:44:08.264,IMU-1,0x28,-1.31,179.75,352.44,0,3,0,0
2026-09-03T00:44:08.268,IMU-2,0x29,-1.69,177.88,259.75,0,3,0,0
2026-09-03T00:44:08.364,IMU-1,0x28,-1.31,179.75,352.44,0,3,0,0
2026-09-03T00:44:08.368,IMU-2,0x29,-1.69,177.88,259.75,0,3,0,0
2026-09-03T00:44:08.464,IMU-1,0x28,-1.31,179.75,352.44,0,3,0,0
2026-09-03T00:44:08.468,IMU-2,0x29,-1.69,177.88,259.75,0,3,0,0
2026-09-03T00:44:08.565,IMU-1,0x28,-1.31,179.75,352.44,0,3,0,0
2026-09-03T00:44:08.568,IMU-2,0x29,-1.69,177.88,259.75,0,3,0,0
2026-09-03T00:44:08.665,IMU-1,0x28,-1.31,179.75,352.44,0,3,0,0
2026-09-03T00:44:08.668,IMU-2,0x29,-1.69,177.88,259.75,0,3,0,0
2026-09-03T00:44:08.765,IMU-1,0x28,-1.31,179.75,352.44,0,3,0,0
2026-09-03T00:44:08.768,IMU-2,0x29,-1.69,177.88,259.75,0,3,0,0
2026-09-03T00:44:08.865,IMU-1,0x28,-1.31,179.75,352.44,0,3,0,0
2026-09-03T00:44:08.868,IMU-2,0x29,-1.69,177.88,259.75,0,3,0,0
2026-09-03T00:44:08.965,IMU-1,0x28,-1.31,179.75,352.44,0,3,0,0
2026-09-03T00:44:08.968,IMU-2,0x29,-1.69,177.88,259.75,0,3,0,0
2026-09-03T00:44:09.065,IMU-1,0x28,-1.31,179.75,352.44,0,3,0,0
2026-09-03T00:44:09.068,IMU-2,0x29,-1.69,177.88,259.75,0,3,0,0
2026-09-03T00:44:09.166,IMU-1,0x28,-1.31,179.75,352.44,0,3,0,0
2026-09-03T00:44:09.170,IMU-2,0x29,-1.69,177.88,259.75,0,3,0,0
2026-09-03T00:44:09.265,IMU-1,0x28,-1.31,179.75,352.44,0,3,0,0
2026-09-03T00:44:09.266,IMU-2,0x29,-1.69,177.88,259.75,0,3,0,0
2026-09-03T00:44:09.365,IMU-1,0x28,-1.31,179.75,352.44,0,3,0,0
2026-09-03T00:44:09.366,IMU-2,0x29,-1.69,177.88,259.75,0,3,0,0
2026-09-03T00:44:09.464,IMU-1,0x28,-1.31,179.75,352.44,0,3,0,0
2026-09-03T00:44:09.466,IMU-2,0x29,-1.69,177.88,259.75,0,3,0,0
2026-09-03T00:44:09.564,IMU-1,0x28,-1.31,179.75,352.44,0,3,0,0
2026-09-03T00:44:09.565,IMU-2,0x29,-1.69,177.88,259.75,0,3,0,0
2026-09-03T00:44:09.664,IMU-1,0x28,-1.31,179.75,352.44,0,3,0,0
2026-09-03T00:44:09.665,IMU-2,0x29,-1.69,177.88,259.75,0,3,0,0
2026-09-03T00:44:09.764,IMU-1,0x28,-1.31,179.75,352.44,0,3,0,0
2026-09-03T00:44:09.766,IMU-2,0x29,-1.69,177.88,259.75,0,3,0,0
2026-09-03T00:44:09.864,IMU-1,0x28,-1.31,179.75,352.44,0,3,0,0
2026-09-03T00:44:09.866,IMU-2,0x29,-1.69,177.88,259.75,0,3,0,0
2026-09-03T00:44:09.964,IMU-1,0x28,-1.31,179.75,352.44,0,3,0,0
2026-09-03T00:44:09.966,IMU-2,0x29,-1.69,177.88,259.75,0,3,0,0
2026-09-03T00:44:10.064,IMU-1,0x28,-1.31,179.75,352.44,0,3,0,0
2026-09-03T00:44:10.067,IMU-2,0x29,-1.69,177.88,259.75,0,3,0,0
2026-09-03T00:44:10.165,IMU-1,0x28,-1.31,179.75,352.44,0,3,0,0
2026-09-03T00:44:10.168,IMU-2,0x29,-1.69,177.88,259.75,0,3,0,0
2026-09-03T00:44:10.264,IMU-1,0x28,-1.31,179.75,352.44,0,3,0,0
2026-09-03T00:44:10.267,IMU-2,0x29,-1.69,177.88,259.75,0,3,0,0
2026-09-03T00:44:10.364,IMU-1,0x28,-1.31,179.75,352.44,0,3,0,0
2026-09-03T00:44:10.367,IMU-2,0x29,-1.69,177.88,259.75,0,3,0,0
2026-09-03T00:44:10.464,IMU-1,0x28,-1.31,179.75,352.44,0,3,0,0
2026-09-03T00:44:10.467,IMU-2,0x29,-1.69,177.88,259.75,0,3,0,0
2026-09-03T00:44:10.564,IMU-1,0x28,-1.31,179.75,352.44,0,3,0,0
2026-09-03T00:44:10.568,IMU-2,0x29,-1.69,177.88,259.75,0,3,0,0
2026-09-03T00:44:10.665,IMU-1,0x28,-1.31,179.75,352.44,0,3,0,0
2026-09-03T00:44:10.668,IMU-2,0x29,-1.69,177.88,259.75,0,3,0,0
2026-09-03T00:44:10.765,IMU-1,0x28,-1.31,179.75,352.44,0,3,0,0
2026-09-03T00:44:10.768,IMU-2,0x29,-1.69,177.88,259.75,0,3,0,0
2026-09-03T00:44:10.865,IMU-1,0x28,-1.31,179.75,352.44,0,3,0,0
2026-09-03T00:44:10.868,IMU-2,0x29,-1.69,177.88,259.75,0,3,0,0
2026-09-03T00:44:10.965,IMU-1,0x28,-1.31,179.75,352.44,0,3,0,0
2026-09-03T00:44:10.968,IMU-2,0x29,-1.69,177.88,259.75,0,3,0,0
2026-09-03T00:44:11.066,IMU-1,0x28,-1.31,179.75,352.44,0,3,0,0
2026-09-03T00:44:11.069,IMU-2,0x29,-1.69,177.88,259.75,0,3,0,0
2026-09-03T00:44:11.166,IMU-1,0x28,-1.31,179.75,352.44,0,3,0,0
2026-09-03T00:44:11.170,IMU-2,0x29,-1.69,177.88,259.75,0,3,0,0
2026-09-03T00:44:11.266,IMU-1,0x28,-1.31,179.75,352.44,0,3,0,0
2026-09-03T00:44:11.269,IMU-2,0x29,-1.69,177.88,259.75,0,3,0,0
2026-09-03T00:44:11.366,IMU-1,0x28,-1.31,179.75,352.44,0,3,0,0
2026-09-03T00:44:11.369,IMU-2,0x29,-1.69,177.88,259.75,0,3,0,0
2026-09-03T00:44:11.466,IMU-1,0x28,-1.31,179.75,352.44,0,3,0,0
2026-09-03T00:44:11.469,IMU-2,0x29,-1.69,177.88,259.75,0,3,0,0
2026-09-03T00:44:11.567,IMU-1,0x28,-1.31,179.75,352.44,0,3,0,0
2026-09-03T00:44:11.570,IMU-2,0x29,-1.69,177.88,259.75,0,3,0,0
2026-09-03T00:44:11.667,IMU-1,0x28,-1.31,179.75,352.44,0,3,0,0
2026-09-03T00:44:11.669,IMU-2,0x29,-1.69,177.88,259.75,0,3,0,0
2026-09-03T00:44:11.767,IMU-1,0x28,-1.31,179.75,352.44,0,3,0,0
2026-09-03T00:44:11.769,IMU-2,0x29,-1.69,177.88,259.75,0,3,0,0
2026-09-03T00:44:11.867,IMU-1,0x28,-1.31,179.75,352.44,0,3,0,0
2026-09-03T00:44:11.868,IMU-2,0x29,-1.69,177.88,259.75,0,3,0,0
2026-09-03T00:44:11.967,IMU-1,0x28,-1.31,179.75,352.44,0,3,0,0
2026-09-03T00:44:11.968,IMU-2,0x29,-1.69,177.88,259.75,0,3,0,0
2026-09-03T00:44:12.067,IMU-1,0x28,-1.31,179.75,352.44,0,3,0,0
2026-09-03T00:44:12.068,IMU-2,0x29,-1.69,177.88,259.75,0,3,0,0
2026-09-03T00:44:12.168,IMU-1,0x28,-1.31,179.75,352.44,0,3,0,0
2026-09-03T00:44:12.170,IMU-2,0x29,-1.69,177.88,259.75,0,3,0,0
2026-09-03T00:44:12.267,IMU-1,0x28,-1.31,179.75,352.44,0,3,0,0
2026-09-03T00:44:12.268,IMU-2,0x29,-1.69,177.88,259.75,0,3,0,0
2026-09-03T00:44:12.367,IMU-1,0x28,-1.31,179.75,352.44,0,3,0,0
2026-09-03T00:44:12.369,IMU-2,0x29,-1.69,177.88,259.75,0,3,0,0
2026-09-03T00:44:12.467,IMU-1,0x28,-1.31,179.75,352.44,0,3,0,0
2026-09-03T00:44:12.469,IMU-2,0x29,-1.69,177.88,259.75,0,3,0,0
2026-09-03T00:44:12.567,IMU-1,0x28,-1.31,179.75,352.44,0,3,0,0
2026-09-03T00:44:12.568,IMU-2,0x29,-1.69,177.88,259.75,0,3,0,0
2026-09-03T00:44:12.666,IMU-1,0x28,-1.31,179.75,352.44,0,3,0,0
2026-09-03T00:44:12.668,IMU-2,0x29,-1.69,177.88,259.75,0,3,0,0
2026-09-03T00:44:12.766,IMU-1,0x28,-1.31,179.75,352.44,0,3,0,0
2026-09-03T00:44:12.769,IMU-2,0x29,-1.69,177.88,259.75,0,3,0,0
2026-09-03T00:44:12.866,IMU-1,0x28,-1.31,179.75,352.44,0,3,0,0
2026-09-03T00:44:12.869,IMU-2,0x29,-1.69,177.88,259.75,0,3,0,0
2026-09-03T00:44:12.966,IMU-1,0x28,-1.31,179.75,352.44,0,3,0,0
2026-09-03T00:44:12.969,IMU-2,0x29,-1.69,177.88,259.75,0,3,0,0
2026-09-03T00:44:13.066,IMU-1,0x28,-1.31,179.75,352.44,0,3,0,0
2026-09-03T00:44:13.069,IMU-2,0x29,-1.69,177.88,259.75,0,3,0,0
2026-09-03T00:44:13.167,IMU-1,0x28,-1.31,179.75,352.44,0,3,0,0
2026-09-03T00:44:13.170,IMU-2,0x29,-1.69,177.88,259.75,0,3,0,0
2026-09-03T00:44:13.266,IMU-1,0x28,-1.31,179.75,352.44,0,3,0,0
2026-09-03T00:44:13.269,IMU-2,0x29,-1.69,177.88,259.75,0,3,0,0
2026-09-03T00:44:13.366,IMU-1,0x28,-1.31,179.75,352.44,0,3,0,0
2026-09-03T00:44:13.369,IMU-2,0x29,-1.69,177.88,259.75,0,3,0,0
2026-09-03T00:44:13.466,IMU-1,0x28,-1.31,179.75,352.44,0,3,0,0
2026-09-03T00:44:13.469,IMU-2,0x29,-1.69,177.88,259.75,0,3,0,0
2026-09-03T00:44:13.566,IMU-1,0x28,-1.31,179.75,352.44,0,3,0,0
2026-09-03T00:44:13.569,IMU-2,0x29,-1.69,177.88,259.75,0,3,0,0
2026-09-03T00:44:13.666,IMU-1,0x28,-1.31,179.75,352.44,0,3,0,0
2026-09-03T00:44:13.669,IMU-2,0x29,-1.69,177.88,259.75,0,3,0,0
2026-09-03T00:44:13.766,IMU-1,0x28,-1.31,179.75,352.44,0,3,0,0
2026-09-03T00:44:13.769,IMU-2,0x29,-1.69,177.88,259.75,0,3,0,0
2026-09-03T00:44:13.866,IMU-1,0x28,-1.31,179.75,352.44,0,3,0,0
2026-09-03T00:44:13.869,IMU-2,0x29,-1.69,177.88,259.75,0,3,0,0
2026-09-03T00:44:13.967,IMU-1,0x28,-1.31,179.75,352.44,0,3,0,0
2026-09-03T00:44:13.969,IMU-2,0x29,-1.69,177.88,259.75,0,3,0,0
2026-09-03T00:44:14.067,IMU-1,0x28,-1.31,179.75,352.44,0,3,0,0
2026-09-03T00:44:14.068,IMU-2,0x29,-1.69,177.88,259.75,0,3,0,0
2026-09-03T00:44:14.167,IMU-1,0x28,-1.31,179.75,352.44,0,3,0,0
2026-09-03T00:44:14.170,IMU-2,0x29,-1.69,177.88,259.75,0,3,0,0
2026-09-03T00:44:14.267,IMU-1,0x28,-1.31,179.75,352.44,0,3,0,0
2026-09-03T00:44:14.269,IMU-2,0x29,-1.69,177.88,259.75,0,3,0,0
2026-09-03T00:44:14.367,IMU-1,0x28,-1.31,179.75,352.44,0,3,0,0
2026-09-03T00:44:14.369,IMU-2,0x29,-1.69,177.88,259.75,0,3,0,0
2026-09-03T00:44:14.468,IMU-1,0x28,-1.31,179.75,352.44,0,3,0,0
2026-09-03T00:44:14.469,IMU-2,0x29,-1.69,177.88,259.75,0,3,0,0
2026-09-03T00:44:14.568,IMU-1,0x28,-1.31,179.75,352.44,0,3,0,0
2026-09-03T00:44:14.569,IMU-2,0x29,-1.69,177.88,259.75,0,3,0,0
2026-09-03T00:44:14.668,IMU-1,0x28,-1.31,179.75,352.44,0,3,0,0
2026-09-03T00:44:14.669,IMU-2,0x29,-1.69,177.88,259.75,0,3,0,0
2026-09-03T00:44:14.768,IMU-1,0x28,-1.31,179.75,352.44,0,3,0,0
2026-09-03T00:44:14.770,IMU-2,0x29,-1.69,177.88,259.75,0,3,0,0
2026-09-03T00:44:14.868,IMU-1,0x28,-1.31,179.75,352.44,0,3,0,0
2026-09-03T00:44:14.870,IMU-2,0x29,-1.69,177.88,259.75,0,3,0,0
2026-09-03T00:44:14.969,IMU-1,0x28,-1.31,179.75,352.44,0,3,0,0
2026-09-03T00:44:14.970,IMU-2,0x29,-1.69,177.88,259.75,0,3,0,0
2026-09-03T00:44:15.069,IMU-1,0x28,-1.31,179.75,352.44,0,3,0,0
2026-09-03T00:44:15.070,IMU-2,0x29,-1.69,177.88,259.75,0,3,0,0
2026-09-03T00:44:15.169,IMU-1,0x28,-1.31,179.75,352.44,0,3,0,0
2026-09-03T00:44:15.171,IMU-2,0x29,-1.69,177.88,259.75,0,3,0,0
2026-09-03T00:44:15.269,IMU-1,0x28,-1.31,179.75,352.44,0,3,0,0
2026-09-03T00:44:15.271,IMU-2,0x29,-1.69,177.88,259.75,0,3,0,0
2026-09-03T00:44:15.369,IMU-1,0x28,-1.31,179.75,352.44,0,3,0,0
2026-09-03T00:44:15.371,IMU-2,0x29,-1.69,177.88,259.75,0,3,0,0
2026-09-03T00:44:15.469,IMU-1,0x28,-1.31,179.75,352.44,0,3,0,0
2026-09-03T00:44:15.471,IMU-2,0x29,-1.69,177.88,259.75,0,3,0,0
2026-09-03T00:44:15.569,IMU-1,0x28,-1.31,179.75,352.44,0,3,0,0
2026-09-03T00:44:15.571,IMU-2,0x29,-1.69,177.88,259.75,0,3,0,0
2026-09-03T00:44:15.669,IMU-1,0x28,-1.31,179.75,352.44,0,3,0,0
2026-09-03T00:44:15.672,IMU-2,0x29,-1.69,177.88,259.75,0,3,0,0
2026-09-03T00:44:15.769,IMU-1,0x28,-1.31,179.75,352.44,0,3,0,0
2026-09-03T00:44:15.772,IMU-2,0x29,-1.69,177.88,259.75,0,3,0,0
2026-09-03T00:44:15.869,IMU-1,0x28,-1.31,179.75,352.44,0,3,0,0
2026-09-03T00:44:15.872,IMU-2,0x29,-1.69,177.88,259.75,0,3,0,0
2026-09-03T00:44:15.969,IMU-1,0x28,-1.31,179.75,352.44,0,3,0,0
2026-09-03T00:44:15.972,IMU-2,0x29,-1.69,177.88,259.75,0,3,0,0
2026-09-03T00:44:16.069,IMU-1,0x28,-1.31,179.75,352.44,0,3,0,0
2026-09-03T00:44:16.072,IMU-2,0x29,-1.69,177.88,259.75,0,3,0,0
2026-09-03T00:44:16.170,IMU-1,0x28,-1.31,179.75,352.44,0,3,0,0
2026-09-03T00:44:16.174,IMU-2,0x29,-1.69,177.88,259.75,0,3,0,0
2026-09-03T00:44:16.269,IMU-1,0x28,-1.31,179.75,352.44,0,3,0,0
2026-09-03T00:44:16.271,IMU-2,0x29,-1.69,177.88,259.75,0,3,0,0
2026-09-03T00:44:16.369,IMU-1,0x28,-1.31,179.75,352.44,0,3,0,0
2026-09-03T00:44:16.371,IMU-2,0x29,-1.69,177.88,259.75,0,3,0,0
2026-09-03T00:44:16.469,IMU-1,0x28,-1.31,179.75,352.44,0,3,0,0
2026-09-03T00:44:16.471,IMU-2,0x29,-1.69,177.88,259.75,0,3,0,0
2026-09-03T00:44:16.568,IMU-1,0x28,-1.31,179.75,352.44,0,3,0,0
2026-09-03T00:44:16.570,IMU-2,0x29,-1.69,177.88,259.75,0,3,0,0
2026-09-03T00:44:16.668,IMU-1,0x28,-1.31,179.75,352.44,0,3,0,0
2026-09-03T00:44:16.670,IMU-2,0x29,-1.69,177.88,259.75,0,3,0,0
2026-09-03T00:44:16.768,IMU-1,0x28,-1.31,179.75,352.44,0,3,0,0
2026-09-03T00:44:16.770,IMU-2,0x29,-1.69,177.88,259.75,0,3,0,0
2026-09-03T00:44:16.868,IMU-1,0x28,-1.31,179.75,352.44,0,3,0,0
2026-09-03T00:44:16.870,IMU-2,0x29,-1.69,177.88,259.75,0,3,0,0
2026-09-03T00:44:16.968,IMU-1,0x28,-1.31,179.75,352.44,0,3,0,0
2026-09-03T00:44:16.970,IMU-2,0x29,-1.69,177.88,259.75,0,3,0,0
2026-09-03T00:44:17.068,IMU-1,0x28,-1.31,179.75,352.44,0,3,0,0
2026-09-03T00:44:17.070,IMU-2,0x29,-1.69,177.88,259.75,0,3,0,0
2026-09-03T00:44:17.169,IMU-1,0x28,-1.31,179.75,352.44,0,3,0,0
2026-09-03T00:44:17.171,IMU-2,0x29,-1.69,177.88,259.75,0,3,0,0
2026-09-03T00:44:17.269,IMU-1,0x28,-1.31,179.75,352.44,0,3,0,0
2026-09-03T00:44:17.270,IMU-2,0x29,-1.69,177.88,259.75,0,3,0,0
2026-09-03T00:44:17.369,IMU-1,0x28,-1.31,179.75,352.44,0,3,0,0
2026-09-03T00:44:17.370,IMU-2,0x29,-1.69,177.88,259.75,0,3,0,0
2026-09-03T00:44:17.469,IMU-1,0x28,-1.31,179.75,352.44,0,3,0,0
2026-09-03T00:44:17.471,IMU-2,0x29,-1.69,177.88,259.75,0,3,0,0
2026-09-03T00:44:17.569,IMU-1,0x28,-1.31,179.75,352.44,0,3,0,0
2026-09-03T00:44:17.571,IMU-2,0x29,-1.69,177.88,259.75,0,3,0,0
2026-09-03T00:44:17.669,IMU-1,0x28,-1.31,179.75,352.44,0,3,0,0
2026-09-03T00:44:17.671,IMU-2,0x29,-1.69,177.88,259.75,0,3,0,0
2026-09-03T00:44:17.769,IMU-1,0x28,-1.31,179.75,352.44,0,3,0,0
2026-09-03T00:44:17.772,IMU-2,0x29,-1.69,177.88,259.75,0,3,0,0
2026-09-03T00:44:17.869,IMU-1,0x28,-1.31,179.75,352.44,0,3,0,0
2026-09-03T00:44:17.872,IMU-2,0x29,-1.69,177.88,259.75,0,3,0,0
2026-09-03T00:44:17.970,IMU-1,0x28,-1.31,179.75,352.44,0,3,0,0
2026-09-03T00:44:17.972,IMU-2,0x29,-1.69,177.88,259.75,0,3,0,0
2026-09-03T00:44:18.070,IMU-1,0x28,-1.31,179.75,352.44,0,3,0,0
2026-09-03T00:44:18.073,IMU-2,0x29,-1.69,177.88,259.75,0,3,0,0
2026-09-03T00:44:18.171,IMU-1,0x28,-1.31,179.75,352.44,0,3,0,0
2026-09-03T00:44:18.174,IMU-2,0x29,-1.69,177.88,259.75,0,3,0,0
2026-09-03T00:44:18.270,IMU-1,0x28,-1.31,179.75,352.44,0,3,0,0
2026-09-03T00:44:18.273,IMU-2,0x29,-1.69,177.88,259.75,0,3,0,0
2026-09-03T00:44:18.371,IMU-1,0x28,-1.31,179.75,352.44,0,3,0,0
2026-09-03T00:44:18.374,IMU-2,0x29,-1.69,177.88,259.75,0,3,0,0
2026-09-03T00:44:18.471,IMU-1,0x28,-1.31,179.75,352.44,0,3,0,0
2026-09-03T00:44:18.474,IMU-2,0x29,-1.69,177.88,259.75,0,3,0,0
2026-09-03T00:44:18.571,IMU-1,0x28,-1.31,179.75,352.44,0,3,0,0
2026-09-03T00:44:18.574,IMU-2,0x29,-1.69,177.88,259.75,0,3,0,0
2026-09-03T00:44:18.671,IMU-1,0x28,-1.31,179.75,352.44,0,3,0,0
2026-09-03T00:44:18.674,IMU-2,0x29,-1.69,177.88,259.75,0,3,0,0
2026-09-03T00:44:18.771,IMU-1,0x28,-1.31,179.75,352.44,0,3,0,0
2026-09-03T00:44:18.774,IMU-2,0x29,-1.69,177.88,259.75,0,3,0,0
2026-09-03T00:44:18.871,IMU-1,0x28,-1.31,179.75,352.44,0,3,0,0
2026-09-03T00:44:18.874,IMU-2,0x29,-1.69,177.88,259.75,0,3,0,0
2026-09-03T00:44:18.971,IMU-1,0x28,-1.31,179.75,352.44,0,3,0,0
2026-09-03T00:44:18.974,IMU-2,0x29,-1.69,177.88,259.75,0,3,0,0
2026-09-03T00:44:19.071,IMU-1,0x28,-1.31,179.75,352.44,0,3,0,0
2026-09-03T00:44:19.074,IMU-2,0x29,-1.69,177.88,259.75,0,3,0,0
2026-09-03T00:44:19.172,IMU-1,0x28,-1.31,179.75,352.44,0,3,0,0
2026-09-03T00:44:19.176,IMU-2,0x29,-1.69,177.88,259.75,0,3,0,0
2026-09-03T00:44:19.271,IMU-1,0x28,-1.31,179.75,352.44,0,3,0,0
2026-09-03T00:44:19.274,IMU-2,0x29,-1.69,177.88,259.75,0,3,0,0
2026-09-03T00:44:19.371,IMU-1,0x28,-1.31,179.75,352.44,0,3,0,0
2026-09-03T00:44:19.374,IMU-2,0x29,-1.69,177.88,259.75,0,3,0,0
2026-09-03T00:44:19.471,IMU-1,0x28,-1.31,179.75,352.44,0,3,0,0
2026-09-03T00:44:19.474,IMU-2,0x29,-1.69,177.88,259.75,0,3,0,0
2026-09-03T00:44:19.571,IMU-1,0x28,-1.31,179.75,352.44,0,3,0,0
2026-09-03T00:44:19.573,IMU-2,0x29,-1.69,177.88,259.75,0,3,0,0
2026-09-03T00:44:19.672,IMU-1,0x28,-1.31,179.75,352.44,0,3,0,0
2026-09-03T00:44:19.673,IMU-2,0x29,-1.69,177.88,259.75,0,3,0,0
2026-09-03T00:44:19.771,IMU-1,0x28,-1.31,179.75,352.44,0,3,0,0
2026-09-03T00:44:19.773,IMU-2,0x29,-1.69,177.88,259.75,0,3,0,0
2026-09-03T00:44:19.871,IMU-1,0x28,-1.31,179.75,352.44,0,3,0,0
2026-09-03T00:44:19.873,IMU-2,0x29,-1.69,177.88,259.75,0,3,0,0
2026-09-03T00:44:19.971,IMU-1,0x28,-1.31,179.75,352.44,0,3,0,0
2026-09-03T00:44:19.972,IMU-2,0x29,-1.69,177.88,259.75,0,3,0,0
2026-09-03T00:44:20.070,IMU-1,0x28,-1.31,179.75,352.44,0,3,0,0
2026-09-03T00:44:20.072,IMU-2,0x29,-1.69,177.88,259.75,0,3,0,0
2026-09-03T00:44:20.171,IMU-1,0x28,-1.31,179.75,352.44,0,3,0,0
2026-09-03T00:44:20.173,IMU-2,0x29,-1.69,177.88,259.75,0,3,0,0
2026-09-03T00:44:20.270,IMU-1,0x28,-1.31,179.75,352.44,0,3,0,0
2026-09-03T00:44:20.273,IMU-2,0x29,-1.69,177.88,259.75,0,3,0,0
2026-09-03T00:44:20.370,IMU-1,0x28,-1.31,179.75,352.44,0,3,0,0
2026-09-03T00:44:20.373,IMU-2,0x29,-1.69,177.88,259.75,0,3,0,0
2026-09-03T00:44:20.471,IMU-1,0x28,-1.31,179.75,352.44,0,3,0,0
2026-09-03T00:44:20.473,IMU-2,0x29,-1.69,177.88,259.75,0,3,0,0
2026-09-03T00:44:20.571,IMU-1,0x28,-1.31,179.75,352.44,0,3,0,0
2026-09-03T00:44:20.573,IMU-2,0x29,-1.69,177.88,259.75,0,3,0,0
2026-09-03T00:44:20.671,IMU-1,0x28,-1.31,179.75,352.44,0,3,0,0
2026-09-03T00:44:20.674,IMU-2,0x29,-1.69,177.88,259.75,0,3,0,0
2026-09-03T00:44:20.771,IMU-1,0x28,-1.31,179.75,352.44,0,3,0,0
2026-09-03T00:44:20.774,IMU-2,0x29,-1.69,177.88,259.75,0,3,0,0
2026-09-03T00:44:20.871,IMU-1,0x28,-1.31,179.75,352.44,0,3,0,0
2026-09-03T00:44:20.874,IMU-2,0x29,-1.69,177.88,259.75,0,3,0,0
2026-09-03T00:44:20.971,IMU-1,0x28,-1.31,179.75,352.44,0,3,0,0
2026-09-03T00:44:20.974,IMU-2,0x29,-1.69,177.88,259.75,0,3,0,0
2026-09-03T00:44:21.071,IMU-1,0x28,-1.31,179.75,352.44,0,3,0,0
2026-09-03T00:44:21.074,IMU-2,0x29,-1.69,177.88,259.75,0,3,0,0
2026-09-03T00:44:21.172,IMU-1,0x28,-1.31,179.75,352.44,0,3,0,0
2026-09-03T00:44:21.176,IMU-2,0x29,-1.69,177.88,259.75,0,3,0,0
2026-09-03T00:44:21.271,IMU-1,0x28,-1.31,179.75,352.44,0,3,0,0
2026-09-03T00:44:21.274,IMU-2,0x29,-1.69,177.88,259.75,0,3,0,0
2026-09-03T00:44:21.371,IMU-1,0x28,-1.31,179.75,352.44,0,3,0,0
2026-09-03T00:44:21.375,IMU-2,0x29,-1.69,177.88,259.75,0,3,0,0
2026-09-03T00:44:21.472,IMU-1,0x28,-1.31,179.75,352.44,0,3,0,0
2026-09-03T00:44:21.475,IMU-2,0x29,-1.69,177.88,259.75,0,3,0,0
2026-09-03T00:44:21.572,IMU-1,0x28,-1.31,179.75,352.44,0,3,0,0
2026-09-03T00:44:21.575,IMU-2,0x29,-1.69,177.88,259.75,0,3,0,0
2026-09-03T00:44:21.672,IMU-1,0x28,-1.31,179.75,352.44,0,3,0,0
2026-09-03T00:44:21.675,IMU-2,0x29,-1.69,177.88,259.75,0,3,0,0
2026-09-03T00:44:21.772,IMU-1,0x28,-1.31,179.75,352.44,0,3,0,0
2026-09-03T00:44:21.775,IMU-2,0x29,-1.69,177.88,259.75,0,3,0,0
2026-09-03T00:44:21.873,IMU-1,0x28,-1.31,179.75,352.44,0,3,0,0
2026-09-03T00:44:21.875,IMU-2,0x29,-1.69,177.88,259.75,0,3,0,0
2026-09-03T00:44:21.973,IMU-1,0x28,-1.31,179.75,352.44,0,3,0,0
2026-09-03T00:44:21.975,IMU-2,0x29,-1.69,177.88,259.75,0,3,0,0
2026-09-03T00:44:22.073,IMU-1,0x28,-1.31,179.75,352.44,0,3,0,0
2026-09-03T00:44:22.075,IMU-2,0x29,-1.69,177.88,259.75,0,3,0,0
2026-09-03T00:44:22.174,IMU-1,0x28,-1.31,179.75,352.44,0,3,0,0
2026-09-03T00:44:22.176,IMU-2,0x29,-1.69,177.88,259.75,0,3,0,0
2026-09-03T00:44:22.273,IMU-1,0x28,-1.31,179.75,352.44,0,3,0,0
2026-09-03T00:44:22.275,IMU-2,0x29,-1.69,177.88,259.75,0,3,0,0
2026-09-03T00:44:22.373,IMU-1,0x28,-1.31,179.75,352.44,0,3,0,0
2026-09-03T00:44:22.375,IMU-2,0x29,-1.69,177.88,259.75,0,3,0,0
2026-09-03T00:44:22.473,IMU-1,0x28,-1.31,179.75,352.44,0,3,0,0
2026-09-03T00:44:22.475,IMU-2,0x29,-1.69,177.88,259.75,0,3,0,0
2026-09-03T00:44:22.573,IMU-1,0x28,-1.31,179.75,352.44,0,3,0,0
2026-09-03T00:44:22.574,IMU-2,0x29,-1.69,177.88,259.75,0,3,0,0
2026-09-03T00:44:22.672,IMU-1,0x28,-1.31,179.75,352.44,0,3,0,0
2026-09-03T00:44:22.674,IMU-2,0x29,-1.69,177.88,259.75,0,3,0,0
2026-09-03T00:44:22.772,IMU-1,0x28,-1.31,179.75,352.44,0,3,0,0
2026-09-03T00:44:22.774,IMU-2,0x29,-1.69,177.88,259.75,0,3,0,0
2026-09-03T00:44:22.872,IMU-1,0x28,-1.31,179.75,352.44,0,3,0,0
2026-09-03T00:44:22.874,IMU-2,0x29,-1.69,177.88,259.75,0,3,0,0
2026-09-03T00:44:22.972,IMU-1,0x28,-1.31,179.75,352.44,0,3,0,0
2026-09-03T00:44:22.975,IMU-2,0x29,-1.69,177.88,259.75,0,3,0,0
2026-09-03T00:44:23.072,IMU-1,0x28,-1.31,179.75,352.44,0,3,0,0
2026-09-03T00:44:23.075,IMU-2,0x29,-1.69,177.88,259.75,0,3,0,0
2026-09-03T00:44:23.173,IMU-1,0x28,-1.31,179.75,352.44,0,3,0,0
2026-09-03T00:44:23.176,IMU-2,0x29,-1.69,177.88,259.75,0,3,0,0
2026-09-03T00:44:23.272,IMU-1,0x28,-1.31,179.75,352.44,0,3,0,0
2026-09-03T00:44:23.275,IMU-2,0x29,-1.69,177.88,259.75,0,3,0,0
2026-09-03T00:44:23.372,IMU-1,0x28,-1.31,179.75,352.44,0,3,0,0
2026-09-03T00:44:23.375,IMU-2,0x29,-1.69,177.88,259.75,0,3,0,0
2026-09-03T00:44:23.473,IMU-1,0x28,-1.31,179.75,352.44,0,3,0,0
2026-09-03T00:44:23.476,IMU-2,0x29,-1.69,177.88,259.75,0,3,0,0
2026-09-03T00:44:23.573,IMU-1,0x28,-1.31,179.75,352.44,0,3,0,0
2026-09-03T00:44:23.576,IMU-2,0x29,-1.69,177.88,259.75,0,3,0,0
2026-09-03T00:44:23.673,IMU-1,0x28,-1.31,179.75,352.44,0,3,0,0
2026-09-03T00:44:23.676,IMU-2,0x29,-1.69,177.88,259.75,0,3,0,0
2026-09-03T00:44:23.773,IMU-1,0x28,-1.31,179.75,352.44,0,3,0,0
2026-09-03T00:44:23.776,IMU-2,0x29,-1.69,177.88,259.75,0,3,0,0
2026-09-03T00:44:23.873,IMU-1,0x28,-1.31,179.75,352.44,0,3,0,0
2026-09-03T00:44:23.876,IMU-2,0x29,-1.69,177.88,259.75,0,3,0,0
2026-09-03T00:44:23.973,IMU-1,0x28,-1.31,179.75,352.44,0,3,0,0
2026-09-03T00:44:23.976,IMU-2,0x29,-1.69,177.88,259.75,0,3,0,0
2026-09-03T00:44:24.073,IMU-1,0x28,-1.31,179.75,352.44,0,3,0,0
2026-09-03T00:44:24.076,IMU-2,0x29,-1.69,177.88,259.75,0,3,0,0
2026-09-03T00:44:24.173,IMU-1,0x28,-1.31,179.75,352.44,0,3,0,0
2026-09-03T00:44:24.177,IMU-2,0x29,-1.69,177.88,259.75,0,3,0,0
2026-09-03T00:44:24.273,IMU-1,0x28,-1.31,179.75,352.44,0,3,0,0
2026-09-03T00:44:24.276,IMU-2,0x29,-1.69,177.88,259.75,0,3,0,0
2026-09-03T00:44:24.373,IMU-1,0x28,-1.31,179.75,352.44,0,3,0,0
2026-09-03T00:44:24.375,IMU-2,0x29,-1.69,177.88,259.75,0,3,0,0
2026-09-03T00:44:24.473,IMU-1,0x28,-1.31,179.75,352.44,0,3,0,0
2026-09-03T00:44:24.475,IMU-2,0x29,-1.69,177.88,259.75,0,3,0,0
2026-09-03T00:44:24.573,IMU-1,0x28,-1.31,179.75,352.44,0,3,0,0
2026-09-03T00:44:24.575,IMU-2,0x29,-1.69,177.88,259.75,0,3,0,0
2026-09-03T00:44:24.673,IMU-1,0x28,-1.31,179.75,352.44,0,3,0,0
2026-09-03T00:44:24.675,IMU-2,0x29,-1.69,177.88,259.75,0,3,0,0
2026-09-03T00:44:24.773,IMU-1,0x28,-1.31,179.75,352.44,0,3,0,0
2026-09-03T00:44:24.775,IMU-2,0x29,-1.69,177.88,259.75,0,3,0,0
2026-09-03T00:44:24.874,IMU-1,0x28,-1.31,179.75,352.44,0,3,0,0
2026-09-03T00:44:24.875,IMU-2,0x29,-1.69,177.88,259.75,0,3,0,0
2026-09-03T00:44:24.974,IMU-1,0x28,-1.31,179.75,352.44,0,3,0,0
2026-09-03T00:44:24.975,IMU-2,0x29,-1.69,177.88,259.75,0,3,0,0
2026-09-03T00:44:25.074,IMU-1,0x28,-1.31,179.75,352.44,0,3,0,0
2026-09-03T00:44:25.076,IMU-2,0x29,-1.69,177.88,259.75,0,3,0,0
2026-09-03T00:44:25.175,IMU-1,0x28,-1.31,179.75,352.44,0,3,0,0
2026-09-03T00:44:25.177,IMU-2,0x29,-1.69,177.88,259.75,0,3,0,0
2026-09-03T00:44:25.274,IMU-1,0x28,-1.31,179.81,352.44,0,3,0,0
2026-09-03T00:44:25.276,IMU-2,0x29,-1.69,177.88,259.75,0,3,0,0
2026-09-03T00:44:25.375,IMU-1,0x28,-1.31,179.81,352.44,0,3,0,0
2026-09-03T00:44:25.376,IMU-2,0x29,-1.69,177.88,259.75,0,3,0,0
2026-09-03T00:44:25.475,IMU-1,0x28,-1.31,179.81,352.44,0,3,0,0
2026-09-03T00:44:25.477,IMU-2,0x29,-1.69,177.88,259.75,0,3,0,0
2026-09-03T00:44:25.575,IMU-1,0x28,-1.31,179.81,352.44,0,3,0,0
2026-09-03T00:44:25.577,IMU-2,0x29,-1.69,177.88,259.75,0,3,0,0
2026-09-03T00:44:25.675,IMU-1,0x28,-1.31,179.81,352.44,0,3,0,0
2026-09-03T00:44:25.677,IMU-2,0x29,-1.69,177.88,259.75,0,3,0,0
2026-09-03T00:44:25.776,IMU-1,0x28,-1.31,179.81,352.44,0,3,0,0
2026-09-03T00:44:25.778,IMU-2,0x29,-1.69,177.88,259.75,0,3,0,0
2026-09-03T00:44:25.876,IMU-1,0x28,-1.31,179.81,352.44,0,3,0,0
2026-09-03T00:44:25.878,IMU-2,0x29,-1.69,177.88,259.75,0,3,0,0
2026-09-03T00:44:25.976,IMU-1,0x28,-1.31,179.81,352.44,0,3,0,0
2026-09-03T00:44:25.978,IMU-2,0x29,-1.69,177.88,259.75,0,3,0,0
2026-09-03T00:44:26.076,IMU-1,0x28,-1.31,179.81,352.44,0,3,0,0
2026-09-03T00:44:26.078,IMU-2,0x29,-1.69,177.88,259.75,0,3,0,0
2026-09-03T00:44:26.177,IMU-1,0x28,-1.31,179.81,352.44,0,3,0,0
2026-09-03T00:44:26.179,IMU-2,0x29,-1.69,177.88,259.75,0,3,0,0
2026-09-03T00:44:26.276,IMU-1,0x28,-1.31,179.81,352.44,0,3,0,0
2026-09-03T00:44:26.279,IMU-2,0x29,-1.69,177.88,259.75,0,3,0,0
2026-09-03T00:44:26.376,IMU-1,0x28,-1.31,179.81,352.44,0,3,0,0
2026-09-03T00:44:26.379,IMU-2,0x29,-1.69,177.88,259.75,0,3,0,0
2026-09-03T00:44:26.476,IMU-1,0x28,-1.31,179.81,352.44,0,3,0,0
2026-09-03T00:44:26.479,IMU-2,0x29,-1.69,177.88,259.75,0,3,0,0
2026-09-03T00:44:26.576,IMU-1,0x28,-1.31,179.81,352.44,0,3,0,0
2026-09-03T00:44:26.579,IMU-2,0x29,-1.69,177.88,259.75,0,3,0,0
2026-09-03T00:44:26.676,IMU-1,0x28,-1.31,179.81,352.44,0,3,0,0
2026-09-03T00:44:26.679,IMU-2,0x29,-1.69,177.88,259.75,0,3,0,0
2026-09-03T00:44:26.776,IMU-1,0x28,-1.31,179.81,352.44,0,3,0,0
2026-09-03T00:44:26.779,IMU-2,0x29,-1.69,177.88,259.75,0,3,0,0
2026-09-03T00:44:26.876,IMU-1,0x28,-1.31,179.81,352.44,0,3,0,0
2026-09-03T00:44:26.879,IMU-2,0x29,-1.69,177.88,259.75,0,3,0,0
2026-09-03T00:44:26.976,IMU-1,0x28,-1.31,179.81,352.44,0,3,0,0
2026-09-03T00:44:26.979,IMU-2,0x29,-1.69,177.88,259.75,0,3,0,0
2026-09-03T00:44:27.076,IMU-1,0x28,-1.31,179.81,352.44,0,3,0,0
2026-09-03T00:44:27.080,IMU-2,0x29,-1.69,177.88,259.75,0,3,0,0
2026-09-03T00:44:27.177,IMU-1,0x28,-1.31,179.81,352.44,0,3,0,0
2026-09-03T00:44:27.181,IMU-2,0x29,-1.69,177.88,259.75,0,3,0,0
2026-09-03T00:44:27.276,IMU-1,0x28,-1.31,179.81,352.44,0,3,0,0
2026-09-03T00:44:27.278,IMU-2,0x29,-1.69,177.88,259.75,0,3,0,0
2026-09-03T00:44:27.376,IMU-1,0x28,-1.31,179.81,352.44,0,3,0,0
2026-09-03T00:44:27.377,IMU-2,0x29,-1.69,177.88,259.75,0,3,0,0
2026-09-03T00:44:27.475,IMU-1,0x28,-1.31,179.81,352.44,0,3,0,0
2026-09-03T00:44:27.477,IMU-2,0x29,-1.69,177.88,259.75,0,3,0,0
2026-09-03T00:44:27.575,IMU-1,0x28,-1.31,179.81,352.44,0,3,0,0
2026-09-03T00:44:27.577,IMU-2,0x29,-1.69,177.88,259.75,0,3,0,0
2026-09-03T00:44:27.675,IMU-1,0x28,-1.31,179.81,352.44,0,3,0,0
2026-09-03T00:44:27.677,IMU-2,0x29,-1.69,177.88,259.75,0,3,0,0
2026-09-03T00:44:27.775,IMU-1,0x28,-1.31,179.81,352.44,0,3,0,0
2026-09-03T00:44:27.777,IMU-2,0x29,-1.69,177.88,259.75,0,3,0,0
2026-09-03T00:44:27.875,IMU-1,0x28,-1.31,179.81,352.44,0,3,0,0
2026-09-03T00:44:27.877,IMU-2,0x29,-1.69,177.88,259.75,0,3,0,0
2026-09-03T00:44:27.975,IMU-1,0x28,-1.31,179.81,352.44,0,3,0,0
2026-09-03T00:44:27.978,IMU-2,0x29,-1.69,177.88,259.75,0,3,0,0
2026-09-03T00:44:28.076,IMU-1,0x28,-1.31,179.81,352.44,0,3,0,0
2026-09-03T00:44:28.078,IMU-2,0x29,-1.69,177.88,259.75,0,3,0,0
2026-09-03T00:44:28.176,IMU-1,0x28,-1.31,179.81,352.44,0,3,0,0
2026-09-03T00:44:28.179,IMU-2,0x29,-1.69,177.88,259.75,0,3,0,0
2026-09-03T00:44:28.276,IMU-1,0x28,-1.31,179.81,352.44,0,3,0,0
2026-09-03T00:44:28.278,IMU-2,0x29,-1.69,177.88,259.75,0,3,0,0
2026-09-03T00:44:28.376,IMU-1,0x28,-1.31,179.81,352.44,0,3,0,0
2026-09-03T00:44:28.378,IMU-2,0x29,-1.69,177.81,259.75,0,3,0,0
2026-09-03T00:44:28.476,IMU-1,0x28,-1.31,179.81,352.44,0,3,0,0
2026-09-03T00:44:28.479,IMU-2,0x29,-1.69,177.88,259.75,0,3,0,0
2026-09-03T00:44:28.576,IMU-1,0x28,-1.31,179.81,352.44,0,3,0,0
2026-09-03T00:44:28.579,IMU-2,0x29,-1.69,177.88,259.75,0,3,0,0
2026-09-03T00:44:28.676,IMU-1,0x28,-1.31,179.81,352.44,0,3,0,0
2026-09-03T00:44:28.679,IMU-2,0x29,-1.69,177.88,259.75,0,3,0,0
2026-09-03T00:44:28.776,IMU-1,0x28,-1.31,179.81,352.44,0,3,0,0
2026-09-03T00:44:28.779,IMU-2,0x29,-1.69,177.88,259.75,0,3,0,0
2026-09-03T00:44:28.877,IMU-1,0x28,-1.31,179.81,352.44,0,3,0,0
2026-09-03T00:44:28.880,IMU-2,0x29,-1.69,177.88,259.75,0,3,0,0
2026-09-03T00:44:28.977,IMU-1,0x28,-1.31,179.81,352.44,0,3,0,0
2026-09-03T00:44:28.979,IMU-2,0x29,-1.69,177.88,259.75,0,3,0,0
2026-09-03T00:44:29.077,IMU-1,0x28,-1.31,179.81,352.44,0,3,0,0
2026-09-03T00:44:29.078,IMU-2,0x29,-1.69,177.88,259.75,0,3,0,0
2026-09-03T00:44:29.178,IMU-1,0x28,-1.31,179.81,352.44,0,3,0,0
2026-09-03T00:44:29.181,IMU-2,0x29,-1.69,177.81,259.75,0,3,0,0
2026-09-03T00:44:29.277,IMU-1,0x28,-1.31,179.81,352.44,0,3,0,0
2026-09-03T00:44:29.279,IMU-2,0x29,-1.69,177.81,259.75,0,3,0,0
2026-09-03T00:44:29.378,IMU-1,0x28,-1.31,179.81,352.44,0,3,0,0
2026-09-03T00:44:29.379,IMU-2,0x29,-1.69,177.81,259.75,0,3,0,0
2026-09-03T00:44:29.478,IMU-1,0x28,-1.31,179.81,352.44,0,3,0,0
2026-09-03T00:44:29.479,IMU-2,0x29,-1.69,177.81,259.75,0,3,0,0
2026-09-03T00:44:29.578,IMU-1,0x28,-1.31,179.81,352.44,0,3,0,0
2026-09-03T00:44:29.580,IMU-2,0x29,-1.69,177.81,259.75,0,3,0,0
2026-09-03T00:44:29.678,IMU-1,0x28,-1.31,179.81,352.44,0,3,0,0
2026-09-03T00:44:29.680,IMU-2,0x29,-1.69,177.81,259.75,0,3,0,0
2026-09-03T00:44:29.778,IMU-1,0x28,-1.31,179.81,352.44,0,3,0,0
2026-09-03T00:44:29.780,IMU-2,0x29,-1.69,177.81,259.75,0,3,0,0
2026-09-03T00:44:29.878,IMU-1,0x28,-1.31,179.81,352.44,0,3,0,0
2026-09-03T00:44:29.880,IMU-2,0x29,-1.69,177.81,259.75,0,3,0,0
2026-09-03T00:44:29.978,IMU-1,0x28,-1.31,179.81,352.44,0,3,0,0
2026-09-03T00:44:29.980,IMU-2,0x29,-1.69,177.81,259.75,0,3,0,0
2026-09-03T00:44:30.078,IMU-1,0x28,-1.31,179.81,352.44,0,3,0,0
2026-09-03T00:44:30.080,IMU-2,0x29,-1.69,177.81,259.75,0,3,0,0
2026-09-03T00:44:30.179,IMU-1,0x28,-1.31,179.81,352.44,0,3,0,0
2026-09-03T00:44:30.181,IMU-2,0x29,-1.69,177.81,259.75,0,3,0,0
2026-09-03T00:44:30.279,IMU-1,0x28,-1.31,179.81,352.44,0,3,0,0
2026-09-03T00:44:30.280,IMU-2,0x29,-1.69,177.81,259.75,0,3,0,0
2026-09-03T00:44:30.379,IMU-1,0x28,-1.31,179.81,352.44,0,3,0,0
2026-09-03T00:44:30.380,IMU-2,0x29,-1.69,177.81,259.75,0,3,0,0
2026-09-03T00:44:30.479,IMU-1,0x28,-1.31,179.81,352.44,0,3,0,0
2026-09-03T00:44:30.480,IMU-2,0x29,-1.69,177.81,259.75,0,3,0,0
2026-09-03T00:44:30.579,IMU-1,0x28,-1.31,179.81,352.44,0,3,0,0
2026-09-03T00:44:30.580,IMU-2,0x29,-1.69,177.81,259.75,0,3,0,0
2026-09-03T00:44:30.679,IMU-1,0x28,-1.31,179.81,352.44,0,3,0,0
2026-09-03T00:44:30.680,IMU-2,0x29,-1.69,177.81,259.75,0,3,0,0
2026-09-03T00:44:30.779,IMU-1,0x28,-1.31,179.81,352.44,0,3,0,0
2026-09-03T00:44:30.780,IMU-2,0x29,-1.69,177.81,259.75,0,3,0,0
2026-09-03T00:44:30.879,IMU-1,0x28,-1.31,179.81,352.44,0,3,0,0
2026-09-03T00:44:30.880,IMU-2,0x29,-1.69,177.81,259.75,0,3,0,0
2026-09-03T00:44:30.979,IMU-1,0x28,-1.31,179.81,352.44,0,3,0,0
2026-09-03T00:44:30.981,IMU-2,0x29,-1.69,177.81,259.75,0,3,0,0
2026-09-03T00:44:31.078,IMU-1,0x28,-1.31,179.81,352.44,0,3,0,0
2026-09-03T00:44:31.081,IMU-2,0x29,-1.69,177.81,259.75,0,3,0,0
2026-09-03T00:44:31.179,IMU-1,0x28,-1.31,179.81,352.44,0,3,0,0
2026-09-03T00:44:31.182,IMU-2,0x29,-1.69,177.81,259.75,0,3,0,0
2026-09-03T00:44:31.278,IMU-1,0x28,-1.31,179.81,352.44,0,3,0,0
2026-09-03T00:44:31.281,IMU-2,0x29,-1.69,177.81,259.75,0,3,0,0
2026-09-03T00:44:31.378,IMU-1,0x28,-1.31,179.81,352.44,0,3,0,0
2026-09-03T00:44:31.381,IMU-2,0x29,-1.69,177.81,259.75,0,3,0,0
2026-09-03T00:44:31.478,IMU-1,0x28,-1.31,179.81,352.44,0,3,0,0
2026-09-03T00:44:31.481,IMU-2,0x29,-1.69,177.81,259.75,0,3,0,0
2026-09-03T00:44:31.578,IMU-1,0x28,-1.31,179.81,352.44,0,3,0,0
2026-09-03T00:44:31.581,IMU-2,0x29,-1.69,177.81,259.75,0,3,0,0
2026-09-03T00:44:31.678,IMU-1,0x28,-1.31,179.81,352.44,0,3,0,0
2026-09-03T00:44:31.681,IMU-2,0x29,-1.69,177.81,259.75,0,3,0,0
2026-09-03T00:44:31.778,IMU-1,0x28,-1.31,179.81,352.44,0,3,0,0
2026-09-03T00:44:31.781,IMU-2,0x29,-1.69,177.81,259.75,0,3,0,0
2026-09-03T00:44:31.878,IMU-1,0x28,-1.31,179.81,352.44,0,3,0,0
2026-09-03T00:44:31.881,IMU-2,0x29,-1.69,177.81,259.75,0,3,0,0
2026-09-03T00:44:31.978,IMU-1,0x28,-1.31,179.81,352.44,0,3,0,0
2026-09-03T00:44:31.981,IMU-2,0x29,-1.69,177.81,259.75,0,3,0,0
2026-09-03T00:44:32.078,IMU-1,0x28,-1.31,179.81,352.44,0,3,0,0
2026-09-03T00:44:32.081,IMU-2,0x29,-1.69,177.81,259.75,0,3,0,0
2026-09-03T00:44:32.179,IMU-1,0x28,-1.31,179.81,352.44,0,3,0,0
2026-09-03T00:44:32.183,IMU-2,0x29,-1.69,177.81,259.75,0,3,0,0
2026-09-03T00:44:32.278,IMU-1,0x28,-1.31,179.81,352.44,0,3,0,0
2026-09-03T00:44:32.280,IMU-2,0x29,-1.69,177.81,259.75,0,3,0,0
2026-09-03T00:44:32.378,IMU-1,0x28,-1.31,179.81,352.44,0,3,0,0
2026-09-03T00:44:32.380,IMU-2,0x29,-1.69,177.81,259.75,0,3,0,0
2026-09-03T00:44:32.479,IMU-1,0x28,-1.31,179.81,352.44,0,3,0,0
2026-09-03T00:44:32.480,IMU-2,0x29,-1.69,177.81,259.75,0,3,0,0
2026-09-03T00:44:32.579,IMU-1,0x28,-1.31,179.81,352.44,0,3,0,0
2026-09-03T00:44:32.580,IMU-2,0x29,-1.69,177.81,259.75,0,3,0,0
2026-09-03T00:44:32.679,IMU-1,0x28,-1.31,179.81,352.44,0,3,0,0
2026-09-03T00:44:32.681,IMU-2,0x29,-1.69,177.81,259.75,0,3,0,0
2026-09-03T00:44:32.779,IMU-1,0x28,-1.31,179.81,352.44,0,3,0,0
2026-09-03T00:44:32.781,IMU-2,0x29,-1.69,177.81,259.75,0,3,0,0
2026-09-03T00:44:32.879,IMU-1,0x28,-1.31,179.81,352.44,0,3,0,0
2026-09-03T00:44:32.881,IMU-2,0x29,-1.69,177.81,259.75,0,3,0,0
2026-09-03T00:44:32.980,IMU-1,0x28,-1.31,179.81,352.44,0,3,0,0
2026-09-03T00:44:32.981,IMU-2,0x29,-1.69,177.81,259.75,0,3,0,0
2026-09-03T00:44:33.080,IMU-1,0x28,-1.31,179.81,352.44,0,3,0,0
2026-09-03T00:44:33.081,IMU-2,0x29,-1.69,177.81,259.75,0,3,0,0
2026-09-03T00:44:33.180,IMU-1,0x28,-1.31,179.81,352.44,0,3,0,0
2026-09-03T00:44:33.182,IMU-2,0x29,-1.69,177.81,259.75,0,3,0,0
2026-09-03T00:44:33.280,IMU-1,0x28,-1.31,179.81,352.44,0,3,0,0
2026-09-03T00:44:33.282,IMU-2,0x29,-1.69,177.81,259.75,0,3,0,0
2026-09-03T00:44:33.380,IMU-1,0x28,-1.31,179.81,352.44,0,3,0,0
2026-09-03T00:44:33.382,IMU-2,0x29,-1.69,177.81,259.75,0,3,0,0
2026-09-03T00:44:33.481,IMU-1,0x28,-1.31,179.81,352.44,0,3,0,0
2026-09-03T00:44:33.482,IMU-2,0x29,-1.69,177.81,259.75,0,3,0,0
2026-09-03T00:44:33.581,IMU-1,0x28,-1.31,179.81,352.44,0,3,0,0
2026-09-03T00:44:33.582,IMU-2,0x29,-1.69,177.81,259.75,0,3,0,0
2026-09-03T00:44:33.681,IMU-1,0x28,-1.31,179.81,352.44,0,3,0,0
2026-09-03T00:44:33.683,IMU-2,0x29,-1.69,177.81,259.75,0,3,0,0
2026-09-03T00:44:33.781,IMU-1,0x28,-1.31,179.81,352.44,0,3,0,0
2026-09-03T00:44:33.783,IMU-2,0x29,-1.69,177.81,259.75,0,3,0,0
2026-09-03T00:44:33.881,IMU-1,0x28,-1.31,179.81,352.44,0,3,0,0
2026-09-03T00:44:33.883,IMU-2,0x29,-1.69,177.81,259.75,0,3,0,0
2026-09-03T00:44:33.981,IMU-1,0x28,-1.31,179.81,352.44,0,3,0,0
2026-09-03T00:44:33.983,IMU-2,0x29,-1.69,177.81,259.75,0,3,0,0
2026-09-03T00:44:34.081,IMU-1,0x28,-1.31,179.81,352.44,0,3,0,0
2026-09-03T00:44:34.084,IMU-2,0x29,-1.69,177.81,259.75,0,3,0,0
2026-09-03T00:44:34.182,IMU-1,0x28,-1.31,179.81,352.44,0,3,0,0
2026-09-03T00:44:34.185,IMU-2,0x29,-1.69,177.81,259.75,0,3,0,0
2026-09-03T00:44:34.281,IMU-1,0x28,-1.31,179.81,352.44,0,3,0,0
2026-09-03T00:44:34.284,IMU-2,0x29,-1.69,177.81,259.75,0,3,0,0
2026-09-03T00:44:34.381,IMU-1,0x28,-1.31,179.81,352.44,0,3,0,0
2026-09-03T00:44:34.384,IMU-2,0x29,-1.69,177.81,259.75,0,3,0,0
2026-09-03T00:44:34.481,IMU-1,0x28,-1.31,179.81,352.44,0,3,0,0
2026-09-03T00:44:34.484,IMU-2,0x29,-1.69,177.81,259.75,0,3,0,0
2026-09-03T00:44:34.581,IMU-1,0x28,-1.31,179.81,352.44,0,3,0,0
2026-09-03T00:44:34.584,IMU-2,0x29,-1.69,177.81,259.75,0,3,0,0
2026-09-03T00:44:34.681,IMU-1,0x28,-1.31,179.81,352.44,0,3,0,0
2026-09-03T00:44:34.684,IMU-2,0x29,-1.69,177.81,259.75,0,3,0,0
2026-09-03T00:44:34.781,IMU-1,0x28,-1.31,179.81,352.44,0,3,0,0
2026-09-03T00:44:34.784,IMU-2,0x29,-1.69,177.81,259.75,0,3,0,0
2026-09-03T00:44:34.881,IMU-1,0x28,-1.31,179.81,352.44,0,3,0,0
2026-09-03T00:44:34.884,IMU-2,0x29,-1.69,177.81,259.75,0,3,0,0
2026-09-03T00:44:34.981,IMU-1,0x28,-1.31,179.81,352.44,0,3,0,0
2026-09-03T00:44:34.984,IMU-2,0x29,-1.69,177.81,259.75,0,3,0,0
2026-09-03T00:44:35.081,IMU-1,0x28,-1.31,179.81,352.44,0,3,0,0
2026-09-03T00:44:35.083,IMU-2,0x29,-1.69,177.81,259.75,0,3,0,0
2026-09-03T00:44:35.181,IMU-1,0x28,-1.31,179.81,352.44,0,3,0,0
2026-09-03T00:44:35.185,IMU-2,0x29,-1.69,177.81,259.75,0,3,0,0
2026-09-03T00:44:35.280,IMU-1,0x28,-1.31,179.81,352.44,0,3,0,0
2026-09-03T00:44:35.282,IMU-2,0x29,-1.69,177.81,259.75,0,3,0,0
2026-09-03T00:44:35.380,IMU-1,0x28,-1.31,179.81,352.44,0,3,0,0
2026-09-03T00:44:35.382,IMU-2,0x29,-1.69,177.81,259.75,0,3,0,0
2026-09-03T00:44:35.480,IMU-1,0x28,-1.31,179.81,352.44,0,3,0,0
2026-09-03T00:44:35.482,IMU-2,0x29,-1.69,177.81,259.75,0,3,0,0
2026-09-03T00:44:35.580,IMU-1,0x28,-1.31,179.81,352.44,0,3,0,0
2026-09-03T00:44:35.582,IMU-2,0x29,-1.69,177.81,259.75,0,3,0,0
2026-09-03T00:44:35.681,IMU-1,0x28,-1.31,179.81,352.44,0,3,0,0
2026-09-03T00:44:35.682,IMU-2,0x29,-1.69,177.81,259.75,0,3,0,0
2026-09-03T00:44:35.781,IMU-1,0x28,-1.31,179.81,352.44,0,3,0,0
2026-09-03T00:44:35.782,IMU-2,0x29,-1.69,177.81,259.75,0,3,0,0
2026-09-03T00:44:35.881,IMU-1,0x28,-1.31,179.81,352.44,0,3,0,0
2026-09-03T00:44:35.882,IMU-2,0x29,-1.69,177.81,259.75,0,3,0,0
2026-09-03T00:44:35.981,IMU-1,0x28,-1.31,179.81,352.44,0,3,0,0
2026-09-03T00:44:35.983,IMU-2,0x29,-1.69,177.81,259.75,0,3,0,0
2026-09-03T00:44:36.081,IMU-1,0x28,-1.31,179.81,352.44,0,3,0,0
2026-09-03T00:44:36.083,IMU-2,0x29,-1.69,177.81,259.75,0,3,0,0
2026-09-03T00:44:36.181,IMU-1,0x28,-1.31,179.81,352.44,0,3,0,0
2026-09-03T00:44:36.184,IMU-2,0x29,-1.69,177.81,259.75,0,3,0,0
2026-09-03T00:44:36.281,IMU-1,0x28,-1.31,179.81,352.44,0,3,0,0
2026-09-03T00:44:36.283,IMU-2,0x29,-1.69,177.81,259.75,0,3,0,0
2026-09-03T00:44:36.382,IMU-1,0x28,-1.31,179.81,352.44,0,3,0,0
2026-09-03T00:44:36.384,IMU-2,0x29,-1.69,177.81,259.75,0,3,0,0
2026-09-03T00:44:36.482,IMU-1,0x28,-1.31,179.81,352.44,0,3,0,0
2026-09-03T00:44:36.484,IMU-2,0x29,-1.69,177.81,259.75,0,3,0,0
2026-09-03T00:44:36.582,IMU-1,0x28,-1.31,179.81,352.44,0,3,0,0
2026-09-03T00:44:36.584,IMU-2,0x29,-1.69,177.81,259.75,0,3,0,0
2026-09-03T00:44:36.682,IMU-1,0x28,-1.31,179.81,352.44,0,3,0,0
2026-09-03T00:44:36.685,IMU-2,0x29,-1.69,177.81,259.75,0,3,0,0
2026-09-03T00:44:36.782,IMU-1,0x28,-1.31,179.81,352.44,0,3,0,0
2026-09-03T00:44:36.785,IMU-2,0x29,-1.69,177.81,259.75,0,3,0,0
2026-09-03T00:44:36.883,IMU-1,0x28,-1.31,179.81,352.44,0,3,0,0
2026-09-03T00:44:36.886,IMU-2,0x29,-1.69,177.81,259.75,0,3,0,0
2026-09-03T00:44:36.983,IMU-1,0x28,-1.31,179.81,352.44,0,3,0,0
2026-09-03T00:44:36.986,IMU-2,0x29,-1.69,177.81,259.75,0,3,0,0
2026-09-03T00:44:37.083,IMU-1,0x28,-1.31,179.81,352.44,0,3,0,0
2026-09-03T00:44:37.086,IMU-2,0x29,-1.69,177.81,259.75,0,3,0,0
2026-09-03T00:44:37.184,IMU-1,0x28,-1.31,179.81,352.44,0,3,0,0
2026-09-03T00:44:37.187,IMU-2,0x29,-1.69,177.81,259.75,0,3,0,0
2026-09-03T00:44:37.283,IMU-1,0x28,-1.31,179.81,352.44,0,3,0,0
2026-09-03T00:44:37.286,IMU-2,0x29,-1.69,177.81,259.75,0,3,0,0
2026-09-03T00:44:37.383,IMU-1,0x28,-1.31,179.81,352.44,0,3,0,0
2026-09-03T00:44:37.386,IMU-2,0x29,-1.69,177.81,259.75,0,3,0,0
2026-09-03T00:44:37.483,IMU-1,0x28,-1.31,179.81,352.44,0,3,0,0
2026-09-03T00:44:37.486,IMU-2,0x29,-1.69,177.81,259.75,0,3,0,0
2026-09-03T00:44:37.583,IMU-1,0x28,-1.31,179.81,352.44,0,3,0,0
2026-09-03T00:44:37.586,IMU-2,0x29,-1.69,177.81,259.75,0,3,0,0
2026-09-03T00:44:37.683,IMU-1,0x28,-1.31,179.81,352.44,0,3,0,0
2026-09-03T00:44:37.686,IMU-2,0x29,-1.69,177.81,259.75,0,3,0,0
2026-09-03T00:44:37.783,IMU-1,0x28,-1.31,179.81,352.44,0,3,0,0
2026-09-03T00:44:37.786,IMU-2,0x29,-1.69,177.81,259.75,0,3,0,0
2026-09-03T00:44:37.883,IMU-1,0x28,-1.31,179.81,352.44,0,3,0,0
2026-09-03T00:44:37.886,IMU-2,0x29,-1.69,177.81,259.75,0,3,0,0
2026-09-03T00:44:37.984,IMU-1,0x28,-1.31,179.81,352.44,0,3,0,0
2026-09-03T00:44:37.986,IMU-2,0x29,-1.69,177.81,259.75,0,3,0,0
2026-09-03T00:44:38.083,IMU-1,0x28,-1.31,179.81,352.44,0,3,0,0
2026-09-03T00:44:38.085,IMU-2,0x29,-1.69,177.81,259.75,0,3,0,0
2026-09-03T00:44:38.185,IMU-1,0x28,-1.31,179.81,352.44,0,3,0,0
2026-09-03T00:44:38.188,IMU-2,0x29,-1.69,177.81,259.75,0,3,0,0
2026-09-03T00:44:38.283,IMU-1,0x28,-1.31,179.81,352.44,0,3,0,0
2026-09-03T00:44:38.285,IMU-2,0x29,-1.69,177.81,259.75,0,3,0,0
2026-09-03T00:44:38.383,IMU-1,0x28,-1.31,179.81,352.44,0,3,0,0
2026-09-03T00:44:38.385,IMU-2,0x29,-1.69,177.81,259.75,0,3,0,0
2026-09-03T00:44:38.483,IMU-1,0x28,-1.31,179.81,352.44,0,3,0,0
2026-09-03T00:44:38.484,IMU-2,0x29,-1.69,177.81,259.75,0,3,0,0
2026-09-03T00:44:38.582,IMU-1,0x28,-1.31,179.81,352.44,0,3,0,0
2026-09-03T00:44:38.584,IMU-2,0x29,-1.69,177.81,259.75,0,3,0,0
2026-09-03T00:44:38.682,IMU-1,0x28,-1.31,179.81,352.44,0,3,0,0
2026-09-03T00:44:38.684,IMU-2,0x29,-1.69,177.81,259.75,0,3,0,0
2026-09-03T00:44:38.782,IMU-1,0x28,-1.31,179.81,352.44,0,3,0,0
2026-09-03T00:44:38.785,IMU-2,0x29,-1.69,177.81,259.75,0,3,0,0
2026-09-03T00:44:38.882,IMU-1,0x28,-1.31,179.81,352.44,0,3,0,0
2026-09-03T00:44:38.885,IMU-2,0x29,-1.69,177.81,259.75,0,3,0,0
2026-09-03T00:44:38.983,IMU-1,0x28,-1.31,179.81,352.44,0,3,0,0
2026-09-03T00:44:38.985,IMU-2,0x29,-1.69,177.81,259.75,0,3,0,0
2026-09-03T00:44:39.083,IMU-1,0x28,-1.31,179.81,352.44,0,3,0,0
2026-09-03T00:44:39.085,IMU-2,0x29,-1.69,177.81,259.75,0,3,0,0
2026-09-03T00:44:39.183,IMU-1,0x28,-1.31,179.81,352.44,0,3,0,0
2026-09-03T00:44:39.186,IMU-2,0x29,-1.69,177.81,259.75,0,3,0,0
2026-09-03T00:44:39.283,IMU-1,0x28,-1.31,179.81,352.44,0,3,0,0
2026-09-03T00:44:39.286,IMU-2,0x29,-1.69,177.81,259.75,0,3,0,0
2026-09-03T00:44:39.383,IMU-1,0x28,-1.31,179.81,352.44,0,3,0,0
2026-09-03T00:44:39.386,IMU-2,0x29,-1.69,177.81,259.75,0,3,0,0
2026-09-03T00:44:39.483,IMU-1,0x28,-1.31,179.81,352.44,0,3,0,0
2026-09-03T00:44:39.486,IMU-2,0x29,-1.69,177.81,259.75,0,3,0,0
2026-09-03T00:44:39.583,IMU-1,0x28,-1.31,179.81,352.44,0,3,0,0
2026-09-03T00:44:39.586,IMU-2,0x29,-1.69,177.81,259.75,0,3,0,0
2026-09-03T00:44:39.683,IMU-1,0x28,-1.31,179.81,352.44,0,3,0,0
2026-09-03T00:44:39.686,IMU-2,0x29,-1.69,177.81,259.75,0,3,0,0
2026-09-03T00:44:39.783,IMU-1,0x28,-1.31,179.81,352.44,0,3,0,0
2026-09-03T00:44:39.787,IMU-2,0x29,-1.69,177.81,259.75,0,3,0,0
2026-09-03T00:44:39.884,IMU-1,0x28,-1.31,179.81,352.44,0,3,0,0
2026-09-03T00:44:39.887,IMU-2,0x29,-1.69,177.81,259.75,0,3,0,0
2026-09-03T00:44:39.984,IMU-1,0x28,-1.31,179.81,352.44,0,3,0,0
2026-09-03T00:44:39.987,IMU-2,0x29,-1.69,177.81,259.75,0,3,0,0
2026-09-03T00:44:40.084,IMU-1,0x28,-1.31,179.81,352.44,0,3,0,0
2026-09-03T00:44:40.087,IMU-2,0x29,-1.69,177.81,259.75,0,3,0,0
2026-09-03T00:44:40.185,IMU-1,0x28,-1.31,179.81,352.44,0,3,0,0
2026-09-03T00:44:40.189,IMU-2,0x29,-1.69,177.81,259.75,0,3,0,0
2026-09-03T00:44:40.285,IMU-1,0x28,-1.31,179.81,352.44,0,3,0,0
2026-09-03T00:44:40.288,IMU-2,0x29,-1.69,177.81,259.75,0,3,0,0
2026-09-03T00:44:40.385,IMU-1,0x28,-1.31,179.81,352.44,0,3,0,0
2026-09-03T00:44:40.388,IMU-2,0x29,-1.69,177.81,259.75,0,3,0,0
2026-09-03T00:44:40.485,IMU-1,0x28,-1.31,179.81,352.44,0,3,0,0
2026-09-03T00:44:40.487,IMU-2,0x29,-1.69,177.81,259.75,0,3,0,0
2026-09-03T00:44:40.585,IMU-1,0x28,-1.31,179.81,352.44,0,3,0,0
2026-09-03T00:44:40.587,IMU-2,0x29,-1.69,177.81,259.75,0,3,0,0
2026-09-03T00:44:40.685,IMU-1,0x28,-1.31,179.81,352.44,0,3,0,0
2026-09-03T00:44:40.687,IMU-2,0x29,-1.69,177.81,259.75,0,3,0,0
2026-09-03T00:44:40.785,IMU-1,0x28,-1.31,179.81,352.44,0,3,0,0
2026-09-03T00:44:40.786,IMU-2,0x29,-1.69,177.81,259.75,0,3,0,0
2026-09-03T00:44:40.885,IMU-1,0x28,-1.31,179.81,352.44,0,3,0,0
2026-09-03T00:44:40.886,IMU-2,0x29,-1.69,177.81,259.75,0,3,0,0
2026-09-03T00:44:40.984,IMU-1,0x28,-1.31,179.81,352.44,0,3,0,0
2026-09-03T00:44:40.986,IMU-2,0x29,-1.69,177.81,259.75,0,3,0,0
2026-09-03T00:44:41.084,IMU-1,0x28,-1.31,179.81,352.44,0,3,0,0
2026-09-03T00:44:41.085,IMU-2,0x29,-1.69,177.81,259.75,0,3,0,0
2026-09-03T00:44:41.185,IMU-1,0x28,-1.31,179.81,352.44,0,3,0,0
2026-09-03T00:44:41.187,IMU-2,0x29,-1.69,177.81,259.75,0,3,0,0
2026-09-03T00:44:41.284,IMU-1,0x28,-1.31,179.81,352.44,0,3,0,0
2026-09-03T00:44:41.286,IMU-2,0x29,-1.69,177.81,259.75,0,3,0,0
2026-09-03T00:44:41.384,IMU-1,0x28,-1.31,179.81,352.44,0,3,0,0
2026-09-03T00:44:41.386,IMU-2,0x29,-1.69,177.81,259.75,0,3,0,0
2026-09-03T00:44:41.484,IMU-1,0x28,-1.31,179.81,352.44,0,3,0,0
2026-09-03T00:44:41.486,IMU-2,0x29,-1.69,177.81,259.75,0,3,0,0
2026-09-03T00:44:41.584,IMU-1,0x28,-1.31,179.81,352.44,0,3,0,0
2026-09-03T00:44:41.587,IMU-2,0x29,-1.69,177.81,259.75,0,3,0,0
2026-09-03T00:44:41.684,IMU-1,0x28,-1.31,179.81,352.44,0,3,0,0
2026-09-03T00:44:41.687,IMU-2,0x29,-1.69,177.81,259.75,0,3,0,0
2026-09-03T00:44:41.784,IMU-1,0x28,-1.31,179.81,352.44,0,3,0,0
2026-09-03T00:44:41.787,IMU-2,0x29,-1.69,177.81,259.75,0,3,0,0
2026-09-03T00:44:41.884,IMU-1,0x28,-1.31,179.81,352.44,0,3,0,0
2026-09-03T00:44:41.887,IMU-2,0x29,-1.69,177.81,259.75,0,3,0,0
2026-09-03T00:44:41.984,IMU-1,0x28,-1.31,179.81,352.44,0,3,0,0
2026-09-03T00:44:41.987,IMU-2,0x29,-1.69,177.81,259.75,0,3,0,0
2026-09-03T00:44:42.084,IMU-1,0x28,-1.31,179.81,352.44,0,3,0,0
2026-09-03T00:44:42.087,IMU-2,0x29,-1.69,177.81,259.75,0,3,0,0
2026-09-03T00:44:42.185,IMU-1,0x28,-1.31,179.81,352.44,0,3,0,0
2026-09-03T00:44:42.188,IMU-2,0x29,-1.69,177.81,259.75,0,3,0,0
2026-09-03T00:44:42.285,IMU-1,0x28,-1.31,179.81,352.44,0,3,0,0
2026-09-03T00:44:42.286,IMU-2,0x29,-1.69,177.81,259.75,0,3,0,0
2026-09-03T00:44:42.385,IMU-1,0x28,-1.31,179.81,352.44,0,3,0,0
2026-09-03T00:44:42.386,IMU-2,0x29,-1.69,177.81,259.75,0,3,0,0
2026-09-03T00:44:42.485,IMU-1,0x28,-1.31,179.81,352.44,0,3,0,0
2026-09-03T00:44:42.486,IMU-2,0x29,-1.69,177.81,259.75,0,3,0,0
2026-09-03T00:44:42.585,IMU-1,0x28,-1.31,179.81,352.44,0,3,0,0
2026-09-03T00:44:42.586,IMU-2,0x29,-1.69,177.81,259.75,0,3,0,0
2026-09-03T00:44:42.685,IMU-1,0x28,-1.31,179.81,352.44,0,3,0,0
2026-09-03T00:44:42.686,IMU-2,0x29,-1.69,177.81,259.75,0,3,0,0
2026-09-03T00:44:42.785,IMU-1,0x28,-1.31,179.81,352.44,0,3,0,0
2026-09-03T00:44:42.786,IMU-2,0x29,-1.69,177.81,259.75,0,3,0,0
2026-09-03T00:44:42.885,IMU-1,0x28,-1.31,179.81,352.44,0,3,0,0
2026-09-03T00:44:42.887,IMU-2,0x29,-1.69,177.81,259.75,0,3,0,0
2026-09-03T00:44:42.985,IMU-1,0x28,-1.31,179.81,352.44,0,3,0,0
2026-09-03T00:44:42.987,IMU-2,0x29,-1.69,177.81,259.75,0,3,0,0
2026-09-03T00:44:43.085,IMU-1,0x28,-1.31,179.81,352.44,0,3,0,0
2026-09-03T00:44:43.087,IMU-2,0x29,-1.69,177.81,259.75,0,3,0,0
2026-09-03T00:44:43.186,IMU-1,0x28,-1.31,179.81,352.44,0,3,0,0
2026-09-03T00:44:43.188,IMU-2,0x29,-1.69,177.81,259.75,0,3,0,0
2026-09-03T00:44:43.286,IMU-1,0x28,-1.31,179.81,352.44,0,3,0,0
2026-09-03T00:44:43.287,IMU-2,0x29,-1.69,177.81,259.75,0,3,0,0
2026-09-03T00:44:43.386,IMU-1,0x28,-1.31,179.81,352.44,0,3,0,0
2026-09-03T00:44:43.388,IMU-2,0x29,-1.69,177.81,259.75,0,3,0,0
2026-09-03T00:44:43.486,IMU-1,0x28,-1.31,179.81,352.44,0,3,0,0
2026-09-03T00:44:43.488,IMU-2,0x29,-1.69,177.81,259.75,0,3,0,0
2026-09-03T00:44:43.587,IMU-1,0x28,-1.31,179.81,352.44,0,3,0,0
2026-09-03T00:44:43.588,IMU-2,0x29,-1.69,177.81,259.75,0,3,0,0
2026-09-03T00:44:43.687,IMU-1,0x28,-1.31,179.81,352.44,0,3,0,0
2026-09-03T00:44:43.688,IMU-2,0x29,-1.69,177.81,259.75,0,3,0,0
2026-09-03T00:44:43.787,IMU-1,0x28,-1.31,179.81,352.44,0,3,0,0
2026-09-03T00:44:43.789,IMU-2,0x29,-1.69,177.81,259.75,0,3,0,0
2026-09-03T00:44:43.887,IMU-1,0x28,-1.31,179.81,352.44,0,3,0,0
2026-09-03T00:44:43.889,IMU-2,0x29,-1.69,177.81,259.75,0,3,0,0
2026-09-03T00:44:43.987,IMU-1,0x28,-1.31,179.81,352.44,0,3,0,0
2026-09-03T00:44:43.989,IMU-2,0x29,-1.69,177.81,259.75,0,3,0,0
2026-09-03T00:44:44.088,IMU-1,0x28,-1.31,179.81,352.44,0,3,0,0
2026-09-03T00:44:44.089,IMU-2,0x29,-1.69,177.81,259.75,0,3,0,0
2026-09-03T00:44:44.188,IMU-1,0x28,-1.31,179.81,352.44,0,3,0,0
2026-09-03T00:44:44.190,IMU-2,0x29,-1.69,177.81,259.75,0,3,0,0
2026-09-03T00:44:44.288,IMU-1,0x28,-1.31,179.81,352.44,0,3,0,0
2026-09-03T00:44:44.290,IMU-2,0x29,-1.69,177.81,259.75,0,3,0,0
2026-09-03T00:44:44.388,IMU-1,0x28,-1.31,179.81,352.44,0,3,0,0
2026-09-03T00:44:44.390,IMU-2,0x29,-1.69,177.81,259.75,0,3,0,0
2026-09-03T00:44:44.488,IMU-1,0x28,-1.31,179.81,352.44,0,3,0,0
2026-09-03T00:44:44.490,IMU-2,0x29,-1.69,177.81,259.75,0,3,0,0
2026-09-03T00:44:44.588,IMU-1,0x28,-1.31,179.81,352.44,0,3,0,0
2026-09-03T00:44:44.591,IMU-2,0x29,-1.69,177.81,259.75,0,3,0,0
2026-09-03T00:44:44.688,IMU-1,0x28,-1.31,179.81,352.44,0,3,0,0
2026-09-03T00:44:44.691,IMU-2,0x29,-1.69,177.81,259.75,0,3,0,0
2026-09-03T00:44:44.788,IMU-1,0x28,-1.31,179.81,352.44,0,3,0,0
2026-09-03T00:44:44.791,IMU-2,0x29,-1.69,177.81,259.75,0,3,0,0
2026-09-03T00:44:44.888,IMU-1,0x28,-1.31,179.81,352.44,0,3,0,0
2026-09-03T00:44:44.891,IMU-2,0x29,-1.69,177.81,259.75,0,3,0,0
2026-09-03T00:44:44.988,IMU-1,0x28,-1.31,179.81,352.44,0,3,0,0
2026-09-03T00:44:44.991,IMU-2,0x29,-1.69,177.81,259.75,0,3,0,0
2026-09-03T00:44:45.088,IMU-1,0x28,-1.31,179.81,352.44,0,3,0,0
2026-09-03T00:44:45.091,IMU-2,0x29,-1.69,177.81,259.75,0,3,0,0
2026-09-03T00:44:45.189,IMU-1,0x28,-1.31,179.81,352.44,0,3,0,0
2026-09-03T00:44:45.193,IMU-2,0x29,-1.69,177.81,259.75,0,3,0,0
2026-09-03T00:44:45.288,IMU-1,0x28,-1.31,179.81,352.44,0,3,0,0
2026-09-03T00:44:45.291,IMU-2,0x29,-1.69,177.81,259.75,0,3,0,0
2026-09-03T00:44:45.388,IMU-1,0x28,-1.31,179.81,352.44,0,3,0,0
2026-09-03T00:44:45.391,IMU-2,0x29,-1.69,177.81,259.75,0,3,0,0
2026-09-03T00:44:45.487,IMU-1,0x28,-1.31,179.81,352.44,0,3,0,0
2026-09-03T00:44:45.490,IMU-2,0x29,-1.69,177.81,259.75,0,3,0,0
2026-09-03T00:44:45.587,IMU-1,0x28,-1.31,179.81,352.44,0,3,0,0
2026-09-03T00:44:45.589,IMU-2,0x29,-1.69,177.81,259.75,0,3,0,0
2026-09-03T00:44:45.687,IMU-1,0x28,-1.31,179.81,352.44,0,3,0,0
2026-09-03T00:44:45.688,IMU-2,0x29,-1.69,177.81,259.75,0,3,0,0
2026-09-03T00:44:45.787,IMU-1,0x28,-1.31,179.81,352.44,0,3,0,0
2026-09-03T00:44:45.788,IMU-2,0x29,-1.69,177.81,259.75,0,3,0,0
2026-09-03T00:44:45.887,IMU-1,0x28,-1.31,179.81,352.44,0,3,0,0
2026-09-03T00:44:45.888,IMU-2,0x29,-1.69,177.81,259.75,0,3,0,0
2026-09-03T00:44:45.987,IMU-1,0x28,-1.31,179.81,352.44,0,3,0,0
2026-09-03T00:44:45.988,IMU-2,0x29,-1.69,177.81,259.75,0,3,0,0
2026-09-03T00:44:46.087,IMU-1,0x28,-1.31,179.81,352.44,0,3,0,0
2026-09-03T00:44:46.088,IMU-2,0x29,-1.69,177.81,259.75,0,3,0,0
2026-09-03T00:44:46.188,IMU-1,0x28,-1.31,179.81,352.44,0,3,0,0
2026-09-03T00:44:46.189,IMU-2,0x29,-1.69,177.81,259.75,0,3,0,0
2026-09-03T00:44:46.287,IMU-1,0x28,-1.31,179.81,352.44,0,3,0,0
2026-09-03T00:44:46.289,IMU-2,0x29,-1.69,177.81,259.75,0,3,0,0
2026-09-03T00:44:46.387,IMU-1,0x28,-1.31,179.81,352.44,0,3,0,0
2026-09-03T00:44:46.389,IMU-2,0x29,-1.69,177.81,259.75,0,3,0,0
2026-09-03T00:44:46.487,IMU-1,0x28,-1.31,179.81,352.44,0,3,0,0
2026-09-03T00:44:46.489,IMU-2,0x29,-1.69,177.81,259.75,0,3,0,0
2026-09-03T00:44:46.587,IMU-1,0x28,-1.31,179.81,352.44,0,3,0,0
2026-09-03T00:44:46.589,IMU-2,0x29,-1.69,177.81,259.75,0,3,0,0
2026-09-03T00:44:46.688,IMU-1,0x28,-1.31,179.81,352.44,0,3,0,0
2026-09-03T00:44:46.690,IMU-2,0x29,-1.69,177.81,259.75,0,3,0,0
2026-09-03T00:44:46.788,IMU-1,0x28,-1.31,179.81,352.44,0,3,0,0
2026-09-03T00:44:46.790,IMU-2,0x29,-1.69,177.81,259.75,0,3,0,0
2026-09-03T00:44:46.888,IMU-1,0x28,-1.31,179.81,352.44,0,3,0,0
2026-09-03T00:44:46.890,IMU-2,0x29,-1.69,177.81,259.75,0,3,0,0
2026-09-03T00:44:46.988,IMU-1,0x28,-1.31,179.81,352.44,0,3,0,0
2026-09-03T00:44:46.991,IMU-2,0x29,-1.69,177.81,259.75,0,3,0,0
2026-09-03T00:44:47.088,IMU-1,0x28,-1.31,179.81,352.44,0,3,0,0
2026-09-03T00:44:47.091,IMU-2,0x29,-1.69,177.81,259.75,0,3,0,0
2026-09-03T00:44:47.189,IMU-1,0x28,-1.31,179.81,352.44,0,3,0,0
2026-09-03T00:44:47.192,IMU-2,0x29,-1.69,177.81,259.75,0,3,0,0
2026-09-03T00:44:47.289,IMU-1,0x28,-1.31,179.81,352.44,0,3,0,0
2026-09-03T00:44:47.292,IMU-2,0x29,-1.69,177.81,259.75,0,3,0,0
2026-09-03T00:44:47.389,IMU-1,0x28,-1.31,179.81,352.44,0,3,0,0
2026-09-03T00:44:47.392,IMU-2,0x29,-1.69,177.81,259.75,0,3,0,0
2026-09-03T00:44:47.489,IMU-1,0x28,-1.31,179.81,352.44,0,3,0,0
2026-09-03T00:44:47.492,IMU-2,0x29,-1.69,177.81,259.75,0,3,0,0
2026-09-03T00:44:47.589,IMU-1,0x28,-1.31,179.81,352.44,0,3,0,0
2026-09-03T00:44:47.592,IMU-2,0x29,-1.69,177.81,259.75,0,3,0,0
2026-09-03T00:44:47.689,IMU-1,0x28,-1.31,179.81,352.44,0,3,0,0
2026-09-03T00:44:47.692,IMU-2,0x29,-1.69,177.81,259.75,0,3,0,0
2026-09-03T00:44:47.790,IMU-1,0x28,-1.31,179.81,352.44,0,3,0,0
2026-09-03T00:44:47.793,IMU-2,0x29,-1.69,177.81,259.75,0,3,0,0
2026-09-03T00:44:47.890,IMU-1,0x28,-1.31,179.81,352.44,0,3,0,0
2026-09-03T00:44:47.893,IMU-2,0x29,-1.69,177.81,259.75,0,3,0,0
2026-09-03T00:44:47.990,IMU-1,0x28,-1.31,179.81,352.44,0,3,0,0
2026-09-03T00:44:47.993,IMU-2,0x29,-1.69,177.81,259.75,0,3,0,0
2026-09-03T00:44:48.090,IMU-1,0x28,-1.31,179.81,352.44,0,3,0,0
2026-09-03T00:44:48.093,IMU-2,0x29,-1.69,177.81,259.75,0,3,0,0
2026-09-03T00:44:48.191,IMU-1,0x28,-1.31,179.81,352.44,0,3,0,0
2026-09-03T00:44:48.194,IMU-2,0x29,-1.69,177.81,259.75,0,3,0,0
2026-09-03T00:44:48.290,IMU-1,0x28,-1.31,179.81,352.44,0,3,0,0
2026-09-03T00:44:48.292,IMU-2,0x29,-1.69,177.81,259.75,0,3,0,0
2026-09-03T00:44:48.390,IMU-1,0x28,-1.31,179.81,352.44,0,3,0,0
2026-09-03T00:44:48.392,IMU-2,0x29,-1.69,177.81,259.75,0,3,0,0
2026-09-03T00:44:48.490,IMU-1,0x28,-1.31,179.81,352.44,0,3,0,0
2026-09-03T00:44:48.491,IMU-2,0x29,-1.69,177.81,259.75,0,3,0,0
2026-09-03T00:44:48.590,IMU-1,0x28,-1.31,179.81,352.44,0,3,0,0
2026-09-03T00:44:48.591,IMU-2,0x29,-1.69,177.81,259.75,0,3,0,0
2026-09-03T00:44:48.689,IMU-1,0x28,-1.31,179.81,352.44,0,3,0,0
2026-09-03T00:44:48.691,IMU-2,0x29,-1.69,177.81,259.75,0,3,0,0
2026-09-03T00:44:48.789,IMU-1,0x28,-1.31,179.81,352.44,0,3,0,0
2026-09-03T00:44:48.791,IMU-2,0x29,-1.69,177.81,259.75,0,3,0,0
2026-09-03T00:44:48.889,IMU-1,0x28,-1.31,179.81,352.44,0,3,0,0
2026-09-03T00:44:48.890,IMU-2,0x29,-1.69,177.81,259.75,0,3,0,0
2026-09-03T00:44:48.989,IMU-1,0x28,-1.31,179.81,352.44,0,3,0,0
2026-09-03T00:44:48.990,IMU-2,0x29,-1.69,177.81,259.75,0,3,0,0
2026-09-03T00:44:49.089,IMU-1,0x28,-1.31,179.81,352.44,0,3,0,0
2026-09-03T00:44:49.091,IMU-2,0x29,-1.69,177.81,259.75,0,3,0,0
2026-09-03T00:44:49.189,IMU-1,0x28,-1.31,179.81,352.44,0,3,0,0
2026-09-03T00:44:49.192,IMU-2,0x29,-1.69,177.81,259.75,0,3,0,0
2026-09-03T00:44:49.289,IMU-1,0x28,-1.31,179.81,352.44,0,3,0,0
2026-09-03T00:44:49.291,IMU-2,0x29,-1.69,177.81,259.75,0,3,0,0
2026-09-03T00:44:49.389,IMU-1,0x28,-1.31,179.81,352.44,0,3,0,0
2026-09-03T00:44:49.391,IMU-2,0x29,-1.69,177.81,259.75,0,3,0,0
2026-09-03T00:44:49.489,IMU-1,0x28,-1.31,179.81,352.44,0,3,0,0
2026-09-03T00:44:49.492,IMU-2,0x29,-1.69,177.81,259.75,0,3,0,0
2026-09-03T00:44:49.589,IMU-1,0x28,-1.31,179.81,352.44,0,3,0,0
2026-09-03T00:44:49.592,IMU-2,0x29,-1.69,177.81,259.75,0,3,0,0
2026-09-03T00:44:49.689,IMU-1,0x28,-1.31,179.81,352.44,0,3,0,0
2026-09-03T00:44:49.692,IMU-2,0x29,-1.69,177.81,259.75,0,3,0,0
2026-09-03T00:44:49.789,IMU-1,0x28,-1.31,179.81,352.44,0,3,0,0
2026-09-03T00:44:49.792,IMU-2,0x29,-1.69,177.81,259.75,0,3,0,0
2026-09-03T00:44:49.889,IMU-1,0x28,-1.31,179.81,352.44,0,3,0,0
2026-09-03T00:44:49.892,IMU-2,0x29,-1.69,177.81,259.75,0,3,0,0
2026-09-03T00:44:49.989,IMU-1,0x28,-1.31,179.81,352.44,0,3,0,0
2026-09-03T00:44:49.992,IMU-2,0x29,-1.69,177.81,259.75,0,3,0,0
2026-09-03T00:44:50.089,IMU-1,0x28,-1.31,179.81,352.44,0,3,0,0
2026-09-03T00:44:50.093,IMU-2,0x29,-1.69,177.81,259.75,0,3,0,0
2026-09-03T00:44:50.190,IMU-1,0x28,-1.31,179.81,352.44,0,3,0,0
2026-09-03T00:44:50.194,IMU-2,0x29,-1.69,177.81,259.75,0,3,0,0
2026-09-03T00:44:50.290,IMU-1,0x28,-1.31,179.81,352.44,0,3,0,0
2026-09-03T00:44:50.293,IMU-2,0x29,-1.69,177.81,259.75,0,3,0,0
2026-09-03T00:44:50.390,IMU-1,0x28,-1.31,179.81,352.44,0,3,0,0
2026-09-03T00:44:50.393,IMU-2,0x29,-1.69,177.81,259.75,0,3,0,0
2026-09-03T00:44:50.490,IMU-1,0x28,-1.31,179.81,352.44,0,3,0,0
2026-09-03T00:44:50.493,IMU-2,0x29,-1.69,177.81,259.75,0,3,0,0
2026-09-03T00:44:50.590,IMU-1,0x28,-1.31,179.81,352.44,0,3,0,0
2026-09-03T00:44:50.593,IMU-2,0x29,-1.69,177.81,259.75,0,3,0,0
2026-09-03T00:44:50.691,IMU-1,0x28,-1.31,179.81,352.44,0,3,0,0
2026-09-03T00:44:50.694,IMU-2,0x29,-1.69,177.81,259.75,0,3,0,0
2026-09-03T00:44:50.791,IMU-1,0x28,-1.31,179.81,352.44,0,3,0,0
2026-09-03T00:44:50.794,IMU-2,0x29,-1.69,177.81,259.75,0,3,0,0
2026-09-03T00:44:50.891,IMU-1,0x28,-1.31,179.81,352.44,0,3,0,0
2026-09-03T00:44:50.894,IMU-2,0x29,-1.69,177.81,259.75,0,3,0,0
2026-09-03T00:44:50.991,IMU-1,0x28,-1.31,179.81,352.44,0,3,0,0
2026-09-03T00:44:50.994,IMU-2,0x29,-1.69,177.81,259.75,0,3,0,0
2026-09-03T00:44:51.092,IMU-1,0x28,-1.31,179.81,352.44,0,3,0,0
2026-09-03T00:44:51.094,IMU-2,0x29,-1.69,177.81,259.75,0,3,0,0
2026-09-03T00:44:51.192,IMU-1,0x28,-1.31,179.81,352.44,0,3,0,0
2026-09-03T00:44:51.196,IMU-2,0x29,-1.69,177.81,259.75,0,3,0,0
2026-09-03T00:44:51.292,IMU-1,0x28,-1.31,179.81,352.44,0,3,0,0
2026-09-03T00:44:51.294,IMU-2,0x29,-1.69,177.81,259.75,0,3,0,0
2026-09-03T00:44:51.392,IMU-1,0x28,-1.31,179.81,352.44,0,3,0,0
2026-09-03T00:44:51.393,IMU-2,0x29,-1.69,177.81,259.75,0,3,0,0
2026-09-03T00:44:51.492,IMU-1,0x28,-1.31,179.81,352.44,0,3,0,0
2026-09-03T00:44:51.493,IMU-2,0x29,-1.69,177.81,259.75,0,3,0,0
2026-09-03T00:44:51.592,IMU-1,0x28,-1.31,179.81,352.44,0,3,0,0
2026-09-03T00:44:51.593,IMU-2,0x29,-1.69,177.81,259.75,0,3,0,0
2026-09-03T00:44:51.692,IMU-1,0x28,-1.31,179.81,352.44,0,3,0,0
2026-09-03T00:44:51.694,IMU-2,0x29,-1.69,177.81,259.75,0,3,0,0
2026-09-03T00:44:51.792,IMU-1,0x28,-1.31,179.81,352.44,0,3,0,0
2026-09-03T00:44:51.794,IMU-2,0x29,-1.69,177.81,259.75,0,3,0,0
2026-09-03T00:44:51.892,IMU-1,0x28,-1.31,179.81,352.44,0,3,0,0
2026-09-03T00:44:51.894,IMU-2,0x29,-1.69,177.81,259.75,0,3,0,0
2026-09-03T00:44:51.992,IMU-1,0x28,-1.31,179.81,352.44,0,3,0,0
2026-09-03T00:44:51.994,IMU-2,0x29,-1.69,177.81,259.75,0,3,0,0
2026-09-03T00:44:52.092,IMU-1,0x28,-1.31,179.81,352.44,0,3,0,0
2026-09-03T00:44:52.094,IMU-2,0x29,-1.69,177.81,259.75,0,3,0,0
2026-09-03T00:44:52.193,IMU-1,0x28,-1.31,179.81,352.44,0,3,0,0
2026-09-03T00:44:52.195,IMU-2,0x29,-1.69,177.81,259.75,0,3,0,0
2026-09-03T00:44:52.292,IMU-1,0x28,-1.31,179.81,352.44,0,3,0,0
2026-09-03T00:44:52.294,IMU-2,0x29,-1.69,177.81,259.75,0,3,0,0
2026-09-03T00:44:52.392,IMU-1,0x28,-1.31,179.81,352.44,0,3,0,0
2026-09-03T00:44:52.395,IMU-2,0x29,-1.69,177.81,259.75,0,3,0,0
2026-09-03T00:44:52.492,IMU-1,0x28,-1.31,179.81,352.44,0,3,0,0
2026-09-03T00:44:52.495,IMU-2,0x29,-1.69,177.81,259.75,0,3,0,0
2026-09-03T00:44:52.592,IMU-1,0x28,-1.31,179.81,352.44,0,3,0,0
2026-09-03T00:44:52.595,IMU-2,0x29,-1.69,177.81,259.75,0,3,0,0
2026-09-03T00:44:52.692,IMU-1,0x28,-1.31,179.81,352.44,0,3,0,0
2026-09-03T00:44:52.695,IMU-2,0x29,-1.69,177.81,259.75,0,3,0,0
2026-09-03T00:44:52.791,IMU-1,0x28,-1.31,179.81,352.44,0,3,0,0
2026-09-03T00:44:52.794,IMU-2,0x29,-1.69,177.88,259.75,0,3,0,0
2026-09-03T00:44:52.892,IMU-1,0x28,-1.25,179.81,352.44,0,3,0,0
2026-09-03T00:44:52.895,IMU-2,0x29,-1.69,177.88,259.75,0,3,0,0
2026-09-03T00:44:52.991,IMU-1,0x28,-1.25,179.81,352.44,0,3,0,0
2026-09-03T00:44:52.994,IMU-2,0x29,-1.69,177.88,259.75,0,3,0,0
2026-09-03T00:44:53.091,IMU-1,0x28,-1.25,179.81,352.44,0,3,0,0
2026-09-03T00:44:53.094,IMU-2,0x29,-1.69,177.88,259.75,0,3,0,0
2026-09-03T00:44:53.192,IMU-1,0x28,-1.25,179.81,352.44,0,3,0,0
2026-09-03T00:44:53.196,IMU-2,0x29,-1.69,177.88,259.75,0,3,0,0
2026-09-03T00:44:53.291,IMU-1,0x28,-1.25,179.81,352.44,0,3,0,0
2026-09-03T00:44:53.294,IMU-2,0x29,-1.69,177.88,259.75,0,3,0,0
2026-09-03T00:44:53.392,IMU-1,0x28,-1.25,179.81,352.44,0,3,0,0
2026-09-03T00:44:53.394,IMU-2,0x29,-1.69,177.88,259.75,0,3,0,0
2026-09-03T00:44:53.492,IMU-1,0x28,-1.25,179.75,352.44,0,3,0,0
2026-09-03T00:44:53.494,IMU-2,0x29,-1.69,177.88,259.75,0,3,0,0
2026-09-03T00:44:53.592,IMU-1,0x28,-1.25,179.75,352.44,0,3,0,0
2026-09-03T00:44:53.594,IMU-2,0x29,-1.69,177.88,259.75,0,3,0,0
2026-09-03T00:44:53.692,IMU-1,0x28,-1.25,179.75,352.44,0,3,0,0
2026-09-03T00:44:53.693,IMU-2,0x29,-1.69,177.88,259.75,0,3,0,0
2026-09-03T00:44:53.792,IMU-1,0x28,-1.25,179.81,352.44,0,3,0,0
2026-09-03T00:44:53.793,IMU-2,0x29,-1.69,177.88,259.75,0,3,0,0
2026-09-03T00:44:53.892,IMU-1,0x28,-1.25,179.75,352.44,0,3,0,0
2026-09-03T00:44:53.894,IMU-2,0x29,-1.69,177.88,259.75,0,3,0,0
2026-09-03T00:44:53.992,IMU-1,0x28,-1.25,179.75,352.44,0,3,0,0
2026-09-03T00:44:53.994,IMU-2,0x29,-1.69,177.88,259.75,0,3,0,0
2026-09-03T00:44:54.092,IMU-1,0x28,-1.25,179.75,352.44,0,3,0,0
2026-09-03T00:44:54.094,IMU-2,0x29,-1.69,177.88,259.75,0,3,0,0
2026-09-03T00:44:54.193,IMU-1,0x28,-1.25,179.75,352.44,0,3,0,0
2026-09-03T00:44:54.195,IMU-2,0x29,-1.69,177.88,259.75,0,3,0,0
2026-09-03T00:44:54.293,IMU-1,0x28,-1.25,179.75,352.44,0,3,0,0
2026-09-03T00:44:54.294,IMU-2,0x29,-1.69,177.88,259.75,0,3,0,0
2026-09-03T00:44:54.393,IMU-1,0x28,-1.25,179.75,352.44,0,3,0,0
2026-09-03T00:44:54.394,IMU-2,0x29,-1.69,177.88,259.75,0,3,0,0
2026-09-03T00:44:54.493,IMU-1,0x28,-1.25,179.75,352.44,0,3,0,0
2026-09-03T00:44:54.495,IMU-2,0x29,-1.69,177.88,259.75,0,3,0,0
2026-09-03T00:44:54.593,IMU-1,0x28,-1.25,179.75,352.44,0,3,0,0
2026-09-03T00:44:54.595,IMU-2,0x29,-1.69,177.88,259.75,0,3,0,0
2026-09-03T00:44:54.693,IMU-1,0x28,-1.25,179.75,352.44,0,3,0,0
2026-09-03T00:44:54.695,IMU-2,0x29,-1.69,177.88,259.75,0,3,0,0
2026-09-03T00:44:54.794,IMU-1,0x28,-1.25,179.75,352.44,0,3,0,0
2026-09-03T00:44:54.795,IMU-2,0x29,-1.69,177.88,259.75,0,3,0,0
2026-09-03T00:44:54.894,IMU-1,0x28,-1.25,179.75,352.44,0,3,0,0
2026-09-03T00:44:54.896,IMU-2,0x29,-1.69,177.88,259.75,0,3,0,0
2026-09-03T00:44:54.994,IMU-1,0x28,-1.25,179.75,352.44,0,3,0,0
2026-09-03T00:44:54.996,IMU-2,0x29,-1.69,177.88,259.75,0,3,0,0
2026-09-03T00:44:55.094,IMU-1,0x28,-1.25,179.75,352.44,0,3,0,0
2026-09-03T00:44:55.096,IMU-2,0x29,-1.69,177.88,259.75,0,3,0,0
2026-09-03T00:44:55.195,IMU-1,0x28,-1.25,179.75,352.44,0,3,0,0
2026-09-03T00:44:55.197,IMU-2,0x29,-1.69,177.88,259.75,0,3,0,0
2026-09-03T00:44:55.294,IMU-1,0x28,-1.25,179.75,352.44,0,3,0,0
2026-09-03T00:44:55.297,IMU-2,0x29,-1.69,177.88,259.75,0,3,0,0
2026-09-03T00:44:55.394,IMU-1,0x28,-1.25,179.75,352.44,0,3,0,0
2026-09-03T00:44:55.397,IMU-2,0x29,-1.69,177.88,259.75,0,3,0,0
2026-09-03T00:44:55.494,IMU-1,0x28,-1.25,179.75,352.44,0,3,0,0
2026-09-03T00:44:55.497,IMU-2,0x29,-1.69,177.88,259.75,0,3,0,0
2026-09-03T00:44:55.594,IMU-1,0x28,-1.25,179.75,352.44,0,3,0,0
2026-09-03T00:44:55.597,IMU-2,0x29,-1.69,177.88,259.75,0,3,0,0
2026-09-03T00:44:55.693,IMU-1,0x28,-1.25,179.75,352.44,0,3,0,0
2026-09-03T00:44:55.695,IMU-2,0x29,-1.75,177.94,259.75,0,3,0,0
2026-09-03T00:44:55.795,IMU-1,0x28,-1.25,179.75,352.44,0,3,0,0
2026-09-03T00:44:55.796,IMU-2,0x29,-1.75,177.88,259.75,0,3,0,0
2026-09-03T00:44:55.895,IMU-1,0x28,-1.25,179.75,352.44,0,3,0,0
2026-09-03T00:44:55.897,IMU-2,0x29,-1.75,177.88,259.75,0,3,0,0
2026-09-03T00:44:55.995,IMU-1,0x28,-1.25,179.75,352.44,0,3,0,0
2026-09-03T00:44:55.996,IMU-2,0x29,-1.75,177.88,259.75,0,3,0,0
2026-09-03T00:44:56.095,IMU-1,0x28,-1.25,179.75,352.44,0,3,0,0
2026-09-03T00:44:56.096,IMU-2,0x29,-1.75,177.88,259.75,0,3,0,0
2026-09-03T00:44:56.196,IMU-1,0x28,-1.25,179.75,352.44,0,3,0,0
2026-09-03T00:44:56.199,IMU-2,0x29,-1.75,177.88,259.75,0,3,0,0
2026-09-03T00:44:56.295,IMU-1,0x28,-1.25,179.75,352.44,0,3,0,0
2026-09-03T00:44:56.297,IMU-2,0x29,-1.75,177.88,259.75,0,3,0,0
2026-09-03T00:44:56.395,IMU-1,0x28,-1.25,179.75,352.44,0,3,0,0
2026-09-03T00:44:56.396,IMU-2,0x29,-1.75,177.88,259.75,0,3,0,0
2026-09-03T00:44:56.495,IMU-1,0x28,-1.25,179.75,352.44,0,3,0,0
2026-09-03T00:44:56.496,IMU-2,0x29,-1.75,177.88,259.75,0,3,0,0
2026-09-03T00:44:56.594,IMU-1,0x28,-1.25,179.75,352.44,0,3,0,0
2026-09-03T00:44:56.596,IMU-2,0x29,-1.75,177.88,259.75,0,3,0,0
2026-09-03T00:44:56.694,IMU-1,0x28,-1.25,179.75,352.44,0,3,0,0
2026-09-03T00:44:56.695,IMU-2,0x29,-1.75,177.88,259.75,0,3,0,0
2026-09-03T00:44:56.794,IMU-1,0x28,-1.25,179.75,352.44,0,3,0,0
2026-09-03T00:44:56.795,IMU-2,0x29,-1.75,177.88,259.75,0,3,0,0
2026-09-03T00:44:56.894,IMU-1,0x28,-1.25,179.75,352.44,0,3,0,0
2026-09-03T00:44:56.895,IMU-2,0x29,-1.75,177.88,259.75,0,3,0,0
2026-09-03T00:44:56.994,IMU-1,0x28,-1.25,179.75,352.44,0,3,0,0
2026-09-03T00:44:56.995,IMU-2,0x29,-1.75,177.88,259.75,0,3,0,0
2026-09-03T00:44:57.094,IMU-1,0x28,-1.25,179.75,352.44,0,3,0,0
2026-09-03T00:44:57.096,IMU-2,0x29,-1.75,177.88,259.75,0,3,0,0
2026-09-03T00:44:57.194,IMU-1,0x28,-1.25,179.75,352.44,0,3,0,0
2026-09-03T00:44:57.196,IMU-2,0x29,-1.75,177.88,259.75,0,3,0,0
2026-09-03T00:44:57.294,IMU-1,0x28,-1.25,179.75,352.44,0,3,0,0
2026-09-03T00:44:57.296,IMU-2,0x29,-1.75,177.88,259.75,0,3,0,0
2026-09-03T00:44:57.394,IMU-1,0x28,-1.25,179.75,352.44,0,3,0,0
2026-09-03T00:44:57.396,IMU-2,0x29,-1.75,177.88,259.75,0,3,0,0
2026-09-03T00:44:57.494,IMU-1,0x28,-1.25,179.75,352.44,0,3,0,0
2026-09-03T00:44:57.497,IMU-2,0x29,-1.75,177.88,259.75,0,3,0,0
2026-09-03T00:44:57.594,IMU-1,0x28,-1.25,179.75,352.44,0,3,0,0
2026-09-03T00:44:57.597,IMU-2,0x29,-1.75,177.88,259.75,0,3,0,0
2026-09-03T00:44:57.694,IMU-1,0x28,-1.25,179.75,352.44,0,3,0,0
2026-09-03T00:44:57.697,IMU-2,0x29,-1.75,177.88,259.75,0,3,0,0
2026-09-03T00:44:57.795,IMU-1,0x28,-1.25,179.75,352.44,0,3,0,0
2026-09-03T00:44:57.798,IMU-2,0x29,-1.75,177.88,259.75,0,3,0,0
2026-09-03T00:44:57.895,IMU-1,0x28,-1.25,179.75,352.44,0,3,0,0
2026-09-03T00:44:57.898,IMU-2,0x29,-1.75,177.88,259.75,0,3,0,0
2026-09-03T00:44:57.995,IMU-1,0x28,-1.25,179.75,352.44,0,3,0,0
2026-09-03T00:44:57.998,IMU-2,0x29,-1.75,177.88,259.75,0,3,0,0
2026-09-03T00:44:58.095,IMU-1,0x28,-1.25,179.75,352.44,0,3,0,0
2026-09-03T00:44:58.098,IMU-2,0x29,-1.75,177.88,259.75,0,3,0,0
2026-09-03T00:44:58.196,IMU-1,0x28,-1.25,179.75,352.44,0,3,0,0
2026-09-03T00:44:58.200,IMU-2,0x29,-1.75,177.88,259.75,0,3,0,0
2026-09-03T00:44:58.296,IMU-1,0x28,-1.25,179.75,352.44,0,3,0,0
2026-09-03T00:44:58.299,IMU-2,0x29,-1.75,177.88,259.75,0,3,0,0
2026-09-03T00:44:58.396,IMU-1,0x28,-1.25,179.75,352.44,0,3,0,0
2026-09-03T00:44:58.399,IMU-2,0x29,-1.75,177.88,259.75,0,3,0,0
2026-09-03T00:44:58.496,IMU-1,0x28,-1.25,179.75,352.44,0,3,0,0
2026-09-03T00:44:58.499,IMU-2,0x29,-1.75,177.88,259.75,0,3,0,0
2026-09-03T00:44:58.596,IMU-1,0x28,-1.25,179.75,352.44,0,3,0,0
2026-09-03T00:44:58.599,IMU-2,0x29,-1.75,177.88,259.75,0,3,0,0
2026-09-03T00:44:58.697,IMU-1,0x28,-1.25,179.75,352.44,0,3,0,0
2026-09-03T00:44:58.700,IMU-2,0x29,-1.75,177.88,259.75,0,3,0,0
2026-09-03T00:44:58.797,IMU-1,0x28,-1.25,179.75,352.44,0,3,0,0
2026-09-03T00:44:58.800,IMU-2,0x29,-1.75,177.88,259.75,0,3,0,0
2026-09-03T00:44:58.896,IMU-1,0x28,-1.25,179.75,352.44,0,3,0,0
2026-09-03T00:44:58.899,IMU-2,0x29,-1.75,177.88,259.75,0,3,0,0
2026-09-03T00:44:58.997,IMU-1,0x28,-1.25,179.75,352.44,0,3,0,0
2026-09-03T00:44:59.000,IMU-2,0x29,-1.69,177.88,259.75,0,3,0,0
2026-09-03T00:44:59.096,IMU-1,0x28,-1.25,179.75,352.44,0,3,0,0
2026-09-03T00:44:59.099,IMU-2,0x29,-1.69,177.88,259.75,0,3,0,0
2026-09-03T00:44:59.197,IMU-1,0x28,-1.25,179.75,352.44,0,3,0,0
2026-09-03T00:44:59.200,IMU-2,0x29,-1.69,177.88,259.75,0,3,0,0
2026-09-03T00:44:59.296,IMU-1,0x28,-1.25,179.75,352.44,0,3,0,0
2026-09-03T00:44:59.298,IMU-2,0x29,-1.69,177.88,259.75,0,3,0,0
2026-09-03T00:44:59.395,IMU-1,0x28,-1.25,179.75,352.44,0,3,0,0
2026-09-03T00:44:59.397,IMU-2,0x29,-1.69,177.88,259.75,0,3,0,0
2026-09-03T00:44:59.495,IMU-1,0x28,-1.25,179.75,352.44,0,3,0,0
2026-09-03T00:44:59.497,IMU-2,0x29,-1.69,177.88,259.75,0,3,0,0
2026-09-03T00:44:59.595,IMU-1,0x28,-1.25,179.75,352.44,0,3,0,0
2026-09-03T00:44:59.597,IMU-2,0x29,-1.69,177.88,259.75,0,3,0,0
2026-09-03T00:44:59.696,IMU-1,0x28,-1.25,179.75,352.44,0,3,0,0
2026-09-03T00:44:59.697,IMU-2,0x29,-1.69,177.88,259.75,0,3,0,0
2026-09-03T00:44:59.796,IMU-1,0x28,-1.25,179.75,352.44,0,3,0,0
2026-09-03T00:44:59.797,IMU-2,0x29,-1.69,177.88,259.75,0,3,0,0
2026-09-03T00:44:59.896,IMU-1,0x28,-1.25,179.75,352.44,0,3,0,0
2026-09-03T00:44:59.897,IMU-2,0x29,-1.69,177.88,259.75,0,3,0,0
2026-09-03T00:44:59.996,IMU-1,0x28,-1.25,179.75,352.44,0,3,0,0
2026-09-03T00:44:59.998,IMU-2,0x29,-1.69,177.88,259.75,0,3,0,0
2026-09-03T00:45:00.096,IMU-1,0x28,-1.25,179.75,352.44,0,3,0,0
2026-09-03T00:45:00.098,IMU-2,0x29,-1.69,177.88,259.75,0,3,0,0
2026-09-03T00:45:00.196,IMU-1,0x28,-1.25,179.75,352.44,0,3,0,0
2026-09-03T00:45:00.199,IMU-2,0x29,-1.69,177.88,259.75,0,3,0,0
2026-09-03T00:45:00.296,IMU-1,0x28,-1.25,179.75,352.44,0,3,0,0
2026-09-03T00:45:00.298,IMU-2,0x29,-1.69,177.88,259.75,0,3,0,0
2026-09-03T00:45:00.396,IMU-1,0x28,-1.25,179.75,352.44,0,3,0,0
2026-09-03T00:45:00.399,IMU-2,0x29,-1.69,177.88,259.75,0,3,0,0
2026-09-03T00:45:00.496,IMU-1,0x28,-1.25,179.75,352.44,0,3,0,0
2026-09-03T00:45:00.499,IMU-2,0x29,-1.69,177.88,259.75,0,3,0,0
2026-09-03T00:45:00.596,IMU-1,0x28,-1.25,179.75,352.44,0,3,0,0
2026-09-03T00:45:00.599,IMU-2,0x29,-1.69,177.88,259.75,0,3,0,0
2026-09-03T00:45:00.696,IMU-1,0x28,-1.25,179.75,352.44,0,3,0,0
2026-09-03T00:45:00.699,IMU-2,0x29,-1.69,177.88,259.75,0,3,0,0
2026-09-03T00:45:00.796,IMU-1,0x28,-1.25,179.75,352.44,0,3,0,0
2026-09-03T00:45:00.799,IMU-2,0x29,-1.69,177.88,259.75,0,3,0,0
2026-09-03T00:45:00.896,IMU-1,0x28,-1.25,179.75,352.44,0,3,0,0
2026-09-03T00:45:00.899,IMU-2,0x29,-1.69,177.88,259.75,0,3,0,0
2026-09-03T00:45:00.997,IMU-1,0x28,-1.25,179.75,352.44,0,3,0,0
2026-09-03T00:45:00.999,IMU-2,0x29,-1.69,177.88,259.75,0,3,0,0
2026-09-03T00:45:01.096,IMU-1,0x28,-1.25,179.75,352.44,0,3,0,0
2026-09-03T00:45:01.099,IMU-2,0x29,-1.69,177.88,259.75,0,3,0,0
2026-09-03T00:45:01.197,IMU-1,0x28,-1.25,179.75,352.44,0,3,0,0
2026-09-03T00:45:01.201,IMU-2,0x29,-1.69,177.88,259.75,0,3,0,0
2026-09-03T00:45:01.297,IMU-1,0x28,-1.25,179.75,352.44,0,3,0,0
2026-09-03T00:45:01.300,IMU-2,0x29,-1.69,177.88,259.75,0,3,0,0
2026-09-03T00:45:01.397,IMU-1,0x28,-1.25,179.75,352.44,0,3,0,0
2026-09-03T00:45:01.400,IMU-2,0x29,-1.69,177.88,259.75,0,3,0,0
2026-09-03T00:45:01.497,IMU-1,0x28,-1.25,179.75,352.44,0,3,0,0
2026-09-03T00:45:01.500,IMU-2,0x29,-1.69,177.88,259.75,0,3,0,0
2026-09-03T00:45:01.597,IMU-1,0x28,-1.25,179.75,352.44,0,3,0,0
2026-09-03T00:45:01.600,IMU-2,0x29,-1.69,177.88,259.75,0,3,0,0
2026-09-03T00:45:01.698,IMU-1,0x28,-1.25,179.75,352.44,0,3,0,0
2026-09-03T00:45:01.700,IMU-2,0x29,-1.69,177.88,259.75,0,3,0,0
2026-09-03T00:45:01.798,IMU-1,0x28,-1.25,179.75,352.44,0,3,0,0
2026-09-03T00:45:01.799,IMU-2,0x29,-1.69,177.88,259.75,0,3,0,0
2026-09-03T00:45:01.898,IMU-1,0x28,-1.25,179.75,352.44,0,3,0,0
2026-09-03T00:45:01.899,IMU-2,0x29,-1.69,177.88,259.75,0,3,0,0
2026-09-03T00:45:01.998,IMU-1,0x28,-1.25,179.75,352.44,0,3,0,0
2026-09-03T00:45:01.999,IMU-2,0x29,-1.69,177.88,259.75,0,3,0,0
2026-09-03T00:45:02.098,IMU-1,0x28,-1.25,179.75,352.44,0,3,0,0
2026-09-03T00:45:02.100,IMU-2,0x29,-1.69,177.88,259.75,0,3,0,0
2026-09-03T00:45:02.199,IMU-1,0x28,-1.25,179.75,352.44,0,3,0,0
2026-09-03T00:45:02.201,IMU-2,0x29,-1.69,177.88,259.75,0,3,0,0
2026-09-03T00:45:02.299,IMU-1,0x28,-1.25,179.75,352.44,0,3,0,0
2026-09-03T00:45:02.300,IMU-2,0x29,-1.69,177.88,259.75,0,3,0,0
2026-09-03T00:45:02.399,IMU-1,0x28,-1.25,179.75,352.44,0,3,0,0
2026-09-03T00:45:02.400,IMU-2,0x29,-1.69,177.88,259.75,0,3,0,0
2026-09-03T00:45:02.499,IMU-1,0x28,-1.25,179.75,352.44,0,3,0,0
2026-09-03T00:45:02.500,IMU-2,0x29,-1.69,177.88,259.75,0,3,0,0
2026-09-03T00:45:02.599,IMU-1,0x28,-1.25,179.75,352.44,0,3,0,0
2026-09-03T00:45:02.600,IMU-2,0x29,-1.69,177.88,259.75,0,3,0,0
2026-09-03T00:45:02.699,IMU-1,0x28,-1.25,179.75,352.44,0,3,0,0
2026-09-03T00:45:02.700,IMU-2,0x29,-1.69,177.88,259.75,0,3,0,0
2026-09-03T00:45:02.799,IMU-1,0x28,-1.25,179.75,352.44,0,3,0,0
2026-09-03T00:45:02.800,IMU-2,0x29,-1.69,177.88,259.75,0,3,0,0
2026-09-03T00:45:02.899,IMU-1,0x28,-1.25,179.75,352.44,0,3,0,0
2026-09-03T00:45:02.901,IMU-2,0x29,-1.69,177.88,259.75,0,3,0,0
2026-09-03T00:45:02.999,IMU-1,0x28,-1.25,179.75,352.44,0,3,0,0
2026-09-03T00:45:03.001,IMU-2,0x29,-1.69,177.88,259.75,0,3,0,0
2026-09-03T00:45:03.099,IMU-1,0x28,-1.25,179.75,352.44,0,3,0,0
2026-09-03T00:45:03.101,IMU-2,0x29,-1.69,177.88,259.75,0,3,0,0
2026-09-03T00:45:03.200,IMU-1,0x28,-1.25,179.75,352.44,0,3,0,0
2026-09-03T00:45:03.202,IMU-2,0x29,-1.69,177.88,259.75,0,3,0,0
2026-09-03T00:45:03.299,IMU-1,0x28,-1.25,179.75,352.44,0,3,0,0
2026-09-03T00:45:03.302,IMU-2,0x29,-1.69,177.88,259.75,0,3,0,0
2026-09-03T00:45:03.399,IMU-1,0x28,-1.25,179.75,352.44,0,3,0,0
2026-09-03T00:45:03.402,IMU-2,0x29,-1.69,177.88,259.75,0,3,0,0
2026-09-03T00:45:03.499,IMU-1,0x28,-1.25,179.75,352.44,0,3,0,0
2026-09-03T00:45:03.502,IMU-2,0x29,-1.69,177.88,259.75,0,3,0,0
2026-09-03T00:45:03.599,IMU-1,0x28,-1.25,179.75,352.44,0,3,0,0
2026-09-03T00:45:03.602,IMU-2,0x29,-1.69,177.88,259.75,0,3,0,0
2026-09-03T00:45:03.700,IMU-1,0x28,-1.25,179.75,352.44,0,3,0,0
2026-09-03T00:45:03.703,IMU-2,0x29,-1.69,177.88,259.75,0,3,0,0
2026-09-03T00:45:03.800,IMU-1,0x28,-1.25,179.75,352.44,0,3,0,0
2026-09-03T00:45:03.803,IMU-2,0x29,-1.69,177.88,259.75,0,3,0,0
2026-09-03T00:45:03.899,IMU-1,0x28,-1.25,179.75,352.44,0,3,0,0
2026-09-03T00:45:03.902,IMU-2,0x29,-1.69,177.88,259.75,0,3,0,0
2026-09-03T00:45:03.999,IMU-1,0x28,-1.25,179.75,352.44,0,3,0,0
2026-09-03T00:45:04.002,IMU-2,0x29,-1.69,177.88,259.75,0,3,0,0
2026-09-03T00:45:04.099,IMU-1,0x28,-1.25,179.75,352.44,0,3,0,0
2026-09-03T00:45:04.102,IMU-2,0x29,-1.69,177.88,259.75,0,3,0,0
2026-09-03T00:45:04.199,IMU-1,0x28,-1.25,179.75,352.44,0,3,0,0
2026-09-03T00:45:04.203,IMU-2,0x29,-1.69,177.88,259.75,0,3,0,0
2026-09-03T00:45:04.298,IMU-1,0x28,-1.25,179.75,352.44,0,3,0,0
2026-09-03T00:45:04.300,IMU-2,0x29,-1.69,177.88,259.75,0,3,0,0
2026-09-03T00:45:04.398,IMU-1,0x28,-1.25,179.75,352.44,0,3,0,0
2026-09-03T00:45:04.400,IMU-2,0x29,-1.69,177.88,259.75,0,3,0,0
2026-09-03T00:45:04.499,IMU-1,0x28,-1.25,179.75,352.44,0,3,0,0
2026-09-03T00:45:04.500,IMU-2,0x29,-1.69,177.88,259.75,0,3,0,0
2026-09-03T00:45:04.599,IMU-1,0x28,-1.25,179.75,352.44,0,3,0,0
2026-09-03T00:45:04.600,IMU-2,0x29,-1.69,177.88,259.75,0,3,0,0
2026-09-03T00:45:04.699,IMU-1,0x28,-1.25,179.75,352.44,0,3,0,0
2026-09-03T00:45:04.700,IMU-2,0x29,-1.69,177.88,259.75,0,3,0,0
2026-09-03T00:45:04.799,IMU-1,0x28,-1.25,179.75,352.44,0,3,0,0
2026-09-03T00:45:04.800,IMU-2,0x29,-1.69,177.88,259.75,0,3,0,0
2026-09-03T00:45:04.899,IMU-1,0x28,-1.25,179.75,352.44,0,3,0,0
2026-09-03T00:45:04.900,IMU-2,0x29,-1.69,177.88,259.75,0,3,0,0
2026-09-03T00:45:04.999,IMU-1,0x28,-1.25,179.75,352.44,0,3,0,0
2026-09-03T00:45:05.000,IMU-2,0x29,-1.69,177.88,259.75,0,3,0,0
2026-09-03T00:45:05.099,IMU-1,0x28,-1.25,179.75,352.44,0,3,0,0
2026-09-03T00:45:05.100,IMU-2,0x29,-1.69,177.88,259.75,0,3,0,0
2026-09-03T00:45:05.199,IMU-1,0x28,-1.25,179.75,352.44,0,3,0,0
2026-09-03T00:45:05.201,IMU-2,0x29,-1.69,177.88,259.75,0,3,0,0
2026-09-03T00:45:05.299,IMU-1,0x28,-1.25,179.75,352.44,0,3,0,0
2026-09-03T00:45:05.301,IMU-2,0x29,-1.69,177.88,259.75,0,3,0,0
2026-09-03T00:45:05.399,IMU-1,0x28,-1.25,179.75,352.44,0,3,0,0
2026-09-03T00:45:05.401,IMU-2,0x29,-1.69,177.88,259.75,0,3,0,0
2026-09-03T00:45:05.499,IMU-1,0x28,-1.25,179.75,352.44,0,3,0,0
2026-09-03T00:45:05.501,IMU-2,0x29,-1.69,177.88,259.75,0,3,0,0
2026-09-03T00:45:05.599,IMU-1,0x28,-1.25,179.75,352.44,0,3,0,0
2026-09-03T00:45:05.602,IMU-2,0x29,-1.69,177.88,259.75,0,3,0,0
2026-09-03T00:45:05.700,IMU-1,0x28,-1.25,179.75,352.44,0,3,0,0
2026-09-03T00:45:05.702,IMU-2,0x29,-1.69,177.88,259.75,0,3,0,0
2026-09-03T00:45:05.800,IMU-1,0x28,-1.25,179.75,352.44,0,3,0,0
2026-09-03T00:45:05.803,IMU-2,0x29,-1.69,177.88,259.75,0,3,0,0
2026-09-03T00:45:05.900,IMU-1,0x28,-1.25,179.75,352.44,0,3,0,0
2026-09-03T00:45:05.903,IMU-2,0x29,-1.69,177.88,259.75,0,3,0,0
2026-09-03T00:45:06.000,IMU-1,0x28,-1.25,179.75,352.44,0,3,0,0
2026-09-03T00:45:06.003,IMU-2,0x29,-1.69,177.88,259.75,0,3,0,0
2026-09-03T00:45:06.100,IMU-1,0x28,-1.25,179.75,352.44,0,3,0,0
2026-09-03T00:45:06.103,IMU-2,0x29,-1.69,177.88,259.75,0,3,0,0
2026-09-03T00:45:06.201,IMU-1,0x28,-1.25,179.75,352.44,0,3,0,0
2026-09-03T00:45:06.204,IMU-2,0x29,-1.69,177.88,259.75,0,3,0,0
2026-09-03T00:45:06.301,IMU-1,0x28,-1.25,179.75,352.44,0,3,0,0
2026-09-03T00:45:06.304,IMU-2,0x29,-1.69,177.88,259.75,0,3,0,0
2026-09-03T00:45:06.401,IMU-1,0x28,-1.25,179.75,352.44,0,3,0,0
2026-09-03T00:45:06.404,IMU-2,0x29,-1.69,177.88,259.75,0,3,0,0
2026-09-03T00:45:06.501,IMU-1,0x28,-1.25,179.75,352.44,0,3,0,0
2026-09-03T00:45:06.504,IMU-2,0x29,-1.69,177.88,259.75,0,3,0,0
2026-09-03T00:45:06.601,IMU-1,0x28,-1.25,179.75,352.44,0,3,0,0
2026-09-03T00:45:06.604,IMU-2,0x29,-1.69,177.88,259.75,0,3,0,0
2026-09-03T00:45:06.701,IMU-1,0x28,-1.25,179.75,352.44,0,3,0,0
2026-09-03T00:45:06.704,IMU-2,0x29,-1.69,177.88,259.75,0,3,0,0
2026-09-03T00:45:06.801,IMU-1,0x28,-1.25,179.75,352.44,0,3,0,0
2026-09-03T00:45:06.804,IMU-2,0x29,-1.69,177.88,259.75,0,3,0,0
2026-09-03T00:45:06.901,IMU-1,0x28,-1.25,179.75,352.44,0,3,0,0
2026-09-03T00:45:06.904,IMU-2,0x29,-1.69,177.88,259.75,0,3,0,0
2026-09-03T00:45:07.001,IMU-1,0x28,-1.25,179.75,352.44,0,3,0,0
2026-09-03T00:45:07.004,IMU-2,0x29,-1.69,177.88,259.75,0,3,0,0
2026-09-03T00:45:07.101,IMU-1,0x28,-1.25,179.75,352.44,0,3,0,0
2026-09-03T00:45:07.104,IMU-2,0x29,-1.69,177.88,259.75,0,3,0,0
2026-09-03T00:45:07.202,IMU-1,0x28,-1.25,179.75,352.44,0,3,0,0
2026-09-03T00:45:07.206,IMU-2,0x29,-1.69,177.88,259.75,0,3,0,0
2026-09-03T00:45:07.302,IMU-1,0x28,-1.25,179.75,352.44,0,3,0,0
2026-09-03T00:45:07.303,IMU-2,0x29,-1.69,177.88,259.75,0,3,0,0
2026-09-03T00:45:07.402,IMU-1,0x28,-1.25,179.75,352.44,0,3,0,0
2026-09-03T00:45:07.403,IMU-2,0x29,-1.69,177.88,259.75,0,3,0,0
2026-09-03T00:45:07.502,IMU-1,0x28,-1.25,179.75,352.44,0,3,0,0
2026-09-03T00:45:07.503,IMU-2,0x29,-1.69,177.88,259.75,0,3,0,0
2026-09-03T00:45:07.602,IMU-1,0x28,-1.25,179.75,352.44,0,3,0,0
2026-09-03T00:45:07.603,IMU-2,0x29,-1.69,177.88,259.75,0,3,0,0
2026-09-03T00:45:07.702,IMU-1,0x28,-1.25,179.75,352.44,0,3,0,0
2026-09-03T00:45:07.703,IMU-2,0x29,-1.69,177.88,259.75,0,3,0,0
2026-09-03T00:45:07.802,IMU-1,0x28,-1.25,179.75,352.44,0,3,0,0
2026-09-03T00:45:07.803,IMU-2,0x29,-1.69,177.88,259.75,0,3,0,0
2026-09-03T00:45:07.901,IMU-1,0x28,-1.25,179.75,352.44,0,3,0,0
2026-09-03T00:45:07.903,IMU-2,0x29,-1.69,177.88,259.75,0,3,0,0
2026-09-03T00:45:08.001,IMU-1,0x28,-1.25,179.75,352.44,0,3,0,0
2026-09-03T00:45:08.003,IMU-2,0x29,-1.69,177.88,259.75,0,3,0,0
2026-09-03T00:45:08.101,IMU-1,0x28,-1.25,179.75,352.44,0,3,0,0
2026-09-03T00:45:08.103,IMU-2,0x29,-1.69,177.88,259.75,0,3,0,0
2026-09-03T00:45:08.202,IMU-1,0x28,-1.25,179.75,352.44,0,3,0,0
2026-09-03T00:45:08.204,IMU-2,0x29,-1.69,177.88,259.75,0,3,0,0
2026-09-03T00:45:08.301,IMU-1,0x28,-1.25,179.75,352.44,0,3,0,0
2026-09-03T00:45:08.303,IMU-2,0x29,-1.69,177.88,259.75,0,3,0,0
2026-09-03T00:45:08.401,IMU-1,0x28,-1.25,179.75,352.44,0,3,0,0
2026-09-03T00:45:08.404,IMU-2,0x29,-1.69,177.88,259.75,0,3,0,0
2026-09-03T00:45:08.501,IMU-1,0x28,-1.25,179.75,352.44,0,3,0,0
2026-09-03T00:45:08.504,IMU-2,0x29,-1.69,177.88,259.75,0,3,0,0
2026-09-03T00:45:08.601,IMU-1,0x28,-1.25,179.75,352.44,0,3,0,0
2026-09-03T00:45:08.604,IMU-2,0x29,-1.69,177.88,259.75,0,3,0,0
2026-09-03T00:45:08.701,IMU-1,0x28,-1.25,179.75,352.44,0,3,0,0
2026-09-03T00:45:08.703,IMU-2,0x29,-1.69,177.88,259.75,0,3,0,0
2026-09-03T00:45:08.801,IMU-1,0x28,-1.25,179.75,352.44,0,3,0,0
2026-09-03T00:45:08.803,IMU-2,0x29,-1.69,177.88,259.75,0,3,0,0
2026-09-03T00:45:08.901,IMU-1,0x28,-1.25,179.75,352.44,0,3,0,0
2026-09-03T00:45:08.903,IMU-2,0x29,-1.69,177.88,259.75,0,3,0,0
2026-09-03T00:45:09.001,IMU-1,0x28,-1.25,179.75,352.44,0,3,0,0
2026-09-03T00:45:09.003,IMU-2,0x29,-1.69,177.88,259.75,0,3,0,0
2026-09-03T00:45:09.101,IMU-1,0x28,-1.25,179.75,352.44,0,3,0,0
2026-09-03T00:45:09.103,IMU-2,0x29,-1.69,177.88,259.75,0,3,0,0
2026-09-03T00:45:09.202,IMU-1,0x28,-1.25,179.75,352.44,0,3,0,0
2026-09-03T00:45:09.204,IMU-2,0x29,-1.69,177.88,259.75,0,3,0,0
2026-09-03T00:45:09.301,IMU-1,0x28,-1.25,179.75,352.44,0,3,0,0
2026-09-03T00:45:09.303,IMU-2,0x29,-1.69,177.88,259.75,0,3,0,0
2026-09-03T00:45:09.402,IMU-1,0x28,-1.25,179.75,352.44,0,3,0,0
2026-09-03T00:45:09.403,IMU-2,0x29,-1.69,177.88,259.75,0,3,0,0
2026-09-03T00:45:09.502,IMU-1,0x28,-1.25,179.75,352.44,0,3,0,0
2026-09-03T00:45:09.503,IMU-2,0x29,-1.69,177.88,259.75,0,3,0,0
2026-09-03T00:45:09.602,IMU-1,0x28,-1.25,179.75,352.44,0,3,0,0
2026-09-03T00:45:09.604,IMU-2,0x29,-1.69,177.88,259.75,0,3,0,0
2026-09-03T00:45:09.702,IMU-1,0x28,-1.25,179.75,352.44,0,3,0,0
2026-09-03T00:45:09.704,IMU-2,0x29,-1.69,177.88,259.75,0,3,0,0
2026-09-03T00:45:09.802,IMU-1,0x28,-1.25,179.75,352.44,0,3,0,0
2026-09-03T00:45:09.804,IMU-2,0x29,-1.69,177.88,259.75,0,3,0,0
2026-09-03T00:45:09.903,IMU-1,0x28,-1.25,179.75,352.44,0,3,0,0
2026-09-03T00:45:09.904,IMU-2,0x29,-1.69,177.88,259.75,0,3,0,0
2026-09-03T00:45:10.003,IMU-1,0x28,-1.25,179.75,352.44,0,3,0,0
2026-09-03T00:45:10.004,IMU-2,0x29,-1.69,177.88,259.75,0,3,0,0
2026-09-03T00:45:10.103,IMU-1,0x28,-1.25,179.75,352.44,0,3,0,0
2026-09-03T00:45:10.105,IMU-2,0x29,-1.69,177.88,259.75,0,3,0,0
2026-09-03T00:45:10.204,IMU-1,0x28,-1.25,179.75,352.44,0,3,0,0
2026-09-03T00:45:10.206,IMU-2,0x29,-1.69,177.88,259.75,0,3,0,0
2026-09-03T00:45:10.303,IMU-1,0x28,-1.25,179.75,352.44,0,3,0,0
2026-09-03T00:45:10.305,IMU-2,0x29,-1.69,177.88,259.75,0,3,0,0
2026-09-03T00:45:10.404,IMU-1,0x28,-1.25,179.75,352.44,0,3,0,0
2026-09-03T00:45:10.405,IMU-2,0x29,-1.69,177.88,259.75,0,3,0,0
2026-09-03T00:45:10.504,IMU-1,0x28,-1.25,179.75,352.44,0,3,0,0
2026-09-03T00:45:10.505,IMU-2,0x29,-1.69,177.88,259.75,0,3,0,0
2026-09-03T00:45:10.604,IMU-1,0x28,-1.25,179.75,352.44,0,3,0,0
2026-09-03T00:45:10.605,IMU-2,0x29,-1.69,177.88,259.75,0,3,0,0
2026-09-03T00:45:10.704,IMU-1,0x28,-1.25,179.75,352.44,0,3,0,0
2026-09-03T00:45:10.705,IMU-2,0x29,-1.69,177.88,259.75,0,3,0,0
2026-09-03T00:45:10.804,IMU-1,0x28,-1.25,179.75,352.44,0,3,0,0
2026-09-03T00:45:10.806,IMU-2,0x29,-1.69,177.88,259.75,0,3,0,0
2026-09-03T00:45:10.904,IMU-1,0x28,-1.25,179.75,352.44,0,3,0,0
2026-09-03T00:45:10.906,IMU-2,0x29,-1.69,177.88,259.75,0,3,0,0
2026-09-03T00:45:11.004,IMU-1,0x28,-1.25,179.75,352.44,0,3,0,0
2026-09-03T00:45:11.006,IMU-2,0x29,-1.69,177.88,259.75,0,3,0,0
2026-09-03T00:45:11.104,IMU-1,0x28,-1.25,179.75,352.44,0,3,0,0
2026-09-03T00:45:11.106,IMU-2,0x29,-1.69,177.88,259.75,0,3,0,0
2026-09-03T00:45:11.205,IMU-1,0x28,-1.25,179.75,352.44,0,3,0,0
2026-09-03T00:45:11.208,IMU-2,0x29,-1.69,177.88,259.75,0,3,0,0
2026-09-03T00:45:11.304,IMU-1,0x28,-1.25,179.75,352.44,0,3,0,0
2026-09-03T00:45:11.307,IMU-2,0x29,-1.69,177.88,259.75,0,3,0,0
2026-09-03T00:45:11.404,IMU-1,0x28,-1.25,179.75,352.44,0,3,0,0
2026-09-03T00:45:11.407,IMU-2,0x29,-1.69,177.88,259.75,0,3,0,0
2026-09-03T00:45:11.504,IMU-1,0x28,-1.25,179.75,352.44,0,3,0,0
2026-09-03T00:45:11.508,IMU-2,0x29,-1.69,177.88,259.75,0,3,0,0
2026-09-03T00:45:11.604,IMU-1,0x28,-1.25,179.75,352.44,0,3,0,0
2026-09-03T00:45:11.607,IMU-2,0x29,-1.69,177.88,259.75,0,3,0,0
2026-09-03T00:45:11.704,IMU-1,0x28,-1.25,179.75,352.44,0,3,0,0
2026-09-03T00:45:11.707,IMU-2,0x29,-1.69,177.88,259.75,0,3,0,0
2026-09-03T00:45:11.804,IMU-1,0x28,-1.25,179.75,352.44,0,3,0,0
2026-09-03T00:45:11.807,IMU-2,0x29,-1.69,177.88,259.75,0,3,0,0
2026-09-03T00:45:11.903,IMU-1,0x28,-1.25,179.75,352.44,0,3,0,0
2026-09-03T00:45:11.906,IMU-2,0x29,-1.69,177.88,259.75,0,3,0,0
2026-09-03T00:45:12.003,IMU-1,0x28,-1.25,179.75,352.44,0,3,0,0
2026-09-03T00:45:12.006,IMU-2,0x29,-1.69,177.88,259.75,0,3,0,0
2026-09-03T00:45:12.103,IMU-1,0x28,-1.25,179.75,352.44,0,3,0,0
2026-09-03T00:45:12.105,IMU-2,0x29,-1.69,177.88,259.75,0,3,0,0
2026-09-03T00:45:12.204,IMU-1,0x28,-1.25,179.75,352.44,0,3,0,0
2026-09-03T00:45:12.207,IMU-2,0x29,-1.69,177.88,259.75,0,3,0,0
2026-09-03T00:45:12.303,IMU-1,0x28,-1.25,179.75,352.44,0,3,0,0
2026-09-03T00:45:12.305,IMU-2,0x29,-1.69,177.88,259.75,0,3,0,0
2026-09-03T00:45:12.403,IMU-1,0x28,-1.25,179.75,352.44,0,3,0,0
2026-09-03T00:45:12.405,IMU-2,0x29,-1.69,177.88,259.75,0,3,0,0
2026-09-03T00:45:12.503,IMU-1,0x28,-1.25,179.75,352.44,0,3,0,0
2026-09-03T00:45:12.505,IMU-2,0x29,-1.69,177.88,259.75,0,3,0,0
2026-09-03T00:45:12.603,IMU-1,0x28,-1.25,179.75,352.44,0,3,0,0
2026-09-03T00:45:12.605,IMU-2,0x29,-1.69,177.88,259.75,0,3,0,0
2026-09-03T00:45:12.703,IMU-1,0x28,-1.25,179.75,352.44,0,3,0,0
2026-09-03T00:45:12.705,IMU-2,0x29,-1.69,177.88,259.75,0,3,0,0
2026-09-03T00:45:12.804,IMU-1,0x28,-1.25,179.75,352.44,0,3,0,0
2026-09-03T00:45:12.805,IMU-2,0x29,-1.69,177.88,259.75,0,3,0,0
2026-09-03T00:45:12.904,IMU-1,0x28,-1.25,179.75,352.44,0,3,0,0
2026-09-03T00:45:12.905,IMU-2,0x29,-1.69,177.88,259.75,0,3,0,0
2026-09-03T00:45:13.004,IMU-1,0x28,-1.25,179.75,352.44,0,3,0,0
2026-09-03T00:45:13.006,IMU-2,0x29,-1.69,177.88,259.75,0,3,0,0
2026-09-03T00:45:13.104,IMU-1,0x28,-1.25,179.75,352.44,0,3,0,0
2026-09-03T00:45:13.106,IMU-2,0x29,-1.69,177.88,259.75,0,3,0,0
2026-09-03T00:45:13.205,IMU-1,0x28,-1.25,179.75,352.44,0,3,0,0
2026-09-03T00:45:13.207,IMU-2,0x29,-1.69,177.88,259.75,0,3,0,0
2026-09-03T00:45:13.305,IMU-1,0x28,-1.25,179.75,352.44,0,3,0,0
2026-09-03T00:45:13.306,IMU-2,0x29,-1.69,177.88,259.75,0,3,0,0
2026-09-03T00:45:13.405,IMU-1,0x28,-1.25,179.75,352.44,0,3,0,0
2026-09-03T00:45:13.407,IMU-2,0x29,-1.69,177.88,259.75,0,3,0,0
2026-09-03T00:45:13.505,IMU-1,0x28,-1.25,179.75,352.44,0,3,0,0
2026-09-03T00:45:13.507,IMU-2,0x29,-1.69,177.88,259.75,0,3,0,0
2026-09-03T00:45:13.605,IMU-1,0x28,-1.25,179.75,352.44,0,3,0,0
2026-09-03T00:45:13.607,IMU-2,0x29,-1.69,177.88,259.75,0,3,0,0
2026-09-03T00:45:13.705,IMU-1,0x28,-1.25,179.75,352.44,0,3,0,0
2026-09-03T00:45:13.708,IMU-2,0x29,-1.69,177.88,259.75,0,3,0,0
2026-09-03T00:45:13.806,IMU-1,0x28,-1.25,179.75,352.44,0,3,0,0
2026-09-03T00:45:13.808,IMU-2,0x29,-1.69,177.88,259.75,0,3,0,0
2026-09-03T00:45:13.906,IMU-1,0x28,-1.25,179.75,352.44,0,3,0,0
2026-09-03T00:45:13.908,IMU-2,0x29,-1.69,177.88,259.75,0,3,0,0
2026-09-03T00:45:14.006,IMU-1,0x28,-1.25,179.75,352.44,0,3,0,0
2026-09-03T00:45:14.009,IMU-2,0x29,-1.69,177.88,259.75,0,3,0,0
2026-09-03T00:45:14.106,IMU-1,0x28,-1.25,179.75,352.44,0,3,0,0
2026-09-03T00:45:14.109,IMU-2,0x29,-1.69,177.88,259.75,0,3,0,0
2026-09-03T00:45:14.207,IMU-1,0x28,-1.25,179.75,352.44,0,3,0,0
2026-09-03T00:45:14.210,IMU-2,0x29,-1.69,177.88,259.75,0,3,0,0
2026-09-03T00:45:14.306,IMU-1,0x28,-1.25,179.75,352.44,0,3,0,0
2026-09-03T00:45:14.309,IMU-2,0x29,-1.69,177.88,259.75,0,3,0,0
2026-09-03T00:45:14.406,IMU-1,0x28,-1.25,179.75,352.44,0,3,0,0
2026-09-03T00:45:14.410,IMU-2,0x29,-1.69,177.88,259.75,0,3,0,0
2026-09-03T00:45:14.506,IMU-1,0x28,-1.25,179.75,352.44,0,3,0,0
2026-09-03T00:45:14.509,IMU-2,0x29,-1.69,177.88,259.75,0,3,0,0
2026-09-03T00:45:14.606,IMU-1,0x28,-1.25,179.75,352.44,0,3,0,0
2026-09-03T00:45:14.609,IMU-2,0x29,-1.69,177.88,259.75,0,3,0,0
2026-09-03T00:45:14.706,IMU-1,0x28,-1.25,179.75,352.44,0,3,0,0
2026-09-03T00:45:14.709,IMU-2,0x29,-1.69,177.88,259.75,0,3,0,0
2026-09-03T00:45:14.806,IMU-1,0x28,-1.25,179.75,352.44,0,3,0,0
2026-09-03T00:45:14.810,IMU-2,0x29,-1.69,177.88,259.75,0,3,0,0
2026-09-03T00:45:14.907,IMU-1,0x28,-1.25,179.75,352.44,0,3,0,0
2026-09-03T00:45:14.909,IMU-2,0x29,-1.69,177.88,259.75,0,3,0,0
2026-09-03T00:45:15.007,IMU-1,0x28,-1.25,179.75,352.44,0,3,0,0
2026-09-03T00:45:15.009,IMU-2,0x29,-1.69,177.88,259.75,0,3,0,0
2026-09-03T00:45:15.107,IMU-1,0x28,-1.25,179.75,352.44,0,3,0,0
2026-09-03T00:45:15.109,IMU-2,0x29,-1.69,177.88,259.75,0,3,0,0
2026-09-03T00:45:15.208,IMU-1,0x28,-1.25,179.75,352.44,0,3,0,0
2026-09-03T00:45:15.211,IMU-2,0x29,-1.69,177.88,259.75,0,3,0,0
2026-09-03T00:45:15.306,IMU-1,0x28,-1.25,179.75,352.44,0,3,0,0
2026-09-03T00:45:15.308,IMU-2,0x29,-1.69,177.88,259.75,0,3,0,0
2026-09-03T00:45:15.406,IMU-1,0x28,-1.25,179.75,352.44,0,3,0,0
2026-09-03T00:45:15.408,IMU-2,0x29,-1.69,177.88,259.75,0,3,0,0
2026-09-03T00:45:15.506,IMU-1,0x28,-1.25,179.75,352.44,0,3,0,0
2026-09-03T00:45:15.507,IMU-2,0x29,-1.69,177.88,259.75,0,3,0,0
2026-09-03T00:45:15.605,IMU-1,0x28,-1.25,179.75,352.44,0,3,0,0
2026-09-03T00:45:15.607,IMU-2,0x29,-1.69,177.88,259.75,0,3,0,0
2026-09-03T00:45:15.706,IMU-1,0x28,-1.25,179.75,352.44,0,3,0,0
2026-09-03T00:45:15.707,IMU-2,0x29,-1.69,177.88,259.75,0,3,0,0
2026-09-03T00:45:15.806,IMU-1,0x28,-1.25,179.75,352.44,0,3,0,0
2026-09-03T00:45:15.807,IMU-2,0x29,-1.69,177.88,259.75,0,3,0,0
2026-09-03T00:45:15.906,IMU-1,0x28,-1.25,179.75,352.44,0,3,0,0
2026-09-03T00:45:15.908,IMU-2,0x29,-1.69,177.88,259.75,0,3,0,0
2026-09-03T00:45:16.006,IMU-1,0x28,-1.25,179.75,352.44,0,3,0,0
2026-09-03T00:45:16.008,IMU-2,0x29,-1.69,177.88,259.75,0,3,0,0
2026-09-03T00:45:16.106,IMU-1,0x28,-1.25,179.75,352.44,0,3,0,0
2026-09-03T00:45:16.108,IMU-2,0x29,-1.69,177.88,259.75,0,3,0,0
2026-09-03T00:45:16.206,IMU-1,0x28,-1.25,179.75,352.44,0,3,0,0
2026-09-03T00:45:16.209,IMU-2,0x29,-1.69,177.94,259.75,0,3,0,0
2026-09-03T00:45:16.306,IMU-1,0x28,-1.25,179.75,352.44,0,3,0,0
2026-09-03T00:45:16.309,IMU-2,0x29,-1.69,177.88,259.75,0,3,0,0
2026-09-03T00:45:16.406,IMU-1,0x28,-1.25,179.75,352.44,0,3,0,0
2026-09-03T00:45:16.409,IMU-2,0x29,-1.69,177.88,259.75,0,3,0,0
2026-09-03T00:45:16.506,IMU-1,0x28,-1.25,179.75,352.44,0,3,0,0
2026-09-03T00:45:16.509,IMU-2,0x29,-1.69,177.88,259.75,0,3,0,0
2026-09-03T00:45:16.606,IMU-1,0x28,-1.25,179.75,352.44,0,3,0,0
2026-09-03T00:45:16.609,IMU-2,0x29,-1.69,177.88,259.75,0,3,0,0
2026-09-03T00:45:16.706,IMU-1,0x28,-1.25,179.75,352.44,0,3,0,0
2026-09-03T00:45:16.710,IMU-2,0x29,-1.69,177.88,259.75,0,3,0,0
2026-09-03T00:45:16.807,IMU-1,0x28,-1.25,179.75,352.44,0,3,0,0
2026-09-03T00:45:16.810,IMU-2,0x29,-1.69,177.88,259.75,0,3,0,0
2026-09-03T00:45:16.907,IMU-1,0x28,-1.25,179.75,352.44,0,3,0,0
2026-09-03T00:45:16.910,IMU-2,0x29,-1.69,177.88,259.75,0,3,0,0
2026-09-03T00:45:17.007,IMU-1,0x28,-1.25,179.75,352.44,0,3,0,0
2026-09-03T00:45:17.010,IMU-2,0x29,-1.69,177.88,259.75,0,3,0,0
2026-09-03T00:45:17.107,IMU-1,0x28,-1.25,179.75,352.44,0,3,0,0
2026-09-03T00:45:17.110,IMU-2,0x29,-1.69,177.88,259.75,0,3,0,0
2026-09-03T00:45:17.208,IMU-1,0x28,-1.25,179.75,352.44,0,3,0,0
2026-09-03T00:45:17.212,IMU-2,0x29,-1.69,177.88,259.75,0,3,0,0
2026-09-03T00:45:17.308,IMU-1,0x28,-1.25,179.75,352.44,0,3,0,0
2026-09-03T00:45:17.311,IMU-2,0x29,-1.69,177.88,259.75,0,3,0,0
2026-09-03T00:45:17.408,IMU-1,0x28,-1.25,179.75,352.44,0,3,0,0
2026-09-03T00:45:17.411,IMU-2,0x29,-1.69,177.94,259.75,0,3,0,0
2026-09-03T00:45:17.508,IMU-1,0x28,-1.25,179.75,352.44,0,3,0,0
2026-09-03T00:45:17.511,IMU-2,0x29,-1.69,177.94,259.75,0,3,0,0
2026-09-03T00:45:17.608,IMU-1,0x28,-1.25,179.75,352.44,0,3,0,0
2026-09-03T00:45:17.611,IMU-2,0x29,-1.75,177.94,259.75,0,3,0,0
2026-09-03T00:45:17.708,IMU-1,0x28,-1.25,179.75,352.44,0,3,0,0
2026-09-03T00:45:17.711,IMU-2,0x29,-1.75,177.94,259.75,0,3,0,0
2026-09-03T00:45:17.808,IMU-1,0x28,-1.25,179.75,352.44,0,3,0,0
2026-09-03T00:45:17.810,IMU-2,0x29,-1.75,177.94,259.75,0,3,0,0
2026-09-03T00:45:17.908,IMU-1,0x28,-1.25,179.75,352.44,0,3,0,0
2026-09-03T00:45:17.910,IMU-2,0x29,-1.75,177.94,259.75,0,3,0,0
2026-09-03T00:45:18.008,IMU-1,0x28,-1.25,179.75,352.44,0,3,0,0
2026-09-03T00:45:18.009,IMU-2,0x29,-1.75,177.94,259.75,0,3,0,0
2026-09-03T00:45:18.107,IMU-1,0x28,-1.25,179.75,352.44,0,3,0,0
2026-09-03T00:45:18.109,IMU-2,0x29,-1.75,177.94,259.75,0,3,0,0
2026-09-03T00:45:18.208,IMU-1,0x28,-1.25,179.75,352.44,0,3,0,0
2026-09-03T00:45:18.210,IMU-2,0x29,-1.75,177.94,259.75,0,3,0,0
2026-09-03T00:45:18.307,IMU-1,0x28,-1.25,179.75,352.44,0,3,0,0
2026-09-03T00:45:18.309,IMU-2,0x29,-1.75,177.94,259.75,0,3,0,0
2026-09-03T00:45:18.407,IMU-1,0x28,-1.25,179.75,352.44,0,3,0,0
2026-09-03T00:45:18.409,IMU-2,0x29,-1.75,177.88,259.75,0,3,0,0
2026-09-03T00:45:18.507,IMU-1,0x28,-1.25,179.75,352.44,0,3,0,0
2026-09-03T00:45:18.510,IMU-2,0x29,-1.75,177.94,259.75,0,3,0,0
2026-09-03T00:45:18.607,IMU-1,0x28,-1.25,179.75,352.44,0,3,0,0
2026-09-03T00:45:18.610,IMU-2,0x29,-1.75,177.94,259.75,0,3,0,0
2026-09-03T00:45:18.707,IMU-1,0x28,-1.25,179.75,352.44,0,3,0,0
2026-09-03T00:45:18.710,IMU-2,0x29,-1.75,177.94,259.75,0,3,0,0
2026-09-03T00:45:18.808,IMU-1,0x28,-1.25,179.75,352.44,0,3,0,0
2026-09-03T00:45:18.810,IMU-2,0x29,-1.75,177.94,259.75,0,3,0,0
2026-09-03T00:45:18.908,IMU-1,0x28,-1.25,179.75,352.44,0,3,0,0
2026-09-03T00:45:18.910,IMU-2,0x29,-1.75,177.94,259.75,0,3,0,0
2026-09-03T00:45:19.008,IMU-1,0x28,-1.25,179.75,352.44,0,3,0,0
2026-09-03T00:45:19.011,IMU-2,0x29,-1.75,177.94,259.75,0,3,0,0
2026-09-03T00:45:19.108,IMU-1,0x28,-1.25,179.75,352.44,0,3,0,0
2026-09-03T00:45:19.111,IMU-2,0x29,-1.75,177.94,259.75,0,3,0,0
2026-09-03T00:45:19.208,IMU-1,0x28,-1.25,179.75,352.44,0,3,0,0
2026-09-03T00:45:19.212,IMU-2,0x29,-1.75,177.94,259.75,0,3,0,0
2026-09-03T00:45:19.308,IMU-1,0x28,-1.25,179.75,352.44,0,3,0,0
2026-09-03T00:45:19.311,IMU-2,0x29,-1.75,177.94,259.75,0,3,0,0
2026-09-03T00:45:19.408,IMU-1,0x28,-1.25,179.75,352.44,0,3,0,0
2026-09-03T00:45:19.411,IMU-2,0x29,-1.75,177.94,259.75,0,3,0,0
2026-09-03T00:45:19.508,IMU-1,0x28,-1.25,179.75,352.44,0,3,0,0
2026-09-03T00:45:19.511,IMU-2,0x29,-1.75,177.94,259.75,0,3,0,0
2026-09-03T00:45:19.608,IMU-1,0x28,-1.25,179.75,352.44,0,3,0,0
2026-09-03T00:45:19.611,IMU-2,0x29,-1.75,177.94,259.75,0,3,0,0
2026-09-03T00:45:19.708,IMU-1,0x28,-1.25,179.69,352.44,0,3,0,0
2026-09-03T00:45:19.711,IMU-2,0x29,-1.75,177.94,259.75,0,3,0,0
2026-09-03T00:45:19.808,IMU-1,0x28,-1.25,179.69,352.44,0,3,0,0
2026-09-03T00:45:19.811,IMU-2,0x29,-1.75,177.94,259.75,0,3,0,0
2026-09-03T00:45:19.908,IMU-1,0x28,-1.25,179.69,352.44,0,3,0,0
2026-09-03T00:45:19.910,IMU-2,0x29,-1.75,177.94,259.75,0,3,0,0
2026-09-03T00:45:20.008,IMU-1,0x28,-1.25,179.69,352.44,0,3,0,0
2026-09-03T00:45:20.010,IMU-2,0x29,-1.75,177.94,259.75,0,3,0,0
2026-09-03T00:45:20.109,IMU-1,0x28,-1.25,179.69,352.44,0,3,0,0
2026-09-03T00:45:20.110,IMU-2,0x29,-1.75,177.94,259.75,0,3,0,0
2026-09-03T00:45:20.209,IMU-1,0x28,-1.25,179.69,352.44,0,3,0,0
2026-09-03T00:45:20.213,IMU-2,0x29,-1.75,177.94,259.75,0,3,0,0
2026-09-03T00:45:20.309,IMU-1,0x28,-1.25,179.69,352.44,0,3,0,0
2026-09-03T00:45:20.311,IMU-2,0x29,-1.75,177.94,259.75,0,3,0,0
2026-09-03T00:45:20.409,IMU-1,0x28,-1.25,179.69,352.44,0,3,0,0
2026-09-03T00:45:20.411,IMU-2,0x29,-1.75,177.94,259.75,0,3,0,0
2026-09-03T00:45:20.510,IMU-1,0x28,-1.25,179.69,352.44,0,3,0,0
2026-09-03T00:45:20.511,IMU-2,0x29,-1.75,177.94,259.75,0,3,0,0
2026-09-03T00:45:20.610,IMU-1,0x28,-1.25,179.69,352.44,0,3,0,0
2026-09-03T00:45:20.611,IMU-2,0x29,-1.75,177.94,259.75,0,3,0,0
2026-09-03T00:45:20.710,IMU-1,0x28,-1.25,179.69,352.44,0,3,0,0
2026-09-03T00:45:20.712,IMU-2,0x29,-1.75,177.94,259.75,0,3,0,0
2026-09-03T00:45:20.810,IMU-1,0x28,-1.25,179.69,352.44,0,3,0,0
2026-09-03T00:45:20.812,IMU-2,0x29,-1.75,177.94,259.75,0,3,0,0
2026-09-03T00:45:20.910,IMU-1,0x28,-1.25,179.69,352.44,0,3,0,0
2026-09-03T00:45:20.912,IMU-2,0x29,-1.75,177.94,259.75,0,3,0,0
2026-09-03T00:45:21.011,IMU-1,0x28,-1.25,179.69,352.44,0,3,0,0
2026-09-03T00:45:21.012,IMU-2,0x29,-1.75,177.94,259.75,0,3,0,0
2026-09-03T00:45:21.110,IMU-1,0x28,-1.25,179.69,352.44,0,3,0,0
2026-09-03T00:45:21.112,IMU-2,0x29,-1.75,177.94,259.75,0,3,0,0
2026-09-03T00:45:21.212,IMU-1,0x28,-1.25,179.69,352.44,0,3,0,0
2026-09-03T00:45:21.214,IMU-2,0x29,-1.75,177.94,259.75,0,3,0,0
2026-09-03T00:45:21.310,IMU-1,0x28,-1.25,179.69,352.44,0,3,0,0
2026-09-03T00:45:21.312,IMU-2,0x29,-1.75,177.94,259.75,0,3,0,0
2026-09-03T00:45:21.411,IMU-1,0x28,-1.25,179.69,352.44,0,3,0,0
2026-09-03T00:45:21.413,IMU-2,0x29,-1.75,177.94,259.75,0,3,0,0
2026-09-03T00:45:21.511,IMU-1,0x28,-1.25,179.69,352.44,0,3,0,0
2026-09-03T00:45:21.513,IMU-2,0x29,-1.75,177.94,259.75,0,3,0,0
2026-09-03T00:45:21.611,IMU-1,0x28,-1.25,179.69,352.44,0,3,0,0
2026-09-03T00:45:21.613,IMU-2,0x29,-1.75,177.94,259.75,0,3,0,0
2026-09-03T00:45:21.711,IMU-1,0x28,-1.25,179.69,352.44,0,3,0,0
2026-09-03T00:45:21.713,IMU-2,0x29,-1.75,177.94,259.75,0,3,0,0
2026-09-03T00:45:21.811,IMU-1,0x28,-1.25,179.69,352.44,0,3,0,0
2026-09-03T00:45:21.814,IMU-2,0x29,-1.75,177.94,259.75,0,3,0,0
2026-09-03T00:45:21.911,IMU-1,0x28,-1.25,179.69,352.44,0,3,0,0
2026-09-03T00:45:21.914,IMU-2,0x29,-1.75,177.94,259.75,0,3,0,0
2026-09-03T00:45:22.011,IMU-1,0x28,-1.25,179.69,352.44,0,3,0,0
2026-09-03T00:45:22.013,IMU-2,0x29,-1.75,177.94,259.75,0,3,0,0
2026-09-03T00:45:22.111,IMU-1,0x28,-1.25,179.69,352.44,0,3,0,0
2026-09-03T00:45:22.113,IMU-2,0x29,-1.75,177.94,259.75,0,3,0,0
2026-09-03T00:45:22.211,IMU-1,0x28,-1.25,179.69,352.44,0,3,0,0
2026-09-03T00:45:22.215,IMU-2,0x29,-1.75,177.94,259.75,0,3,0,0
2026-09-03T00:45:22.310,IMU-1,0x28,-1.25,179.69,352.44,0,3,0,0
2026-09-03T00:45:22.312,IMU-2,0x29,-1.75,177.94,259.75,0,3,0,0
2026-09-03T00:45:22.410,IMU-1,0x28,-1.25,179.69,352.44,0,3,0,0
2026-09-03T00:45:22.411,IMU-2,0x29,-1.75,177.94,259.75,0,3,0,0
2026-09-03T00:45:22.510,IMU-1,0x28,-1.25,179.69,352.44,0,3,0,0
2026-09-03T00:45:22.511,IMU-2,0x29,-1.75,177.94,259.75,0,3,0,0
2026-09-03T00:45:22.610,IMU-1,0x28,-1.25,179.69,352.44,0,3,0,0
2026-09-03T00:45:22.611,IMU-2,0x29,-1.75,177.94,259.75,0,3,0,0
2026-09-03T00:45:22.710,IMU-1,0x28,-1.25,179.69,352.44,0,3,0,0
2026-09-03T00:45:22.711,IMU-2,0x29,-1.75,177.94,259.75,0,3,0,0
2026-09-03T00:45:22.810,IMU-1,0x28,-1.25,179.69,352.44,0,3,0,0
2026-09-03T00:45:22.811,IMU-2,0x29,-1.75,177.94,259.75,0,3,0,0
2026-09-03T00:45:22.910,IMU-1,0x28,-1.25,179.69,352.44,0,3,0,0
2026-09-03T00:45:22.911,IMU-2,0x29,-1.75,177.94,259.75,0,3,0,0
2026-09-03T00:45:23.010,IMU-1,0x28,-1.25,179.69,352.44,0,3,0,0
2026-09-03T00:45:23.012,IMU-2,0x29,-1.75,177.94,259.75,0,3,0,0
2026-09-03T00:45:23.110,IMU-1,0x28,-1.25,179.69,352.44,0,3,0,0
2026-09-03T00:45:23.112,IMU-2,0x29,-1.75,177.94,259.75,0,3,0,0
2026-09-03T00:45:23.211,IMU-1,0x28,-1.25,179.69,352.44,0,3,0,0
2026-09-03T00:45:23.213,IMU-2,0x29,-1.75,177.94,259.75,0,3,0,0
2026-09-03T00:45:23.310,IMU-1,0x28,-1.25,179.69,352.44,0,3,0,0
2026-09-03T00:45:23.312,IMU-2,0x29,-1.75,177.94,259.75,0,3,0,0
2026-09-03T00:45:23.410,IMU-1,0x28,-1.25,179.69,352.44,0,3,0,0
2026-09-03T00:45:23.412,IMU-2,0x29,-1.75,177.94,259.75,0,3,0,0
2026-09-03T00:45:23.511,IMU-1,0x28,-1.25,179.69,352.44,0,3,0,0
2026-09-03T00:45:23.512,IMU-2,0x29,-1.75,177.94,259.75,0,3,0,0
2026-09-03T00:45:23.611,IMU-1,0x28,-1.25,179.69,352.44,0,3,0,0
2026-09-03T00:45:23.613,IMU-2,0x29,-1.75,177.94,259.75,0,3,0,0
2026-09-03T00:45:23.711,IMU-1,0x28,-1.25,179.69,352.44,0,3,0,0
2026-09-03T00:45:23.713,IMU-2,0x29,-1.75,177.94,259.75,0,3,0,0
2026-09-03T00:45:23.811,IMU-1,0x28,-1.25,179.69,352.44,0,3,0,0
2026-09-03T00:45:23.813,IMU-2,0x29,-1.75,177.94,259.75,0,3,0,0
2026-09-03T00:45:23.911,IMU-1,0x28,-1.25,179.69,352.44,0,3,0,0
2026-09-03T00:45:23.914,IMU-2,0x29,-1.75,177.94,259.75,0,3,0,0
2026-09-03T00:45:24.012,IMU-1,0x28,-1.25,179.69,352.44,0,3,0,0
2026-09-03T00:45:24.014,IMU-2,0x29,-1.75,177.94,259.75,0,3,0,0
2026-09-03T00:45:24.112,IMU-1,0x28,-1.25,179.69,352.44,0,3,0,0
2026-09-03T00:45:24.114,IMU-2,0x29,-1.75,177.94,259.75,0,3,0,0
2026-09-03T00:45:24.212,IMU-1,0x28,-1.25,179.69,352.44,0,3,0,0
2026-09-03T00:45:24.215,IMU-2,0x29,-1.75,177.94,259.75,0,3,0,0
2026-09-03T00:45:24.312,IMU-1,0x28,-1.25,179.69,352.44,0,3,0,0
2026-09-03T00:45:24.315,IMU-2,0x29,-1.75,177.94,259.75,0,3,0,0
2026-09-03T00:45:24.412,IMU-1,0x28,-1.25,179.69,352.44,0,3,0,0
2026-09-03T00:45:24.415,IMU-2,0x29,-1.75,177.94,259.75,0,3,0,0
2026-09-03T00:45:24.512,IMU-1,0x28,-1.25,179.69,352.44,0,3,0,0
2026-09-03T00:45:24.516,IMU-2,0x29,-1.75,177.94,259.75,0,3,0,0
2026-09-03T00:45:24.612,IMU-1,0x28,-1.25,179.69,352.44,0,3,0,0
2026-09-03T00:45:24.616,IMU-2,0x29,-1.75,177.94,259.75,0,3,0,0
2026-09-03T00:45:24.713,IMU-1,0x28,-1.25,179.69,352.44,0,3,0,0
2026-09-03T00:45:24.716,IMU-2,0x29,-1.75,177.94,259.75,0,3,0,0
2026-09-03T00:45:24.813,IMU-1,0x28,-1.25,179.69,352.44,0,3,0,0
2026-09-03T00:45:24.816,IMU-2,0x29,-1.75,177.94,259.75,0,3,0,0
2026-09-03T00:45:24.913,IMU-1,0x28,-1.25,179.69,352.44,0,3,0,0
2026-09-03T00:45:24.916,IMU-2,0x29,-1.75,177.94,259.75,0,3,0,0
2026-09-03T00:45:25.013,IMU-1,0x28,-1.25,179.69,352.44,0,3,0,0
2026-09-03T00:45:25.016,IMU-2,0x29,-1.75,177.94,259.75,0,3,0,0
2026-09-03T00:45:25.113,IMU-1,0x28,-1.25,179.69,352.44,0,3,0,0
2026-09-03T00:45:25.116,IMU-2,0x29,-1.75,177.94,259.75,0,3,0,0
2026-09-03T00:45:25.214,IMU-1,0x28,-1.25,179.69,352.44,0,3,0,0
2026-09-03T00:45:25.218,IMU-2,0x29,-1.75,177.94,259.75,0,3,0,0
2026-09-03T00:45:25.313,IMU-1,0x28,-1.25,179.69,352.44,0,3,0,0
2026-09-03T00:45:25.316,IMU-2,0x29,-1.75,177.94,259.75,0,3,0,0
2026-09-03T00:45:25.413,IMU-1,0x28,-1.25,179.69,352.44,0,3,0,0
2026-09-03T00:45:25.415,IMU-2,0x29,-1.75,177.94,259.75,0,3,0,0
2026-09-03T00:45:25.512,IMU-1,0x28,-1.25,179.69,352.44,0,3,0,0
2026-09-03T00:45:25.514,IMU-2,0x29,-1.75,177.94,259.75,0,3,0,0
2026-09-03T00:45:25.612,IMU-1,0x28,-1.25,179.69,352.44,0,3,0,0
2026-09-03T00:45:25.613,IMU-2,0x29,-1.75,177.94,259.75,0,3,0,0
2026-09-03T00:45:25.712,IMU-1,0x28,-1.25,179.69,352.44,0,3,0,0
2026-09-03T00:45:25.713,IMU-2,0x29,-1.75,177.94,259.75,0,3,0,0
2026-09-03T00:45:25.812,IMU-1,0x28,-1.25,179.69,352.44,0,3,0,0
2026-09-03T00:45:25.813,IMU-2,0x29,-1.75,177.94,259.75,0,3,0,0
2026-09-03T00:45:25.912,IMU-1,0x28,-1.25,179.69,352.44,0,3,0,0
2026-09-03T00:45:25.913,IMU-2,0x29,-1.75,177.94,259.75,0,3,0,0
2026-09-03T00:45:26.012,IMU-1,0x28,-1.25,179.69,352.44,0,3,0,0
2026-09-03T00:45:26.013,IMU-2,0x29,-1.75,177.94,259.75,0,3,0,0
2026-09-03T00:45:26.112,IMU-1,0x28,-1.25,179.69,352.44,0,3,0,0
2026-09-03T00:45:26.114,IMU-2,0x29,-1.75,177.94,259.75,0,3,0,0
2026-09-03T00:45:26.212,IMU-1,0x28,-1.25,179.69,352.44,0,3,0,0
2026-09-03T00:45:26.215,IMU-2,0x29,-1.75,177.94,259.75,0,3,0,0
2026-09-03T00:45:26.312,IMU-1,0x28,-1.25,179.69,352.44,0,3,0,0
2026-09-03T00:45:26.314,IMU-2,0x29,-1.75,177.94,259.75,0,3,0,0
2026-09-03T00:45:26.412,IMU-1,0x28,-1.25,179.69,352.44,0,3,0,0
2026-09-03T00:45:26.414,IMU-2,0x29,-1.75,177.94,259.75,0,3,0,0
2026-09-03T00:45:26.512,IMU-1,0x28,-1.25,179.69,352.44,0,3,0,0
2026-09-03T00:45:26.515,IMU-2,0x29,-1.75,177.94,259.75,0,3,0,0
2026-09-03T00:45:26.612,IMU-1,0x28,-1.25,179.69,352.44,0,3,0,0
2026-09-03T00:45:26.615,IMU-2,0x29,-1.75,177.94,259.75,0,3,0,0
2026-09-03T00:45:26.712,IMU-1,0x28,-1.25,179.69,352.44,0,3,0,0
2026-09-03T00:45:26.715,IMU-2,0x29,-1.75,177.94,259.75,0,3,0,0
2026-09-03T00:45:26.812,IMU-1,0x28,-1.25,179.69,352.44,0,3,0,0
2026-09-03T00:45:26.816,IMU-2,0x29,-1.75,177.94,259.75,0,3,0,0
2026-09-03T00:45:26.913,IMU-1,0x28,-1.25,179.69,352.44,0,3,0,0
2026-09-03T00:45:26.916,IMU-2,0x29,-1.75,177.94,259.75,0,3,0,0
2026-09-03T00:45:27.013,IMU-1,0x28,-1.25,179.69,352.44,0,3,0,0
2026-09-03T00:45:27.016,IMU-2,0x29,-1.75,177.94,259.75,0,3,0,0
2026-09-03T00:45:27.113,IMU-1,0x28,-1.25,179.69,352.44,0,3,0,0
2026-09-03T00:45:27.116,IMU-2,0x29,-1.75,177.94,259.75,0,3,0,0
2026-09-03T00:45:27.214,IMU-1,0x28,-1.25,179.69,352.44,0,3,0,0
2026-09-03T00:45:27.217,IMU-2,0x29,-1.75,177.94,259.75,0,3,0,0
2026-09-03T00:45:27.313,IMU-1,0x28,-1.25,179.69,352.44,0,3,0,0
2026-09-03T00:45:27.316,IMU-2,0x29,-1.75,177.94,259.75,0,3,0,0
2026-09-03T00:45:27.414,IMU-1,0x28,-1.25,179.69,352.44,0,3,0,0
2026-09-03T00:45:27.417,IMU-2,0x29,-1.75,177.94,259.75,0,3,0,0
2026-09-03T00:45:27.514,IMU-1,0x28,-1.25,179.69,352.44,0,3,0,0
2026-09-03T00:45:27.517,IMU-2,0x29,-1.75,177.94,259.75,0,3,0,0
2026-09-03T00:45:27.614,IMU-1,0x28,-1.25,179.69,352.44,0,3,0,0
2026-09-03T00:45:27.617,IMU-2,0x29,-1.75,177.94,259.75,0,3,0,0
2026-09-03T00:45:27.714,IMU-1,0x28,-1.25,179.69,352.44,0,3,0,0
2026-09-03T00:45:27.717,IMU-2,0x29,-1.75,177.94,259.75,0,3,0,0
2026-09-03T00:45:27.814,IMU-1,0x28,-1.25,179.69,352.44,0,3,0,0
2026-09-03T00:45:27.817,IMU-2,0x29,-1.75,177.88,259.75,0,3,0,0
2026-09-03T00:45:27.915,IMU-1,0x28,-1.25,179.69,352.44,0,3,0,0
2026-09-03T00:45:27.918,IMU-2,0x29,-1.75,177.88,259.75,0,3,0,0
2026-09-03T00:45:28.015,IMU-1,0x28,-1.25,179.69,352.44,0,3,0,0
2026-09-03T00:45:28.018,IMU-2,0x29,-1.75,177.88,259.75,0,3,0,0
2026-09-03T00:45:28.115,IMU-1,0x28,-1.25,179.69,352.44,0,3,0,0
2026-09-03T00:45:28.118,IMU-2,0x29,-1.75,177.88,259.75,0,3,0,0
2026-09-03T00:45:28.216,IMU-1,0x28,-1.25,179.69,352.44,0,3,0,0
2026-09-03T00:45:28.220,IMU-2,0x29,-1.75,177.88,259.75,0,3,0,0
2026-09-03T00:45:28.315,IMU-1,0x28,-1.25,179.69,352.44,0,3,0,0
2026-09-03T00:45:28.318,IMU-2,0x29,-1.75,177.88,259.75,0,3,0,0
2026-09-03T00:45:28.415,IMU-1,0x28,-1.25,179.69,352.44,0,3,0,0
2026-09-03T00:45:28.417,IMU-2,0x29,-1.75,177.88,259.75,0,3,0,0
2026-09-03T00:45:28.515,IMU-1,0x28,-1.25,179.69,352.44,0,3,0,0
2026-09-03T00:45:28.516,IMU-2,0x29,-1.75,177.88,259.75,0,3,0,0
2026-09-03T00:45:28.615,IMU-1,0x28,-1.25,179.69,352.44,0,3,0,0
2026-09-03T00:45:28.616,IMU-2,0x29,-1.75,177.88,259.75,0,3,0,0
2026-09-03T00:45:28.715,IMU-1,0x28,-1.25,179.69,352.44,0,3,0,0
2026-09-03T00:45:28.717,IMU-2,0x29,-1.75,177.88,259.75,0,3,0,0
2026-09-03T00:45:28.815,IMU-1,0x28,-1.25,179.69,352.44,0,3,0,0
2026-09-03T00:45:28.817,IMU-2,0x29,-1.75,177.88,259.75,0,3,0,0
2026-09-03T00:45:28.915,IMU-1,0x28,-1.25,179.69,352.44,0,3,0,0
2026-09-03T00:45:28.917,IMU-2,0x29,-1.75,177.88,259.75,0,3,0,0
2026-09-03T00:45:29.015,IMU-1,0x28,-1.25,179.69,352.44,0,3,0,0
2026-09-03T00:45:29.017,IMU-2,0x29,-1.75,177.88,259.75,0,3,0,0
2026-09-03T00:45:29.115,IMU-1,0x28,-1.25,179.69,352.44,0,3,0,0
2026-09-03T00:45:29.117,IMU-2,0x29,-1.75,177.88,259.75,0,3,0,0
2026-09-03T00:45:29.216,IMU-1,0x28,-1.25,179.69,352.44,0,3,0,0
2026-09-03T00:45:29.218,IMU-2,0x29,-1.75,177.94,259.75,0,3,0,0
2026-09-03T00:45:29.315,IMU-1,0x28,-1.25,179.69,352.44,0,3,0,0
2026-09-03T00:45:29.317,IMU-2,0x29,-1.75,177.94,259.75,0,3,0,0
2026-09-03T00:45:29.415,IMU-1,0x28,-1.25,179.69,352.44,0,3,0,0
2026-09-03T00:45:29.417,IMU-2,0x29,-1.75,177.94,259.75,0,3,0,0
2026-09-03T00:45:29.514,IMU-1,0x28,-1.25,179.69,352.44,0,3,0,0
2026-09-03T00:45:29.517,IMU-2,0x29,-1.75,177.88,259.75,0,3,0,0
2026-09-03T00:45:29.614,IMU-1,0x28,-1.25,179.69,352.44,0,3,0,0
2026-09-03T00:45:29.617,IMU-2,0x29,-1.75,177.88,259.75,0,3,0,0
2026-09-03T00:45:29.714,IMU-1,0x28,-1.25,179.69,352.44,0,3,0,0
2026-09-03T00:45:29.717,IMU-2,0x29,-1.75,177.88,259.75,0,3,0,0
2026-09-03T00:45:29.814,IMU-1,0x28,-1.25,179.69,352.44,0,3,0,0
2026-09-03T00:45:29.817,IMU-2,0x29,-1.75,177.88,259.75,0,3,0,0
2026-09-03T00:45:29.914,IMU-1,0x28,-1.25,179.69,352.44,0,3,0,0
2026-09-03T00:45:29.917,IMU-2,0x29,-1.75,177.88,259.75,0,3,0,0
2026-09-03T00:45:30.014,IMU-1,0x28,-1.25,179.69,352.44,0,3,0,0
2026-09-03T00:45:30.017,IMU-2,0x29,-1.75,177.88,259.75,0,3,0,0
2026-09-03T00:45:30.114,IMU-1,0x28,-1.25,179.69,352.44,0,3,0,0
2026-09-03T00:45:30.117,IMU-2,0x29,-1.75,177.88,259.75,0,3,0,0
2026-09-03T00:45:30.215,IMU-1,0x28,-1.25,179.69,352.44,0,3,0,0
2026-09-03T00:45:30.219,IMU-2,0x29,-1.75,177.88,259.75,0,3,0,0
2026-09-03T00:45:30.315,IMU-1,0x28,-1.25,179.69,352.44,0,3,0,0
2026-09-03T00:45:30.318,IMU-2,0x29,-1.75,177.88,259.75,0,3,0,0
2026-09-03T00:45:30.415,IMU-1,0x28,-1.25,179.69,352.44,0,3,0,0
2026-09-03T00:45:30.418,IMU-2,0x29,-1.75,177.88,259.75,0,3,0,0
2026-09-03T00:45:30.515,IMU-1,0x28,-1.25,179.69,352.44,0,3,0,0
2026-09-03T00:45:30.517,IMU-2,0x29,-1.75,177.88,259.75,0,3,0,0
2026-09-03T00:45:30.615,IMU-1,0x28,-1.25,179.69,352.44,0,3,0,0
2026-09-03T00:45:30.617,IMU-2,0x29,-1.75,177.88,259.75,0,3,0,0
2026-09-03T00:45:30.715,IMU-1,0x28,-1.25,179.69,352.44,0,3,0,0
2026-09-03T00:45:30.717,IMU-2,0x29,-1.75,177.88,259.75,0,3,0,0
2026-09-03T00:45:30.815,IMU-1,0x28,-1.25,179.69,352.44,0,3,0,0
2026-09-03T00:45:30.817,IMU-2,0x29,-1.75,177.88,259.75,0,3,0,0
2026-09-03T00:45:30.916,IMU-1,0x28,-1.25,179.69,352.44,0,3,0,0
2026-09-03T00:45:30.917,IMU-2,0x29,-1.75,177.88,259.75,0,3,0,0
2026-09-03T00:45:31.016,IMU-1,0x28,-1.25,179.69,352.44,0,3,0,0
2026-09-03T00:45:31.017,IMU-2,0x29,-1.75,177.88,259.75,0,3,0,0
2026-09-03T00:45:31.116,IMU-1,0x28,-1.25,179.69,352.44,0,3,0,0
2026-09-03T00:45:31.117,IMU-2,0x29,-1.75,177.88,259.75,0,3,0,0
2026-09-03T00:45:31.216,IMU-1,0x28,-1.25,179.69,352.44,0,3,0,0
2026-09-03T00:45:31.218,IMU-2,0x29,-1.75,177.88,259.75,0,3,0,0
2026-09-03T00:45:31.316,IMU-1,0x28,-1.25,179.69,352.44,0,3,0,0
2026-09-03T00:45:31.318,IMU-2,0x29,-1.75,177.88,259.75,0,3,0,0
2026-09-03T00:45:31.416,IMU-1,0x28,-1.25,179.69,352.44,0,3,0,0
2026-09-03T00:45:31.418,IMU-2,0x29,-1.75,177.88,259.75,0,3,0,0
2026-09-03T00:45:31.517,IMU-1,0x28,-1.25,179.69,352.44,0,3,0,0
2026-09-03T00:45:31.518,IMU-2,0x29,-1.75,177.88,259.75,0,3,0,0
2026-09-03T00:45:31.617,IMU-1,0x28,-1.25,179.69,352.44,0,3,0,0
2026-09-03T00:45:31.618,IMU-2,0x29,-1.75,177.88,259.75,0,3,0,0
2026-09-03T00:45:31.717,IMU-1,0x28,-1.25,179.69,352.44,0,3,0,0
2026-09-03T00:45:31.718,IMU-2,0x29,-1.75,177.88,259.75,0,3,0,0
2026-09-03T00:45:31.817,IMU-1,0x28,-1.25,179.69,352.44,0,3,0,0
2026-09-03T00:45:31.819,IMU-2,0x29,-1.75,177.88,259.75,0,3,0,0
2026-09-03T00:45:31.917,IMU-1,0x28,-1.25,179.69,352.44,0,3,0,0
2026-09-03T00:45:31.919,IMU-2,0x29,-1.75,177.88,259.75,0,3,0,0
2026-09-03T00:45:32.017,IMU-1,0x28,-1.25,179.69,352.44,0,3,0,0
2026-09-03T00:45:32.019,IMU-2,0x29,-1.75,177.94,259.75,0,3,0,0
2026-09-03T00:45:32.117,IMU-1,0x28,-1.25,179.69,352.44,0,3,0,0
2026-09-03T00:45:32.119,IMU-2,0x29,-1.75,177.94,259.75,0,3,0,0
2026-09-03T00:45:32.218,IMU-1,0x28,-1.25,179.69,352.44,0,3,0,0
2026-09-03T00:45:32.220,IMU-2,0x29,-1.75,177.94,259.75,0,3,0,0
2026-09-03T00:45:32.317,IMU-1,0x28,-1.25,179.69,352.44,0,3,0,0
2026-09-03T00:45:32.320,IMU-2,0x29,-1.75,177.94,259.75,0,3,0,0
2026-09-03T00:45:32.417,IMU-1,0x28,-1.25,179.69,352.44,0,3,0,0
2026-09-03T00:45:32.420,IMU-2,0x29,-1.75,177.94,259.75,0,3,0,0
2026-09-03T00:45:32.518,IMU-1,0x28,-1.25,179.69,352.44,0,3,0,0
2026-09-03T00:45:32.520,IMU-2,0x29,-1.75,177.94,259.75,0,3,0,0
2026-09-03T00:45:32.618,IMU-1,0x28,-1.25,179.69,352.44,0,3,0,0
2026-09-03T00:45:32.621,IMU-2,0x29,-1.75,177.94,259.75,0,3,0,0
2026-09-03T00:45:32.718,IMU-1,0x28,-1.25,179.69,352.44,0,3,0,0
2026-09-03T00:45:32.721,IMU-2,0x29,-1.75,177.94,259.75,0,3,0,0
2026-09-03T00:45:32.818,IMU-1,0x28,-1.25,179.69,352.44,0,3,0,0
2026-09-03T00:45:32.821,IMU-2,0x29,-1.75,177.94,259.75,0,3,0,0
2026-09-03T00:45:32.918,IMU-1,0x28,-1.25,179.69,352.44,0,3,0,0
2026-09-03T00:45:32.921,IMU-2,0x29,-1.75,177.94,259.75,0,3,0,0
2026-09-03T00:45:33.018,IMU-1,0x28,-1.25,179.69,352.44,0,3,0,0
2026-09-03T00:45:33.021,IMU-2,0x29,-1.75,177.94,259.75,0,3,0,0
2026-09-03T00:45:33.117,IMU-1,0x28,-1.25,179.69,352.44,0,3,0,0
2026-09-03T00:45:33.120,IMU-2,0x29,-1.75,177.94,259.75,0,3,0,0
2026-09-03T00:45:33.218,IMU-1,0x28,-1.25,179.69,352.44,0,3,0,0
2026-09-03T00:45:33.222,IMU-2,0x29,-1.75,177.94,259.75,0,3,0,0
2026-09-03T00:45:33.317,IMU-1,0x28,-1.25,179.69,352.44,0,3,0,0
2026-09-03T00:45:33.319,IMU-2,0x29,-1.75,177.94,259.75,0,3,0,0
2026-09-03T00:45:33.417,IMU-1,0x28,-1.25,179.69,352.44,0,3,0,0
2026-09-03T00:45:33.418,IMU-2,0x29,-1.75,177.94,259.75,0,3,0,0
2026-09-03T00:45:33.517,IMU-1,0x28,-1.25,179.69,352.44,0,3,0,0
2026-09-03T00:45:33.518,IMU-2,0x29,-1.75,177.94,259.75,0,3,0,0
2026-09-03T00:45:33.617,IMU-1,0x28,-1.25,179.69,352.44,0,3,0,0
2026-09-03T00:45:33.618,IMU-2,0x29,-1.75,177.94,259.75,0,3,0,0
2026-09-03T00:45:33.717,IMU-1,0x28,-1.25,179.69,352.44,0,3,0,0
2026-09-03T00:45:33.718,IMU-2,0x29,-1.75,177.94,259.75,0,3,0,0
2026-09-03T00:45:33.817,IMU-1,0x28,-1.25,179.69,352.44,0,3,0,0
2026-09-03T00:45:33.818,IMU-2,0x29,-1.75,177.94,259.75,0,3,0,0
2026-09-03T00:45:33.917,IMU-1,0x28,-1.25,179.69,352.44,0,3,0,0
2026-09-03T00:45:33.918,IMU-2,0x29,-1.75,177.94,259.75,0,3,0,0
2026-09-03T00:45:34.017,IMU-1,0x28,-1.25,179.69,352.44,0,3,0,0
2026-09-03T00:45:34.018,IMU-2,0x29,-1.75,177.94,259.75,0,3,0,0
2026-09-03T00:45:34.117,IMU-1,0x28,-1.25,179.69,352.44,0,3,0,0
2026-09-03T00:45:34.119,IMU-2,0x29,-1.75,177.94,259.75,0,3,0,0
2026-09-03T00:45:34.218,IMU-1,0x28,-1.25,179.69,352.44,0,3,0,0
2026-09-03T00:45:34.219,IMU-2,0x29,-1.75,177.94,259.75,0,3,0,0
2026-09-03T00:45:34.317,IMU-1,0x28,-1.25,179.69,352.44,0,3,0,0
2026-09-03T00:45:34.319,IMU-2,0x29,-1.75,177.94,259.75,0,3,0,0
2026-09-03T00:45:34.417,IMU-1,0x28,-1.25,179.69,352.44,0,3,0,0
2026-09-03T00:45:34.419,IMU-2,0x29,-1.75,177.94,259.75,0,3,0,0
2026-09-03T00:45:34.517,IMU-1,0x28,-1.25,179.69,352.44,0,3,0,0
2026-09-03T00:45:34.520,IMU-2,0x29,-1.75,177.94,259.75,0,3,0,0
2026-09-03T00:45:34.618,IMU-1,0x28,-1.25,179.69,352.44,0,3,0,0
2026-09-03T00:45:34.620,IMU-2,0x29,-1.75,177.94,259.75,0,3,0,0
2026-09-03T00:45:34.718,IMU-1,0x28,-1.25,179.69,352.44,0,3,0,0
2026-09-03T00:45:34.720,IMU-2,0x29,-1.75,177.94,259.75,0,3,0,0
2026-09-03T00:45:34.818,IMU-1,0x28,-1.25,179.69,352.44,0,3,0,0
2026-09-03T00:45:34.821,IMU-2,0x29,-1.75,177.94,259.75,0,3,0,0
2026-09-03T00:45:34.918,IMU-1,0x28,-1.25,179.69,352.44,0,3,0,0
2026-09-03T00:45:34.921,IMU-2,0x29,-1.75,177.94,259.75,0,3,0,0
2026-09-03T00:45:35.019,IMU-1,0x28,-1.25,179.69,352.44,0,3,0,0
2026-09-03T00:45:35.021,IMU-2,0x29,-1.75,177.94,259.75,0,3,0,0
2026-09-03T00:45:35.119,IMU-1,0x28,-1.25,179.69,352.44,0,3,0,0
2026-09-03T00:45:35.122,IMU-2,0x29,-1.75,177.94,259.75,0,3,0,0
2026-09-03T00:45:35.219,IMU-1,0x28,-1.25,179.69,352.44,0,3,0,0
2026-09-03T00:45:35.223,IMU-2,0x29,-1.75,177.94,259.75,0,3,0,0
2026-09-03T00:45:35.319,IMU-1,0x28,-1.25,179.69,352.44,0,3,0,0
2026-09-03T00:45:35.322,IMU-2,0x29,-1.75,177.94,259.75,0,3,0,0
2026-09-03T00:45:35.419,IMU-1,0x28,-1.25,179.69,352.44,0,3,0,0
2026-09-03T00:45:35.421,IMU-2,0x29,-1.75,177.94,259.75,0,3,0,0
2026-09-03T00:45:35.519,IMU-1,0x28,-1.25,179.69,352.44,0,3,0,0
2026-09-03T00:45:35.521,IMU-2,0x29,-1.75,177.94,259.75,0,3,0,0
2026-09-03T00:45:35.620,IMU-1,0x28,-1.25,179.69,352.44,0,3,0,0
2026-09-03T00:45:35.621,IMU-2,0x29,-1.75,177.94,259.75,0,3,0,0
2026-09-03T00:45:35.719,IMU-1,0x28,-1.25,179.69,352.44,0,3,0,0
2026-09-03T00:45:35.721,IMU-2,0x29,-1.75,177.94,259.75,0,3,0,0
2026-09-03T00:45:35.819,IMU-1,0x28,-1.25,179.69,352.44,0,3,0,0
2026-09-03T00:45:35.821,IMU-2,0x29,-1.75,177.94,259.75,0,3,0,0
2026-09-03T00:45:35.919,IMU-1,0x28,-1.25,179.69,352.44,0,3,0,0
2026-09-03T00:45:35.920,IMU-2,0x29,-1.75,177.94,259.75,0,3,0,0
2026-09-03T00:45:36.019,IMU-1,0x28,-1.25,179.69,352.44,0,3,0,0
2026-09-03T00:45:36.020,IMU-2,0x29,-1.75,177.94,259.75,0,3,0,0
2026-09-03T00:45:36.118,IMU-1,0x28,-1.25,179.69,352.44,0,3,0,0
2026-09-03T00:45:36.120,IMU-2,0x29,-1.75,177.94,259.75,0,3,0,0
2026-09-03T00:45:36.219,IMU-1,0x28,-1.25,179.69,352.44,0,3,0,0
2026-09-03T00:45:36.221,IMU-2,0x29,-1.75,177.94,259.75,0,3,0,0
2026-09-03T00:45:36.318,IMU-1,0x28,-1.25,179.69,352.44,0,3,0,0
2026-09-03T00:45:36.320,IMU-2,0x29,-1.75,177.94,259.75,0,3,0,0
2026-09-03T00:45:36.418,IMU-1,0x28,-1.25,179.69,352.44,0,3,0,0
2026-09-03T00:45:36.420,IMU-2,0x29,-1.75,177.94,259.75,0,3,0,0
2026-09-03T00:45:36.518,IMU-1,0x28,-1.25,179.69,352.44,0,3,0,0
2026-09-03T00:45:36.520,IMU-2,0x29,-1.75,177.94,259.75,0,3,0,0
2026-09-03T00:45:36.619,IMU-1,0x28,-1.25,179.69,352.44,0,3,0,0
2026-09-03T00:45:36.620,IMU-2,0x29,-1.75,177.94,259.75,0,3,0,0
2026-09-03T00:45:36.719,IMU-1,0x28,-1.25,179.69,352.44,0,3,0,0
2026-09-03T00:45:36.720,IMU-2,0x29,-1.75,177.94,259.75,0,3,0,0
2026-09-03T00:45:36.819,IMU-1,0x28,-1.25,179.69,352.44,0,3,0,0
2026-09-03T00:45:36.821,IMU-2,0x29,-1.75,177.94,259.75,0,3,0,0
2026-09-03T00:45:36.919,IMU-1,0x28,-1.25,179.69,352.44,0,3,0,0
2026-09-03T00:45:36.921,IMU-2,0x29,-1.75,177.94,259.75,0,3,0,0
2026-09-03T00:45:37.019,IMU-1,0x28,-1.25,179.69,352.44,0,3,0,0
2026-09-03T00:45:37.021,IMU-2,0x29,-1.75,177.94,259.75,0,3,0,0
2026-09-03T00:45:37.119,IMU-1,0x28,-1.25,179.69,352.44,0,3,0,0
2026-09-03T00:45:37.121,IMU-2,0x29,-1.75,177.94,259.75,0,3,0,0
2026-09-03T00:45:37.219,IMU-1,0x28,-1.25,179.69,352.44,0,3,0,0
2026-09-03T00:45:37.222,IMU-2,0x29,-1.75,177.94,259.75,0,3,0,0
2026-09-03T00:45:37.319,IMU-1,0x28,-1.25,179.69,352.44,0,3,0,0
2026-09-03T00:45:37.322,IMU-2,0x29,-1.75,177.94,259.75,0,3,0,0
2026-09-03T00:45:37.419,IMU-1,0x28,-1.25,179.69,352.44,0,3,0,0
2026-09-03T00:45:37.422,IMU-2,0x29,-1.75,177.94,259.75,0,3,0,0
2026-09-03T00:45:37.519,IMU-1,0x28,-1.25,179.69,352.44,0,3,0,0
2026-09-03T00:45:37.522,IMU-2,0x29,-1.75,177.94,259.75,0,3,0,0
2026-09-03T00:45:37.619,IMU-1,0x28,-1.25,179.69,352.44,0,3,0,0
2026-09-03T00:45:37.622,IMU-2,0x29,-1.75,177.94,259.75,0,3,0,0
2026-09-03T00:45:37.719,IMU-1,0x28,-1.25,179.69,352.44,0,3,0,0
2026-09-03T00:45:37.722,IMU-2,0x29,-1.75,177.94,259.75,0,3,0,0
2026-09-03T00:45:37.819,IMU-1,0x28,-1.25,179.69,352.44,0,3,0,0
2026-09-03T00:45:37.822,IMU-2,0x29,-1.75,177.94,259.75,0,3,0,0
2026-09-03T00:45:37.919,IMU-1,0x28,-1.25,179.69,352.44,0,3,0,0
2026-09-03T00:45:37.922,IMU-2,0x29,-1.75,177.94,259.75,0,3,0,0
2026-09-03T00:45:38.019,IMU-1,0x28,-1.25,179.69,352.44,0,3,0,0
2026-09-03T00:45:38.022,IMU-2,0x29,-1.75,177.94,259.75,0,3,0,0
2026-09-03T00:45:38.119,IMU-1,0x28,-1.25,179.69,352.44,0,3,0,0
2026-09-03T00:45:38.122,IMU-2,0x29,-1.75,177.94,259.75,0,3,0,0
2026-09-03T00:45:38.220,IMU-1,0x28,-1.25,179.69,352.44,0,3,0,0
2026-09-03T00:45:38.224,IMU-2,0x29,-1.75,177.94,259.75,0,3,0,0
2026-09-03T00:45:38.320,IMU-1,0x28,-1.25,179.69,352.44,0,3,0,0
2026-09-03T00:45:38.323,IMU-2,0x29,-1.75,177.94,259.75,0,3,0,0
2026-09-03T00:45:38.420,IMU-1,0x28,-1.25,179.69,352.44,0,3,0,0
2026-09-03T00:45:38.423,IMU-2,0x29,-1.75,177.94,259.75,0,3,0,0
2026-09-03T00:45:38.520,IMU-1,0x28,-1.25,179.69,352.44,0,3,0,0
2026-09-03T00:45:38.523,IMU-2,0x29,-1.75,177.94,259.75,0,3,0,0
2026-09-03T00:45:38.621,IMU-1,0x28,-1.25,179.69,352.44,0,3,0,0
2026-09-03T00:45:38.622,IMU-2,0x29,-1.75,177.94,259.75,0,3,0,0
2026-09-03T00:45:38.721,IMU-1,0x28,-1.25,179.69,352.44,0,3,0,0
2026-09-03T00:45:38.722,IMU-2,0x29,-1.75,177.94,259.75,0,3,0,0
2026-09-03T00:45:38.821,IMU-1,0x28,-1.25,179.69,352.44,0,3,0,0
2026-09-03T00:45:38.822,IMU-2,0x29,-1.75,177.94,259.75,0,3,0,0
2026-09-03T00:45:38.921,IMU-1,0x28,-1.25,179.69,352.44,0,3,0,0
2026-09-03T00:45:38.923,IMU-2,0x29,-1.75,177.94,259.75,0,3,0,0
2026-09-03T00:45:39.021,IMU-1,0x28,-1.25,179.69,352.44,0,3,0,0
2026-09-03T00:45:39.023,IMU-2,0x29,-1.75,177.94,259.75,0,3,0,0
2026-09-03T00:45:39.122,IMU-1,0x28,-1.25,179.69,352.44,0,3,0,0
2026-09-03T00:45:39.123,IMU-2,0x29,-1.75,177.94,259.75,0,3,0,0
2026-09-03T00:45:39.222,IMU-1,0x28,-1.25,179.69,352.44,0,3,0,0
2026-09-03T00:45:39.224,IMU-2,0x29,-1.75,177.94,259.75,0,3,0,0
2026-09-03T00:45:39.322,IMU-1,0x28,-1.25,179.69,352.44,0,3,0,0
2026-09-03T00:45:39.323,IMU-2,0x29,-1.75,177.94,259.75,0,3,0,0
2026-09-03T00:45:39.422,IMU-1,0x28,-1.25,179.69,352.44,0,3,0,0
2026-09-03T00:45:39.423,IMU-2,0x29,-1.75,177.94,259.75,0,3,0,0
2026-09-03T00:45:39.522,IMU-1,0x28,-1.25,179.69,352.44,0,3,0,0
2026-09-03T00:45:39.523,IMU-2,0x29,-1.75,177.94,259.75,0,3,0,0
2026-09-03T00:45:39.622,IMU-1,0x28,-1.25,179.69,352.44,0,3,0,0
2026-09-03T00:45:39.623,IMU-2,0x29,-1.75,177.94,259.75,0,3,0,0
2026-09-03T00:45:39.722,IMU-1,0x28,-1.25,179.69,352.44,0,3,0,0
2026-09-03T00:45:39.724,IMU-2,0x29,-1.75,177.94,259.75,0,3,0,0
2026-09-03T00:45:39.822,IMU-1,0x28,-1.25,179.69,352.44,0,3,0,0
2026-09-03T00:45:39.824,IMU-2,0x29,-1.75,177.94,259.75,0,3,0,0
2026-09-03T00:45:39.922,IMU-1,0x28,-1.25,179.69,352.44,0,3,0,0
2026-09-03T00:45:39.924,IMU-2,0x29,-1.75,177.94,259.75,0,3,0,0
2026-09-03T00:45:40.022,IMU-1,0x28,-1.25,179.69,352.44,0,3,0,0
2026-09-03T00:45:40.024,IMU-2,0x29,-1.75,177.94,259.75,0,3,0,0
2026-09-03T00:45:40.122,IMU-1,0x28,-1.25,179.69,352.44,0,3,0,0
2026-09-03T00:45:40.125,IMU-2,0x29,-1.75,177.94,259.75,0,3,0,0
2026-09-03T00:45:40.223,IMU-1,0x28,-1.25,179.69,352.44,0,3,0,0
2026-09-03T00:45:40.226,IMU-2,0x29,-1.75,177.94,259.75,0,3,0,0
2026-09-03T00:45:40.322,IMU-1,0x28,-1.25,179.69,352.44,0,3,0,0
2026-09-03T00:45:40.325,IMU-2,0x29,-1.75,177.94,259.75,0,3,0,0
2026-09-03T00:45:40.422,IMU-1,0x28,-1.25,179.69,352.44,0,3,0,0
2026-09-03T00:45:40.425,IMU-2,0x29,-1.75,177.94,259.75,0,3,0,0
2026-09-03T00:45:40.522,IMU-1,0x28,-1.25,179.69,352.44,0,3,0,0
2026-09-03T00:45:40.525,IMU-2,0x29,-1.75,177.94,259.75,0,3,0,0
2026-09-03T00:45:40.622,IMU-1,0x28,-1.25,179.69,352.44,0,3,0,0
2026-09-03T00:45:40.625,IMU-2,0x29,-1.75,177.94,259.75,0,3,0,0
2026-09-03T00:45:40.722,IMU-1,0x28,-1.25,179.69,352.44,0,3,0,0
2026-09-03T00:45:40.725,IMU-2,0x29,-1.75,177.94,259.75,0,3,0,0
2026-09-03T00:45:40.822,IMU-1,0x28,-1.25,179.69,352.44,0,3,0,0
2026-09-03T00:45:40.824,IMU-2,0x29,-1.75,177.94,259.75,0,3,0,0
2026-09-03T00:45:40.921,IMU-1,0x28,-1.25,179.69,352.44,0,3,0,0
2026-09-03T00:45:40.923,IMU-2,0x29,-1.75,177.94,259.75,0,3,0,0
2026-09-03T00:45:41.021,IMU-1,0x28,-1.25,179.69,352.44,0,3,0,0
2026-09-03T00:45:41.023,IMU-2,0x29,-1.75,177.94,259.75,0,3,0,0
2026-09-03T00:45:41.121,IMU-1,0x28,-1.25,179.69,352.44,0,3,0,0
2026-09-03T00:45:41.123,IMU-2,0x29,-1.75,177.94,259.75,0,3,0,0
2026-09-03T00:45:41.222,IMU-1,0x28,-1.25,179.69,352.44,0,3,0,0
2026-09-03T00:45:41.224,IMU-2,0x29,-1.75,177.94,259.75,0,3,0,0
2026-09-03T00:45:41.321,IMU-1,0x28,-1.25,179.69,352.44,0,3,0,0
2026-09-03T00:45:41.323,IMU-2,0x29,-1.75,177.94,259.75,0,3,0,0
2026-09-03T00:45:41.421,IMU-1,0x28,-1.25,179.69,352.44,0,3,0,0
2026-09-03T00:45:41.423,IMU-2,0x29,-1.75,177.94,259.75,0,3,0,0
2026-09-03T00:45:41.521,IMU-1,0x28,-1.25,179.69,352.44,0,3,0,0
2026-09-03T00:45:41.523,IMU-2,0x29,-1.75,177.94,259.75,0,3,0,0
2026-09-03T00:45:41.622,IMU-1,0x28,-1.25,179.69,352.44,0,3,0,0
2026-09-03T00:45:41.623,IMU-2,0x29,-1.75,177.94,259.75,0,3,0,0
2026-09-03T00:45:41.722,IMU-1,0x28,-1.25,179.69,352.44,0,3,0,0
2026-09-03T00:45:41.723,IMU-2,0x29,-1.75,177.94,259.75,0,3,0,0
2026-09-03T00:45:41.822,IMU-1,0x28,-1.25,179.69,352.44,0,3,0,0
2026-09-03T00:45:41.823,IMU-2,0x29,-1.75,177.94,259.75,0,3,0,0
2026-09-03T00:45:41.922,IMU-1,0x28,-1.25,179.69,352.44,0,3,0,0
2026-09-03T00:45:41.923,IMU-2,0x29,-1.75,177.94,259.75,0,3,0,0
2026-09-03T00:45:42.022,IMU-1,0x28,-1.25,179.69,352.44,0,3,0,0
2026-09-03T00:45:42.024,IMU-2,0x29,-1.75,177.94,259.75,0,3,0,0
2026-09-03T00:45:42.122,IMU-1,0x28,-1.25,179.69,352.44,0,3,0,0
2026-09-03T00:45:42.124,IMU-2,0x29,-1.75,177.94,259.75,0,3,0,0
2026-09-03T00:45:42.223,IMU-1,0x28,-1.25,179.69,352.44,0,3,0,0
2026-09-03T00:45:42.225,IMU-2,0x29,-1.75,177.94,259.75,0,3,0,0
2026-09-03T00:45:42.323,IMU-1,0x28,-1.25,179.69,352.44,0,3,0,0
2026-09-03T00:45:42.325,IMU-2,0x29,-1.75,177.94,259.75,0,3,0,0
2026-09-03T00:45:42.423,IMU-1,0x28,-1.25,179.69,352.44,0,3,0,0
2026-09-03T00:45:42.425,IMU-2,0x29,-1.75,177.94,259.75,0,3,0,0
2026-09-03T00:45:42.523,IMU-1,0x28,-1.25,179.69,352.44,0,3,0,0
2026-09-03T00:45:42.525,IMU-2,0x29,-1.75,177.94,259.75,0,3,0,0
2026-09-03T00:45:42.623,IMU-1,0x28,-1.25,179.69,352.44,0,3,0,0
2026-09-03T00:45:42.626,IMU-2,0x29,-1.75,177.94,259.75,0,3,0,0
2026-09-03T00:45:42.724,IMU-1,0x28,-1.25,179.69,352.44,0,3,0,0
2026-09-03T00:45:42.726,IMU-2,0x29,-1.75,177.94,259.75,0,3,0,0
2026-09-03T00:45:42.824,IMU-1,0x28,-1.25,179.69,352.44,0,3,0,0
2026-09-03T00:45:42.826,IMU-2,0x29,-1.75,177.94,259.75,0,3,0,0
2026-09-03T00:45:42.924,IMU-1,0x28,-1.25,179.69,352.44,0,3,0,0
2026-09-03T00:45:42.927,IMU-2,0x29,-1.75,177.94,259.75,0,3,0,0
2026-09-03T00:45:43.024,IMU-1,0x28,-1.25,179.69,352.44,0,3,0,0
2026-09-03T00:45:43.027,IMU-2,0x29,-1.75,177.94,259.75,0,3,0,0
2026-09-03T00:45:43.124,IMU-1,0x28,-1.25,179.69,352.44,0,3,0,0
2026-09-03T00:45:43.127,IMU-2,0x29,-1.75,177.94,259.75,0,3,0,0
2026-09-03T00:45:43.225,IMU-1,0x28,-1.25,179.69,352.44,0,3,0,0
2026-09-03T00:45:43.228,IMU-2,0x29,-1.75,177.94,259.75,0,3,0,0
2026-09-03T00:45:43.324,IMU-1,0x28,-1.25,179.69,352.44,0,3,0,0
2026-09-03T00:45:43.327,IMU-2,0x29,-1.75,177.94,259.75,0,3,0,0
2026-09-03T00:45:43.424,IMU-1,0x28,-1.25,179.69,352.44,0,3,0,0
2026-09-03T00:45:43.427,IMU-2,0x29,-1.75,177.94,259.75,0,3,0,0
2026-09-03T00:45:43.524,IMU-1,0x28,-1.25,179.69,352.44,0,3,0,0
2026-09-03T00:45:43.527,IMU-2,0x29,-1.75,177.94,259.75,0,3,0,0
2026-09-03T00:45:43.624,IMU-1,0x28,-1.25,179.69,352.44,0,3,0,0
2026-09-03T00:45:43.627,IMU-2,0x29,-1.75,177.94,259.75,0,3,0,0
2026-09-03T00:45:43.724,IMU-1,0x28,-1.25,179.69,352.44,0,3,0,0
2026-09-03T00:45:43.727,IMU-2,0x29,-1.75,177.94,259.75,0,3,0,0
2026-09-03T00:45:43.825,IMU-1,0x28,-1.25,179.69,352.44,0,3,0,0
2026-09-03T00:45:43.828,IMU-2,0x29,-1.75,177.94,259.75,0,3,0,0
2026-09-03T00:45:43.925,IMU-1,0x28,-1.25,179.69,352.44,0,3,0,0
2026-09-03T00:45:43.927,IMU-2,0x29,-1.75,177.94,259.75,0,3,0,0
2026-09-03T00:45:44.025,IMU-1,0x28,-1.25,179.69,352.44,0,3,0,0
2026-09-03T00:45:44.027,IMU-2,0x29,-1.75,177.94,259.75,0,3,0,0
2026-09-03T00:45:44.124,IMU-1,0x28,-1.25,179.69,352.44,0,3,0,0
2026-09-03T00:45:44.126,IMU-2,0x29,-1.75,177.94,259.75,0,3,0,0
2026-09-03T00:45:44.225,IMU-1,0x28,-1.25,179.69,352.44,0,3,0,0
2026-09-03T00:45:44.227,IMU-2,0x29,-1.75,177.94,259.75,0,3,0,0
2026-09-03T00:45:44.324,IMU-1,0x28,-1.25,179.69,352.44,0,3,0,0
2026-09-03T00:45:44.325,IMU-2,0x29,-1.75,177.94,259.75,0,3,0,0
2026-09-03T00:45:44.424,IMU-1,0x28,-1.25,179.69,352.44,0,3,0,0
2026-09-03T00:45:44.425,IMU-2,0x29,-1.75,177.94,259.75,0,3,0,0
2026-09-03T00:45:44.523,IMU-1,0x28,-1.25,179.69,352.44,0,3,0,0
2026-09-03T00:45:44.525,IMU-2,0x29,-1.75,177.94,259.75,0,3,0,0
2026-09-03T00:45:44.623,IMU-1,0x28,-1.25,179.69,352.44,0,3,0,0
2026-09-03T00:45:44.625,IMU-2,0x29,-1.75,177.94,259.75,0,3,0,0
2026-09-03T00:45:44.724,IMU-1,0x28,-1.25,179.69,352.44,0,3,0,0
2026-09-03T00:45:44.725,IMU-2,0x29,-1.75,177.94,259.75,0,3,0,0
2026-09-03T00:45:44.824,IMU-1,0x28,-1.25,179.69,352.44,0,3,0,0
2026-09-03T00:45:44.826,IMU-2,0x29,-1.75,177.94,259.75,0,3,0,0
2026-09-03T00:45:44.924,IMU-1,0x28,-1.25,179.69,352.44,0,3,0,0
2026-09-03T00:45:44.926,IMU-2,0x29,-1.75,177.94,259.75,0,3,0,0
2026-09-03T00:45:45.024,IMU-1,0x28,-1.25,179.69,352.44,0,3,0,0
2026-09-03T00:45:45.026,IMU-2,0x29,-1.75,177.94,259.75,0,3,0,0
2026-09-03T00:45:45.124,IMU-1,0x28,-1.25,179.69,352.44,0,3,0,0
2026-09-03T00:45:45.126,IMU-2,0x29,-1.75,177.94,259.75,0,3,0,0
2026-09-03T00:45:45.224,IMU-1,0x28,-1.25,179.69,352.44,0,3,0,0
2026-09-03T00:45:45.227,IMU-2,0x29,-1.75,177.94,259.75,0,3,0,0
2026-09-03T00:45:45.324,IMU-1,0x28,-1.25,179.69,352.44,0,3,0,0
2026-09-03T00:45:45.327,IMU-2,0x29,-1.75,177.94,259.75,0,3,0,0
2026-09-03T00:45:45.424,IMU-1,0x28,-1.25,179.69,352.44,0,3,0,0
2026-09-03T00:45:45.427,IMU-2,0x29,-1.75,177.94,259.75,0,3,0,0
2026-09-03T00:45:45.524,IMU-1,0x28,-1.25,179.69,352.44,0,3,0,0
2026-09-03T00:45:45.527,IMU-2,0x29,-1.75,177.94,259.75,0,3,0,0
2026-09-03T00:45:45.625,IMU-1,0x28,-1.25,179.69,352.44,0,3,0,0
2026-09-03T00:45:45.628,IMU-2,0x29,-1.75,177.94,259.75,0,3,0,0
2026-09-03T00:45:45.725,IMU-1,0x28,-1.25,179.56,353.25,0,3,0,0
2026-09-03T00:45:45.726,IMU-2,0x29,-1.81,178.06,260.44,0,3,0,0
2026-09-03T00:45:45.825,IMU-1,0x28,-1.31,179.62,353.75,0,3,0,0
2026-09-03T00:45:45.826,IMU-2,0x29,-1.88,178.0,260.94,0,3,0,0
2026-09-03T00:45:45.925,IMU-1,0x28,-1.38,179.69,356.25,0,3,0,0
2026-09-03T00:45:45.927,IMU-2,0x29,-1.94,177.94,263.38,0,3,0,0
2026-09-03T00:45:46.025,IMU-1,0x28,-1.88,178.69,352.38,0,3,0,0
2026-09-03T00:45:46.027,IMU-2,0x29,-1.06,179.19,259.69,0,3,0,0
2026-09-03T00:45:46.126,IMU-1,0x28,-2.31,168.56,348.5,0,3,0,0
2026-09-03T00:45:46.127,IMU-2,0x29,-0.12,-170.44,255.69,0,3,0,0
2026-09-03T00:45:46.226,IMU-1,0x28,-2.5,154.81,347.12,0,3,0,0
2026-09-03T00:45:46.228,IMU-2,0x29,0.44,-157.38,254.5,0,3,0,0
2026-09-03T00:45:46.326,IMU-1,0x28,-3.0,148.44,347.75,0,3,0,0
2026-09-03T00:45:46.328,IMU-2,0x29,1.06,-150.81,255.12,0,3,0,0
2026-09-03T00:45:46.426,IMU-1,0x28,-4.81,141.56,348.06,0,3,0,0
2026-09-03T00:45:46.428,IMU-2,0x29,3.12,-144.19,255.5,0,3,0,0
2026-09-03T00:45:46.526,IMU-1,0x28,-7.94,139.25,343.75,0,3,0,0
2026-09-03T00:45:46.528,IMU-2,0x29,6.94,-142.44,251.44,0,3,0,0
2026-09-03T00:45:46.626,IMU-1,0x28,-12.62,145.62,337.94,0,3,0,0
2026-09-03T00:45:46.628,IMU-2,0x29,11.94,-148.88,246.31,0,3,0,0
2026-09-03T00:45:46.726,IMU-1,0x28,-18.0,155.62,336.06,0,3,0,0
2026-09-03T00:45:46.728,IMU-2,0x29,17.38,-160.12,244.44,0,3,0,0
2026-09-03T00:45:46.827,IMU-1,0x28,-23.5,168.12,334.25,0,3,0,0
2026-09-03T00:45:46.828,IMU-2,0x29,22.38,-170.94,243.06,0,3,0,0
2026-09-03T00:45:46.926,IMU-1,0x28,-25.75,171.5,333.0,0,3,0,0
2026-09-03T00:45:46.928,IMU-2,0x29,24.31,-175.25,242.06,0,3,0,0
2026-09-03T00:45:47.026,IMU-1,0x28,-25.12,-178.81,334.62,0,3,0,0
2026-09-03T00:45:47.028,IMU-2,0x29,22.5,175.75,244.06,0,3,0,0
2026-09-03T00:45:47.127,IMU-1,0x28,-19.94,-166.94,337.81,0,3,0,0
2026-09-03T00:45:47.128,IMU-2,0x29,16.88,164.12,246.81,0,3,0,0
2026-09-03T00:45:47.228,IMU-1,0x28,-16.06,-159.56,340.69,0,3,0,1
2026-09-03T00:45:47.229,IMU-2,0x29,12.88,157.75,249.19,0,3,0,1
2026-09-03T00:45:47.327,IMU-1,0x28,-14.06,-155.62,342.88,0,3,0,1
2026-09-03T00:45:47.328,IMU-2,0x29,10.94,154.06,251.31,0,3,0,1
2026-09-03T00:45:47.426,IMU-1,0x28,-15.12,-157.19,342.19,0,3,0,1
2026-09-03T00:45:47.428,IMU-2,0x29,12.44,156.12,250.38,0,3,0,1
2026-09-03T00:45:47.527,IMU-1,0x28,-21.25,-165.94,338.69,0,3,0,1
2026-09-03T00:45:47.528,IMU-2,0x29,19.31,165.06,247.06,0,3,0,1
2026-09-03T00:45:47.627,IMU-1,0x28,-32.62,177.06,332.38,0,3,0,1
2026-09-03T00:45:47.628,IMU-2,0x29,31.81,-179.12,241.56,0,3,0,1
2026-09-03T00:45:47.726,IMU-1,0x28,-41.94,167.62,330.5,0,3,0,1
2026-09-03T00:45:47.728,IMU-2,0x29,40.56,-171.88,240.69,0,3,0,1
2026-09-03T00:45:47.826,IMU-1,0x28,-48.69,163.19,359.06,0,3,0,1
2026-09-03T00:45:47.828,IMU-2,0x29,47.56,-168.19,262.5,0,3,0,1
2026-09-03T00:45:47.926,IMU-1,0x28,-50.56,162.44,356.5,0,3,0,1
2026-09-03T00:45:47.927,IMU-2,0x29,49.69,-167.94,259.62,0,3,0,1
2026-09-03T00:45:48.026,IMU-1,0x28,-55.06,163.62,274.25,0,3,0,1
2026-09-03T00:45:48.027,IMU-2,0x29,54.06,-170.06,252.75,0,3,0,1
2026-09-03T00:45:48.126,IMU-1,0x28,-61.31,163.69,268.69,0,3,0,1
2026-09-03T00:45:48.127,IMU-2,0x29,60.31,-171.44,93.44,0,3,0,1
2026-09-03T00:45:48.226,IMU-1,0x28,-63.88,164.75,264.62,0,3,0,2
2026-09-03T00:45:48.228,IMU-2,0x29,62.94,-173.75,89.0,0,3,0,2
2026-09-03T00:45:48.326,IMU-1,0x28,-64.69,165.81,261.25,0,3,0,2
2026-09-03T00:45:48.327,IMU-2,0x29,63.69,-175.06,86.0,0,3,0,2
2026-09-03T00:45:48.426,IMU-1,0x28,-65.06,166.12,260.69,0,3,0,2
2026-09-03T00:45:48.427,IMU-2,0x29,64.06,-175.38,85.5,0,3,0,2
2026-09-03T00:45:48.526,IMU-1,0x28,-65.12,166.69,260.19,0,3,0,2
2026-09-03T00:45:48.527,IMU-2,0x29,63.88,-175.94,85.38,0,3,0,2
2026-09-03T00:45:48.626,IMU-1,0x28,-65.19,168.19,259.5,0,3,0,2
2026-09-03T00:45:48.627,IMU-2,0x29,63.5,-177.12,85.0,0,3,0,2
2026-09-03T00:45:48.726,IMU-1,0x28,-64.88,170.38,258.81,0,3,0,2
2026-09-03T00:45:48.727,IMU-2,0x29,62.81,-178.81,84.38,0,3,0,2
2026-09-03T00:45:48.826,IMU-1,0x28,-64.69,171.62,258.06,0,3,0,2
2026-09-03T00:45:48.827,IMU-2,0x29,62.31,-179.75,83.81,0,3,0,2
2026-09-03T00:45:48.926,IMU-1,0x28,-64.75,172.0,257.88,0,3,0,2
2026-09-03T00:45:48.928,IMU-2,0x29,62.19,179.94,83.69,0,3,0,2
2026-09-03T00:45:49.026,IMU-1,0x28,-64.81,171.81,258.19,0,3,0,2
2026-09-03T00:45:49.028,IMU-2,0x29,62.12,-179.81,84.12,0,3,0,2
2026-09-03T00:45:49.126,IMU-1,0x28,-65.0,172.5,258.31,0,3,0,2
2026-09-03T00:45:49.128,IMU-2,0x29,62.06,179.69,84.44,0,3,0,2
2026-09-03T00:45:49.227,IMU-1,0x28,-65.0,177.62,255.06,3,3,0,2
2026-09-03T00:45:49.229,IMU-2,0x29,61.69,175.19,81.0,3,3,0,2
2026-09-03T00:45:49.327,IMU-1,0x28,-64.75,179.81,254.25,3,3,0,2
2026-09-03T00:45:49.328,IMU-2,0x29,61.19,173.44,80.25,3,3,0,2
2026-09-03T00:45:49.427,IMU-1,0x28,-64.19,-179.38,254.0,3,3,0,2
2026-09-03T00:45:49.428,IMU-2,0x29,60.31,173.19,80.12,3,3,0,2
2026-09-03T00:45:49.527,IMU-1,0x28,-63.81,-179.69,254.38,3,3,0,2
2026-09-03T00:45:49.528,IMU-2,0x29,59.94,173.62,80.5,3,3,0,2
2026-09-03T00:45:49.628,IMU-1,0x28,-63.94,179.88,254.62,3,3,0,2
2026-09-03T00:45:49.629,IMU-2,0x29,60.06,173.88,80.75,3,3,0,2
2026-09-03T00:45:49.728,IMU-1,0x28,-64.0,179.69,254.81,3,3,0,2
2026-09-03T00:45:49.729,IMU-2,0x29,60.0,174.06,80.88,3,3,0,2
2026-09-03T00:45:49.827,IMU-1,0x28,-63.88,179.69,254.69,3,3,0,2
2026-09-03T00:45:49.828,IMU-2,0x29,59.88,174.25,80.81,3,3,0,2
2026-09-03T00:45:49.927,IMU-1,0x28,-64.06,177.88,255.31,3,3,0,2
2026-09-03T00:45:49.928,IMU-2,0x29,60.25,176.75,82.56,3,3,0,2
2026-09-03T00:45:50.027,IMU-1,0x28,-63.69,168.75,265.06,3,3,0,2
2026-09-03T00:45:50.029,IMU-2,0x29,60.0,-174.5,93.31,3,3,0,2
2026-09-03T00:45:50.127,IMU-1,0x28,-60.19,165.31,273.25,3,3,0,2
2026-09-03T00:45:50.129,IMU-2,0x29,56.06,-171.12,101.56,3,3,0,2
2026-09-03T00:45:50.227,IMU-1,0x28,-55.88,170.5,273.0,3,3,0,2
2026-09-03T00:45:50.230,IMU-2,0x29,50.94,-176.12,99.38,3,3,1,2
2026-09-03T00:45:50.327,IMU-1,0x28,-47.06,-178.81,263.62,3,3,0,2
2026-09-03T00:45:50.329,IMU-2,0x29,42.0,176.94,97.69,3,3,1,2
2026-09-03T00:45:50.427,IMU-1,0x28,-33.19,-178.62,271.12,3,3,0,2
2026-09-03T00:45:50.430,IMU-2,0x29,27.81,177.94,102.0,3,3,1,2
2026-09-03T00:45:50.527,IMU-1,0x28,-20.75,-178.75,272.0,3,3,0,2
2026-09-03T00:45:50.530,IMU-2,0x29,15.56,178.62,102.12,3,3,1,2
2026-09-03T00:45:50.627,IMU-1,0x28,-12.44,-178.94,272.56,3,3,0,2
2026-09-03T00:45:50.630,IMU-2,0x29,7.38,179.06,102.12,3,3,1,2
2026-09-03T00:45:50.727,IMU-1,0x28,-9.75,-179.12,271.75,3,3,0,2
2026-09-03T00:45:50.730,IMU-2,0x29,4.88,179.06,100.94,3,3,1,2
2026-09-03T00:45:50.827,IMU-1,0x28,-6.88,-179.69,268.75,3,3,0,2
2026-09-03T00:45:50.830,IMU-2,0x29,2.19,179.5,97.69,3,3,1,2
2026-09-03T00:45:50.927,IMU-1,0x28,-3.0,179.69,264.88,3,3,0,2
2026-09-03T00:45:50.930,IMU-2,0x29,-1.44,179.88,93.69,3,3,1,2
2026-09-03T00:45:51.027,IMU-1,0x28,-2.69,174.06,263.31,3,3,0,2
2026-09-03T00:45:51.030,IMU-2,0x29,-1.56,-174.5,92.06,3,3,1,2
2026-09-03T00:45:51.127,IMU-1,0x28,-3.94,165.69,264.62,3,3,0,2
2026-09-03T00:45:51.130,IMU-2,0x29,-0.19,-166.19,93.06,3,3,1,2
2026-09-03T00:45:51.228,IMU-1,0x28,-3.81,156.5,266.44,3,3,0,2
2026-09-03T00:45:51.232,IMU-2,0x29,-0.5,-157.12,94.62,3,3,1,2
2026-09-03T00:45:51.327,IMU-1,0x28,-2.0,150.06,268.31,3,3,0,2
2026-09-03T00:45:51.331,IMU-2,0x29,-2.19,-150.25,96.06,3,3,1,2
2026-09-03T00:45:51.428,IMU-1,0x28,-1.12,143.19,269.75,3,3,0,2
2026-09-03T00:45:51.431,IMU-2,0x29,-2.81,-143.44,96.94,3,3,1,2
2026-09-03T00:45:51.528,IMU-1,0x28,-0.88,134.19,86.12,3,3,0,2
2026-09-03T00:45:51.530,IMU-2,0x29,-2.81,-134.56,283.31,3,3,1,2
2026-09-03T00:45:51.628,IMU-1,0x28,-0.69,126.81,86.25,3,3,0,2
2026-09-03T00:45:51.630,IMU-2,0x29,-2.75,-127.31,281.19,3,3,1,2
2026-09-03T00:45:51.728,IMU-1,0x28,-0.88,122.19,84.31,3,3,0,2
2026-09-03T00:45:51.729,IMU-2,0x29,-2.38,-122.88,277.56,3,3,1,2
2026-09-03T00:45:51.828,IMU-1,0x28,-1.06,120.12,83.44,3,3,0,2
2026-09-03T00:45:51.829,IMU-2,0x29,-2.19,-120.94,276.06,3,3,1,2
2026-09-03T00:45:51.928,IMU-1,0x28,-1.88,119.94,82.62,3,3,0,2
2026-09-03T00:45:51.929,IMU-2,0x29,-1.25,-120.44,274.44,3,3,1,2
2026-09-03T00:45:52.028,IMU-1,0x28,-0.62,124.0,82.0,3,3,0,2
2026-09-03T00:45:52.029,IMU-2,0x29,-2.44,-124.94,273.69,3,3,1,2
2026-09-03T00:45:52.128,IMU-1,0x28,3.5,125.69,93.75,3,3,0,2
2026-09-03T00:45:52.129,IMU-2,0x29,-6.75,-126.0,285.19,3,3,1,2
2026-09-03T00:45:52.228,IMU-1,0x28,7.19,128.5,103.25,3,3,0,3
2026-09-03T00:45:52.230,IMU-2,0x29,-10.56,-128.69,295.0,3,3,1,3
2026-09-03T00:45:52.328,IMU-1,0x28,14.88,136.88,126.44,3,3,0,3
2026-09-03T00:45:52.330,IMU-2,0x29,-18.12,-136.38,317.62,3,3,1,3
2026-09-03T00:45:52.428,IMU-1,0x28,18.5,148.88,263.5,3,3,0,3
2026-09-03T00:45:52.430,IMU-2,0x29,-23.0,-148.12,86.38,3,3,1,3
2026-09-03T00:45:52.528,IMU-1,0x28,14.88,166.81,263.69,3,3,0,3
2026-09-03T00:45:52.530,IMU-2,0x29,-19.81,-165.0,87.31,3,3,1,3
2026-09-03T00:45:52.628,IMU-1,0x28,2.19,-177.31,262.38,3,3,0,3
2026-09-03T00:45:52.630,IMU-2,0x29,-6.94,177.0,86.44,3,3,1,3
2026-09-03T00:45:52.729,IMU-1,0x28,-0.06,-176.81,261.88,3,3,0,3
2026-09-03T00:45:52.730,IMU-2,0x29,-4.06,177.25,85.94,3,3,1,3
2026-09-03T00:45:52.829,IMU-1,0x28,-18.38,171.94,258.94,3,3,0,3
2026-09-03T00:45:52.831,IMU-2,0x29,14.44,-172.62,83.75,3,3,1,3
2026-09-03T00:45:52.929,IMU-1,0x28,-19.88,172.62,260.75,3,3,0,3
2026-09-03T00:45:52.931,IMU-2,0x29,16.12,-174.44,85.5,3,3,1,3
2026-09-03T00:45:53.029,IMU-1,0x28,-24.06,-172.88,260.12,3,3,0,3
2026-09-03T00:45:53.031,IMU-2,0x29,19.44,172.44,85.38,3,3,1,3
2026-09-03T00:45:53.129,IMU-1,0x28,-19.0,-157.94,260.62,3,3,0,3
2026-09-03T00:45:53.131,IMU-2,0x29,14.19,157.94,86.06,3,3,1,3
2026-09-03T00:45:53.229,IMU-1,0x28,-15.56,-137.62,265.31,3,3,0,3
2026-09-03T00:45:53.232,IMU-2,0x29,10.38,138.38,91.0,3,3,1,3
2026-09-03T00:45:53.329,IMU-1,0x28,-11.88,-130.5,118.12,3,3,0,3
2026-09-03T00:45:53.332,IMU-2,0x29,6.69,131.44,291.25,3,3,1,3
2026-09-03T00:45:53.429,IMU-1,0x28,-10.12,-126.5,115.75,3,3,0,3
2026-09-03T00:45:53.432,IMU-2,0x29,4.81,127.5,289.19,3,3,1,3
2026-09-03T00:45:53.529,IMU-1,0x28,-16.0,-136.88,131.75,3,3,0,3
2026-09-03T00:45:53.532,IMU-2,0x29,10.62,137.38,93.19,3,3,1,3
2026-09-03T00:45:53.629,IMU-1,0x28,-28.0,-158.19,258.19,3,3,0,3
2026-09-03T00:45:53.632,IMU-2,0x29,22.81,157.44,85.44,3,3,1,3
2026-09-03T00:45:53.729,IMU-1,0x28,-38.19,178.5,249.75,3,3,0,3
2026-09-03T00:45:53.732,IMU-2,0x29,34.19,179.0,77.19,3,3,1,3
2026-09-03T00:45:53.829,IMU-1,0x28,-40.88,164.12,250.0,3,3,0,3
2026-09-03T00:45:53.832,IMU-2,0x29,37.44,-167.38,77.06,3,3,1,3
2026-09-03T00:45:53.929,IMU-1,0x28,-42.0,141.0,320.12,3,3,0,3
2026-09-03T00:45:53.932,IMU-2,0x29,39.75,-145.56,145.56,3,3,1,3
2026-09-03T00:45:54.029,IMU-1,0x28,-42.88,113.75,341.81,3,3,0,3
2026-09-03T00:45:54.032,IMU-2,0x29,42.25,-119.19,167.31,3,3,1,3
2026-09-03T00:45:54.129,IMU-1,0x28,-38.88,92.25,1.62,3,3,0,3
2026-09-03T00:45:54.132,IMU-2,0x29,39.12,-96.94,187.19,3,3,1,3
2026-09-03T00:45:54.230,IMU-1,0x28,-35.0,79.25,13.38,3,3,0,3
2026-09-03T00:45:54.234,IMU-2,0x29,35.62,-83.94,198.25,3,3,1,3
2026-09-03T00:45:54.329,IMU-1,0x28,-29.69,70.56,24.06,3,3,0,3
2026-09-03T00:45:54.331,IMU-2,0x29,30.12,-74.81,209.0,3,3,1,3
2026-09-03T00:45:54.429,IMU-1,0x28,-24.0,67.0,36.69,3,3,0,3
2026-09-03T00:45:54.431,IMU-2,0x29,23.88,-70.69,221.56,3,3,1,3
2026-09-03T00:45:54.529,IMU-1,0x28,-19.38,63.38,45.81,3,3,0,3
2026-09-03T00:45:54.531,IMU-2,0x29,19.0,-66.75,231.44,3,3,1,3
2026-09-03T00:45:54.629,IMU-1,0x28,-20.69,74.19,47.19,3,3,0,3
2026-09-03T00:45:54.631,IMU-2,0x29,19.88,-78.38,233.62,3,3,1,3
2026-09-03T00:45:54.730,IMU-1,0x28,-27.0,107.38,25.88,3,3,0,3
2026-09-03T00:45:54.731,IMU-2,0x29,25.5,-111.81,213.25,3,3,1,3
2026-09-03T00:45:54.830,IMU-1,0x28,-33.5,141.5,349.56,3,3,0,3
2026-09-03T00:45:54.831,IMU-2,0x29,30.12,-145.5,89.56,3,3,1,3
2026-09-03T00:45:54.930,IMU-1,0x28,-38.19,167.88,263.31,3,3,0,3
2026-09-03T00:45:54.931,IMU-2,0x29,33.56,-171.12,90.38,3,3,1,3
2026-09-03T00:45:55.030,IMU-1,0x28,-38.75,-175.25,266.5,3,3,0,3
2026-09-03T00:45:55.031,IMU-2,0x29,33.25,173.25,93.75,3,3,1,3
2026-09-03T00:45:55.130,IMU-1,0x28,-43.0,-169.81,269.94,3,3,0,3
2026-09-03T00:45:55.131,IMU-2,0x29,37.19,168.19,97.38,3,3,1,3
2026-09-03T00:45:55.230,IMU-1,0x28,-54.44,-173.06,261.56,3,3,0,3
2026-09-03T00:45:55.232,IMU-2,0x29,48.56,170.44,82.69,3,3,1,3
2026-09-03T00:45:55.330,IMU-1,0x28,-67.44,174.88,275.25,3,3,0,3
2026-09-03T00:45:55.332,IMU-2,0x29,61.94,178.31,97.88,3,3,1,3
2026-09-03T00:45:55.430,IMU-1,0x28,-77.69,137.38,285.75,3,3,0,3
2026-09-03T00:45:55.432,IMU-2,0x29,74.38,-160.44,109.0,3,3,1,3
2026-09-03T00:45:55.530,IMU-1,0x28,-71.12,72.12,296.06,3,3,0,3
2026-09-03T00:45:55.532,IMU-2,0x29,76.31,-93.56,118.62,3,3,1,3
2026-09-03T00:45:55.630,IMU-1,0x28,-62.38,53.62,303.44,3,3,0,3
2026-09-03T00:45:55.633,IMU-2,0x29,69.19,-60.75,126.06,3,3,1,3
2026-09-03T00:45:55.730,IMU-1,0x28,-50.62,51.56,320.69,3,3,0,3
2026-09-03T00:45:55.733,IMU-2,0x29,57.12,-56.62,143.56,3,3,1,3
2026-09-03T00:45:55.830,IMU-1,0x28,-36.81,52.81,342.88,3,3,0,3
2026-09-03T00:45:55.833,IMU-2,0x29,42.31,-57.19,165.69,3,3,1,3
2026-09-03T00:45:55.930,IMU-1,0x28,-24.0,51.69,2.06,3,3,0,3
2026-09-03T00:45:55.933,IMU-2,0x29,28.25,-55.5,185.25,3,3,1,3
2026-09-03T00:45:56.030,IMU-1,0x28,-19.56,52.75,12.25,3,3,0,3
2026-09-03T00:45:56.034,IMU-2,0x29,22.94,-56.44,195.81,3,3,1,3
2026-09-03T00:45:56.131,IMU-1,0x28,-21.0,65.56,17.31,3,3,0,3
2026-09-03T00:45:56.134,IMU-2,0x29,23.19,-69.12,201.31,3,3,1,3
2026-09-03T00:45:56.231,IMU-1,0x28,-20.56,85.69,24.44,3,3,0,3
2026-09-03T00:45:56.235,IMU-2,0x29,21.31,-88.94,209.38,3,3,1,3
2026-09-03T00:45:56.331,IMU-1,0x28,-17.5,110.56,29.31,3,3,0,3
2026-09-03T00:45:56.334,IMU-2,0x29,16.38,-112.75,216.69,3,3,1,3
2026-09-03T00:45:56.431,IMU-1,0x28,-6.94,135.44,245.62,3,3,0,3
2026-09-03T00:45:56.434,IMU-2,0x29,5.06,-136.88,70.5,3,3,1,3
2026-09-03T00:45:56.532,IMU-1,0x28,2.25,158.81,246.38,3,3,0,3
2026-09-03T00:45:56.535,IMU-2,0x29,-5.19,-159.44,70.94,3,3,1,3
2026-09-03T00:45:56.632,IMU-1,0x28,11.25,172.94,249.88,3,3,0,3
2026-09-03T00:45:56.635,IMU-2,0x29,-15.56,-175.38,74.12,3,3,1,3
2026-09-03T00:45:56.732,IMU-1,0x28,15.88,-175.06,252.56,3,3,0,3
2026-09-03T00:45:56.735,IMU-2,0x29,-20.25,173.12,76.88,3,3,1,3
2026-09-03T00:45:56.832,IMU-1,0x28,18.81,-177.38,253.31,3,3,0,3
2026-09-03T00:45:56.835,IMU-2,0x29,-23.25,175.5,77.94,3,3,1,3
2026-09-03T00:45:56.932,IMU-1,0x28,25.81,-177.12,254.44,3,3,0,3
2026-09-03T00:45:56.936,IMU-2,0x29,-30.31,175.06,78.44,3,3,1,3
2026-09-03T00:45:57.033,IMU-1,0x28,34.25,-176.25,255.25,3,3,0,3
2026-09-03T00:45:57.036,IMU-2,0x29,-38.62,173.75,78.12,3,3,1,3
2026-09-03T00:45:57.133,IMU-1,0x28,39.94,-176.12,255.94,3,3,0,3
2026-09-03T00:45:57.136,IMU-2,0x29,-43.81,173.25,78.19,3,3,1,3
2026-09-03T00:45:57.234,IMU-1,0x28,45.75,-177.69,261.19,2,3,0,3
2026-09-03T00:45:57.238,IMU-2,0x29,-50.69,174.12,87.69,3,3,1,3
2026-09-03T00:45:57.333,IMU-1,0x28,64.75,-175.38,261.19,2,3,0,3
2026-09-03T00:45:57.335,IMU-2,0x29,-70.38,165.62,86.38,3,3,1,3
2026-09-03T00:45:57.433,IMU-1,0x28,78.69,-176.0,257.25,2,3,0,3
2026-09-03T00:45:57.434,IMU-2,0x29,-81.19,151.75,82.81,3,3,1,3
2026-09-03T00:45:57.533,IMU-1,0x28,73.44,-164.94,263.75,2,3,0,3
2026-09-03T00:45:57.534,IMU-2,0x29,-75.75,149.5,88.75,3,3,1,3
2026-09-03T00:45:57.633,IMU-1,0x28,69.31,-168.19,262.31,2,3,0,3
2026-09-03T00:45:57.635,IMU-2,0x29,-71.25,157.62,88.31,3,3,1,3
2026-09-03T00:45:57.733,IMU-1,0x28,56.25,-173.44,261.0,2,3,0,3
2026-09-03T00:45:57.735,IMU-2,0x29,-58.38,168.81,87.19,3,3,1,3
2026-09-03T00:45:57.833,IMU-1,0x28,41.5,176.19,252.56,2,3,0,3
2026-09-03T00:45:57.835,IMU-2,0x29,-43.88,-178.19,75.06,3,3,1,3
2026-09-03T00:45:57.933,IMU-1,0x28,26.56,168.69,255.0,2,3,0,3
2026-09-03T00:45:57.935,IMU-2,0x29,-29.44,-170.56,78.81,3,3,1,3
2026-09-03T00:45:58.033,IMU-1,0x28,6.38,164.38,260.06,2,3,0,3
2026-09-03T00:45:58.035,IMU-2,0x29,-9.0,-166.12,84.69,3,3,1,3
2026-09-03T00:45:58.133,IMU-1,0x28,-6.0,160.0,262.88,2,3,0,3
2026-09-03T00:45:58.135,IMU-2,0x29,2.38,-161.75,88.25,3,3,1,3
2026-09-03T00:45:58.234,IMU-1,0x28,-14.38,153.5,266.5,3,3,0,3
2026-09-03T00:45:58.236,IMU-2,0x29,10.81,-155.38,91.94,3,3,1,3
2026-09-03T00:45:58.333,IMU-1,0x28,-20.75,142.81,267.12,3,3,0,3
2026-09-03T00:45:58.335,IMU-2,0x29,17.62,-145.19,92.88,3,3,1,3
2026-09-03T00:45:58.433,IMU-1,0x28,-25.0,136.31,21.25,3,3,0,3
2026-09-03T00:45:58.436,IMU-2,0x29,21.88,-139.31,211.88,3,3,1,3
2026-09-03T00:45:58.533,IMU-1,0x28,-30.94,134.75,11.25,3,3,0,3
2026-09-03T00:45:58.535,IMU-2,0x29,27.25,-138.19,202.38,3,3,1,3
2026-09-03T00:45:58.633,IMU-1,0x28,-37.0,132.62,1.19,3,3,0,3
2026-09-03T00:45:58.634,IMU-2,0x29,33.56,-137.0,191.0,3,3,1,3
2026-09-03T00:45:58.732,IMU-1,0x28,-42.12,129.06,355.12,3,3,0,3
2026-09-03T00:45:58.734,IMU-2,0x29,38.88,-134.31,184.56,3,3,1,3
2026-09-03T00:45:58.832,IMU-1,0x28,-45.69,125.94,352.0,3,3,0,3
2026-09-03T00:45:58.834,IMU-2,0x29,42.44,-131.81,181.88,3,3,1,3
2026-09-03T00:45:58.932,IMU-1,0x28,-46.69,122.25,352.75,3,3,0,3
2026-09-03T00:45:58.934,IMU-2,0x29,43.62,-128.5,183.12,3,3,1,3
2026-09-03T00:45:59.032,IMU-1,0x28,-44.75,122.62,355.56,3,3,0,3
2026-09-03T00:45:59.034,IMU-2,0x29,41.56,-128.56,186.75,3,3,1,3
2026-09-03T00:45:59.132,IMU-1,0x28,-37.69,127.38,3.12,3,3,0,3
2026-09-03T00:45:59.134,IMU-2,0x29,34.19,-132.12,195.38,3,3,1,3
2026-09-03T00:45:59.233,IMU-1,0x28,-27.5,136.38,12.69,3,3,0,3
2026-09-03T00:45:59.235,IMU-2,0x29,23.62,-139.81,206.88,3,3,1,3
2026-09-03T00:45:59.333,IMU-1,0x28,-18.81,143.31,262.25,3,3,0,3
2026-09-03T00:45:59.334,IMU-2,0x29,14.88,-146.12,90.0,3,3,1,3
2026-09-03T00:45:59.433,IMU-1,0x28,-12.06,150.38,260.25,3,3,0,3
2026-09-03T00:45:59.434,IMU-2,0x29,7.88,-152.69,87.56,3,3,1,3
2026-09-03T00:45:59.533,IMU-1,0x28,-5.81,156.81,259.56,3,3,0,3
2026-09-03T00:45:59.534,IMU-2,0x29,1.44,-158.75,86.44,3,3,1,3
2026-09-03T00:45:59.633,IMU-1,0x28,-2.38,161.0,259.5,3,3,0,3
2026-09-03T00:45:59.634,IMU-2,0x29,-2.06,-162.81,86.12,3,3,1,3
2026-09-03T00:45:59.733,IMU-1,0x28,-1.56,163.56,259.38,3,3,0,3
2026-09-03T00:45:59.734,IMU-2,0x29,-2.94,-165.38,85.44,3,3,1,3
2026-09-03T00:45:59.833,IMU-1,0x28,-0.31,165.88,259.12,3,3,0,3
2026-09-03T00:45:59.834,IMU-2,0x29,-4.19,-167.69,84.62,3,3,1,3
2026-09-03T00:45:59.933,IMU-1,0x28,1.56,163.94,258.0,3,3,0,3
2026-09-03T00:45:59.935,IMU-2,0x29,-6.0,-165.94,83.06,3,3,1,3
2026-09-03T00:46:00.033,IMU-1,0x28,2.88,162.62,258.12,3,3,0,3
2026-09-03T00:46:00.035,IMU-2,0x29,-7.19,-164.5,82.94,3,3,1,3
2026-09-03T00:46:00.134,IMU-1,0x28,5.88,163.81,260.0,3,3,0,3
2026-09-03T00:46:00.135,IMU-2,0x29,-10.38,-165.5,84.38,3,3,1,3
2026-09-03T00:46:00.234,IMU-1,0x28,9.94,166.5,261.94,3,3,0,3
2026-09-03T00:46:00.236,IMU-2,0x29,-14.56,-167.5,86.0,3,3,1,3
2026-09-03T00:46:00.334,IMU-1,0x28,21.56,167.56,269.19,3,3,0,3
2026-09-03T00:46:00.336,IMU-2,0x29,-27.31,-168.19,92.75,3,3,1,3
2026-09-03T00:46:00.434,IMU-1,0x28,30.88,177.94,279.56,3,3,0,3
2026-09-03T00:46:00.436,IMU-2,0x29,-38.5,-179.44,104.06,3,3,1,3
2026-09-03T00:46:00.535,IMU-1,0x28,45.06,-167.06,317.38,3,3,0,3
2026-09-03T00:46:00.536,IMU-2,0x29,-53.31,164.75,138.56,3,3,1,3
2026-09-03T00:46:00.635,IMU-1,0x28,60.38,-154.69,331.56,3,3,0,3
2026-09-03T00:46:00.636,IMU-2,0x29,-68.12,153.88,148.94,3,3,1,3
2026-09-03T00:46:00.735,IMU-1,0x28,68.12,-157.25,339.44,3,3,0,3
2026-09-03T00:46:00.736,IMU-2,0x29,-76.06,159.56,157.75,3,3,1,3
2026-09-03T00:46:00.835,IMU-1,0x28,71.19,-156.12,350.0,3,3,0,3
2026-09-03T00:46:00.837,IMU-2,0x29,-77.12,163.31,166.38,3,3,1,3
2026-09-03T00:46:00.935,IMU-1,0x28,70.25,-155.56,352.69,3,3,0,3
2026-09-03T00:46:00.937,IMU-2,0x29,-77.75,162.12,167.69,3,3,1,3
2026-09-03T00:46:01.035,IMU-1,0x28,73.12,-155.31,351.25,3,3,0,3
2026-09-03T00:46:01.037,IMU-2,0x29,-79.88,164.69,166.31,3,3,1,3
2026-09-03T00:46:01.135,IMU-1,0x28,73.06,-158.31,350.12,3,3,0,3
2026-09-03T00:46:01.137,IMU-2,0x29,-79.88,169.06,165.38,3,3,1,3
2026-09-03T00:46:01.236,IMU-1,0x28,73.56,-159.88,349.38,3,3,0,3
2026-09-03T00:46:01.238,IMU-2,0x29,-80.12,171.88,164.38,3,3,1,3
2026-09-03T00:46:01.336,IMU-1,0x28,73.06,-162.56,348.38,3,3,0,3
2026-09-03T00:46:01.337,IMU-2,0x29,-79.5,175.19,163.44,3,3,1,3
2026-09-03T00:46:01.436,IMU-1,0x28,73.81,-160.94,347.94,3,3,0,3
2026-09-03T00:46:01.437,IMU-2,0x29,-80.31,172.81,163.5,3,3,1,3
2026-09-03T00:46:01.536,IMU-1,0x28,73.69,-156.62,347.94,3,3,0,3
2026-09-03T00:46:01.537,IMU-2,0x29,-80.38,165.06,163.81,3,3,1,3
2026-09-03T00:46:01.636,IMU-1,0x28,70.5,-155.5,347.38,3,3,0,3
2026-09-03T00:46:01.637,IMU-2,0x29,-77.19,161.62,162.81,3,3,1,3
2026-09-03T00:46:01.736,IMU-1,0x28,64.25,-159.0,342.25,3,3,0,3
2026-09-03T00:46:01.737,IMU-2,0x29,-71.12,163.69,157.81,3,3,1,3
2026-09-03T00:46:01.836,IMU-1,0x28,65.38,-162.44,338.12,3,3,0,3
2026-09-03T00:46:01.837,IMU-2,0x29,-72.62,167.5,154.56,3,3,1,3
2026-09-03T00:46:01.936,IMU-1,0x28,66.5,-162.06,338.06,3,3,0,3
2026-09-03T00:46:01.937,IMU-2,0x29,-73.62,167.25,155.19,3,3,1,3
2026-09-03T00:46:02.035,IMU-1,0x28,66.56,-164.0,337.69,3,3,0,3
2026-09-03T00:46:02.037,IMU-2,0x29,-73.62,170.44,154.88,3,3,1,3
2026-09-03T00:46:02.135,IMU-1,0x28,65.75,-164.69,337.19,3,3,0,3
2026-09-03T00:46:02.137,IMU-2,0x29,-72.94,169.19,155.0,3,3,1,3
2026-09-03T00:46:02.236,IMU-1,0x28,63.44,-163.25,335.06,3,3,0,3
2026-09-03T00:46:02.238,IMU-2,0x29,-70.38,165.69,153.19,3,3,1,3
2026-09-03T00:46:02.335,IMU-1,0x28,56.25,-165.12,328.44,3,3,0,3
2026-09-03T00:46:02.336,IMU-2,0x29,-62.81,166.44,146.88,3,3,1,3
2026-09-03T00:46:02.435,IMU-1,0x28,45.31,-173.19,310.81,3,3,0,3
2026-09-03T00:46:02.436,IMU-2,0x29,-51.56,174.19,130.75,3,3,1,3
2026-09-03T00:46:02.535,IMU-1,0x28,32.44,174.06,284.88,3,3,0,3
2026-09-03T00:46:02.536,IMU-2,0x29,-37.88,-173.25,108.81,3,3,1,3
2026-09-03T00:46:02.635,IMU-1,0x28,15.19,161.31,277.19,3,3,0,3
2026-09-03T00:46:02.636,IMU-2,0x29,-20.19,-161.5,102.19,3,3,1,3
2026-09-03T00:46:02.735,IMU-1,0x28,-1.75,154.69,274.81,3,3,0,3
2026-09-03T00:46:02.736,IMU-2,0x29,-2.56,-155.56,100.69,3,3,1,3
2026-09-03T00:46:02.835,IMU-1,0x28,-15.31,148.12,273.25,3,3,0,3
2026-09-03T00:46:02.836,IMU-2,0x29,11.06,-150.0,99.81,3,3,1,3
2026-09-03T00:46:02.935,IMU-1,0x28,-29.44,141.31,8.88,3,3,0,3
2026-09-03T00:46:02.936,IMU-2,0x29,25.81,-144.44,100.5,3,3,1,3
2026-09-03T00:46:03.035,IMU-1,0x28,-44.31,136.0,348.25,3,3,0,3
2026-09-03T00:46:03.037,IMU-2,0x29,40.88,-141.06,177.56,3,3,1,3
2026-09-03T00:46:03.135,IMU-1,0x28,-57.62,138.06,329.75,3,3,0,3
2026-09-03T00:46:03.137,IMU-2,0x29,53.88,-145.44,157.69,3,3,1,3
2026-09-03T00:46:03.236,IMU-1,0x28,-68.06,140.44,314.75,3,3,0,3
2026-09-03T00:46:03.238,IMU-2,0x29,63.69,-151.62,141.62,3,3,1,3
2026-09-03T00:46:03.335,IMU-1,0x28,-75.06,136.62,308.5,3,3,0,3
2026-09-03T00:46:03.337,IMU-2,0x29,70.69,-153.75,135.06,3,3,1,3
2026-09-03T00:46:03.435,IMU-1,0x28,-72.0,136.12,312.5,3,3,0,3
2026-09-03T00:46:03.437,IMU-2,0x29,67.75,-150.44,139.75,3,3,1,3
2026-09-03T00:46:03.536,IMU-1,0x28,-64.56,139.56,319.31,3,3,0,3
2026-09-03T00:46:03.538,IMU-2,0x29,60.25,-149.0,147.38,3,3,1,3
2026-09-03T00:46:03.636,IMU-1,0x28,-51.38,142.81,330.94,3,3,0,3
2026-09-03T00:46:03.638,IMU-2,0x29,47.12,-148.44,160.31,3,3,1,3
2026-09-03T00:46:03.736,IMU-1,0x28,-35.69,159.62,276.12,3,3,0,3
2026-09-03T00:46:03.738,IMU-2,0x29,30.69,-162.06,104.69,3,3,1,3
2026-09-03T00:46:03.836,IMU-1,0x28,-18.75,177.62,272.5,3,3,0,3
2026-09-03T00:46:03.839,IMU-2,0x29,13.44,-178.56,100.75,3,3,1,3
2026-09-03T00:46:03.937,IMU-1,0x28,-7.19,-164.19,271.19,3,3,0,3
2026-09-03T00:46:03.939,IMU-2,0x29,1.69,163.88,99.25,3,3,1,3
2026-09-03T00:46:04.037,IMU-1,0x28,6.62,-135.56,278.44,3,3,0,3
2026-09-03T00:46:04.039,IMU-2,0x29,-12.38,135.94,251.25,3,3,1,3
2026-09-03T00:46:04.137,IMU-1,0x28,20.88,-105.88,69.94,3,3,0,3
2026-09-03T00:46:04.140,IMU-2,0x29,-26.25,106.31,246.94,3,3,1,3
2026-09-03T00:46:04.238,IMU-1,0x28,25.5,-87.31,66.69,3,3,0,3
2026-09-03T00:46:04.241,IMU-2,0x29,-30.69,85.75,245.38,3,3,1,3
2026-09-03T00:46:04.337,IMU-1,0x28,28.56,-70.69,60.81,3,3,0,3
2026-09-03T00:46:04.340,IMU-2,0x29,-32.62,68.06,241.0,3,3,1,3
2026-09-03T00:46:04.438,IMU-1,0x28,30.12,-61.94,57.19,3,3,0,3
2026-09-03T00:46:04.441,IMU-2,0x29,-33.56,59.0,237.88,3,3,1,3
2026-09-03T00:46:04.538,IMU-1,0x28,29.38,-52.94,55.88,3,3,0,3
2026-09-03T00:46:04.541,IMU-2,0x29,-32.06,49.56,237.06,3,3,1,3
2026-09-03T00:46:04.638,IMU-1,0x28,28.12,-45.31,55.06,3,3,0,3
2026-09-03T00:46:04.641,IMU-2,0x29,-30.5,42.38,236.75,3,3,1,3
2026-09-03T00:46:04.738,IMU-1,0x28,28.25,-43.94,54.19,3,3,0,3
2026-09-03T00:46:04.741,IMU-2,0x29,-30.5,41.0,236.19,3,3,1,3
2026-09-03T00:46:04.838,IMU-1,0x28,27.75,-43.31,54.38,3,3,0,3
2026-09-03T00:46:04.841,IMU-2,0x29,-29.94,40.56,236.31,3,3,1,3
2026-09-03T00:46:04.938,IMU-1,0x28,26.44,-60.12,53.25,3,3,0,3
2026-09-03T00:46:04.941,IMU-2,0x29,-29.31,58.19,234.5,3,3,1,3
2026-09-03T00:46:05.038,IMU-1,0x28,25.69,-90.5,46.12,3,3,0,3
2026-09-03T00:46:05.041,IMU-2,0x29,-29.69,88.88,225.56,3,3,1,3
2026-09-03T00:46:05.138,IMU-1,0x28,27.62,-127.06,21.56,3,3,0,3
2026-09-03T00:46:05.141,IMU-2,0x29,-32.25,125.81,198.69,3,3,1,3
2026-09-03T00:46:05.239,IMU-1,0x28,24.0,-172.62,255.12,3,3,0,3
2026-09-03T00:46:05.243,IMU-2,0x29,-28.38,171.69,80.88,3,3,1,3
2026-09-03T00:46:05.338,IMU-1,0x28,15.44,153.56,246.06,3,3,0,3
2026-09-03T00:46:05.341,IMU-2,0x29,-18.88,-154.88,71.94,3,3,1,3
2026-09-03T00:46:05.438,IMU-1,0x28,6.81,135.38,246.12,3,3,0,3
2026-09-03T00:46:05.441,IMU-2,0x29,-9.88,-137.0,72.38,3,3,1,3
2026-09-03T00:46:05.538,IMU-1,0x28,0.25,120.88,70.38,3,3,0,3
2026-09-03T00:46:05.539,IMU-2,0x29,-3.0,-122.75,263.25,3,3,1,3
2026-09-03T00:46:05.638,IMU-1,0x28,-2.0,112.25,68.38,3,3,0,3
2026-09-03T00:46:05.640,IMU-2,0x29,-0.62,-114.12,260.31,3,3,1,3
2026-09-03T00:46:05.738,IMU-1,0x28,-4.12,105.25,66.69,3,3,0,3
2026-09-03T00:46:05.739,IMU-2,0x29,1.56,-107.19,258.0,3,3,1,3
2026-09-03T00:46:05.837,IMU-1,0x28,-4.31,104.94,66.88,3,3,0,3
2026-09-03T00:46:05.838,IMU-2,0x29,1.56,-106.69,258.44,3,3,1,3
2026-09-03T00:46:05.937,IMU-1,0x28,-3.31,118.56,68.0,3,3,0,3
2026-09-03T00:46:05.939,IMU-2,0x29,0.0,-119.56,261.44,3,3,1,3
2026-09-03T00:46:06.037,IMU-1,0x28,-4.12,148.38,257.62,3,3,0,3
2026-09-03T00:46:06.039,IMU-2,0x29,-0.19,-148.56,84.25,3,3,1,3
2026-09-03T00:46:06.137,IMU-1,0x28,-4.12,177.06,261.5,3,3,0,3
2026-09-03T00:46:06.139,IMU-2,0x29,-0.94,-176.25,89.0,3,3,1,3
2026-09-03T00:46:06.238,IMU-1,0x28,-1.5,-164.88,266.38,3,3,0,3
2026-09-03T00:46:06.240,IMU-2,0x29,-4.06,166.81,93.88,3,3,1,3
2026-09-03T00:46:06.337,IMU-1,0x28,3.31,-156.94,266.44,3,3,0,3
2026-09-03T00:46:06.339,IMU-2,0x29,-9.06,159.56,93.62,3,3,1,3
2026-09-03T00:46:06.437,IMU-1,0x28,6.06,-159.0,263.12,3,3,0,3
2026-09-03T00:46:06.440,IMU-2,0x29,-11.44,161.31,90.5,3,3,1,3
2026-09-03T00:46:06.537,IMU-1,0x28,8.25,-163.38,259.19,3,3,0,3
2026-09-03T00:46:06.540,IMU-2,0x29,-13.5,165.62,86.38,3,3,1,3
2026-09-03T00:46:06.637,IMU-1,0x28,9.12,-165.38,257.5,3,3,0,3
2026-09-03T00:46:06.640,IMU-2,0x29,-14.5,167.31,84.12,3,3,1,3
2026-09-03T00:46:06.738,IMU-1,0x28,8.88,-169.44,256.62,3,3,0,3
2026-09-03T00:46:06.741,IMU-2,0x29,-14.19,171.31,82.25,3,3,1,3
2026-09-03T00:46:06.838,IMU-1,0x28,8.06,-172.69,256.06,3,3,0,3
2026-09-03T00:46:06.841,IMU-2,0x29,-13.31,174.5,80.69,3,3,1,3
2026-09-03T00:46:06.938,IMU-1,0x28,7.19,-178.69,254.25,3,3,0,3
2026-09-03T00:46:06.941,IMU-2,0x29,-12.44,-179.94,78.62,3,3,1,3
2026-09-03T00:46:07.038,IMU-1,0x28,6.5,175.88,252.38,3,3,0,3
2026-09-03T00:46:07.041,IMU-2,0x29,-11.5,-174.38,76.25,3,3,1,3
2026-09-03T00:46:07.138,IMU-1,0x28,5.88,171.19,251.5,3,3,0,3
2026-09-03T00:46:07.141,IMU-2,0x29,-10.69,-169.56,74.75,3,3,1,3
2026-09-03T00:46:07.239,IMU-1,0x28,5.19,166.38,251.38,3,3,0,3
2026-09-03T00:46:07.243,IMU-2,0x29,-10.06,-165.19,74.56,3,3,1,3
2026-09-03T00:46:07.338,IMU-1,0x28,5.62,158.56,249.25,3,3,0,3
2026-09-03T00:46:07.341,IMU-2,0x29,-10.19,-157.88,72.38,3,3,1,3
2026-09-03T00:46:07.439,IMU-1,0x28,6.94,148.94,245.81,3,3,0,3
2026-09-03T00:46:07.442,IMU-2,0x29,-11.19,-147.5,68.19,3,3,1,3
2026-09-03T00:46:07.538,IMU-1,0x28,7.75,139.69,244.56,3,3,0,3
2026-09-03T00:46:07.541,IMU-2,0x29,-11.75,-138.38,66.75,3,3,1,3
2026-09-03T00:46:07.638,IMU-1,0x28,8.5,129.56,85.38,3,3,0,3
2026-09-03T00:46:07.641,IMU-2,0x29,-12.12,-129.06,276.5,3,3,1,3
2026-09-03T00:46:07.738,IMU-1,0x28,8.44,126.62,83.81,3,3,0,3
2026-09-03T00:46:07.740,IMU-2,0x29,-12.31,-126.12,274.81,3,3,1,3
2026-09-03T00:46:07.838,IMU-1,0x28,8.75,125.0,83.62,3,3,0,3
2026-09-03T00:46:07.840,IMU-2,0x29,-12.81,-124.44,274.75,3,3,1,3
2026-09-03T00:46:07.938,IMU-1,0x28,8.81,122.31,83.12,3,3,0,3
2026-09-03T00:46:07.940,IMU-2,0x29,-13.06,-121.62,273.75,3,3,1,3
2026-09-03T00:46:08.038,IMU-1,0x28,8.94,119.88,82.62,3,3,0,3
2026-09-03T00:46:08.040,IMU-2,0x29,-13.25,-119.31,273.06,3,3,1,3
2026-09-03T00:46:08.138,IMU-1,0x28,8.69,120.0,82.06,3,3,0,3
2026-09-03T00:46:08.140,IMU-2,0x29,-12.62,-119.75,272.0,3,3,1,3
2026-09-03T00:46:08.239,IMU-1,0x28,8.56,120.31,82.0,3,3,0,3
2026-09-03T00:46:08.241,IMU-2,0x29,-12.38,-120.06,271.81,3,3,1,3
2026-09-03T00:46:08.339,IMU-1,0x28,8.31,120.81,81.81,3,3,0,3
2026-09-03T00:46:08.340,IMU-2,0x29,-12.19,-120.56,271.88,3,3,1,3
2026-09-03T00:46:08.439,IMU-1,0x28,7.94,121.38,81.19,3,3,0,3
2026-09-03T00:46:08.440,IMU-2,0x29,-11.75,-121.25,271.38,3,3,1,3
2026-09-03T00:46:08.539,IMU-1,0x28,7.69,122.56,81.25,3,3,0,3
2026-09-03T00:46:08.540,IMU-2,0x29,-11.38,-122.69,271.5,3,3,1,3
2026-09-03T00:46:08.639,IMU-1,0x28,6.94,136.25,245.88,3,3,0,3
2026-09-03T00:46:08.640,IMU-2,0x29,-11.06,-137.19,68.12,3,3,1,3
2026-09-03T00:46:08.739,IMU-1,0x28,7.31,162.12,249.81,3,3,0,3
2026-09-03T00:46:08.740,IMU-2,0x29,-12.12,-162.38,72.5,3,3,1,3
2026-09-03T00:46:08.839,IMU-1,0x28,4.0,172.25,252.62,3,3,0,3
2026-09-03T00:46:08.841,IMU-2,0x29,-9.19,-171.81,75.5,3,3,1,3
2026-09-03T00:46:08.939,IMU-1,0x28,1.94,174.88,253.75,3,3,0,3
2026-09-03T00:46:08.941,IMU-2,0x29,-7.12,-174.31,76.19,3,3,1,3
2026-09-03T00:46:09.039,IMU-1,0x28,0.94,176.25,253.62,3,3,0,3
2026-09-03T00:46:09.041,IMU-2,0x29,-6.19,-175.56,75.69,3,3,1,3
2026-09-03T00:46:09.139,IMU-1,0x28,-1.56,172.62,252.69,3,3,0,3
2026-09-03T00:46:09.141,IMU-2,0x29,-3.62,-172.5,74.75,3,3,1,3
2026-09-03T00:46:09.240,IMU-1,0x28,-4.75,171.25,252.69,3,3,0,3
2026-09-03T00:46:09.242,IMU-2,0x29,-0.5,-171.44,74.69,3,3,1,3
2026-09-03T00:46:09.339,IMU-1,0x28,-3.81,172.12,253.38,3,3,0,3
2026-09-03T00:46:09.342,IMU-2,0x29,-1.56,-172.19,75.0,3,3,1,3
2026-09-03T00:46:09.439,IMU-1,0x28,-2.94,179.56,256.38,3,3,0,3
2026-09-03T00:46:09.442,IMU-2,0x29,-2.75,-179.44,78.12,3,3,1,3
2026-09-03T00:46:09.539,IMU-1,0x28,-1.31,-176.62,259.25,3,3,0,3
2026-09-03T00:46:09.542,IMU-2,0x29,-4.56,177.19,80.81,3,3,1,3
2026-09-03T00:46:09.639,IMU-1,0x28,-1.19,-177.25,260.38,3,3,0,3
2026-09-03T00:46:09.642,IMU-2,0x29,-4.62,177.88,81.75,3,3,1,3
2026-09-03T00:46:09.739,IMU-1,0x28,-1.0,-178.31,260.56,3,3,0,3
2026-09-03T00:46:09.742,IMU-2,0x29,-4.69,178.75,82.0,3,3,1,3
2026-09-03T00:46:09.839,IMU-1,0x28,-0.94,-178.81,260.62,3,3,0,3
2026-09-03T00:46:09.843,IMU-2,0x29,-4.25,179.06,82.12,3,3,1,3
2026-09-03T00:46:09.940,IMU-1,0x28,-0.94,-179.0,260.69,3,3,0,3
2026-09-03T00:46:09.943,IMU-2,0x29,-3.75,178.88,82.31,3,3,1,3
2026-09-03T00:46:10.040,IMU-1,0x28,-0.94,-179.12,260.69,3,3,0,3
2026-09-03T00:46:10.043,IMU-2,0x29,-3.38,178.75,82.31,3,3,1,3
2026-09-03T00:46:10.140,IMU-1,0x28,-0.94,-179.19,260.81,3,3,0,3
2026-09-03T00:46:10.143,IMU-2,0x29,-3.06,178.62,82.38,3,3,1,3
2026-09-03T00:46:10.240,IMU-1,0x28,-1.0,-179.31,260.81,3,3,0,3
2026-09-03T00:46:10.244,IMU-2,0x29,-2.88,178.5,82.56,3,3,1,3
2026-09-03T00:46:10.340,IMU-1,0x28,-1.0,-179.38,260.81,3,3,0,3
2026-09-03T00:46:10.342,IMU-2,0x29,-2.69,178.44,82.56,3,3,1,3
2026-09-03T00:46:10.440,IMU-1,0x28,-1.0,-179.44,260.81,3,3,0,3
2026-09-03T00:46:10.442,IMU-2,0x29,-2.56,178.38,82.69,3,3,1,3
2026-09-03T00:46:10.540,IMU-1,0x28,-1.0,-179.5,260.75,3,3,0,3
2026-09-03T00:46:10.542,IMU-2,0x29,-2.44,178.38,82.88,3,3,1,3
2026-09-03T00:46:10.640,IMU-1,0x28,-1.0,-179.5,260.69,3,3,0,3
2026-09-03T00:46:10.642,IMU-2,0x29,-2.31,178.31,83.06,3,3,1,3
2026-09-03T00:46:10.740,IMU-1,0x28,-1.0,-179.56,260.69,3,3,0,3
2026-09-03T00:46:10.742,IMU-2,0x29,-2.25,178.25,83.06,3,3,1,3
2026-09-03T00:46:10.841,IMU-1,0x28,-1.0,-179.62,260.69,3,3,0,3
2026-09-03T00:46:10.842,IMU-2,0x29,-2.12,178.25,83.06,3,3,1,3
2026-09-03T00:46:10.941,IMU-1,0x28,-1.0,-179.62,260.69,3,3,0,3
2026-09-03T00:46:10.942,IMU-2,0x29,-2.0,178.19,83.0,3,3,1,3
2026-09-03T00:46:11.041,IMU-1,0x28,-1.0,-179.69,260.69,3,3,0,3
2026-09-03T00:46:11.042,IMU-2,0x29,-1.88,178.19,83.0,3,3,1,3
2026-09-03T00:46:11.141,IMU-1,0x28,-1.0,-179.69,260.69,3,3,0,3
2026-09-03T00:46:11.143,IMU-2,0x29,-1.81,178.12,83.0,3,3,1,3
2026-09-03T00:46:11.242,IMU-1,0x28,-1.0,-179.75,260.69,3,3,0,3
2026-09-03T00:46:11.244,IMU-2,0x29,-1.81,178.12,83.0,3,3,0,3
2026-09-03T00:46:11.342,IMU-1,0x28,-1.06,-179.75,260.69,3,3,0,3
2026-09-03T00:46:11.343,IMU-2,0x29,-1.75,178.12,83.0,3,3,0,3
2026-09-03T00:46:11.442,IMU-1,0x28,-1.06,-179.75,260.69,3,3,0,3
2026-09-03T00:46:11.443,IMU-2,0x29,-1.69,178.12,83.0,3,3,0,3
2026-09-03T00:46:11.542,IMU-1,0x28,-1.06,-179.81,260.69,3,3,0,3
2026-09-03T00:46:11.543,IMU-2,0x29,-1.62,178.12,83.0,3,3,0,3
2026-09-03T00:46:11.641,IMU-1,0x28,-1.06,-179.81,260.69,3,3,0,3
2026-09-03T00:46:11.643,IMU-2,0x29,-1.56,178.06,83.0,3,3,0,3
2026-09-03T00:46:11.741,IMU-1,0x28,-1.06,-179.81,260.69,3,3,0,3
2026-09-03T00:46:11.743,IMU-2,0x29,-1.56,178.06,83.0,3,3,0,3
2026-09-03T00:46:11.841,IMU-1,0x28,-1.06,-179.88,260.69,3,3,0,3
2026-09-03T00:46:11.843,IMU-2,0x29,-1.5,178.06,83.0,3,3,0,3
2026-09-03T00:46:11.941,IMU-1,0x28,-1.06,-179.88,260.69,3,3,0,3
2026-09-03T00:46:11.943,IMU-2,0x29,-1.5,178.06,83.0,3,3,0,3
2026-09-03T00:46:12.041,IMU-1,0x28,-1.06,-179.88,260.69,3,3,0,3
2026-09-03T00:46:12.044,IMU-2,0x29,-1.44,178.06,83.0,3,3,0,3
2026-09-03T00:46:12.141,IMU-1,0x28,-1.06,-179.94,260.69,3,3,0,3
2026-09-03T00:46:12.144,IMU-2,0x29,-1.44,178.06,83.0,3,3,0,3
2026-09-03T00:46:12.241,IMU-1,0x28,-1.06,-179.94,260.69,3,3,0,3
2026-09-03T00:46:12.245,IMU-2,0x29,-1.38,178.0,83.0,3,3,0,3
2026-09-03T00:46:12.341,IMU-1,0x28,-1.06,-179.94,260.69,3,3,0,3
2026-09-03T00:46:12.344,IMU-2,0x29,-1.38,178.0,83.0,3,3,0,3
2026-09-03T00:46:12.441,IMU-1,0x28,-1.06,-179.94,260.69,3,3,0,3
2026-09-03T00:46:12.444,IMU-2,0x29,-1.38,178.0,83.0,3,3,0,3
2026-09-03T00:46:12.541,IMU-1,0x28,-1.06,-179.94,260.69,3,3,0,3
2026-09-03T00:46:12.544,IMU-2,0x29,-1.31,178.0,83.0,3,3,0,3
2026-09-03T00:46:12.641,IMU-1,0x28,-1.06,-179.94,260.69,3,3,0,3
2026-09-03T00:46:12.644,IMU-2,0x29,-1.31,178.0,83.0,3,3,0,3
2026-09-03T00:46:12.741,IMU-1,0x28,-1.06,-179.94,260.69,3,3,0,3
2026-09-03T00:46:12.744,IMU-2,0x29,-1.31,178.0,83.0,3,3,0,3
2026-09-03T00:46:12.841,IMU-1,0x28,-1.06,-179.94,260.69,3,3,0,3
2026-09-03T00:46:12.844,IMU-2,0x29,-1.31,178.0,83.0,3,3,0,3
2026-09-03T00:46:12.941,IMU-1,0x28,-1.06,-179.94,260.69,3,3,0,3
2026-09-03T00:46:12.944,IMU-2,0x29,-1.31,178.0,83.0,3,3,0,3
2026-09-03T00:46:13.041,IMU-1,0x28,-1.06,-179.94,260.69,3,3,0,3
2026-09-03T00:46:13.044,IMU-2,0x29,-1.31,178.0,83.0,3,3,0,3
2026-09-03T00:46:13.142,IMU-1,0x28,-1.06,-179.94,260.69,3,3,0,3
2026-09-03T00:46:13.143,IMU-2,0x29,-1.31,178.0,83.0,3,3,0,3
2026-09-03T00:46:13.242,IMU-1,0x28,-1.06,-179.94,260.69,3,3,0,3
2026-09-03T00:46:13.245,IMU-2,0x29,-1.31,178.0,83.0,3,3,0,3
2026-09-03T00:46:13.342,IMU-1,0x28,-1.06,-179.94,260.69,3,3,0,3
2026-09-03T00:46:13.343,IMU-2,0x29,-1.31,178.0,83.0,3,3,0,3
2026-09-03T00:46:13.442,IMU-1,0x28,-1.06,-179.94,260.69,3,3,0,3
2026-09-03T00:46:13.443,IMU-2,0x29,-1.31,178.0,83.0,3,3,0,3
2026-09-03T00:46:13.542,IMU-1,0x28,-1.06,-179.94,260.69,3,3,0,3
2026-09-03T00:46:13.543,IMU-2,0x29,-1.31,178.0,83.0,3,3,0,3
2026-09-03T00:46:13.642,IMU-1,0x28,-1.06,-179.94,260.69,3,3,0,3
2026-09-03T00:46:13.643,IMU-2,0x29,-1.31,178.0,83.0,3,3,0,3
2026-09-03T00:46:13.742,IMU-1,0x28,-1.06,-179.94,260.69,3,3,0,3
2026-09-03T00:46:13.743,IMU-2,0x29,-1.31,178.0,83.0,3,3,0,3
2026-09-03T00:46:13.842,IMU-1,0x28,-1.06,-179.94,260.69,3,3,0,3
2026-09-03T00:46:13.843,IMU-2,0x29,-1.31,178.0,83.0,3,3,0,3
2026-09-03T00:46:13.942,IMU-1,0x28,-1.06,-179.94,260.69,3,3,0,3
2026-09-03T00:46:13.943,IMU-2,0x29,-1.31,178.0,83.0,3,3,0,3
2026-09-03T00:46:14.042,IMU-1,0x28,-1.06,-179.94,260.69,3,3,0,3
2026-09-03T00:46:14.044,IMU-2,0x29,-1.31,178.0,83.0,3,3,0,3
2026-09-03T00:46:14.142,IMU-1,0x28,-1.06,-179.94,260.69,3,3,0,3
2026-09-03T00:46:14.144,IMU-2,0x29,-1.31,178.0,83.0,3,3,0,3
2026-09-03T00:46:14.243,IMU-1,0x28,-1.06,-179.94,260.69,3,3,0,3
2026-09-03T00:46:14.245,IMU-2,0x29,-1.31,178.0,83.0,3,3,0,3
2026-09-03T00:46:14.343,IMU-1,0x28,-1.06,-179.94,260.69,3,3,0,3
2026-09-03T00:46:14.345,IMU-2,0x29,-1.31,178.0,83.0,3,3,0,3
2026-09-03T00:46:14.443,IMU-1,0x28,-1.06,-179.94,260.69,3,3,0,3
2026-09-03T00:46:14.445,IMU-2,0x29,-1.31,178.0,83.0,3,3,0,3
2026-09-03T00:46:14.543,IMU-1,0x28,-1.06,179.94,260.69,3,3,0,3
2026-09-03T00:46:14.545,IMU-2,0x29,-1.31,178.0,83.0,3,3,0,3
2026-09-03T00:46:14.643,IMU-1,0x28,-1.06,179.94,260.69,3,3,0,3
2026-09-03T00:46:14.646,IMU-2,0x29,-1.31,178.0,83.0,3,3,0,3
2026-09-03T00:46:14.744,IMU-1,0x28,-1.06,179.94,260.69,3,3,0,3
2026-09-03T00:46:14.746,IMU-2,0x29,-1.31,178.0,83.0,3,3,0,3
2026-09-03T00:46:14.844,IMU-1,0x28,-1.06,179.94,260.69,3,3,0,3
2026-09-03T00:46:14.846,IMU-2,0x29,-1.25,178.0,83.0,3,3,0,3
2026-09-03T00:46:14.944,IMU-1,0x28,-1.06,179.94,260.69,3,3,0,3
2026-09-03T00:46:14.947,IMU-2,0x29,-1.25,178.0,83.0,3,3,0,3
2026-09-03T00:46:15.044,IMU-1,0x28,-1.06,179.94,260.69,3,3,0,3
2026-09-03T00:46:15.047,IMU-2,0x29,-1.25,178.0,83.0,3,3,0,3
2026-09-03T00:46:15.144,IMU-1,0x28,-1.06,179.88,260.69,3,3,0,3
2026-09-03T00:46:15.146,IMU-2,0x29,-1.19,178.0,83.0,3,3,0,3
2026-09-03T00:46:15.245,IMU-1,0x28,-1.06,179.88,260.69,3,3,0,3
2026-09-03T00:46:15.248,IMU-2,0x29,-1.19,178.0,83.0,3,3,0,3
2026-09-03T00:46:15.344,IMU-1,0x28,-1.06,179.88,260.69,3,3,0,3
2026-09-03T00:46:15.346,IMU-2,0x29,-1.19,177.94,83.0,3,3,0,3
2026-09-03T00:46:15.444,IMU-1,0x28,-1.06,179.88,260.69,3,3,0,3
2026-09-03T00:46:15.446,IMU-2,0x29,-1.19,177.94,83.0,3,3,0,3
2026-09-03T00:46:15.545,IMU-1,0x28,-1.06,179.88,260.69,3,3,0,3
2026-09-03T00:46:15.546,IMU-2,0x29,-1.19,177.94,83.0,3,3,0,3
2026-09-03T00:46:15.645,IMU-1,0x28,-1.06,179.88,260.69,3,3,0,3
2026-09-03T00:46:15.646,IMU-2,0x29,-1.12,177.94,83.0,3,3,0,3
2026-09-03T00:46:15.745,IMU-1,0x28,-1.06,179.88,260.69,3,3,0,3
2026-09-03T00:46:15.746,IMU-2,0x29,-1.12,177.94,83.0,3,3,0,3
2026-09-03T00:46:15.845,IMU-1,0x28,-1.06,179.88,260.69,3,3,0,3
2026-09-03T00:46:15.846,IMU-2,0x29,-1.12,177.94,83.0,3,3,0,3
2026-09-03T00:46:15.945,IMU-1,0x28,-1.06,179.88,260.69,3,3,0,3
2026-09-03T00:46:15.946,IMU-2,0x29,-1.12,177.94,83.0,3,3,0,3
2026-09-03T00:46:16.045,IMU-1,0x28,-1.06,179.88,260.69,3,3,0,3
2026-09-03T00:46:16.046,IMU-2,0x29,-1.12,177.94,83.0,3,3,0,3
2026-09-03T00:46:16.145,IMU-1,0x28,-1.06,179.88,260.69,3,3,0,3
2026-09-03T00:46:16.146,IMU-2,0x29,-1.12,177.94,83.0,3,3,0,3
2026-09-03T00:46:16.246,IMU-1,0x28,-1.06,179.88,260.69,3,3,0,3
2026-09-03T00:46:16.248,IMU-2,0x29,-1.12,177.94,83.0,3,3,0,3
2026-09-03T00:46:16.345,IMU-1,0x28,-1.06,179.88,260.69,3,3,0,3
2026-09-03T00:46:16.346,IMU-2,0x29,-1.12,177.94,83.0,3,3,0,3
2026-09-03T00:46:16.445,IMU-1,0x28,-1.06,179.88,260.69,3,3,0,3
2026-09-03T00:46:16.446,IMU-2,0x29,-1.12,177.94,83.0,3,3,0,3
2026-09-03T00:46:16.545,IMU-1,0x28,-1.06,179.88,260.69,3,3,0,3
2026-09-03T00:46:16.546,IMU-2,0x29,-1.12,177.94,83.0,3,3,0,3
2026-09-03T00:46:16.644,IMU-1,0x28,-1.06,179.88,260.69,3,3,0,3
2026-09-03T00:46:16.646,IMU-2,0x29,-1.12,177.94,83.0,3,3,0,3
2026-09-03T00:46:16.744,IMU-1,0x28,-1.06,179.88,260.69,3,3,0,3
2026-09-03T00:46:16.746,IMU-2,0x29,-1.12,177.94,83.0,3,3,0,3
2026-09-03T00:46:16.844,IMU-1,0x28,-1.06,179.88,260.69,3,3,0,3
2026-09-03T00:46:16.846,IMU-2,0x29,-1.12,177.94,83.0,3,3,0,3
2026-09-03T00:46:16.944,IMU-1,0x28,-1.06,179.88,260.69,3,3,0,3
2026-09-03T00:46:16.946,IMU-2,0x29,-1.12,177.94,83.0,3,3,0,3
2026-09-03T00:46:17.044,IMU-1,0x28,-1.06,179.88,260.69,3,3,0,3
2026-09-03T00:46:17.047,IMU-2,0x29,-1.19,177.94,83.0,3,3,0,3
2026-09-03T00:46:17.144,IMU-1,0x28,-1.06,179.88,260.69,3,3,0,3
2026-09-03T00:46:17.147,IMU-2,0x29,-1.12,178.0,83.0,3,3,0,3
2026-09-03T00:46:17.244,IMU-1,0x28,-1.06,179.88,260.69,3,3,0,3
2026-09-03T00:46:17.248,IMU-2,0x29,-1.12,178.0,83.0,3,3,0,3
2026-09-03T00:46:17.344,IMU-1,0x28,-1.06,179.88,260.69,3,3,0,3
2026-09-03T00:46:17.347,IMU-2,0x29,-1.12,178.0,83.0,3,3,0,3
2026-09-03T00:46:17.444,IMU-1,0x28,-1.06,179.88,260.69,3,3,0,3
2026-09-03T00:46:17.447,IMU-2,0x29,-1.12,178.0,83.0,3,3,0,3
2026-09-03T00:46:17.544,IMU-1,0x28,-1.06,179.88,260.69,3,3,0,3
2026-09-03T00:46:17.547,IMU-2,0x29,-1.12,178.0,83.0,3,3,0,3
2026-09-03T00:46:17.644,IMU-1,0x28,-1.06,179.88,260.69,3,3,0,3
2026-09-03T00:46:17.647,IMU-2,0x29,-1.12,178.0,83.0,3,3,0,3
2026-09-03T00:46:17.744,IMU-1,0x28,-1.06,179.88,260.69,3,3,0,3
2026-09-03T00:46:17.747,IMU-2,0x29,-1.12,178.0,83.0,3,3,0,3
2026-09-03T00:46:17.844,IMU-1,0x28,-1.06,179.88,260.69,3,3,0,3
2026-09-03T00:46:17.847,IMU-2,0x29,-1.12,178.0,83.0,3,3,0,3
2026-09-03T00:46:17.945,IMU-1,0x28,-1.06,179.88,260.69,3,3,0,3
2026-09-03T00:46:17.948,IMU-2,0x29,-1.12,178.0,83.0,3,3,0,3
2026-09-03T00:46:18.045,IMU-1,0x28,-1.06,179.88,260.69,3,3,0,3
2026-09-03T00:46:18.048,IMU-2,0x29,-1.12,178.0,83.0,3,3,0,3
2026-09-03T00:46:18.145,IMU-1,0x28,-1.06,179.88,260.69,3,3,0,3
2026-09-03T00:46:18.148,IMU-2,0x29,-1.12,178.0,83.0,3,3,0,3
2026-09-03T00:46:18.246,IMU-1,0x28,-1.06,179.88,260.69,3,3,0,3
2026-09-03T00:46:18.250,IMU-2,0x29,-1.12,178.0,83.0,3,3,0,3
2026-09-03T00:46:18.345,IMU-1,0x28,-1.06,179.88,260.69,3,3,0,3
2026-09-03T00:46:18.349,IMU-2,0x29,-1.12,178.0,83.0,3,3,0,3
2026-09-03T00:46:18.446,IMU-1,0x28,-1.06,179.88,260.69,3,3,0,3
2026-09-03T00:46:18.449,IMU-2,0x29,-1.12,178.0,83.0,3,3,0,3
2026-09-03T00:46:18.546,IMU-1,0x28,-1.06,179.88,260.69,3,3,0,3
2026-09-03T00:46:18.549,IMU-2,0x29,-1.12,178.0,83.0,3,3,0,3
2026-09-03T00:46:18.646,IMU-1,0x28,-1.06,179.88,260.69,3,3,0,3
2026-09-03T00:46:18.649,IMU-2,0x29,-1.12,178.0,83.0,3,3,0,3
2026-09-03T00:46:18.746,IMU-1,0x28,-1.06,179.88,260.69,3,3,0,3
2026-09-03T00:46:18.749,IMU-2,0x29,-1.12,178.0,83.0,3,3,0,3
2026-09-03T00:46:18.847,IMU-1,0x28,-1.06,179.88,260.69,3,3,0,3
2026-09-03T00:46:18.849,IMU-2,0x29,-1.12,178.0,83.0,3,3,0,3
2026-09-03T00:46:18.947,IMU-1,0x28,-1.06,179.88,260.69,3,3,0,3
2026-09-03T00:46:18.948,IMU-2,0x29,-1.12,178.0,83.0,3,3,0,3
2026-09-03T00:46:19.047,IMU-1,0x28,-1.06,179.88,260.69,3,3,0,3
2026-09-03T00:46:19.048,IMU-2,0x29,-1.12,178.0,83.0,3,3,0,3
2026-09-03T00:46:19.147,IMU-1,0x28,-1.06,179.88,260.69,3,3,0,3
2026-09-03T00:46:19.149,IMU-2,0x29,-1.12,178.0,83.0,3,3,0,3
2026-09-03T00:46:19.248,IMU-1,0x28,-1.06,179.88,260.69,3,3,0,3
2026-09-03T00:46:19.250,IMU-2,0x29,-1.12,178.0,83.0,3,3,0,3
2026-09-03T00:46:19.347,IMU-1,0x28,-1.06,179.88,260.69,3,3,0,3
2026-09-03T00:46:19.348,IMU-2,0x29,-1.12,178.0,83.0,3,3,0,3
2026-09-03T00:46:19.447,IMU-1,0x28,-1.06,179.88,260.69,3,3,0,3
2026-09-03T00:46:19.449,IMU-2,0x29,-1.12,178.0,83.0,3,3,0,3
2026-09-03T00:46:19.547,IMU-1,0x28,-1.06,179.88,260.69,3,3,0,3
2026-09-03T00:46:19.548,IMU-2,0x29,-1.12,178.0,83.0,3,3,0,3
2026-09-03T00:46:19.647,IMU-1,0x28,-1.06,179.88,260.69,3,3,0,3
2026-09-03T00:46:19.649,IMU-2,0x29,-1.12,178.0,83.0,3,3,0,3
2026-09-03T00:46:19.747,IMU-1,0x28,-1.06,179.88,260.69,3,3,0,3
2026-09-03T00:46:19.749,IMU-2,0x29,-1.12,178.0,83.0,3,3,0,3
2026-09-03T00:46:19.847,IMU-1,0x28,-1.06,179.88,260.69,3,3,0,3
2026-09-03T00:46:19.849,IMU-2,0x29,-1.12,178.0,83.0,3,3,0,3
2026-09-03T00:46:19.947,IMU-1,0x28,-1.06,179.88,260.69,3,3,0,3
2026-09-03T00:46:19.949,IMU-2,0x29,-1.12,178.0,83.0,3,3,0,3
2026-09-03T00:46:20.047,IMU-1,0x28,-1.06,179.88,260.69,3,3,0,3
2026-09-03T00:46:20.049,IMU-2,0x29,-1.12,178.0,83.0,3,3,0,3
2026-09-03T00:46:20.147,IMU-1,0x28,-1.06,179.88,260.69,3,3,0,3
2026-09-03T00:46:20.150,IMU-2,0x29,-1.12,178.0,83.0,3,3,0,3
2026-09-03T00:46:20.247,IMU-1,0x28,-1.06,179.88,260.69,3,3,0,3
2026-09-03T00:46:20.251,IMU-2,0x29,-1.12,178.0,83.0,3,3,0,3
2026-09-03T00:46:20.346,IMU-1,0x28,-1.06,179.88,260.69,3,3,0,3
2026-09-03T00:46:20.349,IMU-2,0x29,-1.12,178.0,83.0,3,3,0,3
2026-09-03T00:46:20.446,IMU-1,0x28,-1.06,179.88,260.69,3,3,0,3
2026-09-03T00:46:20.449,IMU-2,0x29,-1.12,178.0,83.0,3,3,0,3
2026-09-03T00:46:20.546,IMU-1,0x28,-1.06,179.88,260.69,3,3,0,3
2026-09-03T00:46:20.549,IMU-2,0x29,-1.12,178.0,83.0,3,3,0,3
2026-09-03T00:46:20.646,IMU-1,0x28,-1.06,179.88,260.69,3,3,0,3
2026-09-03T00:46:20.649,IMU-2,0x29,-1.12,178.0,83.0,3,3,0,3
2026-09-03T00:46:20.746,IMU-1,0x28,-1.06,179.88,260.69,3,3,0,3
2026-09-03T00:46:20.749,IMU-2,0x29,-1.12,178.0,83.0,3,3,0,3
2026-09-03T00:46:20.846,IMU-1,0x28,-1.06,179.88,260.69,3,3,0,3
2026-09-03T00:46:20.849,IMU-2,0x29,-1.12,178.0,83.0,3,3,0,3
2026-09-03T00:46:20.946,IMU-1,0x28,-1.06,179.88,260.69,3,3,0,3
2026-09-03T00:46:20.949,IMU-2,0x29,-1.12,178.0,83.0,3,3,0,3
2026-09-03T00:46:21.046,IMU-1,0x28,-1.06,179.88,260.69,3,3,0,3
2026-09-03T00:46:21.048,IMU-2,0x29,-1.12,178.0,83.0,3,3,0,3
2026-09-03T00:46:21.146,IMU-1,0x28,-1.06,179.88,260.69,3,3,0,3
2026-09-03T00:46:21.148,IMU-2,0x29,-1.12,178.0,83.0,3,3,0,3
2026-09-03T00:46:21.247,IMU-1,0x28,-1.06,179.88,260.69,3,3,0,3
2026-09-03T00:46:21.249,IMU-2,0x29,-1.12,178.0,83.0,3,3,0,3
2026-09-03T00:46:21.347,IMU-1,0x28,-1.06,179.88,260.69,3,3,0,3
2026-09-03T00:46:21.348,IMU-2,0x29,-1.12,178.0,83.0,3,3,0,3
2026-09-03T00:46:21.447,IMU-1,0x28,-1.06,179.88,260.69,3,3,0,3
2026-09-03T00:46:21.448,IMU-2,0x29,-1.12,178.0,83.0,3,3,0,3
2026-09-03T00:46:21.547,IMU-1,0x28,-1.06,179.88,260.69,3,3,0,3
2026-09-03T00:46:21.548,IMU-2,0x29,-1.12,178.0,83.0,3,3,0,3
2026-09-03T00:46:21.647,IMU-1,0x28,-1.06,179.88,260.69,3,3,0,3
2026-09-03T00:46:21.649,IMU-2,0x29,-1.12,178.0,83.0,3,3,0,3
2026-09-03T00:46:21.747,IMU-1,0x28,-1.06,179.88,260.69,3,3,0,3
2026-09-03T00:46:21.749,IMU-2,0x29,-1.12,178.0,83.0,3,3,0,3
2026-09-03T00:46:21.847,IMU-1,0x28,-1.06,179.88,260.69,3,3,0,3
2026-09-03T00:46:21.849,IMU-2,0x29,-1.12,178.0,83.0,3,3,0,3
2026-09-03T00:46:21.948,IMU-1,0x28,-1.06,179.88,260.69,3,3,0,3
2026-09-03T00:46:21.949,IMU-2,0x29,-1.12,178.0,83.0,3,3,0,3
2026-09-03T00:46:22.048,IMU-1,0x28,-1.06,179.88,260.69,3,3,0,3
2026-09-03T00:46:22.049,IMU-2,0x29,-1.12,178.0,83.0,3,3,0,3
2026-09-03T00:46:22.148,IMU-1,0x28,-1.06,179.88,260.69,3,3,0,3
2026-09-03T00:46:22.150,IMU-2,0x29,-1.12,178.0,83.0,3,3,0,3
2026-09-03T00:46:22.249,IMU-1,0x28,-1.06,179.88,260.69,3,3,0,3
2026-09-03T00:46:22.251,IMU-2,0x29,-1.12,178.0,83.0,3,3,0,3
2026-09-03T00:46:22.348,IMU-1,0x28,-1.06,179.88,260.69,3,3,0,3
2026-09-03T00:46:22.350,IMU-2,0x29,-1.12,178.0,83.0,3,3,0,3
2026-09-03T00:46:22.449,IMU-1,0x28,-1.06,179.88,260.69,3,3,0,3
2026-09-03T00:46:22.451,IMU-2,0x29,-1.12,178.0,83.0,3,3,0,3
2026-09-03T00:46:22.549,IMU-1,0x28,-1.06,179.88,260.69,3,3,0,3
2026-09-03T00:46:22.551,IMU-2,0x29,-1.12,178.0,83.0,3,3,0,3
2026-09-03T00:46:22.649,IMU-1,0x28,-1.06,179.88,260.69,3,3,0,3
2026-09-03T00:46:22.651,IMU-2,0x29,-1.12,178.0,83.0,3,3,0,3
2026-09-03T00:46:22.749,IMU-1,0x28,-1.06,179.88,260.69,3,3,0,3
2026-09-03T00:46:22.751,IMU-2,0x29,-1.12,178.0,83.0,3,3,0,3
2026-09-03T00:46:22.849,IMU-1,0x28,-1.06,179.88,260.69,3,3,0,3
2026-09-03T00:46:22.852,IMU-2,0x29,-1.12,178.0,83.0,3,3,0,3
2026-09-03T00:46:22.949,IMU-1,0x28,-1.06,179.88,260.69,3,3,0,3
2026-09-03T00:46:22.952,IMU-2,0x29,-1.12,178.0,83.0,3,3,0,3
2026-09-03T00:46:23.049,IMU-1,0x28,-1.06,179.88,260.69,3,3,0,3
2026-09-03T00:46:23.052,IMU-2,0x29,-1.12,178.0,83.0,3,3,0,3
2026-09-03T00:46:23.149,IMU-1,0x28,-1.06,179.88,260.69,3,3,0,3
2026-09-03T00:46:23.152,IMU-2,0x29,-1.12,178.0,83.0,3,3,0,3
2026-09-03T00:46:23.250,IMU-1,0x28,-1.06,179.88,260.69,3,3,0,3
2026-09-03T00:46:23.254,IMU-2,0x29,-1.12,178.0,83.0,3,3,0,3
2026-09-03T00:46:23.349,IMU-1,0x28,-1.06,179.88,260.69,3,3,0,3
2026-09-03T00:46:23.352,IMU-2,0x29,-1.12,178.0,83.0,3,3,0,3
2026-09-03T00:46:23.449,IMU-1,0x28,-1.06,179.88,260.69,3,3,0,3
2026-09-03T00:46:23.452,IMU-2,0x29,-1.12,178.0,83.0,3,3,0,3
2026-09-03T00:46:23.549,IMU-1,0x28,-1.06,179.88,260.69,3,3,0,3
2026-09-03T00:46:23.552,IMU-2,0x29,-1.12,178.0,83.0,3,3,0,3
2026-09-03T00:46:23.649,IMU-1,0x28,-1.06,179.88,260.69,3,3,0,3
2026-09-03T00:46:23.652,IMU-2,0x29,-1.12,178.0,83.0,3,3,0,3
2026-09-03T00:46:23.749,IMU-1,0x28,-1.06,179.88,260.69,3,3,0,3
2026-09-03T00:46:23.752,IMU-2,0x29,-1.12,178.0,83.0,3,3,0,3
2026-09-03T00:46:23.849,IMU-1,0x28,-1.06,179.88,260.69,3,3,0,3
2026-09-03T00:46:23.852,IMU-2,0x29,-1.12,178.0,83.0,3,3,0,3
2026-09-03T00:46:23.949,IMU-1,0x28,-1.06,179.88,260.69,3,3,0,3
2026-09-03T00:46:23.950,IMU-2,0x29,-1.12,178.0,83.0,3,3,0,3
2026-09-03T00:46:24.048,IMU-1,0x28,-1.06,179.88,260.69,3,3,0,3
2026-09-03T00:46:24.050,IMU-2,0x29,-1.12,178.0,83.0,3,3,0,3
2026-09-03T00:46:24.148,IMU-1,0x28,-1.06,179.88,260.69,3,3,0,3
2026-09-03T00:46:24.150,IMU-2,0x29,-1.12,178.0,83.0,3,3,0,3
2026-09-03T00:46:24.249,IMU-1,0x28,-1.06,179.88,260.69,3,3,0,3
2026-09-03T00:46:24.251,IMU-2,0x29,-1.12,178.0,83.0,3,3,0,3
2026-09-03T00:46:24.348,IMU-1,0x28,-1.06,179.88,260.69,3,3,0,3
2026-09-03T00:46:24.350,IMU-2,0x29,-1.12,178.0,83.0,3,3,0,3
2026-09-03T00:46:24.448,IMU-1,0x28,-1.06,179.88,260.69,3,3,0,3
2026-09-03T00:46:24.450,IMU-2,0x29,-1.12,178.0,83.0,3,3,0,3
2026-09-03T00:46:24.548,IMU-1,0x28,-1.06,179.88,260.69,3,3,0,3
2026-09-03T00:46:24.550,IMU-2,0x29,-1.12,178.0,83.0,3,3,0,3
2026-09-03T00:46:24.648,IMU-1,0x28,-1.06,179.88,260.69,3,3,0,3
2026-09-03T00:46:24.650,IMU-2,0x29,-1.12,178.0,83.0,3,3,0,3
2026-09-03T00:46:24.748,IMU-1,0x28,-1.06,179.88,260.69,3,3,0,3
2026-09-03T00:46:24.750,IMU-2,0x29,-1.12,178.0,83.0,3,3,0,3
2026-09-03T00:46:24.849,IMU-1,0x28,-1.06,179.88,260.69,3,3,0,3
2026-09-03T00:46:24.851,IMU-2,0x29,-1.12,178.0,83.0,3,3,0,3
2026-09-03T00:46:24.949,IMU-1,0x28,-1.06,179.88,260.69,3,3,0,3
2026-09-03T00:46:24.951,IMU-2,0x29,-1.12,178.0,83.0,3,3,0,3
2026-09-03T00:46:25.049,IMU-1,0x28,-1.06,179.88,260.69,3,3,0,3
2026-09-03T00:46:25.051,IMU-2,0x29,-1.12,178.0,83.0,3,3,0,3
2026-09-03T00:46:25.149,IMU-1,0x28,-1.06,179.88,260.69,3,3,0,3
2026-09-03T00:46:25.152,IMU-2,0x29,-1.12,178.0,83.0,3,3,0,3
2026-09-03T00:46:25.250,IMU-1,0x28,-1.06,179.88,260.69,3,3,0,3
2026-09-03T00:46:25.253,IMU-2,0x29,-1.12,178.0,83.0,3,3,0,3
2026-09-03T00:46:25.349,IMU-1,0x28,-1.06,179.88,260.69,3,3,0,3
2026-09-03T00:46:25.352,IMU-2,0x29,-1.12,178.0,83.0,3,3,0,3
2026-09-03T00:46:25.450,IMU-1,0x28,-1.06,179.88,260.69,3,3,0,3
2026-09-03T00:46:25.453,IMU-2,0x29,-1.12,178.0,83.0,3,3,0,3
2026-09-03T00:46:25.550,IMU-1,0x28,-1.06,179.88,260.69,3,3,0,3
2026-09-03T00:46:25.553,IMU-2,0x29,-1.12,178.0,83.0,3,3,0,3
2026-09-03T00:46:25.650,IMU-1,0x28,-1.06,179.88,260.69,3,3,0,3
2026-09-03T00:46:25.653,IMU-2,0x29,-1.12,178.0,83.0,3,3,0,3
2026-09-03T00:46:25.750,IMU-1,0x28,-1.06,179.88,260.69,3,3,0,3
2026-09-03T00:46:25.753,IMU-2,0x29,-1.12,178.0,83.0,3,3,0,3
2026-09-03T00:46:25.850,IMU-1,0x28,-1.06,179.88,260.69,3,3,0,3
2026-09-03T00:46:25.853,IMU-2,0x29,-1.12,178.0,83.0,3,3,0,3
2026-09-03T00:46:25.951,IMU-1,0x28,-1.06,179.88,260.69,3,3,0,3
2026-09-03T00:46:25.954,IMU-2,0x29,-1.12,177.94,83.0,3,3,0,3
2026-09-03T00:46:26.051,IMU-1,0x28,-1.06,179.88,260.69,3,3,0,3
2026-09-03T00:46:26.054,IMU-2,0x29,-1.12,177.94,83.0,3,3,0,3
2026-09-03T00:46:26.151,IMU-1,0x28,-1.06,179.88,260.69,3,3,0,3
2026-09-03T00:46:26.154,IMU-2,0x29,-1.12,177.94,83.0,3,3,0,3
2026-09-03T00:46:26.252,IMU-1,0x28,-1.06,179.88,260.69,3,3,0,3
2026-09-03T00:46:26.256,IMU-2,0x29,-1.12,177.94,83.0,3,3,0,3
2026-09-03T00:46:26.351,IMU-1,0x28,-1.06,179.88,260.69,3,3,0,3
2026-09-03T00:46:26.354,IMU-2,0x29,-1.12,177.94,83.0,3,3,0,3
2026-09-03T00:46:26.451,IMU-1,0x28,-1.06,179.88,260.69,3,3,0,3
2026-09-03T00:46:26.454,IMU-2,0x29,-1.06,177.94,83.0,3,3,0,3
2026-09-03T00:46:26.551,IMU-1,0x28,-1.06,179.88,260.69,3,3,0,3
2026-09-03T00:46:26.553,IMU-2,0x29,-1.06,177.94,83.0,3,3,0,3
2026-09-03T00:46:26.651,IMU-1,0x28,-1.06,179.88,260.69,3,3,0,3
2026-09-03T00:46:26.653,IMU-2,0x29,-1.06,177.94,83.0,3,3,0,3
2026-09-03T00:46:26.751,IMU-1,0x28,-1.06,179.88,260.69,3,3,0,3
2026-09-03T00:46:26.753,IMU-2,0x29,-1.06,177.94,83.0,3,3,0,3
2026-09-03T00:46:26.851,IMU-1,0x28,-1.06,179.88,260.69,3,3,0,3
2026-09-03T00:46:26.853,IMU-2,0x29,-1.06,177.94,83.0,3,3,0,3
2026-09-03T00:46:26.951,IMU-1,0x28,-1.06,179.88,260.69,3,3,0,3
2026-09-03T00:46:26.953,IMU-2,0x29,-1.06,177.94,83.0,3,3,0,3
2026-09-03T00:46:27.051,IMU-1,0x28,-1.06,179.88,260.69,3,3,0,3
2026-09-03T00:46:27.053,IMU-2,0x29,-1.06,177.94,83.0,3,3,0,3
2026-09-03T00:46:27.151,IMU-1,0x28,-1.06,179.88,260.69,3,3,0,3
2026-09-03T00:46:27.153,IMU-2,0x29,-1.06,177.94,83.0,3,3,0,3
2026-09-03T00:46:27.252,IMU-1,0x28,-1.06,179.88,260.69,3,3,0,3
2026-09-03T00:46:27.254,IMU-2,0x29,-1.06,177.94,83.0,3,3,0,3
2026-09-03T00:46:27.351,IMU-1,0x28,-1.06,179.88,260.69,3,3,0,3
2026-09-03T00:46:27.352,IMU-2,0x29,-1.06,177.94,83.0,3,3,0,3
2026-09-03T00:46:27.451,IMU-1,0x28,-1.06,179.88,260.69,3,3,0,3
2026-09-03T00:46:27.453,IMU-2,0x29,-1.06,177.94,83.0,3,3,0,3
2026-09-03T00:46:27.550,IMU-1,0x28,-1.06,179.88,260.69,3,3,0,3
2026-09-03T00:46:27.553,IMU-2,0x29,-1.06,177.94,83.0,3,3,0,3
2026-09-03T00:46:27.650,IMU-1,0x28,-1.06,179.88,260.69,3,3,0,3
2026-09-03T00:46:27.653,IMU-2,0x29,-1.06,177.94,83.0,3,3,0,3
2026-09-03T00:46:27.750,IMU-1,0x28,-1.06,179.88,260.69,3,3,0,3
2026-09-03T00:46:27.753,IMU-2,0x29,-1.06,177.94,83.0,3,3,0,3
2026-09-03T00:46:27.850,IMU-1,0x28,-1.06,179.88,260.69,3,3,0,3
2026-09-03T00:46:27.853,IMU-2,0x29,-1.06,177.94,83.0,3,3,0,3
2026-09-03T00:46:27.950,IMU-1,0x28,-1.06,179.88,260.69,3,3,0,3
2026-09-03T00:46:27.953,IMU-2,0x29,-1.06,177.94,83.0,3,3,0,3
2026-09-03T00:46:28.050,IMU-1,0x28,-1.06,179.88,260.69,3,3,0,3
2026-09-03T00:46:28.053,IMU-2,0x29,-1.06,177.94,83.0,3,3,0,3
2026-09-03T00:46:28.150,IMU-1,0x28,-1.06,179.88,260.69,3,3,0,3
2026-09-03T00:46:28.152,IMU-2,0x29,-1.06,177.94,83.0,3,3,0,3
2026-09-03T00:46:28.251,IMU-1,0x28,-1.06,179.88,260.69,3,3,0,3
2026-09-03T00:46:28.254,IMU-2,0x29,-1.06,177.94,83.0,3,3,0,3
2026-09-03T00:46:28.351,IMU-1,0x28,-1.06,179.88,260.69,3,3,0,3
2026-09-03T00:46:28.352,IMU-2,0x29,-1.06,177.94,83.0,3,3,0,3
2026-09-03T00:46:28.451,IMU-1,0x28,-1.06,179.88,260.69,3,3,0,3
2026-09-03T00:46:28.452,IMU-2,0x29,-1.06,177.94,83.0,3,3,0,3
2026-09-03T00:46:28.551,IMU-1,0x28,-1.06,179.88,260.69,3,3,0,3
2026-09-03T00:46:28.552,IMU-2,0x29,-1.06,177.94,83.0,3,3,0,3
2026-09-03T00:46:28.651,IMU-1,0x28,-1.06,179.88,260.69,3,3,0,3
2026-09-03T00:46:28.653,IMU-2,0x29,-1.06,177.94,83.0,3,3,0,3
2026-09-03T00:46:28.751,IMU-1,0x28,-1.06,179.88,260.69,3,3,0,3
2026-09-03T00:46:28.753,IMU-2,0x29,-1.06,177.94,83.0,3,3,0,3
2026-09-03T00:46:28.851,IMU-1,0x28,-1.06,179.88,260.69,3,3,0,3
2026-09-03T00:46:28.853,IMU-2,0x29,-1.06,177.94,83.0,3,3,0,3
2026-09-03T00:46:28.952,IMU-1,0x28,-1.06,179.88,260.69,3,3,0,3
2026-09-03T00:46:28.953,IMU-2,0x29,-1.06,177.94,83.0,3,3,0,3
2026-09-03T00:46:29.052,IMU-1,0x28,-1.06,179.88,260.69,3,3,0,3
2026-09-03T00:46:29.053,IMU-2,0x29,-1.06,177.94,83.0,3,3,0,3
2026-09-03T00:46:29.152,IMU-1,0x28,-1.06,179.81,260.69,3,3,0,3
2026-09-03T00:46:29.154,IMU-2,0x29,-1.06,177.94,83.0,3,3,0,3
2026-09-03T00:46:29.253,IMU-1,0x28,-1.06,179.81,260.69,3,3,0,3
2026-09-03T00:46:29.255,IMU-2,0x29,-1.06,177.94,83.0,3,3,0,3
2026-09-03T00:46:29.353,IMU-1,0x28,-1.06,179.81,260.69,3,3,0,3
2026-09-03T00:46:29.354,IMU-2,0x29,-1.06,177.94,83.0,3,3,0,3
2026-09-03T00:46:29.453,IMU-1,0x28,-1.06,179.81,260.69,3,3,0,3
2026-09-03T00:46:29.454,IMU-2,0x29,-1.06,177.94,83.0,3,3,0,3
2026-09-03T00:46:29.553,IMU-1,0x28,-1.06,179.81,260.69,3,3,0,3
2026-09-03T00:46:29.554,IMU-2,0x29,-1.06,177.94,83.0,3,3,0,3
2026-09-03T00:46:29.652,IMU-1,0x28,-1.06,179.81,260.69,3,3,0,3
2026-09-03T00:46:29.654,IMU-2,0x29,-1.06,177.94,83.0,3,3,0,3
2026-09-03T00:46:29.752,IMU-1,0x28,-1.06,179.81,260.69,3,3,0,3
2026-09-03T00:46:29.754,IMU-2,0x29,-1.06,177.94,83.0,3,3,0,3
2026-09-03T00:46:29.852,IMU-1,0x28,-1.06,179.81,260.69,3,3,0,3
2026-09-03T00:46:29.854,IMU-2,0x29,-1.06,177.94,83.0,3,3,0,3
2026-09-03T00:46:29.952,IMU-1,0x28,-1.06,179.81,260.69,3,3,0,3
2026-09-03T00:46:29.954,IMU-2,0x29,-1.06,177.94,83.0,3,3,0,3
2026-09-03T00:46:30.052,IMU-1,0x28,-1.06,179.81,260.69,3,3,0,3
2026-09-03T00:46:30.054,IMU-2,0x29,-1.06,177.94,83.0,3,3,0,3
2026-09-03T00:46:30.152,IMU-1,0x28,-1.06,179.81,260.69,3,3,0,3
2026-09-03T00:46:30.154,IMU-2,0x29,-1.06,177.94,83.0,3,3,0,3
2026-09-03T00:46:30.252,IMU-1,0x28,-1.06,179.81,260.69,3,3,0,3
2026-09-03T00:46:30.255,IMU-2,0x29,-1.06,177.94,83.0,3,3,0,3
2026-09-03T00:46:30.352,IMU-1,0x28,-1.06,179.81,260.69,3,3,0,3
2026-09-03T00:46:30.355,IMU-2,0x29,-1.06,177.94,83.0,3,3,0,3
2026-09-03T00:46:30.452,IMU-1,0x28,-1.06,179.81,260.69,3,3,0,3
2026-09-03T00:46:30.455,IMU-2,0x29,-1.06,177.94,83.0,3,3,0,3
2026-09-03T00:46:30.552,IMU-1,0x28,-1.06,179.81,260.69,3,3,0,3
2026-09-03T00:46:30.555,IMU-2,0x29,-1.06,177.94,83.0,3,3,0,3
2026-09-03T00:46:30.652,IMU-1,0x28,-1.06,179.81,260.69,3,3,0,3
2026-09-03T00:46:30.655,IMU-2,0x29,-1.06,177.94,83.0,3,3,0,3
2026-09-03T00:46:30.752,IMU-1,0x28,-1.06,179.81,260.69,3,3,0,3
2026-09-03T00:46:30.755,IMU-2,0x29,-1.06,177.94,83.0,3,3,0,3
2026-09-03T00:46:30.852,IMU-1,0x28,-1.06,179.81,260.69,3,3,0,3
2026-09-03T00:46:30.855,IMU-2,0x29,-1.06,177.94,83.0,3,3,0,3
2026-09-03T00:46:30.952,IMU-1,0x28,-1.06,179.81,260.69,3,3,0,3
2026-09-03T00:46:30.955,IMU-2,0x29,-1.06,177.94,83.0,3,3,0,3
2026-09-03T00:46:31.052,IMU-1,0x28,-1.06,179.81,260.69,3,3,0,3
2026-09-03T00:46:31.055,IMU-2,0x29,-1.06,177.94,83.0,3,3,0,3
2026-09-03T00:46:31.152,IMU-1,0x28,-1.06,179.81,260.69,3,3,0,3
2026-09-03T00:46:31.155,IMU-2,0x29,-1.06,177.94,83.0,3,3,0,3
2026-09-03T00:46:31.253,IMU-1,0x28,-1.06,179.81,260.69,3,3,0,3
2026-09-03T00:46:31.257,IMU-2,0x29,-1.06,177.94,83.0,3,3,0,3
2026-09-03T00:46:31.352,IMU-1,0x28,-1.06,179.81,260.69,3,3,0,3
2026-09-03T00:46:31.355,IMU-2,0x29,-1.06,177.94,83.0,3,3,0,3
2026-09-03T00:46:31.453,IMU-1,0x28,-1.06,179.81,260.69,3,3,0,3
2026-09-03T00:46:31.455,IMU-2,0x29,-1.06,177.94,83.0,3,3,0,3
2026-09-03T00:46:31.553,IMU-1,0x28,-1.06,179.81,260.69,3,3,0,3
2026-09-03T00:46:31.555,IMU-2,0x29,-1.06,177.94,83.0,3,3,0,3
2026-09-03T00:46:31.653,IMU-1,0x28,-1.06,179.81,260.69,3,3,0,3
2026-09-03T00:46:31.654,IMU-2,0x29,-1.06,177.94,83.0,3,3,0,3
2026-09-03T00:46:31.753,IMU-1,0x28,-1.06,179.81,260.69,3,3,0,3
2026-09-03T00:46:31.754,IMU-2,0x29,-1.06,177.94,83.0,3,3,0,3
2026-09-03T00:46:31.853,IMU-1,0x28,-1.06,179.81,260.69,3,3,0,3
2026-09-03T00:46:31.854,IMU-2,0x29,-1.06,177.94,83.0,3,3,0,3
2026-09-03T00:46:31.953,IMU-1,0x28,-1.06,179.81,260.69,3,3,0,3
2026-09-03T00:46:31.954,IMU-2,0x29,-1.06,177.94,83.0,3,3,0,3
2026-09-03T00:46:32.053,IMU-1,0x28,-1.06,179.81,260.69,3,3,0,3
2026-09-03T00:46:32.055,IMU-2,0x29,-1.06,177.94,83.0,3,3,0,3
2026-09-03T00:46:32.153,IMU-1,0x28,-1.06,179.81,260.69,3,3,0,3
2026-09-03T00:46:32.155,IMU-2,0x29,-1.06,177.94,83.0,3,3,0,3
2026-09-03T00:46:32.254,IMU-1,0x28,-1.06,179.81,260.69,3,3,0,3
2026-09-03T00:46:32.256,IMU-2,0x29,-1.06,177.94,83.0,3,3,0,3
2026-09-03T00:46:32.354,IMU-1,0x28,-1.06,179.81,260.69,3,3,0,3
2026-09-03T00:46:32.355,IMU-2,0x29,-1.06,177.94,83.0,3,3,0,3
2026-09-03T00:46:32.454,IMU-1,0x28,-1.06,179.81,260.69,3,3,0,3
2026-09-03T00:46:32.455,IMU-2,0x29,-1.06,177.94,83.0,3,3,0,3
2026-09-03T00:46:32.554,IMU-1,0x28,-1.06,179.81,260.69,3,3,0,3
2026-09-03T00:46:32.556,IMU-2,0x29,-1.06,177.94,83.0,3,3,0,3
2026-09-03T00:46:32.654,IMU-1,0x28,-1.06,179.81,260.69,3,3,0,3
2026-09-03T00:46:32.656,IMU-2,0x29,-1.06,177.94,83.0,3,3,0,3
2026-09-03T00:46:32.755,IMU-1,0x28,-1.06,179.81,260.69,3,3,0,3
2026-09-03T00:46:32.756,IMU-2,0x29,-1.06,177.94,83.0,3,3,0,3
2026-09-03T00:46:32.855,IMU-1,0x28,-1.06,179.81,260.69,3,3,0,3
2026-09-03T00:46:32.856,IMU-2,0x29,-1.06,177.94,83.0,3,3,0,3
2026-09-03T00:46:32.955,IMU-1,0x28,-1.06,179.81,260.69,3,3,0,3
2026-09-03T00:46:32.957,IMU-2,0x29,-1.06,177.94,83.0,3,3,0,3
2026-09-03T00:46:33.055,IMU-1,0x28,-1.06,179.81,260.69,3,3,0,3
2026-09-03T00:46:33.057,IMU-2,0x29,-1.06,177.94,83.0,3,3,0,3
2026-09-03T00:46:33.155,IMU-1,0x28,-1.06,179.81,260.69,3,3,0,3
2026-09-03T00:46:33.157,IMU-2,0x29,-1.06,177.94,83.0,3,3,0,3
2026-09-03T00:46:33.256,IMU-1,0x28,-1.06,179.81,260.69,3,3,0,3
2026-09-03T00:46:33.259,IMU-2,0x29,-1.06,177.94,83.0,3,3,0,3
2026-09-03T00:46:33.355,IMU-1,0x28,-1.06,179.81,260.69,3,3,0,3
2026-09-03T00:46:33.358,IMU-2,0x29,-1.06,177.94,83.0,3,3,0,3
2026-09-03T00:46:33.455,IMU-1,0x28,-1.06,179.81,260.69,3,3,0,3
2026-09-03T00:46:33.458,IMU-2,0x29,-1.06,177.94,83.0,3,3,0,3
2026-09-03T00:46:33.555,IMU-1,0x28,-1.06,179.81,260.69,3,3,0,3
2026-09-03T00:46:33.558,IMU-2,0x29,-1.06,177.94,83.0,3,3,0,3
2026-09-03T00:46:33.655,IMU-1,0x28,-1.06,179.81,260.69,3,3,0,3
2026-09-03T00:46:33.658,IMU-2,0x29,-1.06,177.94,83.0,3,3,0,3
2026-09-03T00:46:33.755,IMU-1,0x28,-1.06,179.81,260.69,3,3,0,3
2026-09-03T00:46:33.758,IMU-2,0x29,-1.06,177.94,83.0,3,3,0,3
2026-09-03T00:46:33.855,IMU-1,0x28,-1.06,179.81,260.69,3,3,0,3
2026-09-03T00:46:33.858,IMU-2,0x29,-1.06,177.94,83.0,3,3,0,3
2026-09-03T00:46:33.956,IMU-1,0x28,-1.06,179.81,260.69,3,3,0,3
2026-09-03T00:46:33.958,IMU-2,0x29,-1.06,177.94,83.0,3,3,0,3
2026-09-03T00:46:34.056,IMU-1,0x28,-1.06,179.81,260.69,3,3,0,3
2026-09-03T00:46:34.059,IMU-2,0x29,-1.06,177.94,83.0,3,3,0,3
2026-09-03T00:46:34.156,IMU-1,0x28,-1.06,179.81,260.69,3,3,0,3
2026-09-03T00:46:34.159,IMU-2,0x29,-1.06,177.94,83.0,3,3,0,3
2026-09-03T00:46:34.257,IMU-1,0x28,-1.06,179.81,260.69,3,3,0,3
2026-09-03T00:46:34.260,IMU-2,0x29,-1.06,177.94,83.0,3,3,0,3
2026-09-03T00:46:34.355,IMU-1,0x28,-1.06,179.81,260.69,3,3,0,3
2026-09-03T00:46:34.357,IMU-2,0x29,-1.06,177.94,83.0,3,3,0,3
2026-09-03T00:46:34.455,IMU-1,0x28,-1.06,179.81,260.69,3,3,0,3
2026-09-03T00:46:34.457,IMU-2,0x29,-1.06,177.94,83.0,3,3,0,3
2026-09-03T00:46:34.555,IMU-1,0x28,-1.06,179.81,260.69,3,3,0,3
2026-09-03T00:46:34.556,IMU-2,0x29,-1.06,177.94,83.0,3,3,0,3
2026-09-03T00:46:34.655,IMU-1,0x28,-1.06,179.81,260.69,3,3,0,3
2026-09-03T00:46:34.656,IMU-2,0x29,-1.06,177.94,83.0,3,3,0,3
2026-09-03T00:46:34.754,IMU-1,0x28,-1.06,179.81,260.69,3,3,0,3
2026-09-03T00:46:34.756,IMU-2,0x29,-1.06,177.94,83.0,3,3,0,3
2026-09-03T00:46:34.855,IMU-1,0x28,-1.06,179.81,260.69,3,3,0,3
2026-09-03T00:46:34.856,IMU-2,0x29,-1.06,177.94,83.0,3,3,0,3
2026-09-03T00:46:34.955,IMU-1,0x28,-1.06,179.81,260.69,3,3,0,3
2026-09-03T00:46:34.956,IMU-2,0x29,-1.06,177.94,83.0,3,3,0,3
2026-09-03T00:46:35.055,IMU-1,0x28,-1.06,179.81,260.69,3,3,0,3
2026-09-03T00:46:35.056,IMU-2,0x29,-1.06,177.94,83.0,3,3,0,3
2026-09-03T00:46:35.155,IMU-1,0x28,-1.06,179.81,260.69,3,3,0,3
2026-09-03T00:46:35.157,IMU-2,0x29,-1.06,177.94,83.0,3,3,0,3
2026-09-03T00:46:35.255,IMU-1,0x28,-1.06,179.81,260.69,3,3,0,3
2026-09-03T00:46:35.257,IMU-2,0x29,-1.06,177.94,83.0,3,3,0,3
2026-09-03T00:46:35.355,IMU-1,0x28,-1.06,179.81,260.69,3,3,0,3
2026-09-03T00:46:35.357,IMU-2,0x29,-1.06,177.94,83.0,3,3,0,3
2026-09-03T00:46:35.455,IMU-1,0x28,-1.06,179.81,260.69,3,3,0,3
2026-09-03T00:46:35.457,IMU-2,0x29,-1.06,177.94,83.0,3,3,0,3
2026-09-03T00:46:35.555,IMU-1,0x28,-1.06,179.81,260.69,3,3,0,3
2026-09-03T00:46:35.558,IMU-2,0x29,-1.06,177.94,83.0,3,3,0,3
2026-09-03T00:46:35.655,IMU-1,0x28,-1.06,179.81,260.69,3,3,0,3
2026-09-03T00:46:35.658,IMU-2,0x29,-1.06,177.94,83.0,3,3,0,3
2026-09-03T00:46:35.755,IMU-1,0x28,-1.06,179.81,260.69,3,3,0,3
2026-09-03T00:46:35.758,IMU-2,0x29,-1.06,177.94,83.0,3,3,0,3
2026-09-03T00:46:35.855,IMU-1,0x28,-1.06,179.81,260.69,3,3,0,3
2026-09-03T00:46:35.858,IMU-2,0x29,-1.06,177.94,83.0,3,3,0,3
2026-09-03T00:46:35.956,IMU-1,0x28,-1.06,179.81,260.69,3,3,0,3
2026-09-03T00:46:35.959,IMU-2,0x29,-1.06,177.94,83.0,3,3,0,3
2026-09-03T00:46:36.056,IMU-1,0x28,-1.06,179.81,260.69,3,3,0,3
2026-09-03T00:46:36.059,IMU-2,0x29,-1.06,177.94,83.0,3,3,0,3
2026-09-03T00:46:36.156,IMU-1,0x28,-1.06,179.81,260.69,3,3,0,3
2026-09-03T00:46:36.159,IMU-2,0x29,-1.06,177.94,83.0,3,3,0,3
2026-09-03T00:46:36.257,IMU-1,0x28,-1.06,179.81,260.69,3,3,0,3
2026-09-03T00:46:36.261,IMU-2,0x29,-1.06,177.94,83.0,3,3,0,3
2026-09-03T00:46:36.357,IMU-1,0x28,-1.06,179.81,260.69,3,3,0,3
2026-09-03T00:46:36.360,IMU-2,0x29,-1.06,177.94,83.0,3,3,0,3
2026-09-03T00:46:36.457,IMU-1,0x28,-1.06,179.81,260.69,3,3,0,3
2026-09-03T00:46:36.460,IMU-2,0x29,-1.06,177.94,83.0,3,3,0,3
2026-09-03T00:46:36.557,IMU-1,0x28,-1.06,179.81,260.69,3,3,0,3
2026-09-03T00:46:36.560,IMU-2,0x29,-1.06,177.94,83.0,3,3,0,3
2026-09-03T00:46:36.657,IMU-1,0x28,-1.06,179.81,260.69,3,3,0,3
2026-09-03T00:46:36.660,IMU-2,0x29,-1.06,177.94,83.0,3,3,0,3
2026-09-03T00:46:36.757,IMU-1,0x28,-1.06,179.81,260.69,3,3,0,3
2026-09-03T00:46:36.760,IMU-2,0x29,-1.06,177.94,83.0,3,3,0,3
2026-09-03T00:46:36.857,IMU-1,0x28,-1.06,179.81,260.69,3,3,0,3
2026-09-03T00:46:36.860,IMU-2,0x29,-1.06,177.94,83.0,3,3,0,3
2026-09-03T00:46:36.957,IMU-1,0x28,-1.06,179.81,260.69,3,3,0,3
2026-09-03T00:46:36.960,IMU-2,0x29,-1.06,177.94,83.0,3,3,0,3
2026-09-03T00:46:37.057,IMU-1,0x28,-1.06,179.81,260.69,3,3,0,3
2026-09-03T00:46:37.060,IMU-2,0x29,-1.06,177.94,83.0,3,3,0,3
2026-09-03T00:46:37.158,IMU-1,0x28,-1.06,179.81,260.69,3,3,0,3
2026-09-03T00:46:37.160,IMU-2,0x29,-1.06,177.94,83.0,3,3,0,3
2026-09-03T00:46:37.258,IMU-1,0x28,-1.06,179.81,260.69,3,3,0,3
2026-09-03T00:46:37.262,IMU-2,0x29,-1.06,177.94,83.0,3,3,0,3
2026-09-03T00:46:37.358,IMU-1,0x28,-1.06,179.81,260.69,3,3,0,3
2026-09-03T00:46:37.359,IMU-2,0x29,-1.06,177.94,83.0,3,3,0,3
2026-09-03T00:46:37.458,IMU-1,0x28,-1.06,179.81,260.69,3,3,0,3
2026-09-03T00:46:37.459,IMU-2,0x29,-1.06,177.94,83.0,3,3,0,3
2026-09-03T00:46:37.558,IMU-1,0x28,-1.06,179.81,260.69,3,3,0,3
2026-09-03T00:46:37.559,IMU-2,0x29,-1.06,177.94,83.0,3,3,0,3
2026-09-03T00:46:37.657,IMU-1,0x28,-1.06,179.81,260.69,3,3,0,3
2026-09-03T00:46:37.659,IMU-2,0x29,-1.06,177.94,83.0,3,3,0,3
2026-09-03T00:46:37.757,IMU-1,0x28,-1.06,179.81,260.69,3,3,0,3
2026-09-03T00:46:37.759,IMU-2,0x29,-1.06,177.94,83.0,3,3,0,3
2026-09-03T00:46:37.857,IMU-1,0x28,-1.06,179.81,260.69,3,3,0,3
2026-09-03T00:46:37.859,IMU-2,0x29,-1.06,177.94,83.0,3,3,0,3
2026-09-03T00:46:37.956,IMU-1,0x28,-1.06,179.81,260.69,3,3,0,3
2026-09-03T00:46:37.959,IMU-2,0x29,-1.06,177.94,83.0,3,3,0,3
2026-09-03T00:46:38.057,IMU-1,0x28,-1.06,179.81,260.69,3,3,0,3
2026-09-03T00:46:38.059,IMU-2,0x29,-1.06,177.94,83.0,3,3,0,3
2026-09-03T00:46:38.157,IMU-1,0x28,-1.06,179.81,260.69,3,3,0,3
2026-09-03T00:46:38.159,IMU-2,0x29,-1.06,177.94,83.0,3,3,0,3
2026-09-03T00:46:38.257,IMU-1,0x28,-1.06,179.81,260.69,3,3,0,3
2026-09-03T00:46:38.260,IMU-2,0x29,-1.06,177.94,83.0,3,3,0,3
2026-09-03T00:46:38.357,IMU-1,0x28,-1.06,179.81,260.69,3,3,0,3
2026-09-03T00:46:38.360,IMU-2,0x29,-1.06,177.94,83.0,3,3,0,3
2026-09-03T00:46:38.457,IMU-1,0x28,-1.06,179.81,260.69,3,3,0,3
2026-09-03T00:46:38.460,IMU-2,0x29,-1.06,177.94,83.0,3,3,0,3
2026-09-03T00:46:38.557,IMU-1,0x28,-1.06,179.81,260.69,3,3,0,3
2026-09-03T00:46:38.560,IMU-2,0x29,-1.06,177.94,83.0,3,3,0,3
2026-09-03T00:46:38.657,IMU-1,0x28,-1.06,179.81,260.69,3,3,0,3
2026-09-03T00:46:38.660,IMU-2,0x29,-1.06,177.94,83.0,3,3,0,3
2026-09-03T00:46:38.757,IMU-1,0x28,-1.06,179.81,260.69,3,3,0,3
2026-09-03T00:46:38.760,IMU-2,0x29,-1.06,177.94,83.0,3,3,0,3
2026-09-03T00:46:38.857,IMU-1,0x28,-1.06,179.81,260.69,3,3,0,3
2026-09-03T00:46:38.860,IMU-2,0x29,-1.06,177.94,83.0,3,3,0,3
2026-09-03T00:46:38.957,IMU-1,0x28,-1.06,179.81,260.69,3,3,0,3
2026-09-03T00:46:38.960,IMU-2,0x29,-1.06,177.94,83.0,3,3,0,3
2026-09-03T00:46:39.057,IMU-1,0x28,-1.06,179.81,260.69,3,3,0,3
2026-09-03T00:46:39.060,IMU-2,0x29,-1.06,177.94,83.0,3,3,0,3
2026-09-03T00:46:39.157,IMU-1,0x28,-1.06,179.81,260.69,3,3,0,3
2026-09-03T00:46:39.160,IMU-2,0x29,-1.06,177.94,83.0,3,3,0,3
2026-09-03T00:46:39.258,IMU-1,0x28,-1.06,179.81,260.69,3,3,0,3
2026-09-03T00:46:39.262,IMU-2,0x29,-1.06,177.94,83.0,3,3,0,3
2026-09-03T00:46:39.358,IMU-1,0x28,-1.06,179.81,260.69,3,3,0,3
2026-09-03T00:46:39.361,IMU-2,0x29,-1.06,177.94,83.0,3,3,0,3
2026-09-03T00:46:39.458,IMU-1,0x28,-1.06,179.81,260.69,3,3,0,3
2026-09-03T00:46:39.461,IMU-2,0x29,-1.06,177.94,83.0,3,3,0,3
2026-09-03T00:46:39.558,IMU-1,0x28,-1.06,179.81,260.69,3,3,0,3
2026-09-03T00:46:39.561,IMU-2,0x29,-1.06,177.94,83.0,3,3,0,3
2026-09-03T00:46:39.658,IMU-1,0x28,-1.06,179.81,260.69,3,3,0,3
2026-09-03T00:46:39.660,IMU-2,0x29,-1.06,177.94,83.0,3,3,0,3
2026-09-03T00:46:39.759,IMU-1,0x28,-1.06,179.81,260.69,3,3,0,3
2026-09-03T00:46:39.760,IMU-2,0x29,-1.06,177.94,83.0,3,3,0,3
2026-09-03T00:46:39.859,IMU-1,0x28,-1.06,179.81,260.69,3,3,0,3
2026-09-03T00:46:39.860,IMU-2,0x29,-1.06,177.94,83.0,3,3,0,3
2026-09-03T00:46:39.959,IMU-1,0x28,-1.06,179.81,260.69,3,3,0,3
2026-09-03T00:46:39.961,IMU-2,0x29,-1.06,177.94,83.0,3,3,0,3
2026-09-03T00:46:40.059,IMU-1,0x28,-1.06,179.81,260.69,3,3,0,3
2026-09-03T00:46:40.061,IMU-2,0x29,-1.06,177.94,83.0,3,3,0,3
2026-09-03T00:46:40.159,IMU-1,0x28,-1.06,179.81,260.69,3,3,0,3
2026-09-03T00:46:40.161,IMU-2,0x29,-1.06,177.94,83.0,3,3,0,3
2026-09-03T00:46:40.260,IMU-1,0x28,-1.06,179.81,260.69,3,3,0,3
2026-09-03T00:46:40.262,IMU-2,0x29,-1.06,177.94,83.0,3,3,0,3
2026-09-03T00:46:40.359,IMU-1,0x28,-1.06,179.81,260.69,3,3,0,3
2026-09-03T00:46:40.361,IMU-2,0x29,-1.06,177.94,83.0,3,3,0,3
2026-09-03T00:46:40.459,IMU-1,0x28,-1.06,179.81,260.69,3,3,0,3
2026-09-03T00:46:40.461,IMU-2,0x29,-1.06,177.94,83.0,3,3,0,3
2026-09-03T00:46:40.560,IMU-1,0x28,-1.06,179.81,260.69,3,3,0,3
2026-09-03T00:46:40.561,IMU-2,0x29,-1.06,177.94,83.0,3,3,0,3
2026-09-03T00:46:40.660,IMU-1,0x28,-1.06,179.81,260.69,3,3,0,3
2026-09-03T00:46:40.661,IMU-2,0x29,-1.06,177.94,83.0,3,3,0,3
2026-09-03T00:46:40.760,IMU-1,0x28,-1.06,179.81,260.69,3,3,0,3
2026-09-03T00:46:40.761,IMU-2,0x29,-1.06,177.94,83.0,3,3,0,3
2026-09-03T00:46:40.860,IMU-1,0x28,-1.06,179.81,260.69,3,3,0,3
2026-09-03T00:46:40.862,IMU-2,0x29,-1.06,177.94,83.0,3,3,0,3
2026-09-03T00:46:40.960,IMU-1,0x28,-1.06,179.81,260.69,3,3,0,3
2026-09-03T00:46:40.962,IMU-2,0x29,-1.06,177.94,83.0,3,3,0,3
2026-09-03T00:46:41.060,IMU-1,0x28,-1.06,179.81,260.69,3,3,0,3
2026-09-03T00:46:41.062,IMU-2,0x29,-1.06,177.94,83.0,3,3,0,3
2026-09-03T00:46:41.160,IMU-1,0x28,-1.06,179.81,260.69,3,3,0,3
2026-09-03T00:46:41.163,IMU-2,0x29,-1.06,177.94,83.0,3,3,0,3
2026-09-03T00:46:41.261,IMU-1,0x28,-1.06,179.81,260.69,3,3,0,3
2026-09-03T00:46:41.264,IMU-2,0x29,-1.06,177.94,83.0,3,3,0,3
2026-09-03T00:46:41.360,IMU-1,0x28,-1.06,179.81,260.69,3,3,0,3
2026-09-03T00:46:41.362,IMU-2,0x29,-1.06,177.94,83.0,3,3,0,3
2026-09-03T00:46:41.459,IMU-1,0x28,-1.06,179.81,260.69,3,3,0,3
2026-09-03T00:46:41.461,IMU-2,0x29,-1.06,177.94,83.0,3,3,0,3
2026-09-03T00:46:41.559,IMU-1,0x28,-1.06,179.81,260.69,3,3,0,3
2026-09-03T00:46:41.561,IMU-2,0x29,-1.06,177.94,83.0,3,3,0,3
2026-09-03T00:46:41.659,IMU-1,0x28,-1.06,179.81,260.69,3,3,0,3
2026-09-03T00:46:41.660,IMU-2,0x29,-1.06,177.94,83.0,3,3,0,3
2026-09-03T00:46:41.759,IMU-1,0x28,-1.06,179.81,260.69,3,3,0,3
2026-09-03T00:46:41.760,IMU-2,0x29,-1.06,177.94,83.0,3,3,0,3
2026-09-03T00:46:41.859,IMU-1,0x28,-1.06,179.81,260.69,3,3,0,3
2026-09-03T00:46:41.860,IMU-2,0x29,-1.06,177.94,83.0,3,3,0,3
2026-09-03T00:46:41.959,IMU-1,0x28,-1.06,179.81,260.69,3,3,0,3
2026-09-03T00:46:41.960,IMU-2,0x29,-1.06,177.94,83.0,3,3,0,3
2026-09-03T00:46:42.059,IMU-1,0x28,-1.06,179.81,260.69,3,3,0,3
2026-09-03T00:46:42.061,IMU-2,0x29,-1.06,177.94,83.0,3,3,0,3
2026-09-03T00:46:42.159,IMU-1,0x28,-1.06,179.81,260.69,3,3,0,3
2026-09-03T00:46:42.161,IMU-2,0x29,-1.06,177.94,83.0,3,3,0,3
2026-09-03T00:46:42.260,IMU-1,0x28,-1.06,179.81,260.69,3,3,0,3
2026-09-03T00:46:42.262,IMU-2,0x29,-1.06,177.94,83.0,3,3,0,3
2026-09-03T00:46:42.359,IMU-1,0x28,-1.06,179.81,260.69,3,3,0,3
2026-09-03T00:46:42.361,IMU-2,0x29,-1.06,177.94,83.0,3,3,0,3
2026-09-03T00:46:42.459,IMU-1,0x28,-1.06,179.81,260.69,3,3,0,3
2026-09-03T00:46:42.461,IMU-2,0x29,-1.06,177.94,83.0,3,3,0,3
2026-09-03T00:46:42.559,IMU-1,0x28,-1.06,179.81,260.69,3,3,0,3
2026-09-03T00:46:42.561,IMU-2,0x29,-1.06,177.94,83.0,3,3,0,3
2026-09-03T00:46:42.660,IMU-1,0x28,-1.06,179.81,260.69,3,3,0,3
2026-09-03T00:46:42.661,IMU-2,0x29,-1.06,177.94,83.0,3,3,0,3
2026-09-03T00:46:42.760,IMU-1,0x28,-1.06,179.81,260.69,3,3,0,3
2026-09-03T00:46:42.761,IMU-2,0x29,-1.06,177.94,83.0,3,3,0,3
2026-09-03T00:46:42.860,IMU-1,0x28,-1.06,179.81,260.69,3,3,0,3
2026-09-03T00:46:42.862,IMU-2,0x29,-1.06,177.94,83.0,3,3,0,3
2026-09-03T00:46:42.960,IMU-1,0x28,-1.06,179.81,260.69,3,3,0,3
2026-09-03T00:46:42.962,IMU-2,0x29,-1.06,177.94,83.0,3,3,0,3
2026-09-03T00:46:43.060,IMU-1,0x28,-1.06,179.81,260.69,3,3,0,3
2026-09-03T00:46:43.062,IMU-2,0x29,-1.06,177.94,83.0,3,3,0,3
2026-09-03T00:46:43.161,IMU-1,0x28,-1.06,179.81,260.69,3,3,0,3
2026-09-03T00:46:43.162,IMU-2,0x29,-1.06,177.94,83.0,3,3,0,3
2026-09-03T00:46:43.261,IMU-1,0x28,-1.06,179.81,260.69,3,3,0,3
2026-09-03T00:46:43.263,IMU-2,0x29,-1.06,177.94,83.0,3,3,0,3
2026-09-03T00:46:43.361,IMU-1,0x28,-1.06,179.81,260.69,3,3,0,3
2026-09-03T00:46:43.363,IMU-2,0x29,-1.06,177.94,83.0,3,3,0,3
2026-09-03T00:46:43.461,IMU-1,0x28,-1.06,179.81,260.69,3,3,0,3
2026-09-03T00:46:43.463,IMU-2,0x29,-1.06,177.94,83.0,3,3,0,3
2026-09-03T00:46:43.561,IMU-1,0x28,-1.06,179.81,260.69,3,3,0,3
2026-09-03T00:46:43.564,IMU-2,0x29,-1.06,177.94,83.0,3,3,0,3
2026-09-03T00:46:43.661,IMU-1,0x28,-1.06,179.81,260.69,3,3,0,3
2026-09-03T00:46:43.664,IMU-2,0x29,-1.06,177.94,83.0,3,3,0,3
2026-09-03T00:46:43.762,IMU-1,0x28,-1.06,179.81,260.69,3,3,0,3
2026-09-03T00:46:43.764,IMU-2,0x29,-1.06,177.94,83.0,3,3,0,3
2026-09-03T00:46:43.862,IMU-1,0x28,-1.06,179.81,260.69,3,3,0,3
2026-09-03T00:46:43.864,IMU-2,0x29,-1.06,177.94,83.0,3,3,0,3
2026-09-03T00:46:43.962,IMU-1,0x28,-1.06,179.81,260.69,3,3,0,3
2026-09-03T00:46:43.965,IMU-2,0x29,-1.06,177.94,83.0,3,3,0,3
2026-09-03T00:46:44.062,IMU-1,0x28,-1.06,179.81,260.69,3,3,0,3
2026-09-03T00:46:44.065,IMU-2,0x29,-1.06,177.94,83.0,3,3,0,3
2026-09-03T00:46:44.162,IMU-1,0x28,-1.06,179.81,260.69,3,3,0,3
2026-09-03T00:46:44.165,IMU-2,0x29,-1.06,177.94,83.0,3,3,0,3
2026-09-03T00:46:44.263,IMU-1,0x28,-1.06,179.81,260.69,3,3,0,3
2026-09-03T00:46:44.266,IMU-2,0x29,-1.0,177.88,83.0,3,3,0,3
2026-09-03T00:46:44.362,IMU-1,0x28,-1.06,179.81,260.69,3,3,0,3
2026-09-03T00:46:44.365,IMU-2,0x29,-1.0,177.88,83.0,3,3,0,3
2026-09-03T00:46:44.462,IMU-1,0x28,-1.06,179.81,260.69,3,3,0,3
2026-09-03T00:46:44.465,IMU-2,0x29,-1.0,177.88,83.0,3,3,0,3
2026-09-03T00:46:44.562,IMU-1,0x28,-1.06,179.81,260.69,3,3,0,3
2026-09-03T00:46:44.565,IMU-2,0x29,-1.0,177.88,83.0,3,3,0,3
2026-09-03T00:46:44.662,IMU-1,0x28,-1.06,179.81,260.69,3,3,0,3
2026-09-03T00:46:44.665,IMU-2,0x29,-1.0,177.88,83.0,3,3,0,3
2026-09-03T00:46:44.761,IMU-1,0x28,-1.06,179.81,260.69,3,3,0,3
2026-09-03T00:46:44.764,IMU-2,0x29,-1.0,177.88,83.0,3,3,0,3
2026-09-03T00:46:44.861,IMU-1,0x28,-1.06,179.75,260.69,3,3,0,3
2026-09-03T00:46:44.863,IMU-2,0x29,-1.0,177.88,83.0,3,3,0,3
2026-09-03T00:46:44.961,IMU-1,0x28,-1.06,179.75,260.69,3,3,0,3
2026-09-03T00:46:44.962,IMU-2,0x29,-1.0,177.88,83.0,3,3,0,3
2026-09-03T00:46:45.061,IMU-1,0x28,-1.06,179.75,260.69,3,3,0,3
2026-09-03T00:46:45.062,IMU-2,0x29,-1.0,177.88,83.0,3,3,0,3
2026-09-03T00:46:45.161,IMU-1,0x28,-1.06,179.75,260.69,3,3,0,3
2026-09-03T00:46:45.162,IMU-2,0x29,-1.0,177.88,83.0,3,3,0,3
2026-09-03T00:46:45.261,IMU-1,0x28,-1.06,179.75,260.69,3,3,0,3
2026-09-03T00:46:45.263,IMU-2,0x29,-1.0,177.88,83.0,3,3,0,3
2026-09-03T00:46:45.361,IMU-1,0x28,-1.06,179.75,260.69,3,3,0,3
2026-09-03T00:46:45.362,IMU-2,0x29,-1.0,177.88,83.0,3,3,0,3
2026-09-03T00:46:45.461,IMU-1,0x28,-1.06,179.75,260.69,3,3,0,3
2026-09-03T00:46:45.463,IMU-2,0x29,-1.0,177.88,83.0,3,3,0,3
2026-09-03T00:46:45.561,IMU-1,0x28,-1.06,179.75,260.69,3,3,0,3
2026-09-03T00:46:45.563,IMU-2,0x29,-1.0,177.88,83.0,3,3,0,3
2026-09-03T00:46:45.661,IMU-1,0x28,-1.06,179.75,260.69,3,3,0,3
2026-09-03T00:46:45.663,IMU-2,0x29,-1.0,177.88,83.0,3,3,0,3
2026-09-03T00:46:45.761,IMU-1,0x28,-1.06,179.75,260.69,3,3,0,3
2026-09-03T00:46:45.763,IMU-2,0x29,-1.0,177.88,83.0,3,3,0,3
2026-09-03T00:46:45.861,IMU-1,0x28,-1.06,179.75,260.69,3,3,0,3
2026-09-03T00:46:45.863,IMU-2,0x29,-1.0,177.88,83.0,3,3,0,3
2026-09-03T00:46:45.961,IMU-1,0x28,-1.06,179.75,260.69,3,3,0,3
2026-09-03T00:46:45.964,IMU-2,0x29,-1.0,177.88,83.0,3,3,0,3
2026-09-03T00:46:46.062,IMU-1,0x28,-1.06,179.75,260.69,3,3,0,3
2026-09-03T00:46:46.064,IMU-2,0x29,-1.0,177.88,83.0,3,3,0,3
2026-09-03T00:46:46.162,IMU-1,0x28,-1.06,179.75,260.69,3,3,0,3
2026-09-03T00:46:46.164,IMU-2,0x29,-1.0,177.88,83.0,3,3,0,3
2026-09-03T00:46:46.263,IMU-1,0x28,-1.06,179.75,260.69,3,3,0,3
2026-09-03T00:46:46.265,IMU-2,0x29,-1.0,177.88,83.0,3,3,0,3
2026-09-03T00:46:46.362,IMU-1,0x28,-1.06,179.75,260.69,3,3,0,3
2026-09-03T00:46:46.365,IMU-2,0x29,-1.0,177.88,83.0,3,3,0,3
2026-09-03T00:46:46.462,IMU-1,0x28,-1.06,179.75,260.69,3,3,0,3
2026-09-03T00:46:46.465,IMU-2,0x29,-1.0,177.88,83.0,3,3,0,3
2026-09-03T00:46:46.563,IMU-1,0x28,-1.06,179.75,260.69,3,3,0,3
2026-09-03T00:46:46.566,IMU-2,0x29,-1.0,177.88,83.0,3,3,0,3
2026-09-03T00:46:46.663,IMU-1,0x28,-1.06,179.75,260.69,3,3,0,3
2026-09-03T00:46:46.666,IMU-2,0x29,-1.0,177.88,83.0,3,3,0,3
2026-09-03T00:46:46.763,IMU-1,0x28,-1.06,179.75,260.69,3,3,0,3
2026-09-03T00:46:46.766,IMU-2,0x29,-1.0,177.88,83.0,3,3,0,3
2026-09-03T00:46:46.863,IMU-1,0x28,-1.06,179.75,260.69,3,3,0,3
2026-09-03T00:46:46.866,IMU-2,0x29,-1.0,177.88,83.0,3,3,0,3
2026-09-03T00:46:46.963,IMU-1,0x28,-1.06,179.75,260.69,3,3,0,3
2026-09-03T00:46:46.967,IMU-2,0x29,-1.0,177.88,83.0,3,3,0,3
2026-09-03T00:46:47.063,IMU-1,0x28,-1.06,179.75,260.69,3,3,0,3
2026-09-03T00:46:47.066,IMU-2,0x29,-1.0,177.88,83.0,3,3,0,3
2026-09-03T00:46:47.163,IMU-1,0x28,-1.06,179.75,260.69,3,3,0,3
2026-09-03T00:46:47.166,IMU-2,0x29,-1.0,177.88,83.0,3,3,0,3
2026-09-03T00:46:47.264,IMU-1,0x28,-1.12,179.75,260.69,3,3,0,3
2026-09-03T00:46:47.268,IMU-2,0x29,-1.0,177.88,83.0,3,3,0,3
2026-09-03T00:46:47.362,IMU-1,0x28,-1.12,179.75,260.69,3,3,0,3
2026-09-03T00:46:47.365,IMU-2,0x29,-1.0,177.88,83.0,3,3,0,3
2026-09-03T00:46:47.462,IMU-1,0x28,-1.12,179.75,260.69,3,3,0,3
2026-09-03T00:46:47.464,IMU-2,0x29,-1.0,177.88,83.0,3,3,0,3
2026-09-03T00:46:47.562,IMU-1,0x28,-1.12,179.75,260.69,3,3,0,3
2026-09-03T00:46:47.564,IMU-2,0x29,-1.0,177.88,83.0,3,3,0,3
2026-09-03T00:46:47.662,IMU-1,0x28,-1.12,179.75,260.69,3,3,0,3
2026-09-03T00:46:47.664,IMU-2,0x29,-1.0,177.88,83.0,3,3,0,3
2026-09-03T00:46:47.762,IMU-1,0x28,-1.12,179.75,260.69,3,3,0,3
2026-09-03T00:46:47.764,IMU-2,0x29,-1.0,177.88,83.0,3,3,0,3
2026-09-03T00:46:47.863,IMU-1,0x28,-1.12,179.75,260.69,3,3,0,3
2026-09-03T00:46:47.864,IMU-2,0x29,-1.0,177.88,83.0,3,3,0,3
2026-09-03T00:46:47.963,IMU-1,0x28,-1.12,179.75,260.69,3,3,0,3
2026-09-03T00:46:47.964,IMU-2,0x29,-1.0,177.88,83.0,3,3,0,3
2026-09-03T00:46:48.063,IMU-1,0x28,-1.12,179.75,260.69,3,3,0,3
2026-09-03T00:46:48.064,IMU-2,0x29,-1.0,177.88,83.0,3,3,0,3
2026-09-03T00:46:48.163,IMU-1,0x28,-1.12,179.75,260.69,3,3,0,3
2026-09-03T00:46:48.164,IMU-2,0x29,-1.0,177.88,83.0,3,3,0,3
2026-09-03T00:46:48.263,IMU-1,0x28,-1.12,179.75,260.69,3,3,0,3
2026-09-03T00:46:48.265,IMU-2,0x29,-1.0,177.88,83.0,3,3,0,3
2026-09-03T00:46:48.363,IMU-1,0x28,-1.12,179.75,260.69,3,3,0,3
2026-09-03T00:46:48.365,IMU-2,0x29,-1.0,177.88,83.0,3,3,0,3
2026-09-03T00:46:48.463,IMU-1,0x28,-1.12,179.75,260.69,3,3,0,3
2026-09-03T00:46:48.465,IMU-2,0x29,-1.0,177.88,83.0,3,3,0,3
2026-09-03T00:46:48.563,IMU-1,0x28,-1.12,179.75,260.69,3,3,0,3
2026-09-03T00:46:48.565,IMU-2,0x29,-1.0,177.88,83.0,3,3,0,3
2026-09-03T00:46:48.663,IMU-1,0x28,-1.12,179.75,260.69,3,3,0,3
2026-09-03T00:46:48.665,IMU-2,0x29,-1.0,177.88,83.0,3,3,0,3
2026-09-03T00:46:48.763,IMU-1,0x28,-1.12,179.75,260.69,3,3,0,3
2026-09-03T00:46:48.766,IMU-2,0x29,-1.0,177.88,83.0,3,3,0,3
2026-09-03T00:46:48.863,IMU-1,0x28,-1.12,179.75,260.69,3,3,0,3
2026-09-03T00:46:48.866,IMU-2,0x29,-1.0,177.88,83.0,3,3,0,3
2026-09-03T00:46:48.963,IMU-1,0x28,-1.12,179.75,260.69,3,3,0,3
2026-09-03T00:46:48.966,IMU-2,0x29,-1.0,177.88,83.0,3,3,0,3
2026-09-03T00:46:49.063,IMU-1,0x28,-1.12,179.75,260.69,3,3,0,3
2026-09-03T00:46:49.067,IMU-2,0x29,-1.0,177.88,83.0,3,3,0,3
2026-09-03T00:46:49.163,IMU-1,0x28,-1.12,179.75,260.69,3,3,0,3
2026-09-03T00:46:49.166,IMU-2,0x29,-1.0,177.88,83.0,3,3,0,3
2026-09-03T00:46:49.264,IMU-1,0x28,-1.12,179.75,260.69,3,3,0,3
2026-09-03T00:46:49.268,IMU-2,0x29,-1.0,177.88,83.0,3,3,0,3
2026-09-03T00:46:49.364,IMU-1,0x28,-1.12,179.75,260.69,3,3,0,3
2026-09-03T00:46:49.367,IMU-2,0x29,-1.0,177.88,83.0,3,3,0,3
2026-09-03T00:46:49.464,IMU-1,0x28,-1.12,179.75,260.69,3,3,0,3
2026-09-03T00:46:49.467,IMU-2,0x29,-1.0,177.88,83.0,3,3,0,3
2026-09-03T00:46:49.564,IMU-1,0x28,-1.12,179.75,260.69,3,3,0,3
2026-09-03T00:46:49.567,IMU-2,0x29,-1.0,177.88,83.0,3,3,0,3
2026-09-03T00:46:49.665,IMU-1,0x28,-1.12,179.75,260.69,3,3,0,3
2026-09-03T00:46:49.668,IMU-2,0x29,-1.0,177.88,83.0,3,3,0,3
2026-09-03T00:46:49.765,IMU-1,0x28,-1.12,179.75,260.69,3,3,0,3
2026-09-03T00:46:49.768,IMU-2,0x29,-1.0,177.88,83.0,3,3,0,3
2026-09-03T00:46:49.865,IMU-1,0x28,-1.12,179.75,260.69,3,3,0,3
2026-09-03T00:46:49.868,IMU-2,0x29,-1.0,177.94,83.0,3,3,0,3
2026-09-03T00:46:49.965,IMU-1,0x28,-1.12,179.75,260.69,3,3,0,3
2026-09-03T00:46:49.968,IMU-2,0x29,-1.0,177.94,83.0,3,3,0,3
2026-09-03T00:46:50.065,IMU-1,0x28,-1.12,179.75,260.69,3,3,0,3
2026-09-03T00:46:50.069,IMU-2,0x29,-1.0,177.94,83.0,3,3,0,3
2026-09-03T00:46:50.166,IMU-1,0x28,-1.12,179.75,260.69,3,3,0,3
2026-09-03T00:46:50.169,IMU-2,0x29,-1.0,177.94,83.0,3,3,0,3
2026-09-03T00:46:50.266,IMU-1,0x28,-1.12,179.75,260.69,3,3,0,3
2026-09-03T00:46:50.270,IMU-2,0x29,-1.0,177.94,83.0,3,3,0,3
2026-09-03T00:46:50.366,IMU-1,0x28,-1.12,179.81,260.69,3,3,0,3
2026-09-03T00:46:50.368,IMU-2,0x29,-1.0,177.94,83.0,3,3,0,3
2026-09-03T00:46:50.466,IMU-1,0x28,-1.12,179.81,260.69,3,3,0,3
2026-09-03T00:46:50.468,IMU-2,0x29,-1.0,177.94,83.0,3,3,0,3
2026-09-03T00:46:50.566,IMU-1,0x28,-1.12,179.81,260.69,3,3,0,3
2026-09-03T00:46:50.567,IMU-2,0x29,-1.0,177.94,83.0,3,3,0,3
2026-09-03T00:46:50.666,IMU-1,0x28,-1.12,179.81,260.69,3,3,0,3
2026-09-03T00:46:50.667,IMU-2,0x29,-1.0,177.94,83.0,3,3,0,3
2026-09-03T00:46:50.766,IMU-1,0x28,-1.12,179.81,260.69,3,3,0,3
2026-09-03T00:46:50.767,IMU-2,0x29,-1.0,177.94,83.0,3,3,0,3
2026-09-03T00:46:50.866,IMU-1,0x28,-1.12,179.81,260.69,3,3,0,3
2026-09-03T00:46:50.867,IMU-2,0x29,-1.0,177.94,83.0,3,3,0,3
2026-09-03T00:46:50.966,IMU-1,0x28,-1.12,179.81,260.69,3,3,0,3
2026-09-03T00:46:50.968,IMU-2,0x29,-1.0,177.94,83.0,3,3,0,3
2026-09-03T00:46:51.066,IMU-1,0x28,-1.12,179.81,260.69,3,3,0,3
2026-09-03T00:46:51.068,IMU-2,0x29,-1.0,177.94,83.0,3,3,0,3
2026-09-03T00:46:51.166,IMU-1,0x28,-1.12,179.81,260.69,3,3,0,3
2026-09-03T00:46:51.168,IMU-2,0x29,-1.0,177.94,83.0,3,3,0,3
2026-09-03T00:46:51.267,IMU-1,0x28,-1.12,179.81,260.69,3,3,0,3
2026-09-03T00:46:51.269,IMU-2,0x29,-1.0,177.94,83.0,3,3,0,3
2026-09-03T00:46:51.366,IMU-1,0x28,-1.12,179.81,260.69,3,3,0,3
2026-09-03T00:46:51.368,IMU-2,0x29,-1.0,177.94,83.0,3,3,0,3
2026-09-03T00:46:51.466,IMU-1,0x28,-1.12,179.81,260.69,3,3,0,3
2026-09-03T00:46:51.468,IMU-2,0x29,-1.0,177.94,83.0,3,3,0,3
2026-09-03T00:46:51.565,IMU-1,0x28,-1.12,179.81,260.69,3,3,0,3
2026-09-03T00:46:51.568,IMU-2,0x29,-1.0,177.94,83.0,3,3,0,3
2026-09-03T00:46:51.665,IMU-1,0x28,-1.12,179.81,260.69,3,3,0,3
2026-09-03T00:46:51.668,IMU-2,0x29,-1.0,177.94,83.0,3,3,0,3
2026-09-03T00:46:51.765,IMU-1,0x28,-1.12,179.81,260.69,3,3,0,3
2026-09-03T00:46:51.768,IMU-2,0x29,-1.0,177.94,83.0,3,3,0,3
2026-09-03T00:46:51.865,IMU-1,0x28,-1.12,179.81,260.69,3,3,0,3
2026-09-03T00:46:51.868,IMU-2,0x29,-1.0,177.94,83.0,3,3,0,3
2026-09-03T00:46:51.965,IMU-1,0x28,-1.12,179.81,260.69,3,3,0,3
2026-09-03T00:46:51.968,IMU-2,0x29,-1.0,177.94,83.0,3,3,0,3
2026-09-03T00:46:52.065,IMU-1,0x28,-1.12,179.81,260.69,3,3,0,3
2026-09-03T00:46:52.068,IMU-2,0x29,-1.0,177.94,83.0,3,3,0,3
2026-09-03T00:46:52.165,IMU-1,0x28,-1.12,179.81,260.69,3,3,0,3
2026-09-03T00:46:52.168,IMU-2,0x29,-1.0,177.94,83.0,3,3,0,3
2026-09-03T00:46:52.266,IMU-1,0x28,-1.12,179.81,260.69,3,3,0,3
2026-09-03T00:46:52.270,IMU-2,0x29,-1.0,177.94,83.0,3,3,0,3
2026-09-03T00:46:52.365,IMU-1,0x28,-1.12,179.81,260.69,3,3,0,3
2026-09-03T00:46:52.368,IMU-2,0x29,-1.0,177.94,83.0,3,3,0,3
2026-09-03T00:46:52.465,IMU-1,0x28,-1.12,179.81,260.69,3,3,0,3
2026-09-03T00:46:52.468,IMU-2,0x29,-1.0,177.94,83.0,3,3,0,3
2026-09-03T00:46:52.565,IMU-1,0x28,-1.12,179.81,260.69,3,3,0,3
2026-09-03T00:46:52.569,IMU-2,0x29,-1.0,177.94,83.0,3,3,0,3
2026-09-03T00:46:52.666,IMU-1,0x28,-1.12,179.81,260.69,3,3,0,3
2026-09-03T00:46:52.669,IMU-2,0x29,-1.0,177.94,83.0,3,3,0,3
2026-09-03T00:46:52.766,IMU-1,0x28,-1.12,179.81,260.69,3,3,0,3
2026-09-03T00:46:52.769,IMU-2,0x29,-1.0,177.88,83.0,3,3,0,3
2026-09-03T00:46:52.866,IMU-1,0x28,-1.12,179.81,260.69,3,3,0,3
2026-09-03T00:46:52.868,IMU-2,0x29,-1.0,177.94,83.0,3,3,0,3
2026-09-03T00:46:52.966,IMU-1,0x28,-1.12,179.81,260.69,3,3,0,3
2026-09-03T00:46:52.968,IMU-2,0x29,-1.0,177.94,83.0,3,3,0,3
2026-09-03T00:46:53.067,IMU-1,0x28,-1.12,179.81,260.69,3,3,0,3
2026-09-03T00:46:53.068,IMU-2,0x29,-1.0,177.94,83.0,3,3,0,3
2026-09-03T00:46:53.167,IMU-1,0x28,-1.12,179.81,260.69,3,3,0,3
2026-09-03T00:46:53.168,IMU-2,0x29,-1.0,177.94,83.0,3,3,0,3
2026-09-03T00:46:53.267,IMU-1,0x28,-1.12,179.81,260.69,3,3,0,3
2026-09-03T00:46:53.270,IMU-2,0x29,-1.0,177.94,83.0,3,3,0,3
2026-09-03T00:46:53.367,IMU-1,0x28,-1.12,179.81,260.69,3,3,0,3
2026-09-03T00:46:53.369,IMU-2,0x29,-1.0,177.94,83.0,3,3,0,3
2026-09-03T00:46:53.468,IMU-1,0x28,-1.12,179.81,260.69,3,3,0,3
2026-09-03T00:46:53.469,IMU-2,0x29,-1.0,177.94,83.0,3,3,0,3
2026-09-03T00:46:53.567,IMU-1,0x28,-1.12,179.81,260.69,3,3,0,3
2026-09-03T00:46:53.569,IMU-2,0x29,-1.0,177.94,83.0,3,3,0,3
2026-09-03T00:46:53.668,IMU-1,0x28,-1.12,179.81,260.69,3,3,0,3
2026-09-03T00:46:53.669,IMU-2,0x29,-1.0,177.94,83.0,3,3,0,3
2026-09-03T00:46:53.768,IMU-1,0x28,-1.12,179.81,260.69,3,3,0,3
2026-09-03T00:46:53.769,IMU-2,0x29,-1.0,177.94,83.0,3,3,0,3
2026-09-03T00:46:53.868,IMU-1,0x28,-1.12,179.81,260.69,3,3,0,3
2026-09-03T00:46:53.869,IMU-2,0x29,-1.0,177.94,83.0,3,3,0,3
2026-09-03T00:46:53.968,IMU-1,0x28,-1.12,179.81,260.69,3,3,0,3
2026-09-03T00:46:53.969,IMU-2,0x29,-1.0,177.94,83.0,3,3,0,3
2026-09-03T00:46:54.068,IMU-1,0x28,-1.12,179.81,260.69,3,3,0,3
2026-09-03T00:46:54.070,IMU-2,0x29,-1.0,177.94,83.0,3,3,0,3
2026-09-03T00:46:54.168,IMU-1,0x28,-1.12,179.81,260.69,3,3,0,3
2026-09-03T00:46:54.170,IMU-2,0x29,-1.0,177.94,83.0,3,3,0,3
2026-09-03T00:46:54.269,IMU-1,0x28,-1.12,179.81,260.69,3,3,0,3
2026-09-03T00:46:54.271,IMU-2,0x29,-1.0,177.94,83.0,3,3,0,3
2026-09-03T00:46:54.368,IMU-1,0x28,-1.12,179.81,260.69,3,3,0,3
2026-09-03T00:46:54.371,IMU-2,0x29,-1.0,177.94,83.0,3,3,0,3
2026-09-03T00:46:54.468,IMU-1,0x28,-1.12,179.81,260.69,3,3,0,3
2026-09-03T00:46:54.471,IMU-2,0x29,-1.0,177.94,83.0,3,3,0,3
2026-09-03T00:46:54.568,IMU-1,0x28,-1.12,179.81,260.69,3,3,0,3
2026-09-03T00:46:54.571,IMU-2,0x29,-1.0,177.94,83.0,3,3,0,3
2026-09-03T00:46:54.668,IMU-1,0x28,-1.12,179.81,260.69,3,3,0,3
2026-09-03T00:46:54.670,IMU-2,0x29,-1.0,177.94,83.0,3,3,0,3
2026-09-03T00:46:54.767,IMU-1,0x28,-1.12,179.81,260.69,3,3,0,3
2026-09-03T00:46:54.769,IMU-2,0x29,-1.0,177.94,83.0,3,3,0,3
2026-09-03T00:46:54.867,IMU-1,0x28,-1.12,179.81,260.69,3,3,0,3
2026-09-03T00:46:54.868,IMU-2,0x29,-1.0,177.94,83.0,3,3,0,3
2026-09-03T00:46:54.967,IMU-1,0x28,-1.12,179.81,260.69,3,3,0,3
2026-09-03T00:46:54.968,IMU-2,0x29,-1.0,177.94,83.0,3,3,0,3
2026-09-03T00:46:55.067,IMU-1,0x28,-1.12,179.81,260.69,3,3,0,3
2026-09-03T00:46:55.068,IMU-2,0x29,-1.0,177.94,83.0,3,3,0,3
2026-09-03T00:46:55.167,IMU-1,0x28,-1.12,179.81,260.69,3,3,0,3
2026-09-03T00:46:55.169,IMU-2,0x29,-1.0,177.94,83.0,3,3,0,3
2026-09-03T00:46:55.267,IMU-1,0x28,-1.12,179.81,260.69,3,3,0,3
2026-09-03T00:46:55.269,IMU-2,0x29,-1.0,177.94,83.0,3,3,0,3
2026-09-03T00:46:55.367,IMU-1,0x28,-1.12,179.81,260.69,3,3,0,3
2026-09-03T00:46:55.369,IMU-2,0x29,-1.0,177.94,83.0,3,3,0,3
2026-09-03T00:46:55.467,IMU-1,0x28,-1.12,179.81,260.69,3,3,0,3
2026-09-03T00:46:55.469,IMU-2,0x29,-1.0,177.94,83.0,3,3,0,3
2026-09-03T00:46:55.567,IMU-1,0x28,-1.12,179.81,260.69,3,3,0,3
2026-09-03T00:46:55.569,IMU-2,0x29,-1.0,177.94,83.0,3,3,0,3
2026-09-03T00:46:55.667,IMU-1,0x28,-1.12,179.81,260.69,3,3,0,3
2026-09-03T00:46:55.669,IMU-2,0x29,-1.0,177.94,83.0,3,3,0,3
2026-09-03T00:46:55.767,IMU-1,0x28,-1.12,179.81,260.69,3,3,0,3
2026-09-03T00:46:55.769,IMU-2,0x29,-1.0,177.94,83.0,3,3,0,3
2026-09-03T00:46:55.868,IMU-1,0x28,-1.12,179.81,260.69,3,3,0,3
2026-09-03T00:46:55.869,IMU-2,0x29,-1.0,177.94,83.0,3,3,0,3
2026-09-03T00:46:55.968,IMU-1,0x28,-1.12,179.81,260.69,3,3,0,3
2026-09-03T00:46:55.969,IMU-2,0x29,-1.0,177.94,83.0,3,3,0,3
2026-09-03T00:46:56.068,IMU-1,0x28,-1.12,179.81,260.69,3,3,0,3
2026-09-03T00:46:56.070,IMU-2,0x29,-1.0,177.94,83.0,3,3,0,3
2026-09-03T00:46:56.168,IMU-1,0x28,-1.12,179.81,260.69,3,3,0,3
2026-09-03T00:46:56.170,IMU-2,0x29,-1.0,177.94,83.0,3,3,0,3
2026-09-03T00:46:56.269,IMU-1,0x28,-1.12,179.81,260.69,3,3,0,3
2026-09-03T00:46:56.271,IMU-2,0x29,-1.0,177.94,83.0,3,3,0,3
2026-09-03T00:46:56.369,IMU-1,0x28,-1.12,179.81,260.69,3,3,0,3
2026-09-03T00:46:56.370,IMU-2,0x29,-1.0,177.94,83.0,3,3,0,3
2026-09-03T00:46:56.469,IMU-1,0x28,-1.12,179.81,260.69,3,3,0,3
2026-09-03T00:46:56.471,IMU-2,0x29,-1.0,177.94,83.0,3,3,0,3
2026-09-03T00:46:56.569,IMU-1,0x28,-1.12,179.81,260.69,3,3,0,3
2026-09-03T00:46:56.571,IMU-2,0x29,-1.0,177.94,83.0,3,3,0,3
2026-09-03T00:46:56.669,IMU-1,0x28,-1.12,179.81,260.69,3,3,0,3
2026-09-03T00:46:56.671,IMU-2,0x29,-1.0,177.94,83.0,3,3,0,3
2026-09-03T00:46:56.769,IMU-1,0x28,-1.12,179.81,260.69,3,3,0,3
2026-09-03T00:46:56.772,IMU-2,0x29,-1.0,177.94,83.0,3,3,0,3
2026-09-03T00:46:56.869,IMU-1,0x28,-1.12,179.81,260.69,3,3,0,3
2026-09-03T00:46:56.872,IMU-2,0x29,-1.0,177.94,83.0,3,3,0,3
2026-09-03T00:46:56.969,IMU-1,0x28,-1.12,179.81,260.69,3,3,0,3
2026-09-03T00:46:56.972,IMU-2,0x29,-1.0,177.94,83.0,3,3,0,3
2026-09-03T00:46:57.070,IMU-1,0x28,-1.12,179.81,260.69,3,3,0,3
2026-09-03T00:46:57.072,IMU-2,0x29,-1.0,177.94,83.0,3,3,0,3
2026-09-03T00:46:57.170,IMU-1,0x28,-1.12,179.81,260.69,3,3,0,3
2026-09-03T00:46:57.173,IMU-2,0x29,-1.0,177.94,83.0,3,3,0,3
2026-09-03T00:46:57.271,IMU-1,0x28,-1.12,179.81,260.69,3,3,0,3
2026-09-03T00:46:57.274,IMU-2,0x29,-1.0,177.94,83.0,3,3,0,3
2026-09-03T00:46:57.370,IMU-1,0x28,-1.12,179.81,260.69,3,3,0,3
2026-09-03T00:46:57.373,IMU-2,0x29,-1.0,177.94,83.0,3,3,0,3
2026-09-03T00:46:57.470,IMU-1,0x28,-1.12,179.81,260.69,3,3,0,3
2026-09-03T00:46:57.473,IMU-2,0x29,-1.0,177.94,83.0,3,3,0,3
2026-09-03T00:46:57.570,IMU-1,0x28,-1.12,179.81,260.69,3,3,0,3
2026-09-03T00:46:57.573,IMU-2,0x29,-1.0,177.94,83.0,3,3,0,3
2026-09-03T00:46:57.670,IMU-1,0x28,-1.12,179.81,260.69,3,3,0,3
2026-09-03T00:46:57.673,IMU-2,0x29,-1.0,177.94,83.0,3,3,0,3
2026-09-03T00:46:57.770,IMU-1,0x28,-1.12,179.81,260.69,3,3,0,3
2026-09-03T00:46:57.773,IMU-2,0x29,-1.0,177.94,83.0,3,3,0,3
2026-09-03T00:46:57.870,IMU-1,0x28,-1.12,179.81,260.69,3,3,0,3
2026-09-03T00:46:57.873,IMU-2,0x29,-1.0,177.94,83.0,3,3,0,3
2026-09-03T00:46:57.970,IMU-1,0x28,-1.12,179.81,260.69,3,3,0,3
2026-09-03T00:46:57.973,IMU-2,0x29,-1.0,177.94,83.0,3,3,0,3
2026-09-03T00:46:58.069,IMU-1,0x28,-1.12,179.81,260.69,3,3,0,3
2026-09-03T00:46:58.072,IMU-2,0x29,-1.0,177.94,83.0,3,3,0,3
2026-09-03T00:46:58.169,IMU-1,0x28,-1.12,179.81,260.69,3,3,0,3
2026-09-03T00:46:58.170,IMU-2,0x29,-1.0,177.94,83.0,3,3,0,3
2026-09-03T00:46:58.269,IMU-1,0x28,-1.12,179.81,260.69,3,3,0,3
2026-09-03T00:46:58.271,IMU-2,0x29,-1.0,177.94,83.0,3,3,0,3
2026-09-03T00:46:58.369,IMU-1,0x28,-1.12,179.81,260.69,3,3,0,3
2026-09-03T00:46:58.370,IMU-2,0x29,-1.0,177.94,83.0,3,3,0,3
2026-09-03T00:46:58.469,IMU-1,0x28,-1.12,179.81,260.69,3,3,0,3
2026-09-03T00:46:58.470,IMU-2,0x29,-1.0,177.94,83.0,3,3,0,3
2026-09-03T00:46:58.569,IMU-1,0x28,-1.12,179.81,260.69,3,3,0,3
2026-09-03T00:46:58.570,IMU-2,0x29,-1.0,177.94,83.0,3,3,0,3
2026-09-03T00:46:58.669,IMU-1,0x28,-1.12,179.81,260.69,3,3,0,3
2026-09-03T00:46:58.670,IMU-2,0x29,-1.0,177.94,83.0,3,3,0,3
2026-09-03T00:46:58.769,IMU-1,0x28,-1.12,179.81,260.69,3,3,0,3
2026-09-03T00:46:58.771,IMU-2,0x29,-1.0,177.94,83.0,3,3,0,3
2026-09-03T00:46:58.869,IMU-1,0x28,-1.12,179.81,260.69,3,3,0,3
2026-09-03T00:46:58.871,IMU-2,0x29,-1.0,177.94,83.0,3,3,0,3
2026-09-03T00:46:58.969,IMU-1,0x28,-1.12,179.81,260.69,3,3,0,3
2026-09-03T00:46:58.971,IMU-2,0x29,-1.0,177.94,83.0,3,3,0,3
2026-09-03T00:46:59.069,IMU-1,0x28,-1.12,179.81,260.69,3,3,0,3
2026-09-03T00:46:59.072,IMU-2,0x29,-1.0,177.94,83.0,3,3,0,3
2026-09-03T00:46:59.170,IMU-1,0x28,-1.12,179.81,260.69,3,3,0,3
2026-09-03T00:46:59.172,IMU-2,0x29,-1.0,177.94,83.0,3,3,0,3
2026-09-03T00:46:59.270,IMU-1,0x28,-1.12,179.81,260.69,3,3,0,3
2026-09-03T00:46:59.273,IMU-2,0x29,-1.0,177.94,83.0,3,3,0,3
2026-09-03T00:46:59.370,IMU-1,0x28,-1.12,179.81,260.69,3,3,0,3
2026-09-03T00:46:59.373,IMU-2,0x29,-1.0,177.94,83.0,3,3,0,3
2026-09-03T00:46:59.470,IMU-1,0x28,-1.12,179.81,260.69,3,3,0,3
2026-09-03T00:46:59.473,IMU-2,0x29,-1.0,177.94,83.0,3,3,0,3
2026-09-03T00:46:59.571,IMU-1,0x28,-1.12,179.81,260.69,3,3,0,3
2026-09-03T00:46:59.573,IMU-2,0x29,-1.0,177.94,83.0,3,3,0,3
2026-09-03T00:46:59.671,IMU-1,0x28,-1.12,179.81,260.69,3,3,0,3
2026-09-03T00:46:59.674,IMU-2,0x29,-1.0,177.94,83.0,3,3,0,3
2026-09-03T00:46:59.771,IMU-1,0x28,-1.12,179.81,260.69,3,3,0,3
2026-09-03T00:46:59.774,IMU-2,0x29,-1.0,177.94,83.0,3,3,0,3
2026-09-03T00:46:59.871,IMU-1,0x28,-1.12,179.81,260.69,3,3,0,3
2026-09-03T00:46:59.874,IMU-2,0x29,-1.0,177.94,83.0,3,3,0,3
2026-09-03T00:46:59.971,IMU-1,0x28,-1.12,179.81,260.69,3,3,0,3
2026-09-03T00:46:59.974,IMU-2,0x29,-1.0,177.94,83.0,3,3,0,3
2026-09-03T00:47:00.071,IMU-1,0x28,-1.12,179.81,260.69,3,3,0,3
2026-09-03T00:47:00.075,IMU-2,0x29,-1.0,177.94,83.0,3,3,0,3
2026-09-03T00:47:00.171,IMU-1,0x28,-1.12,179.81,260.69,3,3,0,3
2026-09-03T00:47:00.175,IMU-2,0x29,-1.0,177.94,83.0,3,3,0,3
2026-09-03T00:47:00.272,IMU-1,0x28,-1.12,179.81,260.69,3,3,0,3
2026-09-03T00:47:00.276,IMU-2,0x29,-1.0,177.94,83.0,3,3,0,3
2026-09-03T00:47:00.371,IMU-1,0x28,-1.12,179.81,260.69,3,3,0,3
2026-09-03T00:47:00.375,IMU-2,0x29,-1.0,177.94,83.0,3,3,0,3
2026-09-03T00:47:00.472,IMU-1,0x28,-1.12,179.81,260.69,3,3,0,3
2026-09-03T00:47:00.475,IMU-2,0x29,-1.0,177.94,83.0,3,3,0,3
2026-09-03T00:47:00.572,IMU-1,0x28,-1.12,179.81,260.69,3,3,0,3
2026-09-03T00:47:00.575,IMU-2,0x29,-1.0,177.94,83.0,3,3,0,3
2026-09-03T00:47:00.672,IMU-1,0x28,-1.12,179.81,260.69,3,3,0,3
2026-09-03T00:47:00.674,IMU-2,0x29,-1.0,177.94,83.0,3,3,0,3
2026-09-03T00:47:00.772,IMU-1,0x28,-1.12,179.81,260.69,3,3,0,3
2026-09-03T00:47:00.774,IMU-2,0x29,-1.0,177.94,83.0,3,3,0,3
2026-09-03T00:47:00.872,IMU-1,0x28,-1.12,179.81,260.69,3,3,0,3
2026-09-03T00:47:00.873,IMU-2,0x29,-1.0,177.94,83.0,3,3,0,3
2026-09-03T00:47:00.972,IMU-1,0x28,-1.12,179.81,260.69,3,3,0,3
2026-09-03T00:47:00.973,IMU-2,0x29,-1.0,177.94,83.0,3,3,0,3
2026-09-03T00:47:01.072,IMU-1,0x28,-1.12,179.81,260.69,3,3,0,3
2026-09-03T00:47:01.073,IMU-2,0x29,-1.0,177.94,83.0,3,3,0,3
2026-09-03T00:47:01.171,IMU-1,0x28,-1.12,179.81,260.69,3,3,0,3
2026-09-03T00:47:01.173,IMU-2,0x29,-1.0,177.94,83.0,3,3,0,3
2026-09-03T00:47:01.272,IMU-1,0x28,-1.12,179.81,260.69,3,3,0,3
2026-09-03T00:47:01.274,IMU-2,0x29,-1.0,177.94,83.0,3,3,0,3
2026-09-03T00:47:01.371,IMU-1,0x28,-1.12,179.81,260.69,3,3,0,3
2026-09-03T00:47:01.372,IMU-2,0x29,-1.0,177.94,83.0,3,3,0,3
2026-09-03T00:47:01.471,IMU-1,0x28,-1.12,179.81,260.69,3,3,0,3
2026-09-03T00:47:01.472,IMU-2,0x29,-1.0,177.94,83.0,3,3,0,3
2026-09-03T00:47:01.571,IMU-1,0x28,-1.12,179.81,260.69,3,3,0,3
2026-09-03T00:47:01.573,IMU-2,0x29,-1.0,177.94,83.0,3,3,0,3
2026-09-03T00:47:01.671,IMU-1,0x28,-1.12,179.81,260.69,3,3,0,3
2026-09-03T00:47:01.673,IMU-2,0x29,-1.0,177.94,83.0,3,3,0,3
2026-09-03T00:47:01.771,IMU-1,0x28,-1.12,179.81,260.69,3,3,0,3
2026-09-03T00:47:01.773,IMU-2,0x29,-1.0,177.94,83.0,3,3,0,3
2026-09-03T00:47:01.871,IMU-1,0x28,-1.12,179.81,260.69,3,3,0,3
2026-09-03T00:47:01.874,IMU-2,0x29,-1.0,177.94,83.0,3,3,0,3
2026-09-03T00:47:01.971,IMU-1,0x28,-1.12,179.81,260.69,3,3,0,3
2026-09-03T00:47:01.974,IMU-2,0x29,-1.0,177.94,83.0,3,3,0,3
2026-09-03T00:47:02.071,IMU-1,0x28,-1.12,179.81,260.69,3,3,0,3
2026-09-03T00:47:02.074,IMU-2,0x29,-1.0,177.94,83.0,3,3,0,3
2026-09-03T00:47:02.171,IMU-1,0x28,-1.12,179.81,260.69,3,3,0,3
2026-09-03T00:47:02.174,IMU-2,0x29,-1.0,177.94,83.0,3,3,0,3
2026-09-03T00:47:02.272,IMU-1,0x28,-1.12,179.81,260.69,3,3,0,3
2026-09-03T00:47:02.275,IMU-2,0x29,-1.0,177.94,83.0,3,3,0,3
2026-09-03T00:47:02.372,IMU-1,0x28,-1.12,179.81,260.69,3,3,0,3
2026-09-03T00:47:02.375,IMU-2,0x29,-1.0,177.94,83.0,3,3,0,3
2026-09-03T00:47:02.472,IMU-1,0x28,-1.12,179.81,260.69,3,3,0,3
2026-09-03T00:47:02.475,IMU-2,0x29,-1.0,177.94,83.0,3,3,0,3
2026-09-03T00:47:02.572,IMU-1,0x28,-1.12,179.81,260.69,3,3,0,3
2026-09-03T00:47:02.575,IMU-2,0x29,-1.0,177.94,83.0,3,3,0,3
2026-09-03T00:47:02.672,IMU-1,0x28,-1.12,179.81,260.69,3,3,0,3
2026-09-03T00:47:02.675,IMU-2,0x29,-1.0,177.94,83.0,3,3,0,3
2026-09-03T00:47:02.772,IMU-1,0x28,-1.12,179.81,260.69,3,3,0,3
2026-09-03T00:47:02.775,IMU-2,0x29,-1.0,177.94,83.0,3,3,0,3
2026-09-03T00:47:02.872,IMU-1,0x28,-1.12,179.81,260.69,3,3,0,3
2026-09-03T00:47:02.875,IMU-2,0x29,-1.0,177.94,83.0,3,3,0,3
2026-09-03T00:47:02.973,IMU-1,0x28,-1.12,179.81,260.69,3,3,0,3
2026-09-03T00:47:02.976,IMU-2,0x29,-1.0,177.94,83.0,3,3,0,3
2026-09-03T00:47:03.072,IMU-1,0x28,-1.12,179.81,260.69,3,3,0,3
2026-09-03T00:47:03.075,IMU-2,0x29,-1.0,177.94,83.0,3,3,0,3
2026-09-03T00:47:03.173,IMU-1,0x28,-1.12,179.81,260.69,3,3,0,3
2026-09-03T00:47:03.176,IMU-2,0x29,-1.0,177.94,83.0,3,3,0,3
2026-09-03T00:47:03.274,IMU-1,0x28,-1.12,179.81,260.69,3,3,0,3
2026-09-03T00:47:03.278,IMU-2,0x29,-1.0,177.94,83.0,3,3,0,3
2026-09-03T00:47:03.373,IMU-1,0x28,-1.12,179.81,260.69,3,3,0,3
2026-09-03T00:47:03.375,IMU-2,0x29,-1.0,177.94,83.0,3,3,0,3
2026-09-03T00:47:03.472,IMU-1,0x28,-1.12,179.81,260.69,3,3,0,3
2026-09-03T00:47:03.473,IMU-2,0x29,-1.0,177.94,83.0,3,3,0,3
2026-09-03T00:47:03.572,IMU-1,0x28,-1.12,179.81,260.69,3,3,0,3
2026-09-03T00:47:03.573,IMU-2,0x29,-1.0,177.94,83.0,3,3,0,3
2026-09-03T00:47:03.672,IMU-1,0x28,-1.12,179.81,260.69,3,3,0,3
2026-09-03T00:47:03.673,IMU-2,0x29,-1.0,177.94,83.0,3,3,0,3
2026-09-03T00:47:03.772,IMU-1,0x28,-1.12,179.81,260.69,3,3,0,3
2026-09-03T00:47:03.773,IMU-2,0x29,-1.0,177.94,83.0,3,3,0,3
2026-09-03T00:47:03.872,IMU-1,0x28,-1.12,179.81,260.69,3,3,0,3
2026-09-03T00:47:03.873,IMU-2,0x29,-1.0,177.94,83.0,3,3,0,3
2026-09-03T00:47:03.972,IMU-1,0x28,-1.12,179.81,260.69,3,3,0,3
2026-09-03T00:47:03.974,IMU-2,0x29,-1.0,177.94,83.0,3,3,0,3
2026-09-03T00:47:04.072,IMU-1,0x28,-1.12,179.81,260.69,3,3,0,3
2026-09-03T00:47:04.074,IMU-2,0x29,-1.0,177.94,83.0,3,3,0,3
2026-09-03T00:47:04.172,IMU-1,0x28,-1.12,179.81,260.69,3,3,0,3
2026-09-03T00:47:04.174,IMU-2,0x29,-1.0,177.94,83.0,3,3,0,3
2026-09-03T00:47:04.273,IMU-1,0x28,-1.12,179.81,260.69,3,3,0,3
2026-09-03T00:47:04.275,IMU-2,0x29,-1.0,177.94,83.0,3,3,0,3
2026-09-03T00:47:04.372,IMU-1,0x28,-1.12,179.81,260.69,3,3,0,3
2026-09-03T00:47:04.375,IMU-2,0x29,-1.0,177.94,83.0,3,3,0,3
2026-09-03T00:47:04.472,IMU-1,0x28,-1.12,179.81,260.69,3,3,0,3
2026-09-03T00:47:04.475,IMU-2,0x29,-1.0,177.94,83.0,3,3,0,3
2026-09-03T00:47:04.572,IMU-1,0x28,-1.12,179.81,260.69,3,3,0,3
2026-09-03T00:47:04.575,IMU-2,0x29,-1.0,177.94,83.0,3,3,0,3
2026-09-03T00:47:04.673,IMU-1,0x28,-1.12,179.81,260.69,3,3,0,3
2026-09-03T00:47:04.675,IMU-2,0x29,-1.0,177.94,83.0,3,3,0,3
2026-09-03T00:47:04.773,IMU-1,0x28,-1.12,179.81,260.69,3,3,0,3
2026-09-03T00:47:04.776,IMU-2,0x29,-1.0,177.94,83.0,3,3,0,3
2026-09-03T00:47:04.873,IMU-1,0x28,-1.12,179.81,260.69,3,3,0,3
2026-09-03T00:47:04.876,IMU-2,0x29,-1.0,177.94,83.0,3,3,0,3
2026-09-03T00:47:04.973,IMU-1,0x28,-1.12,179.81,260.69,3,3,0,3
2026-09-03T00:47:04.976,IMU-2,0x29,-1.0,177.94,83.0,3,3,0,3
2026-09-03T00:47:05.073,IMU-1,0x28,-1.12,179.81,260.69,3,3,0,3
2026-09-03T00:47:05.076,IMU-2,0x29,-1.0,177.94,83.0,3,3,0,3
2026-09-03T00:47:05.173,IMU-1,0x28,-1.12,179.81,260.69,3,3,0,3
2026-09-03T00:47:05.176,IMU-2,0x29,-1.0,177.94,83.0,3,3,0,3
2026-09-03T00:47:05.273,IMU-1,0x28,-1.12,179.81,260.69,3,3,0,3
2026-09-03T00:47:05.277,IMU-2,0x29,-1.0,177.94,83.0,3,3,0,3
2026-09-03T00:47:05.373,IMU-1,0x28,-1.12,179.81,260.69,3,3,0,3
2026-09-03T00:47:05.376,IMU-2,0x29,-1.0,177.94,83.0,3,3,0,3
2026-09-03T00:47:05.473,IMU-1,0x28,-1.12,179.81,260.69,3,3,0,3
2026-09-03T00:47:05.476,IMU-2,0x29,-1.0,177.94,83.0,3,3,0,3
2026-09-03T00:47:05.573,IMU-1,0x28,-1.12,179.81,260.69,3,3,0,3
2026-09-03T00:47:05.576,IMU-2,0x29,-1.0,177.94,83.0,3,3,0,3
2026-09-03T00:47:05.674,IMU-1,0x28,-1.12,179.81,260.69,3,3,0,3
2026-09-03T00:47:05.677,IMU-2,0x29,-1.0,177.94,83.0,3,3,0,3
2026-09-03T00:47:05.774,IMU-1,0x28,-1.12,179.81,260.69,3,3,0,3
2026-09-03T00:47:05.777,IMU-2,0x29,-1.0,177.94,83.0,3,3,0,3
2026-09-03T00:47:05.874,IMU-1,0x28,-1.12,179.81,260.69,3,3,0,3
2026-09-03T00:47:05.877,IMU-2,0x29,-1.0,177.94,83.0,3,3,0,3
2026-09-03T00:47:05.974,IMU-1,0x28,-1.12,179.81,260.69,3,3,0,3
2026-09-03T00:47:05.977,IMU-2,0x29,-1.0,177.94,83.0,3,3,0,3
2026-09-03T00:47:06.075,IMU-1,0x28,-1.12,179.81,260.69,3,3,0,3
2026-09-03T00:47:06.077,IMU-2,0x29,-1.0,177.94,83.0,3,3,0,3
2026-09-03T00:47:06.175,IMU-1,0x28,-1.12,179.81,260.69,3,3,0,3
2026-09-03T00:47:06.177,IMU-2,0x29,-1.0,177.94,83.0,3,3,0,3
2026-09-03T00:47:06.275,IMU-1,0x28,-1.12,179.81,260.69,3,3,0,3
2026-09-03T00:47:06.278,IMU-2,0x29,-1.0,177.94,83.0,3,3,0,3
2026-09-03T00:47:06.375,IMU-1,0x28,-1.12,179.81,260.69,3,3,0,3
2026-09-03T00:47:06.377,IMU-2,0x29,-1.0,177.94,83.0,3,3,0,3
2026-09-03T00:47:06.475,IMU-1,0x28,-1.12,179.81,260.69,3,3,0,3
2026-09-03T00:47:06.477,IMU-2,0x29,-1.0,177.94,83.0,3,3,0,3
2026-09-03T00:47:06.575,IMU-1,0x28,-1.12,179.81,260.69,3,3,0,3
2026-09-03T00:47:06.577,IMU-2,0x29,-1.0,177.94,83.0,3,3,0,3
2026-09-03T00:47:06.675,IMU-1,0x28,-1.12,179.81,260.69,3,3,0,3
2026-09-03T00:47:06.677,IMU-2,0x29,-1.0,177.94,83.0,3,3,0,3
2026-09-03T00:47:06.775,IMU-1,0x28,-1.12,179.81,260.69,3,3,0,3
2026-09-03T00:47:06.777,IMU-2,0x29,-1.0,177.94,83.0,3,3,0,3
2026-09-03T00:47:06.875,IMU-1,0x28,-1.12,179.81,260.69,3,3,0,3
2026-09-03T00:47:06.877,IMU-2,0x29,-1.0,177.94,83.0,3,3,0,3
2026-09-03T00:47:06.975,IMU-1,0x28,-1.12,179.81,260.69,3,3,0,3
2026-09-03T00:47:06.977,IMU-2,0x29,-1.0,177.94,83.0,3,3,0,3
2026-09-03T00:47:07.076,IMU-1,0x28,-1.12,179.81,260.69,3,3,0,3
2026-09-03T00:47:07.077,IMU-2,0x29,-1.0,177.94,83.0,3,3,0,3
2026-09-03T00:47:07.176,IMU-1,0x28,-1.12,179.81,260.69,3,3,0,3
2026-09-03T00:47:07.177,IMU-2,0x29,-1.0,177.94,83.0,3,3,0,3
2026-09-03T00:47:07.277,IMU-1,0x28,-1.12,179.81,260.69,3,3,0,3
2026-09-03T00:47:07.278,IMU-2,0x29,-1.0,177.94,83.0,3,3,0,3
2026-09-03T00:47:07.376,IMU-1,0x28,-1.12,179.81,260.69,3,3,0,3
2026-09-03T00:47:07.378,IMU-2,0x29,-1.0,177.94,83.0,3,3,0,3
2026-09-03T00:47:07.476,IMU-1,0x28,-1.12,179.81,260.69,3,3,0,3
2026-09-03T00:47:07.478,IMU-2,0x29,-1.0,177.94,83.0,3,3,0,3
2026-09-03T00:47:07.576,IMU-1,0x28,-1.12,179.81,260.69,3,3,0,3
2026-09-03T00:47:07.578,IMU-2,0x29,-1.0,177.94,83.0,3,3,0,3
2026-09-03T00:47:07.675,IMU-1,0x28,-1.12,179.81,260.69,3,3,0,3
2026-09-03T00:47:07.678,IMU-2,0x29,-1.0,177.94,83.0,3,3,0,3
2026-09-03T00:47:07.775,IMU-1,0x28,-1.12,179.81,260.69,3,3,0,3
2026-09-03T00:47:07.776,IMU-2,0x29,-1.0,177.94,83.0,3,3,0,3
2026-09-03T00:47:07.875,IMU-1,0x28,-1.12,179.81,260.69,3,3,0,3
2026-09-03T00:47:07.877,IMU-2,0x29,-1.0,177.94,83.0,3,3,0,3
2026-09-03T00:47:07.975,IMU-1,0x28,-1.12,179.81,260.69,3,3,0,3
2026-09-03T00:47:07.976,IMU-2,0x29,-1.0,177.94,83.0,3,3,0,3
2026-09-03T00:47:08.075,IMU-1,0x28,-1.12,179.81,260.69,3,3,0,3
2026-09-03T00:47:08.076,IMU-2,0x29,-1.0,177.94,83.0,3,3,0,3
2026-09-03T00:47:08.175,IMU-1,0x28,-1.12,179.81,260.69,3,3,0,3
2026-09-03T00:47:08.176,IMU-2,0x29,-1.0,177.94,83.0,3,3,0,3
2026-09-03T00:47:08.275,IMU-1,0x28,-1.12,179.81,260.69,3,3,0,3
2026-09-03T00:47:08.277,IMU-2,0x29,-1.0,177.94,83.0,3,3,0,3
2026-09-03T00:47:08.375,IMU-1,0x28,-1.12,179.81,260.69,3,3,0,3
2026-09-03T00:47:08.376,IMU-2,0x29,-1.0,177.94,83.0,3,3,0,3
2026-09-03T00:47:08.475,IMU-1,0x28,-1.12,179.81,260.69,3,3,0,3
2026-09-03T00:47:08.476,IMU-2,0x29,-1.0,177.94,83.0,3,3,0,3
2026-09-03T00:47:08.575,IMU-1,0x28,-1.12,179.81,260.69,3,3,0,3
2026-09-03T00:47:08.576,IMU-2,0x29,-1.0,177.94,83.0,3,3,0,3
2026-09-03T00:47:08.675,IMU-1,0x28,-1.12,179.81,260.69,3,3,0,3
2026-09-03T00:47:08.676,IMU-2,0x29,-1.0,177.94,83.0,3,3,0,3
2026-09-03T00:47:08.775,IMU-1,0x28,-1.12,179.81,260.69,3,3,0,3
2026-09-03T00:47:08.777,IMU-2,0x29,-1.0,177.94,83.0,3,3,0,3
2026-09-03T00:47:08.875,IMU-1,0x28,-1.12,179.81,260.69,3,3,0,3
2026-09-03T00:47:08.877,IMU-2,0x29,-1.0,177.94,83.0,3,3,0,3
2026-09-03T00:47:08.976,IMU-1,0x28,-1.12,179.81,260.69,3,3,0,3
2026-09-03T00:47:08.977,IMU-2,0x29,-1.0,177.94,83.0,3,3,0,3
2026-09-03T00:47:09.076,IMU-1,0x28,-1.12,179.81,260.69,3,3,0,3
2026-09-03T00:47:09.077,IMU-2,0x29,-1.0,177.94,83.0,3,3,0,3
2026-09-03T00:47:09.176,IMU-1,0x28,-1.12,179.81,260.69,3,3,0,3
2026-09-03T00:47:09.177,IMU-2,0x29,-1.0,177.94,83.0,3,3,0,3
2026-09-03T00:47:09.277,IMU-1,0x28,-1.12,179.81,260.69,3,3,0,3
2026-09-03T00:47:09.279,IMU-2,0x29,-1.0,177.94,83.0,3,3,0,3
2026-09-03T00:47:09.377,IMU-1,0x28,-1.12,179.81,260.69,3,3,0,3
2026-09-03T00:47:09.378,IMU-2,0x29,-1.0,177.94,83.0,3,3,0,3
2026-09-03T00:47:09.477,IMU-1,0x28,-1.12,179.81,260.69,3,3,0,3
2026-09-03T00:47:09.478,IMU-2,0x29,-1.0,177.94,83.0,3,3,0,3
2026-09-03T00:47:09.577,IMU-1,0x28,-1.12,179.81,260.69,3,3,0,3
2026-09-03T00:47:09.579,IMU-2,0x29,-1.0,177.94,83.0,3,3,0,3
2026-09-03T00:47:09.677,IMU-1,0x28,-1.12,179.81,260.69,3,3,0,3
2026-09-03T00:47:09.679,IMU-2,0x29,-1.0,177.94,83.0,3,3,0,3
2026-09-03T00:47:09.777,IMU-1,0x28,-1.12,179.81,260.69,3,3,0,3
2026-09-03T00:47:09.779,IMU-2,0x29,-1.0,177.94,83.0,3,3,0,3
2026-09-03T00:47:09.877,IMU-1,0x28,-1.12,179.81,260.69,3,3,0,3
2026-09-03T00:47:09.880,IMU-2,0x29,-1.0,177.94,83.0,3,3,0,3
2026-09-03T00:47:09.977,IMU-1,0x28,-1.12,179.81,260.69,3,3,0,3
2026-09-03T00:47:09.980,IMU-2,0x29,-1.0,177.94,83.0,3,3,0,3
2026-09-03T00:47:10.077,IMU-1,0x28,-1.12,179.81,260.69,3,3,0,3
2026-09-03T00:47:10.080,IMU-2,0x29,-1.0,177.94,83.0,3,3,0,3
2026-09-03T00:47:10.178,IMU-1,0x28,-1.12,179.81,260.69,3,3,0,3
2026-09-03T00:47:10.180,IMU-2,0x29,-1.0,177.94,83.0,3,3,0,3
2026-09-03T00:47:10.278,IMU-1,0x28,-1.12,179.81,260.69,3,3,0,3
2026-09-03T00:47:10.281,IMU-2,0x29,-1.0,177.94,83.0,3,3,0,3
2026-09-03T00:47:10.378,IMU-1,0x28,-1.12,179.81,260.69,3,3,0,3
2026-09-03T00:47:10.381,IMU-2,0x29,-1.0,177.94,83.0,3,3,0,3
2026-09-03T00:47:10.478,IMU-1,0x28,-1.12,179.81,260.69,3,3,0,3
2026-09-03T00:47:10.481,IMU-2,0x29,-1.0,177.94,83.0,3,3,0,3
2026-09-03T00:47:10.578,IMU-1,0x28,-1.12,179.81,260.69,3,3,0,3
2026-09-03T00:47:10.581,IMU-2,0x29,-1.0,177.94,83.0,3,3,0,3
2026-09-03T00:47:10.677,IMU-1,0x28,-1.12,179.81,260.69,3,3,0,3
2026-09-03T00:47:10.680,IMU-2,0x29,-1.0,177.94,83.0,3,3,0,3
2026-09-03T00:47:10.778,IMU-1,0x28,-1.12,179.81,260.69,3,3,0,3
2026-09-03T00:47:10.781,IMU-2,0x29,-1.0,177.94,83.0,3,3,0,3
2026-09-03T00:47:10.877,IMU-1,0x28,-1.12,179.81,260.69,3,3,0,3
2026-09-03T00:47:10.880,IMU-2,0x29,-1.0,177.94,83.0,3,3,0,3
2026-09-03T00:47:10.976,IMU-1,0x28,-1.12,179.81,260.69,3,3,0,3
2026-09-03T00:47:10.979,IMU-2,0x29,-1.0,177.94,83.0,3,3,0,3
2026-09-03T00:47:11.077,IMU-1,0x28,-1.12,179.81,260.69,3,3,0,3
2026-09-03T00:47:11.079,IMU-2,0x29,-1.0,177.94,83.0,3,3,0,3
2026-09-03T00:47:11.177,IMU-1,0x28,-1.12,179.81,260.69,3,3,0,3
2026-09-03T00:47:11.178,IMU-2,0x29,-1.0,177.94,83.0,3,3,0,3
2026-09-03T00:47:11.277,IMU-1,0x28,-1.12,179.81,260.69,3,3,0,3
2026-09-03T00:47:11.280,IMU-2,0x29,-1.0,177.94,83.0,3,3,0,3
2026-09-03T00:47:11.377,IMU-1,0x28,-1.12,179.81,260.69,3,3,0,3
2026-09-03T00:47:11.378,IMU-2,0x29,-1.0,177.94,83.0,3,3,0,3
2026-09-03T00:47:11.477,IMU-1,0x28,-1.12,179.81,260.69,3,3,0,3
2026-09-03T00:47:11.478,IMU-2,0x29,-1.0,177.94,83.0,3,3,0,3
2026-09-03T00:47:11.577,IMU-1,0x28,-1.12,179.81,260.69,3,3,0,3
2026-09-03T00:47:11.578,IMU-2,0x29,-1.0,177.94,83.0,3,3,0,3
2026-09-03T00:47:11.677,IMU-1,0x28,-1.12,179.81,260.69,3,3,0,3
2026-09-03T00:47:11.679,IMU-2,0x29,-1.0,177.94,83.0,3,3,0,3
2026-09-03T00:47:11.777,IMU-1,0x28,-1.12,179.81,260.69,3,3,0,3
2026-09-03T00:47:11.779,IMU-2,0x29,-1.0,177.94,83.0,3,3,0,3
2026-09-03T00:47:11.877,IMU-1,0x28,-1.12,179.81,260.69,3,3,0,3
2026-09-03T00:47:11.879,IMU-2,0x29,-1.0,177.94,83.0,3,3,0,3
2026-09-03T00:47:11.977,IMU-1,0x28,-1.12,179.81,260.69,3,3,0,3
2026-09-03T00:47:11.979,IMU-2,0x29,-1.0,177.94,83.0,3,3,0,3
2026-09-03T00:47:12.077,IMU-1,0x28,-1.12,179.81,260.69,3,3,0,3
2026-09-03T00:47:12.079,IMU-2,0x29,-1.0,177.94,83.0,3,3,0,3
2026-09-03T00:47:12.177,IMU-1,0x28,-1.12,179.81,260.69,3,3,0,3
2026-09-03T00:47:12.180,IMU-2,0x29,-1.0,177.94,83.0,3,3,0,3
2026-09-03T00:47:12.278,IMU-1,0x28,-1.12,179.81,260.69,3,3,0,3
2026-09-03T00:47:12.281,IMU-2,0x29,-1.0,177.94,83.0,3,3,0,3
2026-09-03T00:47:12.378,IMU-1,0x28,-1.12,179.81,260.69,3,3,0,3
2026-09-03T00:47:12.380,IMU-2,0x29,-1.0,177.94,83.0,3,3,0,3
2026-09-03T00:47:12.478,IMU-1,0x28,-1.12,179.81,260.69,3,3,0,3
2026-09-03T00:47:12.481,IMU-2,0x29,-1.0,177.94,83.0,3,3,0,3
2026-09-03T00:47:12.578,IMU-1,0x28,-1.12,179.81,260.69,3,3,0,3
2026-09-03T00:47:12.581,IMU-2,0x29,-1.0,177.94,83.0,3,3,0,3
2026-09-03T00:47:12.678,IMU-1,0x28,-1.12,179.81,260.69,3,3,0,3
2026-09-03T00:47:12.681,IMU-2,0x29,-1.0,177.94,83.0,3,3,0,3
2026-09-03T00:47:12.779,IMU-1,0x28,-1.12,179.81,260.69,3,3,0,3
2026-09-03T00:47:12.782,IMU-2,0x29,-1.0,177.94,83.0,3,3,0,3
2026-09-03T00:47:12.879,IMU-1,0x28,-1.12,179.81,260.69,3,3,0,3
2026-09-03T00:47:12.882,IMU-2,0x29,-1.0,177.94,83.0,3,3,0,3
2026-09-03T00:47:12.979,IMU-1,0x28,-1.12,179.81,260.69,3,3,0,3
2026-09-03T00:47:12.982,IMU-2,0x29,-1.0,177.94,83.0,3,3,0,3
2026-09-03T00:47:13.079,IMU-1,0x28,-1.12,179.81,260.69,3,3,0,3
2026-09-03T00:47:13.082,IMU-2,0x29,-1.0,177.94,83.0,3,3,0,3
2026-09-03T00:47:13.179,IMU-1,0x28,-1.12,179.81,260.69,3,3,0,3
2026-09-03T00:47:13.182,IMU-2,0x29,-0.94,177.94,83.0,3,3,0,3
2026-09-03T00:47:13.280,IMU-1,0x28,-1.12,179.81,260.69,3,3,0,3
2026-09-03T00:47:13.284,IMU-2,0x29,-0.94,177.94,83.0,3,3,0,3
2026-09-03T00:47:13.379,IMU-1,0x28,-1.12,179.81,260.69,3,3,0,3
2026-09-03T00:47:13.382,IMU-2,0x29,-0.94,177.94,83.0,3,3,0,3
2026-09-03T00:47:13.480,IMU-1,0x28,-1.12,179.81,260.69,3,3,0,3
2026-09-03T00:47:13.483,IMU-2,0x29,-0.94,177.94,83.0,3,3,0,3
2026-09-03T00:47:13.580,IMU-1,0x28,-1.12,179.81,260.69,3,3,0,3
2026-09-03T00:47:13.583,IMU-2,0x29,-0.94,177.94,83.0,3,3,0,3
2026-09-03T00:47:13.680,IMU-1,0x28,-1.12,179.81,260.69,3,3,0,3
2026-09-03T00:47:13.683,IMU-2,0x29,-0.94,177.94,83.0,3,3,0,3
2026-09-03T00:47:13.780,IMU-1,0x28,-1.12,179.81,260.69,3,3,0,3
2026-09-03T00:47:13.783,IMU-2,0x29,-0.94,177.94,83.0,3,3,0,3
2026-09-03T00:47:13.880,IMU-1,0x28,-1.12,179.81,260.69,3,3,0,3
2026-09-03T00:47:13.882,IMU-2,0x29,-0.94,177.94,83.0,3,3,0,3
2026-09-03T00:47:13.980,IMU-1,0x28,-1.12,179.81,260.69,3,3,0,3
2026-09-03T00:47:13.982,IMU-2,0x29,-0.94,177.94,83.0,3,3,0,3
2026-09-03T00:47:14.080,IMU-1,0x28,-1.12,179.81,260.69,3,3,0,3
2026-09-03T00:47:14.081,IMU-2,0x29,-0.94,177.94,83.0,3,3,0,3
2026-09-03T00:47:14.180,IMU-1,0x28,-1.12,179.81,260.69,3,3,0,3
2026-09-03T00:47:14.181,IMU-2,0x29,-0.94,177.94,83.0,3,3,0,3
2026-09-03T00:47:14.281,IMU-1,0x28,-1.12,179.81,260.69,3,3,0,3
2026-09-03T00:47:14.284,IMU-2,0x29,-0.94,177.94,83.0,3,3,0,3
2026-09-03T00:47:14.380,IMU-1,0x28,-1.12,179.81,260.69,3,3,0,3
2026-09-03T00:47:14.382,IMU-2,0x29,-0.94,177.94,83.0,3,3,0,3
2026-09-03T00:47:14.480,IMU-1,0x28,-1.12,179.81,260.69,3,3,0,3
2026-09-03T00:47:14.481,IMU-2,0x29,-0.94,177.94,83.0,3,3,0,3
2026-09-03T00:47:14.580,IMU-1,0x28,-1.12,179.81,260.69,3,3,0,3
2026-09-03T00:47:14.581,IMU-2,0x29,-0.94,177.94,83.0,3,3,0,3
2026-09-03T00:47:14.679,IMU-1,0x28,-1.12,179.81,260.69,3,3,0,3
2026-09-03T00:47:14.681,IMU-2,0x29,-0.94,177.94,83.0,3,3,0,3
2026-09-03T00:47:14.779,IMU-1,0x28,-1.12,179.81,260.69,3,3,0,3
2026-09-03T00:47:14.781,IMU-2,0x29,-0.94,177.94,83.0,3,3,0,3
2026-09-03T00:47:14.879,IMU-1,0x28,-1.12,179.81,260.69,3,3,0,3
2026-09-03T00:47:14.881,IMU-2,0x29,-0.94,177.94,83.0,3,3,0,3
2026-09-03T00:47:14.979,IMU-1,0x28,-1.12,179.81,260.69,3,3,0,3
2026-09-03T00:47:14.982,IMU-2,0x29,-1.0,177.94,83.0,3,3,0,3
2026-09-03T00:47:15.079,IMU-1,0x28,-1.12,179.81,260.69,3,3,0,3
2026-09-03T00:47:15.082,IMU-2,0x29,-1.0,177.94,83.0,3,3,0,3
2026-09-03T00:47:15.179,IMU-1,0x28,-1.12,179.81,260.69,3,3,0,3
2026-09-03T00:47:15.182,IMU-2,0x29,-1.0,177.94,83.0,3,3,0,3
2026-09-03T00:47:15.280,IMU-1,0x28,-1.12,179.81,260.69,3,3,0,3
2026-09-03T00:47:15.283,IMU-2,0x29,-1.0,177.94,83.0,3,3,0,3
2026-09-03T00:47:15.379,IMU-1,0x28,-1.12,179.81,260.69,3,3,0,3
2026-09-03T00:47:15.382,IMU-2,0x29,-1.0,177.94,83.0,3,3,0,3
2026-09-03T00:47:15.479,IMU-1,0x28,-1.12,179.81,260.69,3,3,0,3
2026-09-03T00:47:15.483,IMU-2,0x29,-1.0,177.94,83.0,3,3,0,3
2026-09-03T00:47:15.580,IMU-1,0x28,-1.12,179.81,260.69,3,3,0,3
2026-09-03T00:47:15.583,IMU-2,0x29,-1.0,177.94,83.0,3,3,0,3
2026-09-03T00:47:15.680,IMU-1,0x28,-1.12,179.81,260.69,3,3,0,3
2026-09-03T00:47:15.683,IMU-2,0x29,-1.0,177.94,83.0,3,3,0,3
2026-09-03T00:47:15.780,IMU-1,0x28,-1.12,179.81,260.69,3,3,0,3
2026-09-03T00:47:15.783,IMU-2,0x29,-1.0,177.94,83.0,3,3,0,3
2026-09-03T00:47:15.880,IMU-1,0x28,-1.12,179.81,260.69,3,3,0,3
2026-09-03T00:47:15.883,IMU-2,0x29,-1.0,177.94,83.0,3,3,0,3
2026-09-03T00:47:15.980,IMU-1,0x28,-1.12,179.81,260.69,3,3,0,3
2026-09-03T00:47:15.983,IMU-2,0x29,-1.0,177.94,83.0,3,3,0,3
2026-09-03T00:47:16.080,IMU-1,0x28,-1.12,179.81,260.69,3,3,0,3
2026-09-03T00:47:16.083,IMU-2,0x29,-1.0,177.94,83.0,3,3,0,3
2026-09-03T00:47:16.180,IMU-1,0x28,-1.12,179.81,260.69,3,3,0,3
2026-09-03T00:47:16.183,IMU-2,0x29,-1.0,177.94,83.0,3,3,0,3
2026-09-03T00:47:16.281,IMU-1,0x28,-1.12,179.81,260.69,3,3,0,3
2026-09-03T00:47:16.285,IMU-2,0x29,-1.0,177.94,83.0,3,3,0,3
2026-09-03T00:47:16.381,IMU-1,0x28,-1.12,179.81,260.69,3,3,0,3
2026-09-03T00:47:16.384,IMU-2,0x29,-1.0,177.94,83.0,3,3,0,3
2026-09-03T00:47:16.481,IMU-1,0x28,-1.12,179.81,260.69,3,3,0,3
2026-09-03T00:47:16.484,IMU-2,0x29,-1.0,177.94,83.0,3,3,0,3
2026-09-03T00:47:16.581,IMU-1,0x28,-1.12,179.81,260.69,3,3,0,3
2026-09-03T00:47:16.583,IMU-2,0x29,-1.0,177.94,83.0,3,3,0,3
2026-09-03T00:47:16.682,IMU-1,0x28,-1.12,179.81,260.69,3,3,0,3
2026-09-03T00:47:16.683,IMU-2,0x29,-1.0,177.94,83.0,3,3,0,3
2026-09-03T00:47:16.782,IMU-1,0x28,-1.12,179.81,260.69,3,3,0,3
2026-09-03T00:47:16.783,IMU-2,0x29,-1.0,177.94,83.0,3,3,0,3
2026-09-03T00:47:16.882,IMU-1,0x28,-1.12,179.81,260.69,3,3,0,3
2026-09-03T00:47:16.883,IMU-2,0x29,-1.0,177.94,83.0,3,3,0,3
2026-09-03T00:47:16.982,IMU-1,0x28,-1.12,179.81,260.69,3,3,0,3
2026-09-03T00:47:16.983,IMU-2,0x29,-1.0,177.94,83.0,3,3,0,3
2026-09-03T00:47:17.082,IMU-1,0x28,-1.12,179.81,260.69,3,3,0,3
2026-09-03T00:47:17.084,IMU-2,0x29,-1.0,177.94,83.0,3,3,0,3
2026-09-03T00:47:17.182,IMU-1,0x28,-1.12,179.81,260.69,3,3,0,3
2026-09-03T00:47:17.184,IMU-2,0x29,-1.0,177.94,83.0,3,3,0,3
2026-09-03T00:47:17.283,IMU-1,0x28,-1.12,179.81,260.69,3,3,0,3
2026-09-03T00:47:17.285,IMU-2,0x29,-1.0,177.94,83.0,3,3,0,3
2026-09-03T00:47:17.382,IMU-1,0x28,-1.12,179.81,260.69,3,3,0,3
2026-09-03T00:47:17.384,IMU-2,0x29,-1.0,177.94,83.0,3,3,0,3
2026-09-03T00:47:17.482,IMU-1,0x28,-1.12,179.81,260.69,3,3,0,3
2026-09-03T00:47:17.484,IMU-2,0x29,-1.0,177.94,83.0,3,3,0,3
2026-09-03T00:47:17.582,IMU-1,0x28,-1.12,179.81,260.69,3,3,0,3
2026-09-03T00:47:17.584,IMU-2,0x29,-1.0,177.94,83.0,3,3,0,3
2026-09-03T00:47:17.682,IMU-1,0x28,-1.12,179.81,260.69,3,3,0,3
2026-09-03T00:47:17.685,IMU-2,0x29,-1.0,177.94,83.0,3,3,0,3
2026-09-03T00:47:17.782,IMU-1,0x28,-1.12,179.81,260.69,3,3,0,3
2026-09-03T00:47:17.785,IMU-2,0x29,-1.0,177.94,83.0,3,3,0,3
2026-09-03T00:47:17.883,IMU-1,0x28,-1.12,179.81,260.69,3,3,0,3
2026-09-03T00:47:17.885,IMU-2,0x29,-1.0,177.94,83.0,3,3,0,3
2026-09-03T00:47:17.982,IMU-1,0x28,-1.12,179.81,260.69,3,3,0,3
2026-09-03T00:47:17.985,IMU-2,0x29,-1.0,177.94,83.0,3,3,0,3
2026-09-03T00:47:18.082,IMU-1,0x28,-1.12,179.81,260.69,3,3,0,3
2026-09-03T00:47:18.085,IMU-2,0x29,-1.0,177.94,83.0,3,3,0,3
2026-09-03T00:47:18.182,IMU-1,0x28,-1.12,179.81,260.69,3,3,0,3
2026-09-03T00:47:18.185,IMU-2,0x29,-1.0,177.94,83.0,3,3,0,3
2026-09-03T00:47:18.282,IMU-1,0x28,-1.12,179.81,260.69,3,3,0,3
2026-09-03T00:47:18.286,IMU-2,0x29,-1.0,177.94,83.0,3,3,0,3
2026-09-03T00:47:18.381,IMU-1,0x28,-1.12,179.81,260.69,3,3,0,3
2026-09-03T00:47:18.384,IMU-2,0x29,-1.0,177.94,83.0,3,3,0,3
2026-09-03T00:47:18.481,IMU-1,0x28,-1.12,179.81,260.69,3,3,0,3
2026-09-03T00:47:18.484,IMU-2,0x29,-1.0,177.94,83.0,3,3,0,3
2026-09-03T00:47:18.581,IMU-1,0x28,-1.12,179.81,260.69,3,3,0,3
2026-09-03T00:47:18.584,IMU-2,0x29,-1.0,177.94,83.0,3,3,0,3
2026-09-03T00:47:18.681,IMU-1,0x28,-1.12,179.81,260.69,3,3,0,3
2026-09-03T00:47:18.684,IMU-2,0x29,-1.0,177.94,83.0,3,3,0,3
2026-09-03T00:47:18.782,IMU-1,0x28,-1.12,179.81,260.69,3,3,0,3
2026-09-03T00:47:18.784,IMU-2,0x29,-1.0,177.94,83.0,3,3,0,3
2026-09-03T00:47:18.882,IMU-1,0x28,-1.12,179.81,260.69,3,3,0,3
2026-09-03T00:47:18.883,IMU-2,0x29,-1.0,177.94,83.0,3,3,0,3
2026-09-03T00:47:18.982,IMU-1,0x28,-1.12,179.81,260.69,3,3,0,3
2026-09-03T00:47:18.983,IMU-2,0x29,-1.0,177.94,83.0,3,3,0,3
2026-09-03T00:47:19.082,IMU-1,0x28,-1.12,179.81,260.69,3,3,0,3
2026-09-03T00:47:19.083,IMU-2,0x29,-1.0,177.94,83.0,3,3,0,3
2026-09-03T00:47:19.182,IMU-1,0x28,-1.12,179.81,260.69,3,3,0,3
2026-09-03T00:47:19.184,IMU-2,0x29,-1.0,177.94,83.0,3,3,0,3
2026-09-03T00:47:19.282,IMU-1,0x28,-1.12,179.81,260.69,3,3,0,3
2026-09-03T00:47:19.284,IMU-2,0x29,-1.0,177.94,83.0,3,3,0,3
2026-09-03T00:47:19.382,IMU-1,0x28,-1.12,179.81,260.69,3,3,0,3
2026-09-03T00:47:19.384,IMU-2,0x29,-1.0,177.94,83.0,3,3,0,3
2026-09-03T00:47:19.482,IMU-1,0x28,-1.12,179.81,260.69,3,3,0,3
2026-09-03T00:47:19.484,IMU-2,0x29,-1.0,177.94,83.0,3,3,0,3
2026-09-03T00:47:19.583,IMU-1,0x28,-1.12,179.81,260.69,3,3,0,3
2026-09-03T00:47:19.584,IMU-2,0x29,-1.0,177.94,83.0,3,3,0,3
2026-09-03T00:47:19.683,IMU-1,0x28,-1.12,179.81,260.69,3,3,0,3
2026-09-03T00:47:19.684,IMU-2,0x29,-1.0,177.94,83.0,3,3,0,3
2026-09-03T00:47:19.783,IMU-1,0x28,-1.12,179.81,260.69,3,3,0,3
2026-09-03T00:47:19.784,IMU-2,0x29,-1.0,177.94,83.0,3,3,0,3
2026-09-03T00:47:19.883,IMU-1,0x28,-1.12,179.81,260.69,3,3,0,3
2026-09-03T00:47:19.884,IMU-2,0x29,-1.0,177.94,83.0,3,3,0,3
2026-09-03T00:47:19.983,IMU-1,0x28,-1.12,179.81,260.69,3,3,0,3
2026-09-03T00:47:19.985,IMU-2,0x29,-1.0,177.94,83.0,3,3,0,3
2026-09-03T00:47:20.084,IMU-1,0x28,-1.12,179.81,260.69,3,3,0,3
2026-09-03T00:47:20.085,IMU-2,0x29,-1.0,177.94,83.0,3,3,0,3
2026-09-03T00:47:20.184,IMU-1,0x28,-1.12,179.81,260.69,3,3,0,3
2026-09-03T00:47:20.186,IMU-2,0x29,-1.0,177.94,83.0,3,3,0,3
2026-09-03T00:47:20.284,IMU-1,0x28,-1.12,179.81,260.69,3,3,0,3
2026-09-03T00:47:20.287,IMU-2,0x29,-1.0,177.94,83.0,3,3,0,3
2026-09-03T00:47:20.383,IMU-1,0x28,-1.12,179.81,260.69,3,3,0,3
2026-09-03T00:47:20.385,IMU-2,0x29,-1.0,177.94,83.0,3,3,0,3
2026-09-03T00:47:20.483,IMU-1,0x28,-1.12,179.81,260.69,3,3,0,3
2026-09-03T00:47:20.486,IMU-2,0x29,-1.0,177.94,83.0,3,3,0,3
2026-09-03T00:47:20.583,IMU-1,0x28,-1.12,179.81,260.69,3,3,0,3
2026-09-03T00:47:20.584,IMU-2,0x29,-1.0,177.94,83.0,3,3,0,3
2026-09-03T00:47:20.683,IMU-1,0x28,-1.12,179.81,260.69,3,3,0,3
2026-09-03T00:47:20.684,IMU-2,0x29,-1.0,177.94,83.0,3,3,0,3
2026-09-03T00:47:20.783,IMU-1,0x28,-1.12,179.81,260.69,3,3,0,3
2026-09-03T00:47:20.784,IMU-2,0x29,-1.0,177.94,83.0,3,3,0,3
2026-09-03T00:47:20.883,IMU-1,0x28,-1.12,179.81,260.69,3,3,0,3
2026-09-03T00:47:20.884,IMU-2,0x29,-1.0,177.94,83.0,3,3,0,3
2026-09-03T00:47:20.983,IMU-1,0x28,-1.12,179.81,260.69,3,3,0,3
2026-09-03T00:47:20.984,IMU-2,0x29,-1.0,177.94,83.0,3,3,0,3
2026-09-03T00:47:21.083,IMU-1,0x28,-1.12,179.81,260.69,3,3,0,3
2026-09-03T00:47:21.084,IMU-2,0x29,-1.0,177.94,83.0,3,3,0,3
2026-09-03T00:47:21.183,IMU-1,0x28,-1.12,179.81,260.69,3,3,0,3
2026-09-03T00:47:21.184,IMU-2,0x29,-1.0,177.94,83.0,3,3,0,3
2026-09-03T00:47:21.283,IMU-1,0x28,-1.12,179.81,260.69,3,3,0,3
2026-09-03T00:47:21.286,IMU-2,0x29,-1.0,177.94,83.0,3,3,0,3
2026-09-03T00:47:21.383,IMU-1,0x28,-1.12,179.81,260.69,3,3,0,3
2026-09-03T00:47:21.385,IMU-2,0x29,-1.0,177.94,83.0,3,3,0,3
2026-09-03T00:47:21.483,IMU-1,0x28,-1.12,179.81,260.69,3,3,0,3
2026-09-03T00:47:21.485,IMU-2,0x29,-1.0,177.94,83.0,3,3,0,3
2026-09-03T00:47:21.583,IMU-1,0x28,-1.12,179.81,260.69,3,3,0,3
2026-09-03T00:47:21.585,IMU-2,0x29,-1.0,177.94,83.0,3,3,0,3
2026-09-03T00:47:21.683,IMU-1,0x28,-1.12,179.81,260.69,3,3,0,3
2026-09-03T00:47:21.685,IMU-2,0x29,-1.0,177.94,83.0,3,3,0,3
2026-09-03T00:47:21.783,IMU-1,0x28,-1.12,179.81,260.69,3,3,0,3
2026-09-03T00:47:21.785,IMU-2,0x29,-1.0,177.94,83.0,3,3,0,3
2026-09-03T00:47:21.883,IMU-1,0x28,-1.12,179.81,260.69,3,3,0,3
2026-09-03T00:47:21.885,IMU-2,0x29,-1.0,177.94,83.0,3,3,0,3
2026-09-03T00:47:21.983,IMU-1,0x28,-1.12,179.81,260.69,3,3,0,3
2026-09-03T00:47:21.985,IMU-2,0x29,-1.0,177.94,83.0,3,3,0,3
2026-09-03T00:47:22.084,IMU-1,0x28,-1.12,179.81,260.69,3,3,0,3
2026-09-03T00:47:22.085,IMU-2,0x29,-1.0,177.94,83.0,3,3,0,3
2026-09-03T00:47:22.184,IMU-1,0x28,-1.12,179.81,260.69,3,3,0,3
2026-09-03T00:47:22.185,IMU-2,0x29,-1.0,177.94,83.0,3,3,0,3
2026-09-03T00:47:22.284,IMU-1,0x28,-1.12,179.81,260.69,3,3,0,3
2026-09-03T00:47:22.286,IMU-2,0x29,-1.0,177.94,83.0,3,3,0,3
2026-09-03T00:47:22.384,IMU-1,0x28,-1.12,179.81,260.69,3,3,0,3
2026-09-03T00:47:22.385,IMU-2,0x29,-1.0,177.94,83.0,3,3,0,3
2026-09-03T00:47:22.484,IMU-1,0x28,-1.12,179.81,260.69,3,3,0,3
2026-09-03T00:47:22.486,IMU-2,0x29,-1.0,177.94,83.0,3,3,0,3
2026-09-03T00:47:22.584,IMU-1,0x28,-1.12,179.81,260.69,3,3,0,3
2026-09-03T00:47:22.586,IMU-2,0x29,-1.0,177.94,83.0,3,3,0,3
2026-09-03T00:47:22.684,IMU-1,0x28,-1.12,179.81,260.69,3,3,0,3
2026-09-03T00:47:22.686,IMU-2,0x29,-1.0,177.94,83.0,3,3,0,3
2026-09-03T00:47:22.784,IMU-1,0x28,-1.12,179.81,260.69,3,3,0,3
2026-09-03T00:47:22.786,IMU-2,0x29,-1.0,177.94,83.0,3,3,0,3
2026-09-03T00:47:22.884,IMU-1,0x28,-1.12,179.81,260.69,3,3,0,3
2026-09-03T00:47:22.887,IMU-2,0x29,-1.0,177.94,83.0,3,3,0,3
2026-09-03T00:47:22.984,IMU-1,0x28,-1.12,179.81,260.69,3,3,0,3
2026-09-03T00:47:22.987,IMU-2,0x29,-1.0,177.94,83.0,3,3,0,3
2026-09-03T00:47:23.085,IMU-1,0x28,-1.12,179.81,260.69,3,3,0,3
2026-09-03T00:47:23.087,IMU-2,0x29,-1.0,177.94,83.0,3,3,0,3
2026-09-03T00:47:23.185,IMU-1,0x28,-1.12,179.81,260.69,3,3,0,3
2026-09-03T00:47:23.188,IMU-2,0x29,-1.0,177.94,83.0,3,3,0,3
2026-09-03T00:47:23.286,IMU-1,0x28,-1.12,179.81,260.69,3,3,0,3
2026-09-03T00:47:23.289,IMU-2,0x29,-1.0,177.94,83.0,3,3,0,3
2026-09-03T00:47:23.385,IMU-1,0x28,-1.12,179.81,260.69,3,3,0,3
2026-09-03T00:47:23.388,IMU-2,0x29,-1.0,177.94,83.0,3,3,0,3
2026-09-03T00:47:23.486,IMU-1,0x28,-1.12,179.81,260.69,3,3,0,3
2026-09-03T00:47:23.489,IMU-2,0x29,-1.0,177.94,83.0,3,3,0,3
2026-09-03T00:47:23.586,IMU-1,0x28,-1.12,179.81,260.69,3,3,0,3
2026-09-03T00:47:23.589,IMU-2,0x29,-1.0,177.94,83.0,3,3,0,3
2026-09-03T00:47:23.686,IMU-1,0x28,-1.12,179.81,260.69,3,3,0,3
2026-09-03T00:47:23.689,IMU-2,0x29,-1.0,177.94,83.0,3,3,0,3
2026-09-03T00:47:23.786,IMU-1,0x28,-1.12,179.81,260.69,3,3,0,3
2026-09-03T00:47:23.789,IMU-2,0x29,-1.0,177.94,83.0,3,3,0,3
2026-09-03T00:47:23.886,IMU-1,0x28,-1.12,179.81,260.69,3,3,0,3
2026-09-03T00:47:23.889,IMU-2,0x29,-1.0,177.94,83.0,3,3,0,3
2026-09-03T00:47:23.986,IMU-1,0x28,-1.12,179.81,260.69,3,3,0,3
2026-09-03T00:47:23.989,IMU-2,0x29,-1.0,177.94,83.0,3,3,0,3
2026-09-03T00:47:24.086,IMU-1,0x28,-1.12,179.81,260.69,3,3,0,3
2026-09-03T00:47:24.089,IMU-2,0x29,-1.0,177.94,83.0,3,3,0,3
2026-09-03T00:47:24.186,IMU-1,0x28,-1.12,179.81,260.69,3,3,0,3
2026-09-03T00:47:24.189,IMU-2,0x29,-1.0,177.94,83.0,3,3,0,3
2026-09-03T00:47:24.288,IMU-1,0x28,-1.12,179.81,260.69,3,3,0,3
2026-09-03T00:47:24.292,IMU-2,0x29,-1.0,177.94,83.0,3,3,0,3
2026-09-03T00:47:24.386,IMU-1,0x28,-1.12,179.81,260.69,3,3,0,3
2026-09-03T00:47:24.390,IMU-2,0x29,-1.0,177.94,83.0,3,3,0,3
2026-09-03T00:47:24.487,IMU-1,0x28,-1.12,179.81,260.69,3,3,0,3
2026-09-03T00:47:24.489,IMU-2,0x29,-1.0,177.94,83.0,3,3,0,3
2026-09-03T00:47:24.587,IMU-1,0x28,-1.12,179.81,260.69,3,3,0,3
2026-09-03T00:47:24.589,IMU-2,0x29,-1.0,177.94,83.0,3,3,0,3
2026-09-03T00:47:24.687,IMU-1,0x28,-1.12,179.81,260.69,3,3,0,3
2026-09-03T00:47:24.689,IMU-2,0x29,-1.0,177.94,83.0,3,3,0,3
2026-09-03T00:47:24.787,IMU-1,0x28,-1.12,179.81,260.69,3,3,0,3
2026-09-03T00:47:24.788,IMU-2,0x29,-1.0,177.94,83.0,3,3,0,3
2026-09-03T00:47:24.887,IMU-1,0x28,-1.12,179.81,260.69,3,3,0,3
2026-09-03T00:47:24.888,IMU-2,0x29,-1.0,177.94,83.0,3,3,0,3
2026-09-03T00:47:24.987,IMU-1,0x28,-1.12,179.81,260.69,3,3,0,3
2026-09-03T00:47:24.988,IMU-2,0x29,-1.0,177.94,83.0,3,3,0,3
2026-09-03T00:47:25.087,IMU-1,0x28,-1.12,179.81,260.69,3,3,0,3
2026-09-03T00:47:25.089,IMU-2,0x29,-1.0,177.94,83.0,3,3,0,3
2026-09-03T00:47:25.187,IMU-1,0x28,-1.12,179.81,260.69,3,3,0,3
2026-09-03T00:47:25.188,IMU-2,0x29,-1.0,177.94,83.0,3,3,0,3
2026-09-03T00:47:25.288,IMU-1,0x28,-1.12,179.81,260.69,3,3,0,3
2026-09-03T00:47:25.290,IMU-2,0x29,-1.0,177.94,83.0,3,3,0,3
2026-09-03T00:47:25.386,IMU-1,0x28,-1.12,179.81,260.69,3,3,0,3
2026-09-03T00:47:25.388,IMU-2,0x29,-1.0,177.94,83.0,3,3,0,3
2026-09-03T00:47:25.486,IMU-1,0x28,-1.12,179.81,260.69,3,3,0,3
2026-09-03T00:47:25.488,IMU-2,0x29,-1.0,177.94,83.0,3,3,0,3
2026-09-03T00:47:25.586,IMU-1,0x28,-1.12,179.81,260.69,3,3,0,3
2026-09-03T00:47:25.588,IMU-2,0x29,-1.0,177.94,83.0,3,3,0,3
2026-09-03T00:47:25.686,IMU-1,0x28,-1.12,179.81,260.69,3,3,0,3
2026-09-03T00:47:25.688,IMU-2,0x29,-1.0,177.94,83.0,3,3,0,3
2026-09-03T00:47:25.786,IMU-1,0x28,-1.12,179.81,260.69,3,3,0,3
2026-09-03T00:47:25.789,IMU-2,0x29,-1.0,177.94,83.0,3,3,0,3
2026-09-03T00:47:25.886,IMU-1,0x28,-1.12,179.81,260.69,3,3,0,3
2026-09-03T00:47:25.889,IMU-2,0x29,-1.0,177.94,83.0,3,3,0,3
2026-09-03T00:47:25.986,IMU-1,0x28,-1.12,179.81,260.69,3,3,0,3
2026-09-03T00:47:25.989,IMU-2,0x29,-1.0,177.94,83.0,3,3,0,3
2026-09-03T00:47:26.086,IMU-1,0x28,-1.12,179.81,260.69,3,3,0,3
2026-09-03T00:47:26.089,IMU-2,0x29,-1.0,177.94,83.0,3,3,0,3
2026-09-03T00:47:26.186,IMU-1,0x28,-1.12,179.81,260.69,3,3,0,3
2026-09-03T00:47:26.189,IMU-2,0x29,-1.0,177.94,83.0,3,3,0,3
2026-09-03T00:47:26.287,IMU-1,0x28,-1.12,179.81,260.69,3,3,0,3
2026-09-03T00:47:26.291,IMU-2,0x29,-1.0,177.94,83.0,3,3,0,3
2026-09-03T00:47:26.386,IMU-1,0x28,-1.12,179.81,260.69,3,3,0,3
2026-09-03T00:47:26.389,IMU-2,0x29,-1.0,177.94,83.0,3,3,0,3
2026-09-03T00:47:26.486,IMU-1,0x28,-1.12,179.81,260.69,3,3,0,3
2026-09-03T00:47:26.489,IMU-2,0x29,-1.0,177.94,83.0,3,3,0,3
2026-09-03T00:47:26.586,IMU-1,0x28,-1.12,179.81,260.69,3,3,0,3
2026-09-03T00:47:26.589,IMU-2,0x29,-1.0,177.94,83.0,3,3,0,3
2026-09-03T00:47:26.687,IMU-1,0x28,-1.12,179.81,260.69,3,3,0,3
2026-09-03T00:47:26.690,IMU-2,0x29,-1.0,177.94,83.0,3,3,0,3
2026-09-03T00:47:26.787,IMU-1,0x28,-1.12,179.81,260.69,3,3,0,3
2026-09-03T00:47:26.790,IMU-2,0x29,-1.0,177.94,83.0,3,3,0,3
2026-09-03T00:47:26.887,IMU-1,0x28,-1.12,179.81,260.69,3,3,0,3
2026-09-03T00:47:26.890,IMU-2,0x29,-1.0,177.94,83.0,3,3,0,3
2026-09-03T00:47:26.987,IMU-1,0x28,-1.12,179.81,260.69,3,3,0,3
2026-09-03T00:47:26.989,IMU-2,0x29,-1.0,177.94,83.0,3,3,0,3
2026-09-03T00:47:27.087,IMU-1,0x28,-1.12,179.81,260.69,3,3,0,3
2026-09-03T00:47:27.089,IMU-2,0x29,-1.0,177.94,83.0,3,3,0,3
2026-09-03T00:47:27.188,IMU-1,0x28,-1.12,179.81,260.69,3,3,0,3
2026-09-03T00:47:27.189,IMU-2,0x29,-1.0,177.94,83.0,3,3,0,3
2026-09-03T00:47:27.288,IMU-1,0x28,-1.12,179.81,260.69,3,3,0,3
2026-09-03T00:47:27.291,IMU-2,0x29,-1.0,177.94,83.0,3,3,0,3
2026-09-03T00:47:27.388,IMU-1,0x28,-1.12,179.81,260.69,3,3,0,3
2026-09-03T00:47:27.390,IMU-2,0x29,-1.0,177.94,83.0,3,3,0,3
2026-09-03T00:47:27.488,IMU-1,0x28,-1.12,179.81,260.69,3,3,0,3
2026-09-03T00:47:27.490,IMU-2,0x29,-1.0,177.94,83.0,3,3,0,3
2026-09-03T00:47:27.589,IMU-1,0x28,-1.12,179.81,260.69,3,3,0,3
2026-09-03T00:47:27.590,IMU-2,0x29,-1.0,177.94,83.0,3,3,0,3
2026-09-03T00:47:27.689,IMU-1,0x28,-1.12,179.81,260.69,3,3,0,3
2026-09-03T00:47:27.690,IMU-2,0x29,-1.0,177.94,83.0,3,3,0,3
2026-09-03T00:47:27.789,IMU-1,0x28,-1.12,179.81,260.69,3,3,0,3
2026-09-03T00:47:27.790,IMU-2,0x29,-1.0,177.94,83.0,3,3,0,3
2026-09-03T00:47:27.889,IMU-1,0x28,-1.12,179.81,260.69,3,3,0,3
2026-09-03T00:47:27.890,IMU-2,0x29,-1.0,177.94,83.0,3,3,0,3
2026-09-03T00:47:27.989,IMU-1,0x28,-1.12,179.81,260.69,3,3,0,3
2026-09-03T00:47:27.990,IMU-2,0x29,-1.0,177.94,83.0,3,3,0,3
2026-09-03T00:47:28.089,IMU-1,0x28,-1.12,179.81,260.69,3,3,0,3
2026-09-03T00:47:28.090,IMU-2,0x29,-1.0,177.94,83.0,3,3,0,3
2026-09-03T00:47:28.189,IMU-1,0x28,-1.12,179.81,260.69,3,3,0,3
2026-09-03T00:47:28.190,IMU-2,0x29,-1.0,177.94,83.0,3,3,0,3
2026-09-03T00:47:28.290,IMU-1,0x28,-1.12,179.81,260.69,3,3,0,3
2026-09-03T00:47:28.292,IMU-2,0x29,-1.0,177.94,83.0,3,3,0,3
2026-09-03T00:47:28.389,IMU-1,0x28,-1.12,179.81,260.69,3,3,0,3
2026-09-03T00:47:28.391,IMU-2,0x29,-1.0,177.94,83.0,3,3,0,3
2026-09-03T00:47:28.489,IMU-1,0x28,-1.12,179.81,260.69,3,3,0,3
2026-09-03T00:47:28.491,IMU-2,0x29,-1.0,177.94,83.0,3,3,0,3
2026-09-03T00:47:28.589,IMU-1,0x28,-1.12,179.81,260.69,3,3,0,3
2026-09-03T00:47:28.591,IMU-2,0x29,-1.0,177.94,83.0,3,3,0,3
2026-09-03T00:47:28.689,IMU-1,0x28,-1.12,179.81,260.69,3,3,0,3
2026-09-03T00:47:28.691,IMU-2,0x29,-1.0,177.94,83.0,3,3,0,3
2026-09-03T00:47:28.789,IMU-1,0x28,-1.12,179.81,260.69,3,3,0,3
2026-09-03T00:47:28.792,IMU-2,0x29,-1.0,177.94,83.0,3,3,0,3
2026-09-03T00:47:28.889,IMU-1,0x28,-1.12,179.81,260.69,3,3,0,3
2026-09-03T00:47:28.892,IMU-2,0x29,-1.0,177.94,83.0,3,3,0,3
2026-09-03T00:47:28.989,IMU-1,0x28,-1.12,179.81,260.69,3,3,0,3
2026-09-03T00:47:28.992,IMU-2,0x29,-1.0,177.94,83.0,3,3,0,3
2026-09-03T00:47:29.089,IMU-1,0x28,-1.12,179.81,260.69,3,3,0,3
2026-09-03T00:47:29.092,IMU-2,0x29,-1.0,177.94,83.0,3,3,0,3
2026-09-03T00:47:29.189,IMU-1,0x28,-1.12,179.81,260.69,3,3,0,3
2026-09-03T00:47:29.192,IMU-2,0x29,-1.0,177.94,83.0,3,3,0,3
2026-09-03T00:47:29.289,IMU-1,0x28,-1.12,179.81,260.69,3,3,0,3
2026-09-03T00:47:29.293,IMU-2,0x29,-1.0,177.94,83.0,3,3,0,3
2026-09-03T00:47:29.388,IMU-1,0x28,-1.12,179.81,260.69,3,3,0,3
2026-09-03T00:47:29.391,IMU-2,0x29,-1.0,177.94,83.0,3,3,0,3
2026-09-03T00:47:29.488,IMU-1,0x28,-1.12,179.81,260.69,3,3,0,3
2026-09-03T00:47:29.491,IMU-2,0x29,-1.0,177.94,83.0,3,3,0,3
2026-09-03T00:47:29.588,IMU-1,0x28,-1.12,179.81,260.69,3,3,0,3
2026-09-03T00:47:29.591,IMU-2,0x29,-1.0,177.94,83.0,3,3,0,3
2026-09-03T00:47:29.688,IMU-1,0x28,-1.12,179.81,260.69,3,3,0,3
2026-09-03T00:47:29.691,IMU-2,0x29,-1.0,177.94,83.0,3,3,0,3
2026-09-03T00:47:29.788,IMU-1,0x28,-1.12,179.81,260.69,3,3,0,3
2026-09-03T00:47:29.791,IMU-2,0x29,-1.0,177.94,83.0,3,3,0,3
2026-09-03T00:47:29.888,IMU-1,0x28,-1.12,179.81,260.69,3,3,0,3
2026-09-03T00:47:29.891,IMU-2,0x29,-1.0,177.94,83.0,3,3,0,3
2026-09-03T00:47:29.988,IMU-1,0x28,-1.12,179.81,260.69,3,3,0,3
2026-09-03T00:47:29.990,IMU-2,0x29,-1.0,177.94,83.0,3,3,0,3
2026-09-03T00:47:30.089,IMU-1,0x28,-1.12,179.81,260.69,3,3,0,3
2026-09-03T00:47:30.090,IMU-2,0x29,-1.0,177.94,83.0,3,3,0,3
2026-09-03T00:47:30.189,IMU-1,0x28,-1.12,179.81,260.69,3,3,0,3
2026-09-03T00:47:30.190,IMU-2,0x29,-1.0,177.94,83.0,3,3,0,3
2026-09-03T00:47:30.289,IMU-1,0x28,-1.12,179.81,260.69,3,3,0,3
2026-09-03T00:47:30.292,IMU-2,0x29,-1.0,177.94,83.0,3,3,0,3
2026-09-03T00:47:30.389,IMU-1,0x28,-1.12,179.81,260.69,3,3,0,3
2026-09-03T00:47:30.391,IMU-2,0x29,-1.0,177.94,83.0,3,3,0,3
2026-09-03T00:47:30.489,IMU-1,0x28,-1.12,179.81,260.69,3,3,0,3
2026-09-03T00:47:30.491,IMU-2,0x29,-1.0,177.94,83.0,3,3,0,3
2026-09-03T00:47:30.590,IMU-1,0x28,-1.12,179.81,260.69,3,3,0,3
2026-09-03T00:47:30.591,IMU-2,0x29,-1.0,177.94,83.0,3,3,0,3
2026-09-03T00:47:30.690,IMU-1,0x28,-1.12,179.81,260.69,3,3,0,3
2026-09-03T00:47:30.691,IMU-2,0x29,-1.0,177.94,83.0,3,3,0,3
2026-09-03T00:47:30.790,IMU-1,0x28,-1.12,179.81,260.69,3,3,0,3
2026-09-03T00:47:30.792,IMU-2,0x29,-1.0,177.94,83.0,3,3,0,3
2026-09-03T00:47:30.890,IMU-1,0x28,-1.12,179.81,260.69,3,3,0,3
2026-09-03T00:47:30.892,IMU-2,0x29,-1.0,177.94,83.0,3,3,0,3
2026-09-03T00:47:30.990,IMU-1,0x28,-1.12,179.81,260.69,3,3,0,3
2026-09-03T00:47:30.992,IMU-2,0x29,-1.0,177.94,83.0,3,3,0,3
2026-09-03T00:47:31.091,IMU-1,0x28,-1.12,179.81,260.69,3,3,0,3
2026-09-03T00:47:31.092,IMU-2,0x29,-1.0,177.94,83.0,3,3,0,3
2026-09-03T00:47:31.191,IMU-1,0x28,-1.12,179.81,260.69,3,3,0,3
2026-09-03T00:47:31.192,IMU-2,0x29,-1.0,177.94,83.0,3,3,0,3
2026-09-03T00:47:31.292,IMU-1,0x28,-1.12,179.81,260.69,3,3,0,3
2026-09-03T00:47:31.294,IMU-2,0x29,-1.0,177.94,83.0,3,3,0,3
2026-09-03T00:47:31.391,IMU-1,0x28,-1.12,179.81,260.69,3,3,0,3
2026-09-03T00:47:31.393,IMU-2,0x29,-1.0,177.94,83.0,3,3,0,3
2026-09-03T00:47:31.491,IMU-1,0x28,-1.12,179.81,260.69,3,3,0,3
2026-09-03T00:47:31.493,IMU-2,0x29,-1.0,177.94,83.0,3,3,0,3
2026-09-03T00:47:31.591,IMU-1,0x28,-1.12,179.81,260.69,3,3,0,3
2026-09-03T00:47:31.593,IMU-2,0x29,-1.0,177.94,83.0,3,3,0,3
2026-09-03T00:47:31.691,IMU-1,0x28,-1.12,179.81,260.69,3,3,0,3
2026-09-03T00:47:31.694,IMU-2,0x29,-1.0,177.94,83.0,3,3,0,3
2026-09-03T00:47:31.791,IMU-1,0x28,-1.12,179.81,260.69,3,3,0,3
2026-09-03T00:47:31.794,IMU-2,0x29,-1.0,177.94,83.0,3,3,0,3
2026-09-03T00:47:31.891,IMU-1,0x28,-1.12,179.81,260.69,3,3,0,3
2026-09-03T00:47:31.894,IMU-2,0x29,-1.0,177.94,83.0,3,3,0,3
2026-09-03T00:47:31.991,IMU-1,0x28,-1.12,179.81,260.69,3,3,0,3
2026-09-03T00:47:31.994,IMU-2,0x29,-1.0,177.94,83.0,3,3,0,3
2026-09-03T00:47:32.091,IMU-1,0x28,-1.12,179.81,260.69,3,3,0,3
2026-09-03T00:47:32.094,IMU-2,0x29,-1.0,177.94,83.0,3,3,0,3
2026-09-03T00:47:32.191,IMU-1,0x28,-1.12,179.81,260.69,3,3,0,3
2026-09-03T00:47:32.194,IMU-2,0x29,-1.0,177.94,83.0,3,3,0,3
2026-09-03T00:47:32.292,IMU-1,0x28,-1.12,179.81,260.69,3,3,0,3
2026-09-03T00:47:32.296,IMU-2,0x29,-1.0,177.94,83.0,3,3,0,3
2026-09-03T00:47:32.391,IMU-1,0x28,-1.12,179.81,260.69,3,3,0,3
2026-09-03T00:47:32.394,IMU-2,0x29,-1.0,177.94,83.0,3,3,0,3
2026-09-03T00:47:32.491,IMU-1,0x28,-1.12,179.81,260.69,3,3,0,3
2026-09-03T00:47:32.494,IMU-2,0x29,-1.0,177.94,83.0,3,3,0,3
2026-09-03T00:47:32.590,IMU-1,0x28,-1.12,179.81,260.69,3,3,0,3
2026-09-03T00:47:32.593,IMU-2,0x29,-1.0,177.94,83.0,3,3,0,3
2026-09-03T00:47:32.690,IMU-1,0x28,-1.12,179.81,260.69,3,3,0,3
2026-09-03T00:47:32.692,IMU-2,0x29,-1.0,177.94,83.0,3,3,0,3
2026-09-03T00:47:32.790,IMU-1,0x28,-1.12,179.81,260.69,3,3,0,3
2026-09-03T00:47:32.792,IMU-2,0x29,-1.0,177.94,83.0,3,3,0,3
2026-09-03T00:47:32.890,IMU-1,0x28,-1.12,179.81,260.69,3,3,0,3
2026-09-03T00:47:32.892,IMU-2,0x29,-1.0,177.94,83.0,3,3,0,3
2026-09-03T00:47:32.990,IMU-1,0x28,-1.12,179.81,260.69,3,3,0,3
2026-09-03T00:47:32.992,IMU-2,0x29,-1.0,177.94,83.0,3,3,0,3
2026-09-03T00:47:33.090,IMU-1,0x28,-1.12,179.81,260.69,3,3,0,3
2026-09-03T00:47:33.092,IMU-2,0x29,-1.0,177.94,83.0,3,3,0,3
2026-09-03T00:47:33.190,IMU-1,0x28,-1.12,179.81,260.69,3,3,0,3
2026-09-03T00:47:33.192,IMU-2,0x29,-1.0,177.94,83.0,3,3,0,3
2026-09-03T00:47:33.291,IMU-1,0x28,-1.12,179.81,260.69,3,3,0,3
2026-09-03T00:47:33.293,IMU-2,0x29,-1.0,177.94,83.0,3,3,0,3
2026-09-03T00:47:33.391,IMU-1,0x28,-1.12,179.81,260.69,3,3,0,3
2026-09-03T00:47:33.392,IMU-2,0x29,-1.0,177.94,83.0,3,3,0,3
2026-09-03T00:47:33.491,IMU-1,0x28,-1.12,179.81,260.69,3,3,0,3
2026-09-03T00:47:33.492,IMU-2,0x29,-1.0,177.94,83.0,3,3,0,3
2026-09-03T00:47:33.591,IMU-1,0x28,-1.12,179.81,260.69,3,3,0,3
2026-09-03T00:47:33.592,IMU-2,0x29,-1.0,177.94,83.0,3,3,0,3
2026-09-03T00:47:33.691,IMU-1,0x28,-1.12,179.81,260.69,3,3,0,3
2026-09-03T00:47:33.693,IMU-2,0x29,-1.0,177.94,83.0,3,3,0,3
2026-09-03T00:47:33.791,IMU-1,0x28,-1.12,179.81,260.69,3,3,0,3
2026-09-03T00:47:33.793,IMU-2,0x29,-1.0,177.94,83.0,3,3,0,3
2026-09-03T00:47:33.892,IMU-1,0x28,-1.12,179.81,260.69,3,3,0,3
2026-09-03T00:47:33.894,IMU-2,0x29,-1.0,177.94,83.0,3,3,0,3
2026-09-03T00:47:33.992,IMU-1,0x28,-1.12,179.81,260.69,3,3,0,3
2026-09-03T00:47:33.994,IMU-2,0x29,-1.0,177.94,83.0,3,3,0,3
2026-09-03T00:47:34.092,IMU-1,0x28,-1.12,179.81,260.69,3,3,0,3
2026-09-03T00:47:34.094,IMU-2,0x29,-1.0,177.94,83.0,3,3,0,3
2026-09-03T00:47:34.192,IMU-1,0x28,-1.12,179.81,260.69,3,3,0,3
2026-09-03T00:47:34.195,IMU-2,0x29,-1.0,177.94,83.0,3,3,0,3
2026-09-03T00:47:34.293,IMU-1,0x28,-1.12,179.81,260.69,3,3,0,3
2026-09-03T00:47:34.296,IMU-2,0x29,-1.0,177.94,83.0,3,3,0,3
2026-09-03T00:47:34.392,IMU-1,0x28,-1.12,179.81,260.69,3,3,0,3
2026-09-03T00:47:34.395,IMU-2,0x29,-1.0,177.94,83.0,3,3,0,3
2026-09-03T00:47:34.493,IMU-1,0x28,-1.12,179.81,260.69,3,3,0,3
2026-09-03T00:47:34.496,IMU-2,0x29,-1.0,177.94,83.0,3,3,0,3
2026-09-03T00:47:34.593,IMU-1,0x28,-1.12,179.81,260.69,3,3,0,3
2026-09-03T00:47:34.596,IMU-2,0x29,-1.0,177.94,83.0,3,3,0,3
2026-09-03T00:47:34.693,IMU-1,0x28,-1.12,179.81,260.69,3,3,0,3
2026-09-03T00:47:34.696,IMU-2,0x29,-1.0,177.94,83.0,3,3,0,3
2026-09-03T00:47:34.793,IMU-1,0x28,-1.12,179.81,260.69,3,3,0,3
2026-09-03T00:47:34.796,IMU-2,0x29,-1.0,177.94,83.0,3,3,0,3
2026-09-03T00:47:34.893,IMU-1,0x28,-1.12,179.81,260.69,3,3,0,3
2026-09-03T00:47:34.895,IMU-2,0x29,-1.0,177.94,83.0,3,3,0,3
2026-09-03T00:47:34.993,IMU-1,0x28,-1.12,179.81,260.69,3,3,0,3
2026-09-03T00:47:34.995,IMU-2,0x29,-1.0,177.94,83.0,3,3,0,3
2026-09-03T00:47:35.093,IMU-1,0x28,-1.12,179.81,260.69,3,3,0,3
2026-09-03T00:47:35.095,IMU-2,0x29,-1.0,177.94,83.0,3,3,0,3
2026-09-03T00:47:35.193,IMU-1,0x28,-1.12,179.81,260.69,3,3,0,3
2026-09-03T00:47:35.195,IMU-2,0x29,-1.0,177.94,83.0,3,3,0,3
2026-09-03T00:47:35.294,IMU-1,0x28,-1.12,179.81,260.69,3,3,0,3
2026-09-03T00:47:35.297,IMU-2,0x29,-1.0,177.94,83.0,3,3,0,3
2026-09-03T00:47:35.393,IMU-1,0x28,-1.12,179.81,260.69,3,3,0,3
2026-09-03T00:47:35.395,IMU-2,0x29,-1.0,177.94,83.0,3,3,0,3
2026-09-03T00:47:35.493,IMU-1,0x28,-1.12,179.81,260.69,3,3,0,3
2026-09-03T00:47:35.495,IMU-2,0x29,-1.0,177.94,83.0,3,3,0,3
2026-09-03T00:47:35.594,IMU-1,0x28,-1.12,179.81,260.69,3,3,0,3
2026-09-03T00:47:35.595,IMU-2,0x29,-1.0,177.94,83.0,3,3,0,3
2026-09-03T00:47:35.694,IMU-1,0x28,-1.12,179.81,260.69,3,3,0,3
2026-09-03T00:47:35.695,IMU-2,0x29,-1.0,177.94,83.0,3,3,0,3
2026-09-03T00:47:35.794,IMU-1,0x28,-1.12,179.81,260.69,3,3,0,3
2026-09-03T00:47:35.795,IMU-2,0x29,-1.0,177.94,83.0,3,3,0,3
2026-09-03T00:47:35.893,IMU-1,0x28,-1.12,179.81,260.69,3,3,0,3
2026-09-03T00:47:35.895,IMU-2,0x29,-1.0,177.94,83.0,3,3,0,3
2026-09-03T00:47:35.993,IMU-1,0x28,-1.12,179.81,260.69,3,3,0,3
2026-09-03T00:47:35.995,IMU-2,0x29,-1.0,177.94,83.0,3,3,0,3
2026-09-03T00:47:36.093,IMU-1,0x28,-1.12,179.81,260.69,3,3,0,3
2026-09-03T00:47:36.094,IMU-2,0x29,-1.0,177.94,83.0,3,3,0,3
2026-09-03T00:47:36.192,IMU-1,0x28,-1.12,179.81,260.69,3,3,0,3
2026-09-03T00:47:36.194,IMU-2,0x29,-1.0,177.94,83.0,3,3,0,3
2026-09-03T00:47:36.293,IMU-1,0x28,-1.12,179.81,260.69,3,3,0,3
2026-09-03T00:47:36.295,IMU-2,0x29,-1.0,177.94,83.0,3,3,0,3
2026-09-03T00:47:36.393,IMU-1,0x28,-1.12,179.81,260.69,3,3,0,3
2026-09-03T00:47:36.395,IMU-2,0x29,-1.0,177.94,83.0,3,3,0,3
2026-09-03T00:47:36.493,IMU-1,0x28,-1.12,179.81,260.69,3,3,0,3
2026-09-03T00:47:36.495,IMU-2,0x29,-1.0,177.94,83.0,3,3,0,3
2026-09-03T00:47:36.593,IMU-1,0x28,-1.12,179.81,260.69,3,3,0,3
2026-09-03T00:47:36.595,IMU-2,0x29,-1.0,177.94,83.0,3,3,0,3
2026-09-03T00:47:36.693,IMU-1,0x28,-1.12,179.81,260.69,3,3,0,3
2026-09-03T00:47:36.695,IMU-2,0x29,-1.0,177.94,83.0,3,3,0,3
2026-09-03T00:47:36.793,IMU-1,0x28,-1.12,179.81,260.69,3,3,0,3
2026-09-03T00:47:36.796,IMU-2,0x29,-1.0,177.94,83.0,3,3,0,3
2026-09-03T00:47:36.893,IMU-1,0x28,-1.12,179.81,260.69,3,3,0,3
2026-09-03T00:47:36.896,IMU-2,0x29,-1.0,177.94,83.0,3,3,0,3
2026-09-03T00:47:36.993,IMU-1,0x28,-1.12,179.81,260.69,3,3,0,3
2026-09-03T00:47:36.996,IMU-2,0x29,-1.0,177.94,83.0,3,3,0,3
2026-09-03T00:47:37.093,IMU-1,0x28,-1.12,179.81,260.69,3,3,0,3
2026-09-03T00:47:37.096,IMU-2,0x29,-1.0,177.94,83.0,3,3,0,3
2026-09-03T00:47:37.193,IMU-1,0x28,-1.12,179.81,260.69,3,3,0,3
2026-09-03T00:47:37.196,IMU-2,0x29,-1.0,177.94,83.0,3,3,0,3
2026-09-03T00:47:37.294,IMU-1,0x28,-1.12,179.81,260.69,3,3,0,3
2026-09-03T00:47:37.298,IMU-2,0x29,-1.0,177.94,83.0,3,3,0,3
2026-09-03T00:47:37.394,IMU-1,0x28,-1.12,179.81,260.69,3,3,0,3
2026-09-03T00:47:37.397,IMU-2,0x29,-1.0,177.94,83.0,3,3,0,3
2026-09-03T00:47:37.494,IMU-1,0x28,-1.12,179.81,260.69,3,3,0,3
2026-09-03T00:47:37.497,IMU-2,0x29,-1.0,177.94,83.0,3,3,0,3
2026-09-03T00:47:37.594,IMU-1,0x28,-1.12,179.81,260.69,3,3,0,3
2026-09-03T00:47:37.597,IMU-2,0x29,-1.0,177.94,83.0,3,3,0,3
2026-09-03T00:47:37.694,IMU-1,0x28,-1.12,179.81,260.69,3,3,0,3
2026-09-03T00:47:37.697,IMU-2,0x29,-1.0,177.94,83.0,3,3,0,3
2026-09-03T00:47:37.794,IMU-1,0x28,-1.12,179.81,260.69,3,3,0,3
2026-09-03T00:47:37.797,IMU-2,0x29,-1.0,177.94,83.0,3,3,0,3
2026-09-03T00:47:37.895,IMU-1,0x28,-1.12,179.81,260.69,3,3,0,3
2026-09-03T00:47:37.898,IMU-2,0x29,-1.0,177.94,83.0,3,3,0,3
2026-09-03T00:47:37.995,IMU-1,0x28,-1.12,179.81,260.69,3,3,0,3
2026-09-03T00:47:37.998,IMU-2,0x29,-1.0,177.94,83.0,3,3,0,3
2026-09-03T00:47:38.095,IMU-1,0x28,-1.12,179.81,260.69,3,3,0,3
2026-09-03T00:47:38.098,IMU-2,0x29,-1.0,177.94,83.0,3,3,0,3
2026-09-03T00:47:38.195,IMU-1,0x28,-1.12,179.81,260.69,3,3,0,3
2026-09-03T00:47:38.198,IMU-2,0x29,-1.0,177.94,83.0,3,3,0,3
2026-09-03T00:47:38.295,IMU-1,0x28,-1.12,179.81,260.69,3,3,0,3
2026-09-03T00:47:38.299,IMU-2,0x29,-1.0,177.94,83.0,3,3,0,3
2026-09-03T00:47:38.394,IMU-1,0x28,-1.12,179.81,260.69,3,3,0,3
2026-09-03T00:47:38.395,IMU-2,0x29,-1.0,177.94,83.0,3,3,0,3
2026-09-03T00:47:38.494,IMU-1,0x28,-1.12,179.81,260.69,3,3,0,3
2026-09-03T00:47:38.495,IMU-2,0x29,-1.0,177.94,83.0,3,3,0,3
2026-09-03T00:47:38.594,IMU-1,0x28,-1.12,179.81,260.69,3,3,0,3
2026-09-03T00:47:38.595,IMU-2,0x29,-1.0,177.94,83.0,3,3,0,3
2026-09-03T00:47:38.694,IMU-1,0x28,-1.12,179.81,260.69,3,3,0,3
2026-09-03T00:47:38.695,IMU-2,0x29,-1.0,177.94,83.0,3,3,0,3
2026-09-03T00:47:38.794,IMU-1,0x28,-1.12,179.81,260.69,3,3,0,3
2026-09-03T00:47:38.795,IMU-2,0x29,-1.0,177.94,83.0,3,3,0,3
2026-09-03T00:47:38.894,IMU-1,0x28,-1.12,179.81,260.69,3,3,0,3
2026-09-03T00:47:38.896,IMU-2,0x29,-1.0,177.94,83.0,3,3,0,3
2026-09-03T00:47:38.994,IMU-1,0x28,-1.12,179.81,260.69,3,3,0,3
2026-09-03T00:47:38.996,IMU-2,0x29,-1.0,177.94,83.0,3,3,0,3
2026-09-03T00:47:39.094,IMU-1,0x28,-1.12,179.81,260.69,3,3,0,3
2026-09-03T00:47:39.096,IMU-2,0x29,-1.0,177.94,83.0,3,3,0,3
2026-09-03T00:47:39.194,IMU-1,0x28,-1.12,179.81,260.69,3,3,0,3
2026-09-03T00:47:39.196,IMU-2,0x29,-1.0,177.94,83.0,3,3,0,3
2026-09-03T00:47:39.295,IMU-1,0x28,-1.12,179.81,260.69,3,3,0,3
2026-09-03T00:47:39.297,IMU-2,0x29,-1.0,177.94,83.0,3,3,0,3
2026-09-03T00:47:39.394,IMU-1,0x28,-1.12,179.81,260.69,3,3,0,3
2026-09-03T00:47:39.397,IMU-2,0x29,-1.0,177.94,83.0,3,3,0,3
2026-09-03T00:47:39.494,IMU-1,0x28,-1.12,179.81,260.69,3,3,0,3
2026-09-03T00:47:39.497,IMU-2,0x29,-1.0,177.94,83.0,3,3,0,3
2026-09-03T00:47:39.594,IMU-1,0x28,-1.12,179.81,260.69,3,3,0,3
2026-09-03T00:47:39.597,IMU-2,0x29,-1.0,177.94,83.0,3,3,0,3
2026-09-03T00:47:39.694,IMU-1,0x28,-1.12,179.81,260.69,3,3,0,3
2026-09-03T00:47:39.697,IMU-2,0x29,-1.0,177.94,83.0,3,3,0,3
2026-09-03T00:47:39.794,IMU-1,0x28,-1.12,179.81,260.69,3,3,0,3
2026-09-03T00:47:39.797,IMU-2,0x29,-1.0,177.94,83.0,3,3,0,3
2026-09-03T00:47:39.895,IMU-1,0x28,-1.12,179.81,260.69,3,3,0,3
2026-09-03T00:47:39.898,IMU-2,0x29,-1.0,177.94,83.0,3,3,0,3
2026-09-03T00:47:39.995,IMU-1,0x28,-1.12,179.81,260.69,3,3,0,3
2026-09-03T00:47:39.998,IMU-2,0x29,-1.0,177.94,83.0,3,3,0,3
2026-09-03T00:47:40.095,IMU-1,0x28,-1.12,179.81,260.69,3,3,0,3
2026-09-03T00:47:40.098,IMU-2,0x29,-1.0,177.94,83.0,3,3,0,3
2026-09-03T00:47:40.195,IMU-1,0x28,-1.12,179.81,260.69,3,3,0,3
2026-09-03T00:47:40.198,IMU-2,0x29,-1.0,177.94,83.0,3,3,0,3
2026-09-03T00:47:40.295,IMU-1,0x28,-1.12,179.81,260.69,3,3,0,3
2026-09-03T00:47:40.299,IMU-2,0x29,-1.0,177.94,83.0,3,3,0,3
2026-09-03T00:47:40.395,IMU-1,0x28,-1.12,179.81,260.69,3,3,0,3
2026-09-03T00:47:40.398,IMU-2,0x29,-1.0,177.94,83.0,3,3,0,3
2026-09-03T00:47:40.495,IMU-1,0x28,-1.12,179.81,260.69,3,3,0,3
2026-09-03T00:47:40.498,IMU-2,0x29,-1.0,177.94,83.0,3,3,0,3
2026-09-03T00:47:40.595,IMU-1,0x28,-1.12,179.81,260.69,3,3,0,3
2026-09-03T00:47:40.598,IMU-2,0x29,-1.0,177.94,83.0,3,3,0,3
2026-09-03T00:47:40.696,IMU-1,0x28,-1.12,179.81,260.69,3,3,0,3
2026-09-03T00:47:40.698,IMU-2,0x29,-1.0,177.94,83.0,3,3,0,3
2026-09-03T00:47:40.796,IMU-1,0x28,-1.12,179.81,260.69,3,3,0,3
2026-09-03T00:47:40.798,IMU-2,0x29,-1.0,177.94,83.0,3,3,0,3
2026-09-03T00:47:40.896,IMU-1,0x28,-1.12,179.81,260.69,3,3,0,3
2026-09-03T00:47:40.898,IMU-2,0x29,-1.0,177.94,83.0,3,3,0,3
2026-09-03T00:47:40.996,IMU-1,0x28,-1.12,179.81,260.69,3,3,0,3
2026-09-03T00:47:40.998,IMU-2,0x29,-1.0,177.94,83.0,3,3,0,3
2026-09-03T00:47:41.096,IMU-1,0x28,-1.12,179.81,260.69,3,3,0,3
2026-09-03T00:47:41.098,IMU-2,0x29,-1.0,177.94,83.0,3,3,0,3
2026-09-03T00:47:41.197,IMU-1,0x28,-1.12,179.81,260.69,3,3,0,3
2026-09-03T00:47:41.198,IMU-2,0x29,-1.0,177.94,83.0,3,3,0,3
2026-09-03T00:47:41.297,IMU-1,0x28,-1.12,179.81,260.69,3,3,0,3
2026-09-03T00:47:41.299,IMU-2,0x29,-1.0,177.94,83.0,3,3,0,3
2026-09-03T00:47:41.397,IMU-1,0x28,-1.12,179.81,260.69,3,3,0,3
2026-09-03T00:47:41.399,IMU-2,0x29,-1.0,177.94,83.0,3,3,0,3
2026-09-03T00:47:41.497,IMU-1,0x28,-1.12,179.81,260.69,3,3,0,3
2026-09-03T00:47:41.499,IMU-2,0x29,-1.0,177.94,83.0,3,3,0,3
2026-09-03T00:47:41.597,IMU-1,0x28,-1.12,179.81,260.69,3,3,0,3
2026-09-03T00:47:41.599,IMU-2,0x29,-1.0,177.94,83.0,3,3,0,3
2026-09-03T00:47:41.697,IMU-1,0x28,-1.12,179.81,260.69,3,3,0,3
2026-09-03T00:47:41.699,IMU-2,0x29,-1.0,177.94,83.0,3,3,0,3
2026-09-03T00:47:41.797,IMU-1,0x28,-1.12,179.81,260.69,3,3,0,3
2026-09-03T00:47:41.799,IMU-2,0x29,-1.0,177.94,83.0,3,3,0,3
2026-09-03T00:47:41.897,IMU-1,0x28,-1.12,179.81,260.69,3,3,0,3
2026-09-03T00:47:41.899,IMU-2,0x29,-1.0,177.94,83.0,3,3,0,3
2026-09-03T00:47:41.997,IMU-1,0x28,-1.12,179.81,260.69,3,3,0,3
2026-09-03T00:47:42.000,IMU-2,0x29,-1.0,177.94,83.0,3,3,0,3
2026-09-03T00:47:42.097,IMU-1,0x28,-1.12,179.81,260.69,3,3,0,3
2026-09-03T00:47:42.100,IMU-2,0x29,-1.0,177.94,83.0,3,3,0,3
2026-09-03T00:47:42.198,IMU-1,0x28,-1.12,179.81,260.69,3,3,0,3
2026-09-03T00:47:42.200,IMU-2,0x29,-1.0,177.94,83.0,3,3,0,3
2026-09-03T00:47:42.299,IMU-1,0x28,-1.12,179.81,260.69,3,3,0,3
2026-09-03T00:47:42.301,IMU-2,0x29,-1.0,177.94,83.0,3,3,0,3
2026-09-03T00:47:42.398,IMU-1,0x28,-1.12,179.81,260.69,3,3,0,3
2026-09-03T00:47:42.400,IMU-2,0x29,-1.0,177.94,83.0,3,3,0,3
2026-09-03T00:47:42.498,IMU-1,0x28,-1.12,179.81,260.69,3,3,0,3
2026-09-03T00:47:42.501,IMU-2,0x29,-1.0,177.94,83.0,3,3,0,3
2026-09-03T00:47:42.598,IMU-1,0x28,-1.12,179.81,260.69,3,3,0,3
2026-09-03T00:47:42.601,IMU-2,0x29,-1.0,177.94,83.0,3,3,0,3
2026-09-03T00:47:42.698,IMU-1,0x28,-1.12,179.81,260.69,3,3,0,3
2026-09-03T00:47:42.701,IMU-2,0x29,-1.0,177.94,83.0,3,3,0,3
2026-09-03T00:47:42.798,IMU-1,0x28,-1.12,179.81,260.69,3,3,0,3
2026-09-03T00:47:42.801,IMU-2,0x29,-1.0,177.94,83.0,3,3,0,3
2026-09-03T00:47:42.898,IMU-1,0x28,-1.12,179.81,260.69,3,3,0,3
2026-09-03T00:47:42.901,IMU-2,0x29,-1.0,177.94,83.0,3,3,0,3
2026-09-03T00:47:42.998,IMU-1,0x28,-1.12,179.81,260.69,3,3,0,3
2026-09-03T00:47:43.001,IMU-2,0x29,-1.0,177.94,83.0,3,3,0,3
2026-09-03T00:47:43.097,IMU-1,0x28,-1.12,179.81,260.69,3,3,0,3
2026-09-03T00:47:43.100,IMU-2,0x29,-1.0,177.94,83.0,3,3,0,3
2026-09-03T00:47:43.197,IMU-1,0x28,-1.12,179.81,260.69,3,3,0,3
2026-09-03T00:47:43.200,IMU-2,0x29,-1.0,177.94,83.0,3,3,0,3
2026-09-03T00:47:43.298,IMU-1,0x28,-1.12,179.81,260.69,3,3,0,3
2026-09-03T00:47:43.301,IMU-2,0x29,-1.0,177.94,83.0,3,3,0,3
2026-09-03T00:47:43.397,IMU-1,0x28,-1.12,179.81,260.69,3,3,0,3
2026-09-03T00:47:43.398,IMU-2,0x29,-1.0,177.94,83.0,3,3,0,3
2026-09-03T00:47:43.497,IMU-1,0x28,-1.12,179.81,260.69,3,3,0,3
2026-09-03T00:47:43.498,IMU-2,0x29,-1.0,177.94,83.0,3,3,0,3
2026-09-03T00:47:43.597,IMU-1,0x28,-1.12,179.81,260.69,3,3,0,3
2026-09-03T00:47:43.598,IMU-2,0x29,-1.0,177.94,83.0,3,3,0,3
2026-09-03T00:47:43.697,IMU-1,0x28,-1.12,179.81,260.69,3,3,0,3
2026-09-03T00:47:43.698,IMU-2,0x29,-1.0,177.94,83.0,3,3,0,3
2026-09-03T00:47:43.797,IMU-1,0x28,-1.12,179.81,260.69,3,3,0,3
2026-09-03T00:47:43.799,IMU-2,0x29,-1.0,177.94,83.0,3,3,0,3
2026-09-03T00:47:43.897,IMU-1,0x28,-1.12,179.81,260.69,3,3,0,3
2026-09-03T00:47:43.899,IMU-2,0x29,-1.0,177.94,83.0,3,3,0,3
2026-09-03T00:47:43.997,IMU-1,0x28,-1.12,179.81,260.69,3,3,0,3
2026-09-03T00:47:43.999,IMU-2,0x29,-1.0,177.94,83.0,3,3,0,3
2026-09-03T00:47:44.097,IMU-1,0x28,-1.12,179.81,260.69,3,3,0,3
2026-09-03T00:47:44.099,IMU-2,0x29,-1.0,177.94,83.0,3,3,0,3
2026-09-03T00:47:44.197,IMU-1,0x28,-1.12,179.81,260.69,3,3,0,3
2026-09-03T00:47:44.199,IMU-2,0x29,-1.0,177.94,83.0,3,3,0,3
2026-09-03T00:47:44.298,IMU-1,0x28,-1.12,179.81,260.69,3,3,0,3
2026-09-03T00:47:44.300,IMU-2,0x29,-1.0,177.94,83.0,3,3,0,3
2026-09-03T00:47:44.398,IMU-1,0x28,-1.12,179.81,260.69,3,3,0,3
2026-09-03T00:47:44.400,IMU-2,0x29,-1.0,177.94,83.0,3,3,0,3
2026-09-03T00:47:44.498,IMU-1,0x28,-1.12,179.81,260.69,3,3,0,3
2026-09-03T00:47:44.500,IMU-2,0x29,-1.0,177.94,83.0,3,3,0,3
2026-09-03T00:47:44.598,IMU-1,0x28,-1.12,179.81,260.69,3,3,0,3
2026-09-03T00:47:44.601,IMU-2,0x29,-1.0,177.94,83.0,3,3,0,3
2026-09-03T00:47:44.698,IMU-1,0x28,-1.12,179.81,260.69,3,3,0,3
2026-09-03T00:47:44.701,IMU-2,0x29,-1.0,177.94,83.0,3,3,0,3
2026-09-03T00:47:44.798,IMU-1,0x28,-1.12,179.81,260.69,3,3,0,3
2026-09-03T00:47:44.801,IMU-2,0x29,-1.0,177.94,83.0,3,3,0,3
2026-09-03T00:47:44.898,IMU-1,0x28,-1.12,179.81,260.69,3,3,0,3
2026-09-03T00:47:44.902,IMU-2,0x29,-1.0,177.94,83.0,3,3,0,3
2026-09-03T00:47:44.999,IMU-1,0x28,-1.12,179.81,260.69,3,3,0,3
2026-09-03T00:47:45.002,IMU-2,0x29,-1.0,177.94,83.0,3,3,0,3
2026-09-03T00:47:45.099,IMU-1,0x28,-1.12,179.81,260.69,3,3,0,3
2026-09-03T00:47:45.102,IMU-2,0x29,-1.0,177.94,83.0,3,3,0,3
2026-09-03T00:47:45.199,IMU-1,0x28,-1.12,179.81,260.69,3,3,0,3
2026-09-03T00:47:45.202,IMU-2,0x29,-1.0,177.94,83.0,3,3,0,3
2026-09-03T00:47:45.300,IMU-1,0x28,-1.12,179.81,260.69,3,3,0,3
2026-09-03T00:47:45.304,IMU-2,0x29,-1.0,177.94,83.0,3,3,0,3
2026-09-03T00:47:45.400,IMU-1,0x28,-1.12,179.81,260.69,3,3,0,3
2026-09-03T00:47:45.403,IMU-2,0x29,-1.0,177.94,83.0,3,3,0,3
2026-09-03T00:47:45.500,IMU-1,0x28,-1.12,179.81,260.69,3,3,0,3
2026-09-03T00:47:45.503,IMU-2,0x29,-1.0,177.94,83.0,3,3,0,3
2026-09-03T00:47:45.600,IMU-1,0x28,-1.12,179.81,260.69,3,3,0,3
2026-09-03T00:47:45.603,IMU-2,0x29,-1.0,177.94,83.0,3,3,0,3
2026-09-03T00:47:45.700,IMU-1,0x28,-1.12,179.81,260.69,3,3,0,3
2026-09-03T00:47:45.703,IMU-2,0x29,-1.0,177.94,83.0,3,3,0,3
2026-09-03T00:47:45.800,IMU-1,0x28,-1.12,179.81,260.69,3,3,0,3
2026-09-03T00:47:45.803,IMU-2,0x29,-1.0,177.94,83.0,3,3,0,3
2026-09-03T00:47:45.900,IMU-1,0x28,-1.12,179.81,260.69,3,3,0,3
2026-09-03T00:47:45.903,IMU-2,0x29,-1.0,177.94,83.0,3,3,0,3
2026-09-03T00:47:46.000,IMU-1,0x28,-1.12,179.81,260.69,3,3,0,3
2026-09-03T00:47:46.002,IMU-2,0x29,-1.0,177.94,83.0,3,3,0,3
2026-09-03T00:47:46.100,IMU-1,0x28,-1.12,179.81,260.69,3,3,0,3
2026-09-03T00:47:46.102,IMU-2,0x29,-1.0,177.94,83.0,3,3,0,3
2026-09-03T00:47:46.200,IMU-1,0x28,-1.12,179.81,260.69,3,3,0,3
2026-09-03T00:47:46.202,IMU-2,0x29,-1.0,177.94,83.0,3,3,0,3
2026-09-03T00:47:46.301,IMU-1,0x28,-1.12,179.81,260.69,3,3,0,3
2026-09-03T00:47:46.304,IMU-2,0x29,-1.0,177.94,83.0,3,3,0,3
2026-09-03T00:47:46.400,IMU-1,0x28,-1.12,179.81,260.69,3,3,0,3
2026-09-03T00:47:46.401,IMU-2,0x29,-1.0,177.94,83.0,3,3,0,3
2026-09-03T00:47:46.500,IMU-1,0x28,-1.12,179.81,260.69,3,3,0,3
2026-09-03T00:47:46.501,IMU-2,0x29,-1.0,177.94,83.0,3,3,0,3
2026-09-03T00:47:46.599,IMU-1,0x28,-1.12,179.81,260.69,3,3,0,3
2026-09-03T00:47:46.601,IMU-2,0x29,-1.0,177.94,83.0,3,3,0,3
2026-09-03T00:47:46.699,IMU-1,0x28,-1.12,179.81,260.69,3,3,0,3
2026-09-03T00:47:46.701,IMU-2,0x29,-1.0,177.94,83.0,3,3,0,3
2026-09-03T00:47:46.799,IMU-1,0x28,-1.12,179.81,260.69,3,3,0,3
2026-09-03T00:47:46.801,IMU-2,0x29,-1.0,177.94,83.0,3,3,0,3
2026-09-03T00:47:46.899,IMU-1,0x28,-1.12,179.81,260.69,3,3,0,3
2026-09-03T00:47:46.902,IMU-2,0x29,-1.0,177.94,83.0,3,3,0,3
2026-09-03T00:47:46.999,IMU-1,0x28,-1.12,179.81,260.69,3,3,0,3
2026-09-03T00:47:47.002,IMU-2,0x29,-1.0,177.94,83.0,3,3,0,3
2026-09-03T00:47:47.099,IMU-1,0x28,-1.12,179.81,260.69,3,3,0,3
2026-09-03T00:47:47.102,IMU-2,0x29,-1.0,177.94,83.0,3,3,0,3
2026-09-03T00:47:47.199,IMU-1,0x28,-1.12,179.81,260.69,3,3,0,3
2026-09-03T00:47:47.202,IMU-2,0x29,-1.0,177.94,83.0,3,3,0,3
2026-09-03T00:47:47.300,IMU-1,0x28,-1.12,179.81,260.69,3,3,0,3
2026-09-03T00:47:47.303,IMU-2,0x29,-1.0,177.94,83.0,3,3,0,3
2026-09-03T00:47:47.399,IMU-1,0x28,-1.12,179.81,260.69,3,3,0,3
2026-09-03T00:47:47.401,IMU-2,0x29,-1.0,177.94,83.0,3,3,0,3
2026-09-03T00:47:47.499,IMU-1,0x28,-1.12,179.81,260.69,3,3,0,3
2026-09-03T00:47:47.501,IMU-2,0x29,-1.0,177.94,83.0,3,3,0,3
2026-09-03T00:47:47.599,IMU-1,0x28,-1.12,179.81,260.69,3,3,0,3
2026-09-03T00:47:47.601,IMU-2,0x29,-1.0,177.94,83.0,3,3,0,3
2026-09-03T00:47:47.699,IMU-1,0x28,-1.12,179.81,260.69,3,3,0,3
2026-09-03T00:47:47.701,IMU-2,0x29,-1.0,177.94,83.0,3,3,0,3
2026-09-03T00:47:47.800,IMU-1,0x28,-1.12,179.81,260.69,3,3,0,3
2026-09-03T00:47:47.801,IMU-2,0x29,-1.0,177.94,83.0,3,3,0,3
2026-09-03T00:47:47.900,IMU-1,0x28,-1.12,179.81,260.69,3,3,0,3
2026-09-03T00:47:47.901,IMU-2,0x29,-1.0,177.94,83.0,3,3,0,3
2026-09-03T00:47:48.000,IMU-1,0x28,-1.12,179.81,260.69,3,3,0,3
2026-09-03T00:47:48.001,IMU-2,0x29,-1.0,177.94,83.0,3,3,0,3
2026-09-03T00:47:48.100,IMU-1,0x28,-1.12,179.81,260.69,3,3,0,3
2026-09-03T00:47:48.102,IMU-2,0x29,-1.0,177.94,83.0,3,3,0,3
2026-09-03T00:47:48.200,IMU-1,0x28,-1.12,179.81,260.69,3,3,0,3
2026-09-03T00:47:48.202,IMU-2,0x29,-1.0,177.94,83.0,3,3,0,3
2026-09-03T00:47:48.301,IMU-1,0x28,-1.12,179.81,260.69,3,3,0,3
2026-09-03T00:47:48.303,IMU-2,0x29,-1.0,177.94,83.0,3,3,0,3
2026-09-03T00:47:48.401,IMU-1,0x28,-1.12,179.81,260.69,3,3,0,3
2026-09-03T00:47:48.402,IMU-2,0x29,-1.0,177.94,83.0,3,3,0,3
2026-09-03T00:47:48.501,IMU-1,0x28,-1.12,179.81,260.69,3,3,0,3
2026-09-03T00:47:48.502,IMU-2,0x29,-1.0,177.94,83.0,3,3,0,3
2026-09-03T00:47:48.601,IMU-1,0x28,-1.12,179.81,260.69,3,3,0,3
2026-09-03T00:47:48.603,IMU-2,0x29,-1.0,177.94,83.0,3,3,0,3
2026-09-03T00:47:48.701,IMU-1,0x28,-1.12,179.81,260.69,3,3,0,3
2026-09-03T00:47:48.703,IMU-2,0x29,-1.0,177.94,83.0,3,3,0,3
2026-09-03T00:47:48.801,IMU-1,0x28,-1.12,179.81,260.69,3,3,0,3
2026-09-03T00:47:48.803,IMU-2,0x29,-1.0,177.94,83.0,3,3,0,3
2026-09-03T00:47:48.902,IMU-1,0x28,-1.12,179.81,260.69,3,3,0,3
2026-09-03T00:47:48.903,IMU-2,0x29,-1.0,177.94,83.0,3,3,0,3
2026-09-03T00:47:49.002,IMU-1,0x28,-1.12,179.81,260.69,3,3,0,3
2026-09-03T00:47:49.003,IMU-2,0x29,-1.0,177.94,83.0,3,3,0,3
2026-09-03T00:47:49.102,IMU-1,0x28,-1.12,179.81,260.69,3,3,0,3
2026-09-03T00:47:49.103,IMU-2,0x29,-1.0,177.94,83.0,3,3,0,3
2026-09-03T00:47:49.202,IMU-1,0x28,-1.12,179.81,260.69,3,3,0,3
2026-09-03T00:47:49.204,IMU-2,0x29,-1.0,177.94,83.0,3,3,0,3
2026-09-03T00:47:49.303,IMU-1,0x28,-1.12,179.81,260.69,3,3,0,3
2026-09-03T00:47:49.305,IMU-2,0x29,-1.0,177.94,83.0,3,3,0,3
2026-09-03T00:47:49.402,IMU-1,0x28,-1.12,179.81,260.69,3,3,0,3
2026-09-03T00:47:49.404,IMU-2,0x29,-1.0,177.94,83.0,3,3,0,3
2026-09-03T00:47:49.502,IMU-1,0x28,-1.12,179.81,260.69,3,3,0,3
2026-09-03T00:47:49.504,IMU-2,0x29,-1.0,177.94,83.0,3,3,0,3
2026-09-03T00:47:49.602,IMU-1,0x28,-1.12,179.81,260.69,3,3,0,3
2026-09-03T00:47:49.605,IMU-2,0x29,-1.0,177.94,83.0,3,3,0,3
2026-09-03T00:47:49.702,IMU-1,0x28,-1.12,179.81,260.69,3,3,0,3
2026-09-03T00:47:49.705,IMU-2,0x29,-1.0,177.94,83.0,3,3,0,3
2026-09-03T00:47:49.802,IMU-1,0x28,-1.12,179.81,260.69,3,3,0,3
2026-09-03T00:47:49.805,IMU-2,0x29,-1.0,177.94,83.0,3,3,0,3
2026-09-03T00:47:49.902,IMU-1,0x28,-1.12,179.81,260.69,3,3,0,3
2026-09-03T00:47:49.905,IMU-2,0x29,-1.0,177.94,83.0,3,3,0,3
2026-09-03T00:47:50.003,IMU-1,0x28,-1.12,179.81,260.69,3,3,0,3
2026-09-03T00:47:50.006,IMU-2,0x29,-1.0,177.94,83.0,3,3,0,3
2026-09-03T00:47:50.102,IMU-1,0x28,-1.12,179.81,260.69,3,3,0,3
2026-09-03T00:47:50.106,IMU-2,0x29,-1.0,177.94,83.0,3,3,0,3
2026-09-03T00:47:50.203,IMU-1,0x28,-1.12,179.81,260.69,3,3,0,3
2026-09-03T00:47:50.206,IMU-2,0x29,-1.0,177.94,83.0,3,3,0,3
2026-09-03T00:47:50.304,IMU-1,0x28,-1.12,179.81,260.69,3,3,0,3
2026-09-03T00:47:50.307,IMU-2,0x29,-1.0,177.94,83.0,3,3,0,3
2026-09-03T00:47:50.402,IMU-1,0x28,-1.12,179.81,260.69,3,3,0,3
2026-09-03T00:47:50.406,IMU-2,0x29,-1.0,177.94,83.0,3,3,0,3
2026-09-03T00:47:50.502,IMU-1,0x28,-1.12,179.81,260.69,3,3,0,3
2026-09-03T00:47:50.505,IMU-2,0x29,-1.0,177.94,83.0,3,3,0,3
2026-09-03T00:47:50.602,IMU-1,0x28,-1.12,179.81,260.69,3,3,0,3
2026-09-03T00:47:50.605,IMU-2,0x29,-1.0,177.94,83.0,3,3,0,3
2026-09-03T00:47:50.702,IMU-1,0x28,-1.12,179.81,260.69,3,3,0,3
2026-09-03T00:47:50.704,IMU-2,0x29,-1.0,177.94,83.0,3,3,0,3
2026-09-03T00:47:50.802,IMU-1,0x28,-1.12,179.81,260.69,3,3,0,3
2026-09-03T00:47:50.804,IMU-2,0x29,-1.0,177.94,83.0,3,3,0,3
2026-09-03T00:47:50.901,IMU-1,0x28,-1.12,179.81,260.69,3,3,0,3
2026-09-03T00:47:50.903,IMU-2,0x29,-1.0,177.94,83.0,3,3,0,3
2026-09-03T00:47:51.002,IMU-1,0x28,-1.12,179.81,260.69,3,3,0,3
2026-09-03T00:47:51.003,IMU-2,0x29,-1.0,177.94,83.0,3,3,0,3
2026-09-03T00:47:51.102,IMU-1,0x28,-1.12,179.81,260.69,3,3,0,3
2026-09-03T00:47:51.103,IMU-2,0x29,-1.0,177.94,83.0,3,3,0,3
2026-09-03T00:47:51.202,IMU-1,0x28,-1.12,179.81,260.69,3,3,0,3
2026-09-03T00:47:51.203,IMU-2,0x29,-1.0,177.94,83.0,3,3,0,3
2026-09-03T00:47:51.302,IMU-1,0x28,-1.12,179.81,260.69,3,3,0,3
2026-09-03T00:47:51.304,IMU-2,0x29,-1.0,177.94,83.0,3,3,0,3
2026-09-03T00:47:51.402,IMU-1,0x28,-1.12,179.81,260.69,3,3,0,3
2026-09-03T00:47:51.403,IMU-2,0x29,-1.0,177.94,83.0,3,3,0,3
2026-09-03T00:47:51.502,IMU-1,0x28,-1.12,179.81,260.69,3,3,0,3
2026-09-03T00:47:51.504,IMU-2,0x29,-1.0,177.94,83.0,3,3,0,3
2026-09-03T00:47:51.602,IMU-1,0x28,-1.12,179.81,260.69,3,3,0,3
2026-09-03T00:47:51.604,IMU-2,0x29,-1.0,177.94,83.0,3,3,0,3
2026-09-03T00:47:51.702,IMU-1,0x28,-1.12,179.81,260.69,3,3,0,3
2026-09-03T00:47:51.704,IMU-2,0x29,-1.0,177.94,83.0,3,3,0,3
2026-09-03T00:47:51.802,IMU-1,0x28,-1.12,179.81,260.69,3,3,0,3
2026-09-03T00:47:51.804,IMU-2,0x29,-1.0,177.94,83.0,3,3,0,3
2026-09-03T00:47:51.903,IMU-1,0x28,-1.12,179.81,260.69,3,3,0,3
2026-09-03T00:47:51.905,IMU-2,0x29,-1.0,177.94,83.0,3,3,0,3
2026-09-03T00:47:52.003,IMU-1,0x28,-1.12,179.81,260.69,3,3,0,3
2026-09-03T00:47:52.005,IMU-2,0x29,-1.0,177.94,83.0,3,3,0,3
2026-09-03T00:47:52.103,IMU-1,0x28,-1.12,179.81,260.69,3,3,0,3
2026-09-03T00:47:52.105,IMU-2,0x29,-1.0,177.94,83.0,3,3,0,3
2026-09-03T00:47:52.203,IMU-1,0x28,-1.12,179.81,260.69,3,3,0,3
2026-09-03T00:47:52.206,IMU-2,0x29,-1.0,177.94,83.0,3,3,0,3
2026-09-03T00:47:52.304,IMU-1,0x28,-1.12,179.81,260.69,3,3,0,3
2026-09-03T00:47:52.307,IMU-2,0x29,-1.0,177.94,83.0,3,3,0,3
2026-09-03T00:47:52.404,IMU-1,0x28,-1.12,179.81,260.69,3,3,0,3
2026-09-03T00:47:52.406,IMU-2,0x29,-1.0,177.94,83.0,3,3,0,3
2026-09-03T00:47:52.504,IMU-1,0x28,-1.12,179.81,260.69,3,3,0,3
2026-09-03T00:47:52.507,IMU-2,0x29,-1.0,177.94,83.0,3,3,0,3
2026-09-03T00:47:52.604,IMU-1,0x28,-1.12,179.81,260.69,3,3,0,3
2026-09-03T00:47:52.607,IMU-2,0x29,-1.0,177.94,83.0,3,3,0,3
2026-09-03T00:47:52.704,IMU-1,0x28,-1.12,179.81,260.69,3,3,0,3
2026-09-03T00:47:52.707,IMU-2,0x29,-1.0,177.94,83.0,3,3,0,3
2026-09-03T00:47:52.804,IMU-1,0x28,-1.12,179.81,260.69,3,3,0,3
2026-09-03T00:47:52.807,IMU-2,0x29,-1.0,177.94,83.0,3,3,0,3
2026-09-03T00:47:52.904,IMU-1,0x28,-1.12,179.81,260.69,3,3,0,3
2026-09-03T00:47:52.907,IMU-2,0x29,-1.0,177.94,83.0,3,3,0,3
2026-09-03T00:47:53.004,IMU-1,0x28,-1.12,179.81,260.69,3,3,0,3
2026-09-03T00:47:53.008,IMU-2,0x29,-1.0,177.94,83.0,3,3,0,3
2026-09-03T00:47:53.104,IMU-1,0x28,-1.12,179.81,260.69,3,3,0,3
2026-09-03T00:47:53.108,IMU-2,0x29,-1.0,177.94,83.0,3,3,0,3
2026-09-03T00:47:53.205,IMU-1,0x28,-1.12,179.81,260.69,3,3,0,3
2026-09-03T00:47:53.208,IMU-2,0x29,-1.0,177.94,83.0,3,3,0,3
2026-09-03T00:47:53.305,IMU-1,0x28,-1.12,179.81,260.69,3,3,0,3
2026-09-03T00:47:53.309,IMU-2,0x29,-1.0,177.94,83.0,3,3,0,3
2026-09-03T00:47:53.405,IMU-1,0x28,-1.12,179.81,260.69,3,3,0,3
2026-09-03T00:47:53.408,IMU-2,0x29,-1.0,177.94,83.0,3,3,0,3
2026-09-03T00:47:53.505,IMU-1,0x28,-1.12,179.81,260.69,3,3,0,3
2026-09-03T00:47:53.507,IMU-2,0x29,-1.0,177.94,83.0,3,3,0,3
2026-09-03T00:47:53.605,IMU-1,0x28,-1.12,179.81,260.69,3,3,0,3
2026-09-03T00:47:53.607,IMU-2,0x29,-1.0,177.94,83.0,3,3,0,3
2026-09-03T00:47:53.705,IMU-1,0x28,-1.12,179.81,260.69,3,3,0,3
2026-09-03T00:47:53.706,IMU-2,0x29,-1.0,177.94,83.0,3,3,0,3
2026-09-03T00:47:53.805,IMU-1,0x28,-1.12,179.81,260.69,3,3,0,3
2026-09-03T00:47:53.806,IMU-2,0x29,-1.0,177.94,83.0,3,3,0,3
2026-09-03T00:47:53.904,IMU-1,0x28,-1.12,179.81,260.69,3,3,0,3
2026-09-03T00:47:53.906,IMU-2,0x29,-1.0,177.94,83.0,3,3,0,3
2026-09-03T00:47:54.004,IMU-1,0x28,-1.12,179.81,260.69,3,3,0,3
2026-09-03T00:47:54.006,IMU-2,0x29,-1.0,177.94,83.0,3,3,0,3
2026-09-03T00:47:54.104,IMU-1,0x28,-1.12,179.81,260.69,3,3,0,3
2026-09-03T00:47:54.105,IMU-2,0x29,-1.0,177.94,83.0,3,3,0,3
2026-09-03T00:47:54.204,IMU-1,0x28,-1.12,179.81,260.69,3,3,0,3
2026-09-03T00:47:54.205,IMU-2,0x29,-1.0,177.94,83.0,3,3,0,3
2026-09-03T00:47:54.304,IMU-1,0x28,-1.12,179.81,260.69,3,3,0,3
2026-09-03T00:47:54.306,IMU-2,0x29,-1.0,177.94,83.0,3,3,0,3
2026-09-03T00:47:54.404,IMU-1,0x28,-1.12,179.81,260.69,3,3,0,3
2026-09-03T00:47:54.406,IMU-2,0x29,-1.0,177.94,83.0,3,3,0,3
2026-09-03T00:47:54.504,IMU-1,0x28,-1.12,179.81,260.69,3,3,0,3
2026-09-03T00:47:54.506,IMU-2,0x29,-1.0,177.94,83.0,3,3,0,3
2026-09-03T00:47:54.604,IMU-1,0x28,-1.12,179.81,260.69,3,3,0,3
2026-09-03T00:47:54.606,IMU-2,0x29,-1.0,177.94,83.0,3,3,0,3
2026-09-03T00:47:54.704,IMU-1,0x28,-1.12,179.81,260.69,3,3,0,3
2026-09-03T00:47:54.707,IMU-2,0x29,-1.0,177.94,83.0,3,3,0,3
2026-09-03T00:47:54.804,IMU-1,0x28,-1.12,179.81,260.69,3,3,0,3
2026-09-03T00:47:54.807,IMU-2,0x29,-1.0,177.94,83.0,3,3,0,3
2026-09-03T00:47:54.904,IMU-1,0x28,-1.12,179.81,260.69,3,3,0,3
2026-09-03T00:47:54.907,IMU-2,0x29,-1.0,177.94,83.0,3,3,0,3
2026-09-03T00:47:55.004,IMU-1,0x28,-1.12,179.81,260.69,3,3,0,3
2026-09-03T00:47:55.007,IMU-2,0x29,-1.0,177.94,83.0,3,3,0,3
2026-09-03T00:47:55.104,IMU-1,0x28,-1.12,179.81,260.69,3,3,0,3
2026-09-03T00:47:55.108,IMU-2,0x29,-1.0,177.94,83.0,3,3,0,3
2026-09-03T00:47:55.205,IMU-1,0x28,-1.12,179.81,260.69,3,3,0,3
2026-09-03T00:47:55.208,IMU-2,0x29,-1.0,177.94,83.0,3,3,0,3
2026-09-03T00:47:55.305,IMU-1,0x28,-1.12,179.81,260.69,3,3,0,3
2026-09-03T00:47:55.309,IMU-2,0x29,-1.0,177.94,83.0,3,3,0,3
2026-09-03T00:47:55.405,IMU-1,0x28,-1.12,179.81,260.69,3,3,0,3
2026-09-03T00:47:55.408,IMU-2,0x29,-1.0,177.94,83.0,3,3,0,3
2026-09-03T00:47:55.505,IMU-1,0x28,-1.12,179.81,260.69,3,3,0,3
2026-09-03T00:47:55.508,IMU-2,0x29,-1.0,177.94,83.0,3,3,0,3
2026-09-03T00:47:55.605,IMU-1,0x28,-1.12,179.81,260.69,3,3,0,3
2026-09-03T00:47:55.608,IMU-2,0x29,-1.0,177.94,83.0,3,3,0,3
2026-09-03T00:47:55.706,IMU-1,0x28,-1.12,179.81,260.69,3,3,0,3
2026-09-03T00:47:55.709,IMU-2,0x29,-1.0,177.94,83.0,3,3,0,3
2026-09-03T00:47:55.806,IMU-1,0x28,-1.12,179.81,260.69,3,3,0,3
2026-09-03T00:47:55.809,IMU-2,0x29,-1.0,177.94,83.0,3,3,0,3
2026-09-03T00:47:55.906,IMU-1,0x28,-1.12,179.81,260.69,3,3,0,3
2026-09-03T00:47:55.909,IMU-2,0x29,-1.0,177.94,83.0,3,3,0,3
2026-09-03T00:47:56.006,IMU-1,0x28,-1.12,179.81,260.69,3,3,0,3
2026-09-03T00:47:56.009,IMU-2,0x29,-1.0,177.94,83.0,3,3,0,3
2026-09-03T00:47:56.106,IMU-1,0x28,-1.12,179.81,260.69,3,3,0,3
2026-09-03T00:47:56.109,IMU-2,0x29,-1.0,177.94,83.0,3,3,0,3
2026-09-03T00:47:56.206,IMU-1,0x28,-1.12,179.81,260.69,3,3,0,3
2026-09-03T00:47:56.208,IMU-2,0x29,-1.0,177.94,83.0,3,3,0,3
2026-09-03T00:47:56.307,IMU-1,0x28,-1.12,179.81,260.69,3,3,0,3
2026-09-03T00:47:56.310,IMU-2,0x29,-1.0,177.94,83.0,3,3,0,3
2026-09-03T00:47:56.405,IMU-1,0x28,-1.12,179.81,260.69,3,3,0,3
2026-09-03T00:47:56.407,IMU-2,0x29,-1.0,177.94,83.0,3,3,0,3
2026-09-03T00:47:56.505,IMU-1,0x28,-1.12,179.81,260.69,3,3,0,3
2026-09-03T00:47:56.507,IMU-2,0x29,-1.0,177.94,83.0,3,3,0,3
2026-09-03T00:47:56.605,IMU-1,0x28,-1.12,179.81,260.69,3,3,0,3
2026-09-03T00:47:56.607,IMU-2,0x29,-1.0,177.94,83.0,3,3,0,3
2026-09-03T00:47:56.705,IMU-1,0x28,-1.12,179.81,260.69,3,3,0,3
2026-09-03T00:47:56.707,IMU-2,0x29,-1.0,177.94,83.0,3,3,0,3
2026-09-03T00:47:56.805,IMU-1,0x28,-1.12,179.81,260.69,3,3,0,3
2026-09-03T00:47:56.807,IMU-2,0x29,-1.0,177.94,83.0,3,3,0,3
2026-09-03T00:47:56.905,IMU-1,0x28,-1.12,179.81,260.69,3,3,0,3
2026-09-03T00:47:56.908,IMU-2,0x29,-1.0,177.94,83.0,3,3,0,3
2026-09-03T00:47:57.005,IMU-1,0x28,-1.12,179.81,260.69,3,3,0,3
2026-09-03T00:47:57.008,IMU-2,0x29,-1.0,177.94,83.0,3,3,0,3
2026-09-03T00:47:57.106,IMU-1,0x28,-1.12,179.81,260.69,3,3,0,3
2026-09-03T00:47:57.108,IMU-2,0x29,-1.0,177.94,83.0,3,3,0,3
2026-09-03T00:47:57.206,IMU-1,0x28,-1.12,179.81,260.69,3,3,0,3
2026-09-03T00:47:57.208,IMU-2,0x29,-1.0,177.94,83.0,3,3,0,3
2026-09-03T00:47:57.306,IMU-1,0x28,-1.12,179.81,260.69,3,3,0,3
2026-09-03T00:47:57.309,IMU-2,0x29,-1.0,177.94,83.0,3,3,0,3
2026-09-03T00:47:57.406,IMU-1,0x28,-1.12,179.81,260.69,3,3,0,3
2026-09-03T00:47:57.409,IMU-2,0x29,-1.0,177.94,83.0,3,3,0,3
2026-09-03T00:47:57.506,IMU-1,0x28,-1.12,179.81,260.69,3,3,0,3
2026-09-03T00:47:57.509,IMU-2,0x29,-1.0,177.94,83.0,3,3,0,3
2026-09-03T00:47:57.606,IMU-1,0x28,-1.12,179.81,260.69,3,3,0,3
2026-09-03T00:47:57.609,IMU-2,0x29,-1.0,177.94,83.0,3,3,0,3
2026-09-03T00:47:57.706,IMU-1,0x28,-1.12,179.81,260.69,3,3,0,3
2026-09-03T00:47:57.709,IMU-2,0x29,-1.0,177.94,83.0,3,3,0,3
2026-09-03T00:47:57.806,IMU-1,0x28,-1.12,179.81,260.69,3,3,0,3
2026-09-03T00:47:57.809,IMU-2,0x29,-1.0,177.94,83.0,3,3,0,3
2026-09-03T00:47:57.906,IMU-1,0x28,-1.12,179.81,260.69,3,3,0,3
2026-09-03T00:47:57.909,IMU-2,0x29,-1.0,177.94,83.0,3,3,0,3
2026-09-03T00:47:58.006,IMU-1,0x28,-1.12,179.81,260.69,3,3,0,3
2026-09-03T00:47:58.009,IMU-2,0x29,-1.0,177.94,83.0,3,3,0,3
2026-09-03T00:47:58.106,IMU-1,0x28,-1.12,179.81,260.69,3,3,0,3
2026-09-03T00:47:58.109,IMU-2,0x29,-1.0,177.94,83.0,3,3,0,3
2026-09-03T00:47:58.206,IMU-1,0x28,-1.12,179.81,260.69,3,3,0,3
2026-09-03T00:47:58.209,IMU-2,0x29,-1.0,177.94,83.0,3,3,0,3
2026-09-03T00:47:58.307,IMU-1,0x28,-1.12,179.81,260.69,3,3,0,3
2026-09-03T00:47:58.311,IMU-2,0x29,-1.0,177.94,83.0,3,3,0,3
2026-09-03T00:47:58.406,IMU-1,0x28,-1.12,179.81,260.69,3,3,0,3
2026-09-03T00:47:58.409,IMU-2,0x29,-1.0,177.94,83.0,3,3,0,3
2026-09-03T00:47:58.506,IMU-1,0x28,-1.12,179.81,260.69,3,3,0,3
2026-09-03T00:47:58.508,IMU-2,0x29,-1.0,177.94,83.0,3,3,0,3
2026-09-03T00:47:58.607,IMU-1,0x28,-1.12,179.81,260.69,3,3,0,3
2026-09-03T00:47:58.608,IMU-2,0x29,-1.0,177.94,83.0,3,3,0,3
2026-09-03T00:47:58.707,IMU-1,0x28,-1.12,179.81,260.69,3,3,0,3
2026-09-03T00:47:58.708,IMU-2,0x29,-1.0,177.94,83.0,3,3,0,3
2026-09-03T00:47:58.807,IMU-1,0x28,-1.12,179.81,260.69,3,3,0,3
2026-09-03T00:47:58.809,IMU-2,0x29,-1.0,177.94,83.0,3,3,0,3
2026-09-03T00:47:58.907,IMU-1,0x28,-1.12,179.81,260.69,3,3,0,3
2026-09-03T00:47:58.909,IMU-2,0x29,-1.0,177.94,83.0,3,3,0,3
2026-09-03T00:47:59.007,IMU-1,0x28,-1.12,179.81,260.69,3,3,0,3
2026-09-03T00:47:59.009,IMU-2,0x29,-1.0,177.94,83.0,3,3,0,3
2026-09-03T00:47:59.108,IMU-1,0x28,-1.12,179.81,260.69,3,3,0,3
2026-09-03T00:47:59.109,IMU-2,0x29,-1.0,177.94,83.0,3,3,0,3
2026-09-03T00:47:59.208,IMU-1,0x28,-1.12,179.81,260.69,3,3,0,3
2026-09-03T00:47:59.210,IMU-2,0x29,-1.0,177.94,83.0,3,3,0,3
2026-09-03T00:47:59.309,IMU-1,0x28,-1.12,179.81,260.69,3,3,0,3
2026-09-03T00:47:59.311,IMU-2,0x29,-1.0,177.94,83.0,3,3,0,3
2026-09-03T00:47:59.408,IMU-1,0x28,-1.12,179.81,260.69,3,3,0,3
2026-09-03T00:47:59.410,IMU-2,0x29,-1.0,177.94,83.0,3,3,0,3
2026-09-03T00:47:59.509,IMU-1,0x28,-1.12,179.81,260.69,3,3,0,3
2026-09-03T00:47:59.510,IMU-2,0x29,-1.0,177.94,83.0,3,3,0,3
2026-09-03T00:47:59.609,IMU-1,0x28,-1.12,179.81,260.69,3,3,0,3
2026-09-03T00:47:59.610,IMU-2,0x29,-1.0,177.94,83.0,3,3,0,3
2026-09-03T00:47:59.709,IMU-1,0x28,-1.12,179.81,260.69,3,3,0,3
2026-09-03T00:47:59.710,IMU-2,0x29,-1.0,177.94,83.0,3,3,0,3
2026-09-03T00:47:59.809,IMU-1,0x28,-1.12,179.81,260.69,3,3,0,3
2026-09-03T00:47:59.811,IMU-2,0x29,-1.0,177.94,83.0,3,3,0,3
2026-09-03T00:47:59.909,IMU-1,0x28,-1.12,179.81,260.69,3,3,0,3
2026-09-03T00:47:59.911,IMU-2,0x29,-1.0,177.94,83.0,3,3,0,3
2026-09-03T00:48:00.009,IMU-1,0x28,-1.12,179.81,260.69,3,3,0,3
2026-09-03T00:48:00.011,IMU-2,0x29,-1.0,177.94,83.0,3,3,0,3
2026-09-03T00:48:00.109,IMU-1,0x28,-1.12,179.81,260.69,3,3,0,3
2026-09-03T00:48:00.111,IMU-2,0x29,-1.0,177.94,83.0,3,3,0,3
2026-09-03T00:48:00.209,IMU-1,0x28,-1.12,179.81,260.69,3,3,0,3
2026-09-03T00:48:00.212,IMU-2,0x29,-1.0,177.94,83.0,3,3,0,3
2026-09-03T00:48:00.310,IMU-1,0x28,-1.12,179.81,260.69,3,3,0,3
2026-09-03T00:48:00.313,IMU-2,0x29,-1.0,177.94,83.0,3,3,0,3
2026-09-03T00:48:00.409,IMU-1,0x28,-1.12,179.81,260.69,3,3,0,3
2026-09-03T00:48:00.412,IMU-2,0x29,-1.0,177.94,83.0,3,3,0,3
2026-09-03T00:48:00.509,IMU-1,0x28,-1.12,179.81,260.69,3,3,0,3
2026-09-03T00:48:00.511,IMU-2,0x29,-1.0,177.94,83.0,3,3,0,3
2026-09-03T00:48:00.609,IMU-1,0x28,-1.12,179.81,260.69,3,3,0,3
2026-09-03T00:48:00.612,IMU-2,0x29,-1.0,177.94,83.0,3,3,0,3
2026-09-03T00:48:00.709,IMU-1,0x28,-1.12,179.81,260.69,3,3,0,3
2026-09-03T00:48:00.711,IMU-2,0x29,-1.0,177.94,83.0,3,3,0,3
2026-09-03T00:48:00.809,IMU-1,0x28,-1.12,179.81,260.69,3,3,0,3
2026-09-03T00:48:00.811,IMU-2,0x29,-1.0,177.94,83.0,3,3,0,3
2026-09-03T00:48:00.909,IMU-1,0x28,-1.12,179.81,260.69,3,3,0,3
2026-09-03T00:48:00.910,IMU-2,0x29,-1.0,177.94,83.0,3,3,0,3
2026-09-03T00:48:01.009,IMU-1,0x28,-1.12,179.81,260.69,3,3,0,3
2026-09-03T00:48:01.010,IMU-2,0x29,-1.0,177.94,83.0,3,3,0,3
2026-09-03T00:48:01.108,IMU-1,0x28,-1.12,179.81,260.69,3,3,0,3
2026-09-03T00:48:01.110,IMU-2,0x29,-1.0,177.94,83.0,3,3,0,3
2026-09-03T00:48:01.208,IMU-1,0x28,-1.12,179.81,260.69,3,3,0,3
2026-09-03T00:48:01.210,IMU-2,0x29,-1.0,177.94,83.0,3,3,0,3
2026-09-03T00:48:01.309,IMU-1,0x28,-1.12,179.81,260.69,3,3,0,3
2026-09-03T00:48:01.311,IMU-2,0x29,-1.0,177.94,83.0,3,3,0,3
2026-09-03T00:48:01.408,IMU-1,0x28,-1.12,179.81,260.69,3,3,0,3
2026-09-03T00:48:01.410,IMU-2,0x29,-1.0,177.94,83.0,3,3,0,3
2026-09-03T00:48:01.508,IMU-1,0x28,-1.12,179.81,260.69,3,3,0,3
2026-09-03T00:48:01.510,IMU-2,0x29,-1.0,177.94,83.0,3,3,0,3
2026-09-03T00:48:01.608,IMU-1,0x28,-1.12,179.81,260.69,3,3,0,3
2026-09-03T00:48:01.610,IMU-2,0x29,-1.0,177.94,83.0,3,3,0,3
2026-09-03T00:48:01.708,IMU-1,0x28,-1.12,179.81,260.69,3,3,0,3
2026-09-03T00:48:01.710,IMU-2,0x29,-1.0,177.94,83.0,3,3,0,3
2026-09-03T00:48:01.809,IMU-1,0x28,-1.12,179.81,260.69,3,3,0,3
2026-09-03T00:48:01.810,IMU-2,0x29,-1.0,177.94,83.0,3,3,0,3
2026-09-03T00:48:01.909,IMU-1,0x28,-1.12,179.81,260.69,3,3,0,3
2026-09-03T00:48:01.910,IMU-2,0x29,-1.0,177.94,83.0,3,3,0,3
2026-09-03T00:48:02.009,IMU-1,0x28,-1.12,179.81,260.69,3,3,0,3
2026-09-03T00:48:02.011,IMU-2,0x29,-1.0,177.94,83.0,3,3,0,3
2026-09-03T00:48:02.109,IMU-1,0x28,-1.12,179.81,260.69,3,3,0,3
2026-09-03T00:48:02.111,IMU-2,0x29,-1.0,177.94,83.0,3,3,0,3
2026-09-03T00:48:02.209,IMU-1,0x28,-1.12,179.81,260.69,3,3,0,3
2026-09-03T00:48:02.211,IMU-2,0x29,-1.0,177.94,83.0,3,3,0,3
2026-09-03T00:48:02.310,IMU-1,0x28,-1.12,179.81,260.69,3,3,0,3
2026-09-03T00:48:02.312,IMU-2,0x29,-1.0,177.94,83.0,3,3,0,3
2026-09-03T00:48:02.409,IMU-1,0x28,-1.12,179.81,260.69,3,3,0,3
2026-09-03T00:48:02.412,IMU-2,0x29,-1.0,177.94,83.0,3,3,0,3
2026-09-03T00:48:02.510,IMU-1,0x28,-1.12,179.81,260.69,3,3,0,3
2026-09-03T00:48:02.512,IMU-2,0x29,-1.0,177.94,83.0,3,3,0,3
2026-09-03T00:48:02.610,IMU-1,0x28,-1.12,179.81,260.69,3,3,0,3
2026-09-03T00:48:02.613,IMU-2,0x29,-1.0,177.94,83.0,3,3,0,3
2026-09-03T00:48:02.710,IMU-1,0x28,-1.12,179.81,260.69,3,3,0,3
2026-09-03T00:48:02.713,IMU-2,0x29,-1.0,177.94,83.0,3,3,0,3
2026-09-03T00:48:02.810,IMU-1,0x28,-1.12,179.81,260.69,3,3,0,3
2026-09-03T00:48:02.813,IMU-2,0x29,-1.0,177.94,83.0,3,3,0,3
2026-09-03T00:48:02.911,IMU-1,0x28,-1.12,179.81,260.69,3,3,0,3
2026-09-03T00:48:02.914,IMU-2,0x29,-1.0,177.94,83.0,3,3,0,3
2026-09-03T00:48:03.011,IMU-1,0x28,-1.12,179.81,260.69,3,3,0,3
2026-09-03T00:48:03.014,IMU-2,0x29,-1.0,177.94,83.0,3,3,0,3
2026-09-03T00:48:03.111,IMU-1,0x28,-1.12,179.81,260.69,3,3,0,3
2026-09-03T00:48:03.114,IMU-2,0x29,-1.0,177.94,83.0,3,3,0,3
2026-09-03T00:48:03.211,IMU-1,0x28,-1.12,179.81,260.69,3,3,0,3
2026-09-03T00:48:03.214,IMU-2,0x29,-1.0,177.94,83.0,3,3,0,3
2026-09-03T00:48:03.312,IMU-1,0x28,-1.12,179.81,260.69,3,3,0,3
2026-09-03T00:48:03.316,IMU-2,0x29,-1.0,177.94,83.0,3,3,0,3
2026-09-03T00:48:03.411,IMU-1,0x28,-1.12,179.81,260.69,3,3,0,3
2026-09-03T00:48:03.414,IMU-2,0x29,-1.0,177.94,83.0,3,3,0,3
2026-09-03T00:48:03.511,IMU-1,0x28,-1.12,179.81,260.69,3,3,0,3
2026-09-03T00:48:03.514,IMU-2,0x29,-1.0,177.94,83.0,3,3,0,3
2026-09-03T00:48:03.611,IMU-1,0x28,-1.12,179.81,260.69,3,3,0,3
2026-09-03T00:48:03.614,IMU-2,0x29,-1.0,177.94,83.0,3,3,0,3
2026-09-03T00:48:03.711,IMU-1,0x28,-1.12,179.81,260.69,3,3,0,3
2026-09-03T00:48:03.714,IMU-2,0x29,-1.0,177.94,83.0,3,3,0,3
2026-09-03T00:48:03.811,IMU-1,0x28,-1.12,179.81,260.69,3,3,0,3
2026-09-03T00:48:03.814,IMU-2,0x29,-1.0,177.94,83.0,3,3,0,3
2026-09-03T00:48:03.911,IMU-1,0x28,-1.12,179.81,260.69,3,3,0,3
2026-09-03T00:48:03.914,IMU-2,0x29,-1.0,177.94,83.0,3,3,0,3
2026-09-03T00:48:04.011,IMU-1,0x28,-1.12,179.81,260.69,3,3,0,3
2026-09-03T00:48:04.014,IMU-2,0x29,-1.0,177.94,83.0,3,3,0,3
2026-09-03T00:48:04.111,IMU-1,0x28,-1.12,179.81,260.69,3,3,0,3
2026-09-03T00:48:04.113,IMU-2,0x29,-1.0,177.94,83.0,3,3,0,3
2026-09-03T00:48:04.211,IMU-1,0x28,-1.12,179.81,260.69,3,3,0,3
2026-09-03T00:48:04.213,IMU-2,0x29,-1.0,177.94,83.0,3,3,0,3
2026-09-03T00:48:04.312,IMU-1,0x28,-1.12,179.81,260.69,3,3,0,3
2026-09-03T00:48:04.314,IMU-2,0x29,-1.0,177.94,83.0,3,3,0,3
2026-09-03T00:48:04.411,IMU-1,0x28,-1.12,179.81,260.69,3,3,0,3
2026-09-03T00:48:04.412,IMU-2,0x29,-1.0,177.94,83.0,3,3,0,3
2026-09-03T00:48:04.510,IMU-1,0x28,-1.12,179.81,260.69,3,3,0,3
2026-09-03T00:48:04.512,IMU-2,0x29,-1.0,177.94,83.0,3,3,0,3
2026-09-03T00:48:04.610,IMU-1,0x28,-1.12,179.81,260.69,3,3,0,3
2026-09-03T00:48:04.612,IMU-2,0x29,-1.0,177.94,83.0,3,3,0,3
2026-09-03T00:48:04.710,IMU-1,0x28,-1.12,179.81,260.69,3,3,0,3
2026-09-03T00:48:04.712,IMU-2,0x29,-1.0,177.94,83.0,3,3,0,3
2026-09-03T00:48:04.810,IMU-1,0x28,-1.12,179.81,260.69,3,3,0,3
2026-09-03T00:48:04.812,IMU-2,0x29,-1.0,177.94,83.0,3,3,0,3
2026-09-03T00:48:04.910,IMU-1,0x28,-1.12,179.81,260.69,3,3,0,3
2026-09-03T00:48:04.913,IMU-2,0x29,-1.0,177.94,83.0,3,3,0,3
2026-09-03T00:48:05.010,IMU-1,0x28,-1.12,179.81,260.69,3,3,0,3
2026-09-03T00:48:05.013,IMU-2,0x29,-1.0,177.94,83.0,3,3,0,3
2026-09-03T00:48:05.110,IMU-1,0x28,-1.12,179.81,260.69,3,3,0,3
2026-09-03T00:48:05.113,IMU-2,0x29,-1.0,177.94,83.0,3,3,0,3
2026-09-03T00:48:05.210,IMU-1,0x28,-1.12,179.81,260.69,3,3,0,3
2026-09-03T00:48:05.213,IMU-2,0x29,-1.0,177.94,83.0,3,3,0,3
2026-09-03T00:48:05.311,IMU-1,0x28,-1.12,179.81,260.69,3,3,0,3
2026-09-03T00:48:05.314,IMU-2,0x29,-1.0,177.94,83.0,3,3,0,3
2026-09-03T00:48:05.411,IMU-1,0x28,-1.12,179.81,260.69,3,3,0,3
2026-09-03T00:48:05.413,IMU-2,0x29,-1.0,177.94,83.0,3,3,0,3
2026-09-03T00:48:05.511,IMU-1,0x28,-1.12,179.81,260.69,3,3,0,3
2026-09-03T00:48:05.514,IMU-2,0x29,-1.0,177.94,83.0,3,3,0,3
2026-09-03T00:48:05.611,IMU-1,0x28,-1.12,179.81,260.69,3,3,0,3
2026-09-03T00:48:05.614,IMU-2,0x29,-1.0,177.94,83.0,3,3,0,3
2026-09-03T00:48:05.711,IMU-1,0x28,-1.12,179.81,260.69,3,3,0,3
2026-09-03T00:48:05.714,IMU-2,0x29,-1.0,177.94,83.0,3,3,0,3
2026-09-03T00:48:05.811,IMU-1,0x28,-1.12,179.81,260.69,3,3,0,3
2026-09-03T00:48:05.814,IMU-2,0x29,-1.0,177.94,83.0,3,3,0,3
2026-09-03T00:48:05.911,IMU-1,0x28,-1.12,179.81,260.69,3,3,0,3
2026-09-03T00:48:05.914,IMU-2,0x29,-1.0,177.94,83.0,3,3,0,3
2026-09-03T00:48:06.012,IMU-1,0x28,-1.12,179.81,260.69,3,3,0,3
2026-09-03T00:48:06.015,IMU-2,0x29,-1.0,177.94,83.0,3,3,0,3
2026-09-03T00:48:06.112,IMU-1,0x28,-1.12,179.81,260.69,3,3,0,3
2026-09-03T00:48:06.115,IMU-2,0x29,-1.0,177.94,83.0,3,3,0,3
2026-09-03T00:48:06.212,IMU-1,0x28,-1.12,179.81,260.69,3,3,0,3
2026-09-03T00:48:06.215,IMU-2,0x29,-1.0,177.94,83.0,3,3,0,3
2026-09-03T00:48:06.313,IMU-1,0x28,-1.12,179.81,260.69,3,3,0,3
2026-09-03T00:48:06.317,IMU-2,0x29,-1.0,177.94,83.0,3,3,0,3
2026-09-03T00:48:06.412,IMU-1,0x28,-1.12,179.81,260.69,3,3,0,3
2026-09-03T00:48:06.415,IMU-2,0x29,-1.0,177.94,83.0,3,3,0,3
2026-09-03T00:48:06.513,IMU-1,0x28,-1.12,179.81,260.69,3,3,0,3
2026-09-03T00:48:06.516,IMU-2,0x29,-1.0,177.94,83.0,3,3,0,3
2026-09-03T00:48:06.613,IMU-1,0x28,-1.12,179.81,260.69,3,3,0,3
2026-09-03T00:48:06.615,IMU-2,0x29,-1.0,177.94,83.0,3,3,0,3
2026-09-03T00:48:06.713,IMU-1,0x28,-1.12,179.81,260.69,3,3,0,3
2026-09-03T00:48:06.715,IMU-2,0x29,-1.0,177.94,83.0,3,3,0,3
2026-09-03T00:48:06.813,IMU-1,0x28,-1.12,179.81,260.69,3,3,0,3
2026-09-03T00:48:06.814,IMU-2,0x29,-1.0,177.94,83.0,3,3,0,3
2026-09-03T00:48:06.913,IMU-1,0x28,-1.12,179.81,260.69,3,3,0,3
2026-09-03T00:48:06.914,IMU-2,0x29,-1.0,177.94,83.0,3,3,0,3
2026-09-03T00:48:07.013,IMU-1,0x28,-1.12,179.81,260.69,3,3,0,3
2026-09-03T00:48:07.014,IMU-2,0x29,-1.0,177.94,83.0,3,3,0,3
2026-09-03T00:48:07.113,IMU-1,0x28,-1.12,179.81,260.69,3,3,0,3
2026-09-03T00:48:07.115,IMU-2,0x29,-1.0,177.94,83.0,3,3,0,3
2026-09-03T00:48:07.213,IMU-1,0x28,-1.12,179.81,260.69,3,3,0,3
2026-09-03T00:48:07.215,IMU-2,0x29,-1.0,177.94,83.0,3,3,0,3
2026-09-03T00:48:07.314,IMU-1,0x28,-1.12,179.81,260.69,3,3,0,3
2026-09-03T00:48:07.316,IMU-2,0x29,-1.0,177.94,83.0,3,3,0,3
2026-09-03T00:48:07.413,IMU-1,0x28,-1.12,179.81,260.69,3,3,0,3
2026-09-03T00:48:07.415,IMU-2,0x29,-1.0,177.94,83.0,3,3,0,3
2026-09-03T00:48:07.513,IMU-1,0x28,-1.12,179.81,260.69,3,3,0,3
2026-09-03T00:48:07.515,IMU-2,0x29,-1.0,177.94,83.0,3,3,0,3
2026-09-03T00:48:07.613,IMU-1,0x28,-1.12,179.81,260.69,3,3,0,3
2026-09-03T00:48:07.615,IMU-2,0x29,-1.0,177.94,83.0,3,3,0,3
2026-09-03T00:48:07.713,IMU-1,0x28,-1.12,179.81,260.69,3,3,0,3
2026-09-03T00:48:07.715,IMU-2,0x29,-1.0,177.94,83.0,3,3,0,3
2026-09-03T00:48:07.813,IMU-1,0x28,-1.12,179.81,260.69,3,3,0,3
2026-09-03T00:48:07.815,IMU-2,0x29,-1.0,177.94,83.0,3,3,0,3
2026-09-03T00:48:07.913,IMU-1,0x28,-1.12,179.81,260.69,3,3,0,3
2026-09-03T00:48:07.915,IMU-2,0x29,-1.0,177.94,83.0,3,3,0,3
2026-09-03T00:48:08.012,IMU-1,0x28,-1.12,179.81,260.69,3,3,0,3
2026-09-03T00:48:08.015,IMU-2,0x29,-1.0,177.94,83.0,3,3,0,3
2026-09-03T00:48:08.112,IMU-1,0x28,-1.12,179.81,260.69,3,3,0,3
2026-09-03T00:48:08.115,IMU-2,0x29,-1.0,177.94,83.0,3,3,0,3
2026-09-03T00:48:08.212,IMU-1,0x28,-1.12,179.81,260.69,3,3,0,3
2026-09-03T00:48:08.215,IMU-2,0x29,-1.0,177.94,83.0,3,3,0,3
2026-09-03T00:48:08.313,IMU-1,0x28,-1.12,179.81,260.69,3,3,0,3
2026-09-03T00:48:08.317,IMU-2,0x29,-1.0,177.94,83.0,3,3,0,3
2026-09-03T00:48:08.412,IMU-1,0x28,-1.12,179.81,260.69,3,3,0,3
2026-09-03T00:48:08.415,IMU-2,0x29,-1.0,177.94,83.0,3,3,0,3
2026-09-03T00:48:08.512,IMU-1,0x28,-1.12,179.81,260.69,3,3,0,3
2026-09-03T00:48:08.515,IMU-2,0x29,-1.0,177.94,83.0,3,3,0,3
2026-09-03T00:48:08.612,IMU-1,0x28,-1.12,179.81,260.69,3,3,0,3
2026-09-03T00:48:08.615,IMU-2,0x29,-1.0,177.94,83.0,3,3,0,3
2026-09-03T00:48:08.713,IMU-1,0x28,-1.12,179.81,260.69,3,3,0,3
2026-09-03T00:48:08.716,IMU-2,0x29,-1.0,177.94,83.0,3,3,0,3
2026-09-03T00:48:08.813,IMU-1,0x28,-1.12,179.81,260.69,3,3,0,3
2026-09-03T00:48:08.815,IMU-2,0x29,-1.0,177.94,83.0,3,3,0,3
2026-09-03T00:48:08.913,IMU-1,0x28,-1.12,179.81,260.69,3,3,0,3
2026-09-03T00:48:08.915,IMU-2,0x29,-1.0,177.94,83.0,3,3,0,3
2026-09-03T00:48:09.013,IMU-1,0x28,-1.12,179.81,260.69,3,3,0,3
2026-09-03T00:48:09.015,IMU-2,0x29,-1.0,177.94,83.0,3,3,0,3
2026-09-03T00:48:09.113,IMU-1,0x28,-1.12,179.81,260.69,3,3,0,3
2026-09-03T00:48:09.115,IMU-2,0x29,-1.0,177.94,83.0,3,3,0,3
2026-09-03T00:48:09.213,IMU-1,0x28,-1.12,179.81,260.69,3,3,0,3
2026-09-03T00:48:09.215,IMU-2,0x29,-1.0,177.94,83.0,3,3,0,3
2026-09-03T00:48:09.314,IMU-1,0x28,-1.12,179.81,260.69,3,3,0,3
2026-09-03T00:48:09.317,IMU-2,0x29,-1.0,177.94,83.0,3,3,0,3
2026-09-03T00:48:09.414,IMU-1,0x28,-1.12,179.81,260.69,3,3,0,3
2026-09-03T00:48:09.415,IMU-2,0x29,-1.0,177.94,83.0,3,3,0,3
2026-09-03T00:48:09.514,IMU-1,0x28,-1.12,179.81,260.69,3,3,0,3
2026-09-03T00:48:09.515,IMU-2,0x29,-1.0,177.94,83.0,3,3,0,3
2026-09-03T00:48:09.614,IMU-1,0x28,-1.12,179.81,260.69,3,3,0,3
2026-09-03T00:48:09.616,IMU-2,0x29,-1.0,177.94,83.0,3,3,0,3
2026-09-03T00:48:09.714,IMU-1,0x28,-1.12,179.81,260.69,3,3,0,3
2026-09-03T00:48:09.716,IMU-2,0x29,-1.0,177.94,83.0,3,3,0,3
2026-09-03T00:48:09.815,IMU-1,0x28,-1.12,179.81,260.69,3,3,0,3
2026-09-03T00:48:09.816,IMU-2,0x29,-1.0,177.94,83.0,3,3,0,3
2026-09-03T00:48:09.915,IMU-1,0x28,-1.12,179.81,260.69,3,3,0,3
2026-09-03T00:48:09.916,IMU-2,0x29,-1.0,177.94,83.0,3,3,0,3
2026-09-03T00:48:10.015,IMU-1,0x28,-1.12,179.81,260.69,3,3,0,3
2026-09-03T00:48:10.016,IMU-2,0x29,-1.0,177.94,83.0,3,3,0,3
2026-09-03T00:48:10.115,IMU-1,0x28,-1.12,179.81,260.69,3,3,0,3
2026-09-03T00:48:10.116,IMU-2,0x29,-1.0,177.94,83.0,3,3,0,3
2026-09-03T00:48:10.215,IMU-1,0x28,-1.12,179.81,260.69,3,3,0,3
2026-09-03T00:48:10.217,IMU-2,0x29,-1.0,177.94,83.0,3,3,0,3
2026-09-03T00:48:10.316,IMU-1,0x28,-1.12,179.81,260.69,3,3,0,3
2026-09-03T00:48:10.318,IMU-2,0x29,-1.0,177.94,83.0,3,3,0,3
2026-09-03T00:48:10.415,IMU-1,0x28,-1.12,179.81,260.69,3,3,0,3
2026-09-03T00:48:10.417,IMU-2,0x29,-1.0,177.94,83.0,3,3,0,3
2026-09-03T00:48:10.515,IMU-1,0x28,-1.12,179.81,260.69,3,3,0,3
2026-09-03T00:48:10.517,IMU-2,0x29,-1.0,177.94,83.0,3,3,0,3
2026-09-03T00:48:10.615,IMU-1,0x28,-1.12,179.81,260.69,3,3,0,3
2026-09-03T00:48:10.617,IMU-2,0x29,-1.0,177.94,83.0,3,3,0,3
2026-09-03T00:48:10.715,IMU-1,0x28,-1.12,179.81,260.69,3,3,0,3
2026-09-03T00:48:10.718,IMU-2,0x29,-1.0,177.94,83.0,3,3,0,3
2026-09-03T00:48:10.815,IMU-1,0x28,-1.12,179.81,260.69,3,3,0,3
2026-09-03T00:48:10.818,IMU-2,0x29,-1.0,177.94,83.0,3,3,0,3
2026-09-03T00:48:10.915,IMU-1,0x28,-1.12,179.81,260.69,3,3,0,3
2026-09-03T00:48:10.918,IMU-2,0x29,-1.0,177.94,83.0,3,3,0,3
2026-09-03T00:48:11.015,IMU-1,0x28,-1.12,179.81,260.69,3,3,0,3
2026-09-03T00:48:11.019,IMU-2,0x29,-1.0,177.94,83.0,3,3,0,3
2026-09-03T00:48:11.116,IMU-1,0x28,-1.12,179.81,260.69,3,3,0,3
2026-09-03T00:48:11.119,IMU-2,0x29,-1.0,177.94,83.0,3,3,0,3
2026-09-03T00:48:11.215,IMU-1,0x28,-1.12,179.81,260.69,3,3,0,3
2026-09-03T00:48:11.219,IMU-2,0x29,-1.0,177.94,83.0,3,3,0,3
2026-09-03T00:48:11.316,IMU-1,0x28,-1.12,179.81,260.69,3,3,0,3
2026-09-03T00:48:11.320,IMU-2,0x29,-1.0,177.94,83.0,3,3,0,3
2026-09-03T00:48:11.415,IMU-1,0x28,-1.12,179.81,260.69,3,3,0,3
2026-09-03T00:48:11.418,IMU-2,0x29,-1.0,177.94,83.0,3,3,0,3
2026-09-03T00:48:11.515,IMU-1,0x28,-1.12,179.81,260.69,3,3,0,3
2026-09-03T00:48:11.517,IMU-2,0x29,-1.0,177.94,83.0,3,3,0,3
2026-09-03T00:48:11.614,IMU-1,0x28,-1.12,179.81,260.69,3,3,0,3
2026-09-03T00:48:11.617,IMU-2,0x29,-1.0,177.94,83.0,3,3,0,3
2026-09-03T00:48:11.714,IMU-1,0x28,-1.12,179.81,260.69,3,3,0,3
2026-09-03T00:48:11.716,IMU-2,0x29,-1.0,177.94,83.0,3,3,0,3
2026-09-03T00:48:11.815,IMU-1,0x28,-1.12,179.81,260.69,3,3,0,3
2026-09-03T00:48:11.816,IMU-2,0x29,-1.0,177.94,83.0,3,3,0,3
2026-09-03T00:48:11.915,IMU-1,0x28,-1.12,179.81,260.69,3,3,0,3
2026-09-03T00:48:11.916,IMU-2,0x29,-1.0,177.94,83.0,3,3,0,3
2026-09-03T00:48:12.015,IMU-1,0x28,-1.12,179.81,260.69,3,3,0,3
2026-09-03T00:48:12.016,IMU-2,0x29,-1.0,177.94,83.0,3,3,0,3
2026-09-03T00:48:12.115,IMU-1,0x28,-1.12,179.81,260.69,3,3,0,3
2026-09-03T00:48:12.116,IMU-2,0x29,-1.0,177.94,83.0,3,3,0,3
2026-09-03T00:48:12.215,IMU-1,0x28,-1.12,179.81,260.69,3,3,0,3
2026-09-03T00:48:12.216,IMU-2,0x29,-1.0,177.94,83.0,3,3,0,3
2026-09-03T00:48:12.315,IMU-1,0x28,-1.12,179.81,260.69,3,3,0,3
2026-09-03T00:48:12.317,IMU-2,0x29,-1.0,177.94,83.0,3,3,0,3
2026-09-03T00:48:12.415,IMU-1,0x28,-1.12,179.81,260.69,3,3,0,3
2026-09-03T00:48:12.417,IMU-2,0x29,-1.0,177.94,83.0,3,3,0,3
2026-09-03T00:48:12.515,IMU-1,0x28,-1.12,179.81,260.69,3,3,0,3
2026-09-03T00:48:12.517,IMU-2,0x29,-1.0,177.94,83.0,3,3,0,3
2026-09-03T00:48:12.615,IMU-1,0x28,-1.12,179.81,260.69,3,3,0,3
2026-09-03T00:48:12.617,IMU-2,0x29,-1.0,177.94,83.0,3,3,0,3
2026-09-03T00:48:12.716,IMU-1,0x28,-1.12,179.81,260.69,3,3,0,3
2026-09-03T00:48:12.717,IMU-2,0x29,-1.0,177.94,83.0,3,3,0,3
2026-09-03T00:48:12.816,IMU-1,0x28,-1.12,179.81,260.69,3,3,0,3
2026-09-03T00:48:12.818,IMU-2,0x29,-1.0,177.94,83.0,3,3,0,3
2026-09-03T00:48:12.916,IMU-1,0x28,-1.12,179.81,260.69,3,3,0,3
2026-09-03T00:48:12.918,IMU-2,0x29,-1.0,177.94,83.0,3,3,0,3
2026-09-03T00:48:13.016,IMU-1,0x28,-1.12,179.81,260.69,3,3,0,3
2026-09-03T00:48:13.018,IMU-2,0x29,-1.0,177.94,83.0,3,3,0,3
2026-09-03T00:48:13.116,IMU-1,0x28,-1.12,179.81,260.69,3,3,0,3
2026-09-03T00:48:13.119,IMU-2,0x29,-1.0,177.94,83.0,3,3,0,3
2026-09-03T00:48:13.217,IMU-1,0x28,-1.12,179.81,260.69,3,3,0,3
2026-09-03T00:48:13.219,IMU-2,0x29,-1.0,177.94,83.0,3,3,0,3
2026-09-03T00:48:13.317,IMU-1,0x28,-1.12,179.81,260.69,3,3,0,3
2026-09-03T00:48:13.320,IMU-2,0x29,-1.0,177.94,83.0,3,3,0,3
2026-09-03T00:48:13.417,IMU-1,0x28,-1.12,179.81,260.69,3,3,0,3
2026-09-03T00:48:13.420,IMU-2,0x29,-1.0,177.94,83.0,3,3,0,3
2026-09-03T00:48:13.517,IMU-1,0x28,-1.12,179.81,260.69,3,3,0,3
2026-09-03T00:48:13.520,IMU-2,0x29,-1.0,177.94,83.0,3,3,0,3
2026-09-03T00:48:13.617,IMU-1,0x28,-1.12,179.81,260.69,3,3,0,3
2026-09-03T00:48:13.620,IMU-2,0x29,-1.0,177.94,83.0,3,3,0,3
2026-09-03T00:48:13.717,IMU-1,0x28,-1.12,179.81,260.69,3,3,0,3
2026-09-03T00:48:13.719,IMU-2,0x29,-1.0,177.94,83.0,3,3,0,3
2026-09-03T00:48:13.816,IMU-1,0x28,-1.12,179.81,260.69,3,3,0,3
2026-09-03T00:48:13.818,IMU-2,0x29,-1.0,177.94,83.0,3,3,0,3
2026-09-03T00:48:13.916,IMU-1,0x28,-1.12,179.81,260.69,3,3,0,3
2026-09-03T00:48:13.917,IMU-2,0x29,-1.0,177.94,83.0,3,3,0,3
2026-09-03T00:48:14.016,IMU-1,0x28,-1.12,179.81,260.69,3,3,0,3
2026-09-03T00:48:14.018,IMU-2,0x29,-1.0,177.94,83.0,3,3,0,3
2026-09-03T00:48:14.116,IMU-1,0x28,-1.12,179.81,260.69,3,3,0,3
2026-09-03T00:48:14.118,IMU-2,0x29,-1.0,177.94,83.0,3,3,0,3
2026-09-03T00:48:14.216,IMU-1,0x28,-1.12,179.81,260.69,3,3,0,3
2026-09-03T00:48:14.218,IMU-2,0x29,-1.0,177.94,83.0,3,3,0,3
2026-09-03T00:48:14.317,IMU-1,0x28,-1.12,179.81,260.69,3,3,0,3
2026-09-03T00:48:14.319,IMU-2,0x29,-1.0,177.94,83.0,3,3,0,3
2026-09-03T00:48:14.416,IMU-1,0x28,-1.12,179.81,260.69,3,3,0,3
2026-09-03T00:48:14.418,IMU-2,0x29,-1.0,177.94,83.0,3,3,0,3
2026-09-03T00:48:14.516,IMU-1,0x28,-1.12,179.81,260.69,3,3,0,3
2026-09-03T00:48:14.518,IMU-2,0x29,-1.0,177.94,83.0,3,3,0,3
2026-09-03T00:48:14.616,IMU-1,0x28,-1.12,179.81,260.69,3,3,0,3
2026-09-03T00:48:14.618,IMU-2,0x29,-1.0,177.94,83.0,3,3,0,3
2026-09-03T00:48:14.716,IMU-1,0x28,-1.12,179.81,260.69,3,3,0,3
2026-09-03T00:48:14.718,IMU-2,0x29,-1.0,177.94,83.0,3,3,0,3
2026-09-03T00:48:14.817,IMU-1,0x28,-1.12,179.81,260.69,3,3,0,3
2026-09-03T00:48:14.818,IMU-2,0x29,-1.0,177.94,83.0,3,3,0,3
2026-09-03T00:48:14.917,IMU-1,0x28,-1.12,179.81,260.69,3,3,0,3
2026-09-03T00:48:14.918,IMU-2,0x29,-1.0,177.94,83.0,3,3,0,3
2026-09-03T00:48:15.017,IMU-1,0x28,-1.12,179.81,260.69,3,3,0,3
2026-09-03T00:48:15.018,IMU-2,0x29,-1.0,177.94,83.0,3,3,0,3
2026-09-03T00:48:15.117,IMU-1,0x28,-1.12,179.81,260.69,3,3,0,3
2026-09-03T00:48:15.118,IMU-2,0x29,-1.0,177.94,83.0,3,3,0,3
2026-09-03T00:48:15.217,IMU-1,0x28,-1.12,179.81,260.69,3,3,0,3
2026-09-03T00:48:15.219,IMU-2,0x29,-1.0,177.94,83.0,3,3,0,3
2026-09-03T00:48:15.317,IMU-1,0x28,-1.12,179.81,260.69,3,3,0,3
2026-09-03T00:48:15.319,IMU-2,0x29,-1.0,177.94,83.0,3,3,0,3
2026-09-03T00:48:15.417,IMU-1,0x28,-1.12,179.81,260.69,3,3,0,3
2026-09-03T00:48:15.419,IMU-2,0x29,-1.0,177.94,83.0,3,3,0,3
2026-09-03T00:48:15.517,IMU-1,0x28,-1.12,179.81,260.69,3,3,0,3
2026-09-03T00:48:15.519,IMU-2,0x29,-1.0,177.94,83.0,3,3,0,3
2026-09-03T00:48:15.617,IMU-1,0x28,-1.12,179.81,260.69,3,3,0,3
2026-09-03T00:48:15.620,IMU-2,0x29,-1.0,177.94,83.0,3,3,0,3
2026-09-03T00:48:15.717,IMU-1,0x28,-1.12,179.81,260.69,3,3,0,3
2026-09-03T00:48:15.720,IMU-2,0x29,-1.0,177.94,83.0,3,3,0,3
2026-09-03T00:48:15.817,IMU-1,0x28,-1.12,179.81,260.69,3,3,0,3
2026-09-03T00:48:15.820,IMU-2,0x29,-1.0,177.94,83.0,3,3,0,3
2026-09-03T00:48:15.917,IMU-1,0x28,-1.12,179.81,260.69,3,3,0,3
2026-09-03T00:48:15.921,IMU-2,0x29,-1.0,177.94,83.0,3,3,0,3
2026-09-03T00:48:16.017,IMU-1,0x28,-1.12,179.81,260.69,3,3,0,3
2026-09-03T00:48:16.020,IMU-2,0x29,-1.0,177.94,83.0,3,3,0,3
2026-09-03T00:48:16.117,IMU-1,0x28,-1.12,179.81,260.69,3,3,0,3
2026-09-03T00:48:16.120,IMU-2,0x29,-1.0,177.94,83.0,3,3,0,3
2026-09-03T00:48:16.218,IMU-1,0x28,-1.12,179.81,260.69,3,3,0,3
2026-09-03T00:48:16.221,IMU-2,0x29,-1.0,177.94,83.0,3,3,0,3
2026-09-03T00:48:16.318,IMU-1,0x28,-1.12,179.81,260.69,3,3,0,3
2026-09-03T00:48:16.322,IMU-2,0x29,-1.0,177.94,83.0,3,3,0,3
2026-09-03T00:48:16.418,IMU-1,0x28,-1.12,179.81,260.69,3,3,0,3
2026-09-03T00:48:16.421,IMU-2,0x29,-1.0,177.94,83.0,3,3,0,3
2026-09-03T00:48:16.518,IMU-1,0x28,-1.12,179.81,260.69,3,3,0,3
2026-09-03T00:48:16.521,IMU-2,0x29,-1.0,177.94,83.0,3,3,0,3
2026-09-03T00:48:16.618,IMU-1,0x28,-1.12,179.81,260.69,3,3,0,3
2026-09-03T00:48:16.621,IMU-2,0x29,-1.0,177.94,83.0,3,3,0,3
2026-09-03T00:48:16.719,IMU-1,0x28,-1.12,179.81,260.69,3,3,0,3
2026-09-03T00:48:16.722,IMU-2,0x29,-1.0,177.94,83.0,3,3,0,3
2026-09-03T00:48:16.819,IMU-1,0x28,-1.12,179.81,260.69,3,3,0,3
2026-09-03T00:48:16.822,IMU-2,0x29,-1.0,177.94,83.0,3,3,0,3
2026-09-03T00:48:16.919,IMU-1,0x28,-1.12,179.81,260.69,3,3,0,3
2026-09-03T00:48:16.922,IMU-2,0x29,-1.0,177.94,83.0,3,3,0,3
2026-09-03T00:48:17.019,IMU-1,0x28,-1.12,179.81,260.69,3,3,0,3
2026-09-03T00:48:17.022,IMU-2,0x29,-1.0,177.94,83.0,3,3,0,3
2026-09-03T00:48:17.119,IMU-1,0x28,-1.12,179.81,260.69,3,3,0,3
2026-09-03T00:48:17.123,IMU-2,0x29,-1.0,177.94,83.0,3,3,0,3
2026-09-03T00:48:17.220,IMU-1,0x28,-1.12,179.81,260.69,3,3,0,3
2026-09-03T00:48:17.223,IMU-2,0x29,-1.0,177.94,83.0,3,3,0,3
2026-09-03T00:48:17.320,IMU-1,0x28,-1.12,179.81,260.69,3,3,0,3
2026-09-03T00:48:17.324,IMU-2,0x29,-1.0,177.94,83.0,3,3,0,3
2026-09-03T00:48:17.420,IMU-1,0x28,-1.12,179.81,260.69,3,3,0,3
2026-09-03T00:48:17.422,IMU-2,0x29,-1.0,177.94,83.0,3,3,0,3
2026-09-03T00:48:17.520,IMU-1,0x28,-1.12,179.81,260.69,3,3,0,3
2026-09-03T00:48:17.522,IMU-2,0x29,-1.0,177.94,83.0,3,3,0,3
2026-09-03T00:48:17.620,IMU-1,0x28,-1.12,179.81,260.69,3,3,0,3
2026-09-03T00:48:17.621,IMU-2,0x29,-1.0,177.94,83.0,3,3,0,3
2026-09-03T00:48:17.720,IMU-1,0x28,-1.12,179.81,260.69,3,3,0,3
2026-09-03T00:48:17.721,IMU-2,0x29,-1.0,177.94,83.0,3,3,0,3
2026-09-03T00:48:17.820,IMU-1,0x28,-1.12,179.81,260.69,3,3,0,3
2026-09-03T00:48:17.821,IMU-2,0x29,-1.0,177.94,83.0,3,3,0,3
2026-09-03T00:48:17.920,IMU-1,0x28,-1.12,179.81,260.69,3,3,0,3
2026-09-03T00:48:17.922,IMU-2,0x29,-1.0,177.94,83.0,3,3,0,3
2026-09-03T00:48:18.020,IMU-1,0x28,-1.12,179.81,260.69,3,3,0,3
2026-09-03T00:48:18.022,IMU-2,0x29,-1.0,177.94,83.0,3,3,0,3
2026-09-03T00:48:18.120,IMU-1,0x28,-1.12,179.81,260.69,3,3,0,3
2026-09-03T00:48:18.122,IMU-2,0x29,-1.0,177.94,83.0,3,3,0,3
2026-09-03T00:48:18.220,IMU-1,0x28,-1.12,179.81,260.69,3,3,0,3
2026-09-03T00:48:18.222,IMU-2,0x29,-1.0,177.94,83.0,3,3,0,3
2026-09-03T00:48:18.321,IMU-1,0x28,-1.12,179.81,260.69,3,3,0,3
2026-09-03T00:48:18.323,IMU-2,0x29,-1.0,177.94,83.0,3,3,0,3
2026-09-03T00:48:18.420,IMU-1,0x28,-1.12,179.81,260.69,3,3,0,3
2026-09-03T00:48:18.422,IMU-2,0x29,-1.0,177.94,83.0,3,3,0,3
2026-09-03T00:48:18.520,IMU-1,0x28,-1.12,179.81,260.69,3,3,0,3
2026-09-03T00:48:18.522,IMU-2,0x29,-1.0,177.94,83.0,3,3,0,3
2026-09-03T00:48:18.621,IMU-1,0x28,-1.12,179.81,260.69,3,3,0,3
2026-09-03T00:48:18.623,IMU-2,0x29,-1.0,177.94,83.0,3,3,0,3
2026-09-03T00:48:18.720,IMU-1,0x28,-1.12,179.81,260.69,3,3,0,3
2026-09-03T00:48:18.723,IMU-2,0x29,-1.0,177.94,83.0,3,3,0,3
2026-09-03T00:48:18.820,IMU-1,0x28,-1.12,179.81,260.69,3,3,0,3
2026-09-03T00:48:18.823,IMU-2,0x29,-1.0,177.94,83.0,3,3,0,3
2026-09-03T00:48:18.920,IMU-1,0x28,-1.12,179.81,260.69,3,3,0,3
2026-09-03T00:48:18.923,IMU-2,0x29,-1.0,177.94,83.0,3,3,0,3
2026-09-03T00:48:19.020,IMU-1,0x28,-1.12,179.81,260.69,3,3,0,3
2026-09-03T00:48:19.023,IMU-2,0x29,-1.0,177.94,83.0,3,3,0,3
2026-09-03T00:48:19.119,IMU-1,0x28,-1.12,179.81,260.69,3,3,0,3
2026-09-03T00:48:19.122,IMU-2,0x29,-1.0,177.94,83.0,3,3,0,3
2026-09-03T00:48:19.220,IMU-1,0x28,-1.12,179.81,260.69,3,3,0,3
2026-09-03T00:48:19.223,IMU-2,0x29,-1.0,177.94,83.0,3,3,0,3
2026-09-03T00:48:19.320,IMU-1,0x28,-1.12,179.81,260.69,3,3,0,3
2026-09-03T00:48:19.324,IMU-2,0x29,-1.0,177.94,83.0,3,3,0,3
2026-09-03T00:48:19.420,IMU-1,0x28,-1.12,179.81,260.69,3,3,0,3
2026-09-03T00:48:19.422,IMU-2,0x29,-1.0,177.94,83.0,3,3,0,3
2026-09-03T00:48:19.520,IMU-1,0x28,-1.12,179.81,260.69,3,3,0,3
2026-09-03T00:48:19.522,IMU-2,0x29,-1.0,177.94,83.0,3,3,0,3
2026-09-03T00:48:19.620,IMU-1,0x28,-1.12,179.81,260.69,3,3,0,3
2026-09-03T00:48:19.621,IMU-2,0x29,-1.0,177.94,83.0,3,3,0,3
2026-09-03T00:48:19.720,IMU-1,0x28,-1.12,179.81,260.69,3,3,0,3
2026-09-03T00:48:19.721,IMU-2,0x29,-1.0,177.94,83.0,3,3,0,3
2026-09-03T00:48:19.820,IMU-1,0x28,-1.12,179.81,260.69,3,3,0,3
2026-09-03T00:48:19.821,IMU-2,0x29,-1.0,177.94,83.0,3,3,0,3
2026-09-03T00:48:19.920,IMU-1,0x28,-1.12,179.81,260.69,3,3,0,3
2026-09-03T00:48:19.921,IMU-2,0x29,-1.0,177.94,83.0,3,3,0,3
2026-09-03T00:48:20.020,IMU-1,0x28,-1.12,179.81,260.69,3,3,0,3
2026-09-03T00:48:20.021,IMU-2,0x29,-1.0,177.94,83.0,3,3,0,3
2026-09-03T00:48:20.120,IMU-1,0x28,-1.12,179.81,260.69,3,3,0,3
2026-09-03T00:48:20.122,IMU-2,0x29,-1.0,177.94,83.0,3,3,0,3
2026-09-03T00:48:20.220,IMU-1,0x28,-1.12,179.81,260.69,3,3,0,3
2026-09-03T00:48:20.222,IMU-2,0x29,-1.0,177.94,83.0,3,3,0,3
2026-09-03T00:48:20.321,IMU-1,0x28,-1.12,179.81,260.69,3,3,0,3
2026-09-03T00:48:20.323,IMU-2,0x29,-1.0,177.94,83.0,3,3,0,3
2026-09-03T00:48:20.421,IMU-1,0x28,-1.12,179.81,260.69,3,3,0,3
2026-09-03T00:48:20.422,IMU-2,0x29,-1.0,177.94,83.0,3,3,0,3
2026-09-03T00:48:20.521,IMU-1,0x28,-1.12,179.81,260.69,3,3,0,3
2026-09-03T00:48:20.522,IMU-2,0x29,-1.0,177.94,83.0,3,3,0,3
2026-09-03T00:48:20.621,IMU-1,0x28,-1.12,179.81,260.69,3,3,0,3
2026-09-03T00:48:20.623,IMU-2,0x29,-1.0,177.94,83.0,3,3,0,3
2026-09-03T00:48:20.721,IMU-1,0x28,-1.12,179.81,260.69,3,3,0,3
2026-09-03T00:48:20.723,IMU-2,0x29,-1.0,177.94,83.0,3,3,0,3
2026-09-03T00:48:20.822,IMU-1,0x28,-1.12,179.81,260.69,3,3,0,3
2026-09-03T00:48:20.823,IMU-2,0x29,-1.0,177.94,83.0,3,3,0,3
2026-09-03T00:48:20.921,IMU-1,0x28,-1.12,179.81,260.69,3,3,0,3
2026-09-03T00:48:20.923,IMU-2,0x29,-1.0,177.94,83.0,3,3,0,3
2026-09-03T00:48:21.022,IMU-1,0x28,-1.12,179.81,260.69,3,3,0,3
2026-09-03T00:48:21.024,IMU-2,0x29,-1.0,177.94,83.0,3,3,0,3
2026-09-03T00:48:21.122,IMU-1,0x28,-1.12,179.81,260.69,3,3,0,3
2026-09-03T00:48:21.124,IMU-2,0x29,-1.0,177.94,83.0,3,3,0,3
2026-09-03T00:48:21.222,IMU-1,0x28,-1.12,179.81,260.69,3,3,0,3
2026-09-03T00:48:21.224,IMU-2,0x29,-1.0,177.94,83.0,3,3,0,3
2026-09-03T00:48:21.323,IMU-1,0x28,-1.12,179.81,260.69,3,3,0,3
2026-09-03T00:48:21.325,IMU-2,0x29,-1.0,177.94,83.0,3,3,0,3
2026-09-03T00:48:21.422,IMU-1,0x28,-1.12,179.81,260.69,3,3,0,3
2026-09-03T00:48:21.425,IMU-2,0x29,-1.0,177.94,83.0,3,3,0,3
2026-09-03T00:48:21.522,IMU-1,0x28,-1.12,179.81,260.69,3,3,0,3
2026-09-03T00:48:21.525,IMU-2,0x29,-1.0,177.94,83.0,3,3,0,3
2026-09-03T00:48:21.622,IMU-1,0x28,-1.12,179.81,260.69,3,3,0,3
2026-09-03T00:48:21.625,IMU-2,0x29,-1.0,177.94,83.0,3,3,0,3
2026-09-03T00:48:21.722,IMU-1,0x28,-1.12,179.81,260.69,3,3,0,3
2026-09-03T00:48:21.725,IMU-2,0x29,-1.0,177.94,83.0,3,3,0,3
2026-09-03T00:48:21.823,IMU-1,0x28,-1.12,179.81,260.69,3,3,0,3
2026-09-03T00:48:21.826,IMU-2,0x29,-1.0,177.94,83.0,3,3,0,3
2026-09-03T00:48:21.923,IMU-1,0x28,-1.12,179.81,260.69,3,3,0,3
2026-09-03T00:48:21.926,IMU-2,0x29,-1.0,177.94,83.0,3,3,0,3
2026-09-03T00:48:22.023,IMU-1,0x28,-1.12,179.81,260.69,3,3,0,3
2026-09-03T00:48:22.026,IMU-2,0x29,-1.0,177.94,83.0,3,3,0,3
2026-09-03T00:48:22.123,IMU-1,0x28,-1.12,179.81,260.69,3,3,0,3
2026-09-03T00:48:22.126,IMU-2,0x29,-1.0,177.94,83.0,3,3,0,3
2026-09-03T00:48:22.223,IMU-1,0x28,-1.12,179.81,260.69,3,3,0,3
2026-09-03T00:48:22.226,IMU-2,0x29,-1.0,177.94,83.0,3,3,0,3
2026-09-03T00:48:22.323,IMU-1,0x28,-1.12,179.81,260.69,3,3,0,3
2026-09-03T00:48:22.327,IMU-2,0x29,-1.0,177.94,83.0,3,3,0,3
2026-09-03T00:48:22.422,IMU-1,0x28,-1.12,179.81,260.69,3,3,0,3
2026-09-03T00:48:22.424,IMU-2,0x29,-1.0,177.94,83.0,3,3,0,3
2026-09-03T00:48:22.522,IMU-1,0x28,-1.12,179.81,260.69,3,3,0,3
2026-09-03T00:48:22.523,IMU-2,0x29,-1.0,177.94,83.0,3,3,0,3
2026-09-03T00:48:22.621,IMU-1,0x28,-1.12,179.81,260.69,3,3,0,3
2026-09-03T00:48:22.623,IMU-2,0x29,-1.0,177.94,83.0,3,3,0,3
2026-09-03T00:48:22.722,IMU-1,0x28,-1.12,179.81,260.69,3,3,0,3
2026-09-03T00:48:22.723,IMU-2,0x29,-1.0,177.94,83.0,3,3,0,3
2026-09-03T00:48:22.822,IMU-1,0x28,-1.12,179.81,260.69,3,3,0,3
2026-09-03T00:48:22.823,IMU-2,0x29,-1.0,177.94,83.0,3,3,0,3
2026-09-03T00:48:22.922,IMU-1,0x28,-1.12,179.81,260.69,3,3,0,3
2026-09-03T00:48:22.923,IMU-2,0x29,-1.0,177.94,83.0,3,3,0,3
2026-09-03T00:48:23.022,IMU-1,0x28,-1.12,179.81,260.69,3,3,0,3
2026-09-03T00:48:23.023,IMU-2,0x29,-1.0,177.94,83.0,3,3,0,3
2026-09-03T00:48:23.122,IMU-1,0x28,-1.12,179.81,260.69,3,3,0,3
2026-09-03T00:48:23.123,IMU-2,0x29,-1.0,177.94,83.0,3,3,0,3
2026-09-03T00:48:23.222,IMU-1,0x28,-1.12,179.81,260.69,3,3,0,3
2026-09-03T00:48:23.223,IMU-2,0x29,-1.0,177.94,83.0,3,3,0,3
2026-09-03T00:48:23.322,IMU-1,0x28,-1.12,179.81,260.69,3,3,0,3
2026-09-03T00:48:23.324,IMU-2,0x29,-1.0,177.94,83.0,3,3,0,3
2026-09-03T00:48:23.422,IMU-1,0x28,-1.12,179.81,260.69,3,3,0,3
2026-09-03T00:48:23.424,IMU-2,0x29,-1.0,177.94,83.0,3,3,0,3
2026-09-03T00:48:23.522,IMU-1,0x28,-1.12,179.81,260.69,3,3,0,3
2026-09-03T00:48:23.524,IMU-2,0x29,-1.0,177.94,83.0,3,3,0,3
2026-09-03T00:48:23.622,IMU-1,0x28,-1.12,179.81,260.69,3,3,0,3
2026-09-03T00:48:23.624,IMU-2,0x29,-1.0,177.94,83.0,3,3,0,3
2026-09-03T00:48:23.722,IMU-1,0x28,-1.12,179.81,260.69,3,3,0,3
2026-09-03T00:48:23.725,IMU-2,0x29,-1.0,177.94,83.0,3,3,0,3
2026-09-03T00:48:23.823,IMU-1,0x28,-1.12,179.81,260.69,3,3,0,3
2026-09-03T00:48:23.825,IMU-2,0x29,-1.0,177.94,83.0,3,3,0,3
2026-09-03T00:48:23.923,IMU-1,0x28,-1.12,179.81,260.69,3,3,0,3
2026-09-03T00:48:23.925,IMU-2,0x29,-1.0,177.94,83.0,3,3,0,3
2026-09-03T00:48:24.023,IMU-1,0x28,-1.12,179.81,260.69,3,3,0,3
2026-09-03T00:48:24.026,IMU-2,0x29,-1.0,177.94,83.0,3,3,0,3
2026-09-03T00:48:24.123,IMU-1,0x28,-1.12,179.81,260.69,3,3,0,3
2026-09-03T00:48:24.126,IMU-2,0x29,-1.0,177.94,83.0,3,3,0,3
2026-09-03T00:48:24.223,IMU-1,0x28,-1.12,179.81,260.69,3,3,0,3
2026-09-03T00:48:24.226,IMU-2,0x29,-1.0,177.94,83.0,3,3,0,3
2026-09-03T00:48:24.324,IMU-1,0x28,-1.12,179.81,260.69,3,3,0,3
2026-09-03T00:48:24.328,IMU-2,0x29,-1.0,177.94,83.0,3,3,0,3
2026-09-03T00:48:24.424,IMU-1,0x28,-1.12,179.81,260.69,3,3,0,3
2026-09-03T00:48:24.427,IMU-2,0x29,-1.0,177.94,83.0,3,3,0,3
2026-09-03T00:48:24.524,IMU-1,0x28,-1.12,179.81,260.69,3,3,0,3
2026-09-03T00:48:24.527,IMU-2,0x29,-1.0,177.94,83.0,3,3,0,3
2026-09-03T00:48:24.624,IMU-1,0x28,-1.12,179.81,260.69,3,3,0,3
2026-09-03T00:48:24.627,IMU-2,0x29,-1.0,177.94,83.0,3,3,0,3
2026-09-03T00:48:24.724,IMU-1,0x28,-1.12,179.81,260.69,3,3,0,3
2026-09-03T00:48:24.727,IMU-2,0x29,-1.0,177.94,83.0,3,3,0,3
2026-09-03T00:48:24.824,IMU-1,0x28,-1.12,179.81,260.69,3,3,0,3
2026-09-03T00:48:24.827,IMU-2,0x29,-1.0,177.94,83.0,3,3,0,3
2026-09-03T00:48:24.925,IMU-1,0x28,-1.12,179.81,260.69,3,3,0,3
2026-09-03T00:48:24.928,IMU-2,0x29,-1.0,177.94,83.0,3,3,0,3
2026-09-03T00:48:25.025,IMU-1,0x28,-1.12,179.81,260.69,3,3,0,3
2026-09-03T00:48:25.027,IMU-2,0x29,-1.0,177.94,83.0,3,3,0,3
2026-09-03T00:48:25.125,IMU-1,0x28,-1.12,179.81,260.69,3,3,0,3
2026-09-03T00:48:25.128,IMU-2,0x29,-1.0,177.94,83.0,3,3,0,3
2026-09-03T00:48:25.225,IMU-1,0x28,-1.12,179.81,260.69,3,3,0,3
2026-09-03T00:48:25.228,IMU-2,0x29,-1.0,177.94,83.0,3,3,0,3
2026-09-03T00:48:25.326,IMU-1,0x28,-1.12,179.81,260.69,3,3,0,3
2026-09-03T00:48:25.330,IMU-2,0x29,-1.0,177.94,83.0,3,3,0,3
2026-09-03T00:48:25.425,IMU-1,0x28,-1.12,179.81,260.69,3,3,0,3
2026-09-03T00:48:25.427,IMU-2,0x29,-1.0,177.94,83.0,3,3,0,3
2026-09-03T00:48:25.525,IMU-1,0x28,-1.12,179.81,260.69,3,3,0,3
2026-09-03T00:48:25.526,IMU-2,0x29,-1.0,177.94,83.0,3,3,0,3
2026-09-03T00:48:25.625,IMU-1,0x28,-1.12,179.81,260.69,3,3,0,3
2026-09-03T00:48:25.626,IMU-2,0x29,-1.0,177.94,83.0,3,3,0,3
2026-09-03T00:48:25.725,IMU-1,0x28,-1.12,179.81,260.69,3,3,0,3
2026-09-03T00:48:25.726,IMU-2,0x29,-1.0,177.94,83.0,3,3,0,3
2026-09-03T00:48:25.825,IMU-1,0x28,-1.12,179.81,260.69,3,3,0,3
2026-09-03T00:48:25.826,IMU-2,0x29,-1.0,177.94,83.0,3,3,0,3
2026-09-03T00:48:25.925,IMU-1,0x28,-1.12,179.81,260.69,3,3,0,3
2026-09-03T00:48:25.926,IMU-2,0x29,-1.0,177.94,83.0,3,3,0,3
2026-09-03T00:48:26.025,IMU-1,0x28,-1.12,179.81,260.69,3,3,0,3
2026-09-03T00:48:26.026,IMU-2,0x29,-1.0,177.94,83.0,3,3,0,3
2026-09-03T00:48:26.124,IMU-1,0x28,-1.12,179.81,260.69,3,3,0,3
2026-09-03T00:48:26.126,IMU-2,0x29,-1.0,177.94,83.0,3,3,0,3
2026-09-03T00:48:26.224,IMU-1,0x28,-1.12,179.81,260.69,3,3,0,3
2026-09-03T00:48:26.226,IMU-2,0x29,-1.0,177.94,83.0,3,3,0,3
2026-09-03T00:48:26.325,IMU-1,0x28,-1.12,179.81,260.69,3,3,0,3
2026-09-03T00:48:26.327,IMU-2,0x29,-1.0,177.94,83.0,3,3,0,3
2026-09-03T00:48:26.424,IMU-1,0x28,-1.12,179.81,260.69,3,3,0,3
2026-09-03T00:48:26.427,IMU-2,0x29,-1.0,177.94,83.0,3,3,0,3
2026-09-03T00:48:26.524,IMU-1,0x28,-1.12,179.81,260.69,3,3,0,3
2026-09-03T00:48:26.527,IMU-2,0x29,-1.0,177.94,83.0,3,3,0,3
2026-09-03T00:48:26.624,IMU-1,0x28,-1.12,179.81,260.69,3,3,0,3
2026-09-03T00:48:26.627,IMU-2,0x29,-1.0,177.94,83.0,3,3,0,3
2026-09-03T00:48:26.724,IMU-1,0x28,-1.12,179.81,260.69,3,3,0,3
2026-09-03T00:48:26.727,IMU-2,0x29,-1.0,177.94,83.0,3,3,0,3
2026-09-03T00:48:26.824,IMU-1,0x28,-1.12,179.81,260.69,3,3,0,3
2026-09-03T00:48:26.826,IMU-2,0x29,-1.0,177.94,83.0,3,3,0,3
2026-09-03T00:48:26.924,IMU-1,0x28,-1.12,179.81,260.69,3,3,0,3
2026-09-03T00:48:26.926,IMU-2,0x29,-1.0,177.94,83.0,3,3,0,3
2026-09-03T00:48:27.024,IMU-1,0x28,-1.12,179.81,260.69,3,3,0,3
2026-09-03T00:48:27.026,IMU-2,0x29,-1.0,177.94,83.0,3,3,0,3
2026-09-03T00:48:27.124,IMU-1,0x28,-1.12,179.81,260.69,3,3,0,3
2026-09-03T00:48:27.126,IMU-2,0x29,-1.0,177.94,83.0,3,3,0,3
2026-09-03T00:48:27.224,IMU-1,0x28,-1.12,179.81,260.69,3,3,0,3
2026-09-03T00:48:27.226,IMU-2,0x29,-1.0,177.94,83.0,3,3,0,3
2026-09-03T00:48:27.325,IMU-1,0x28,-1.12,179.81,260.69,3,3,0,3
2026-09-03T00:48:27.327,IMU-2,0x29,-1.0,177.94,83.0,3,3,0,3
2026-09-03T00:48:27.425,IMU-1,0x28,-1.12,179.81,260.69,3,3,0,3
2026-09-03T00:48:27.426,IMU-2,0x29,-1.0,177.94,83.0,3,3,0,3
2026-09-03T00:48:27.525,IMU-1,0x28,-1.12,179.81,260.69,3,3,0,3
2026-09-03T00:48:27.526,IMU-2,0x29,-1.0,177.94,83.0,3,3,0,3
2026-09-03T00:48:27.625,IMU-1,0x28,-1.12,179.81,260.69,3,3,0,3
2026-09-03T00:48:27.627,IMU-2,0x29,-1.0,177.94,83.0,3,3,0,3
2026-09-03T00:48:27.725,IMU-1,0x28,-1.12,179.81,260.69,3,3,0,3
2026-09-03T00:48:27.727,IMU-2,0x29,-1.0,177.94,83.0,3,3,0,3
2026-09-03T00:48:27.826,IMU-1,0x28,-1.12,179.81,260.69,3,3,0,3
2026-09-03T00:48:27.827,IMU-2,0x29,-1.0,177.94,83.0,3,3,0,3
2026-09-03T00:48:27.926,IMU-1,0x28,-1.12,179.81,260.69,3,3,0,3
2026-09-03T00:48:27.927,IMU-2,0x29,-1.0,177.94,83.0,3,3,0,3
2026-09-03T00:48:28.026,IMU-1,0x28,-1.12,179.81,260.69,3,3,0,3
2026-09-03T00:48:28.027,IMU-2,0x29,-1.0,177.94,83.0,3,3,0,3
2026-09-03T00:48:28.126,IMU-1,0x28,-1.12,179.81,260.69,3,3,0,3
2026-09-03T00:48:28.128,IMU-2,0x29,-1.0,177.94,83.0,3,3,0,3
2026-09-03T00:48:28.226,IMU-1,0x28,-1.12,179.81,260.69,3,3,0,3
2026-09-03T00:48:28.228,IMU-2,0x29,-1.0,177.94,83.0,3,3,0,3
2026-09-03T00:48:28.327,IMU-1,0x28,-1.12,179.81,260.69,3,3,0,3
2026-09-03T00:48:28.329,IMU-2,0x29,-1.0,177.94,83.0,3,3,0,3
2026-09-03T00:48:28.427,IMU-1,0x28,-1.12,179.81,260.69,3,3,0,3
2026-09-03T00:48:28.428,IMU-2,0x29,-1.0,177.94,83.0,3,3,0,3
2026-09-03T00:48:28.527,IMU-1,0x28,-1.12,179.81,260.69,3,3,0,3
2026-09-03T00:48:28.528,IMU-2,0x29,-1.0,177.94,83.0,3,3,0,3
2026-09-03T00:48:28.627,IMU-1,0x28,-1.12,179.81,260.69,3,3,0,3
2026-09-03T00:48:28.628,IMU-2,0x29,-1.0,177.94,83.0,3,3,0,3
2026-09-03T00:48:28.727,IMU-1,0x28,-1.12,179.81,260.69,3,3,0,3
2026-09-03T00:48:28.728,IMU-2,0x29,-1.0,177.94,83.0,3,3,0,3
2026-09-03T00:48:28.827,IMU-1,0x28,-1.12,179.81,260.69,3,3,0,3
2026-09-03T00:48:28.828,IMU-2,0x29,-1.0,177.94,83.0,3,3,0,3
2026-09-03T00:48:28.927,IMU-1,0x28,-1.12,179.81,260.69,3,3,0,3
2026-09-03T00:48:28.929,IMU-2,0x29,-1.0,177.94,83.0,3,3,0,3
2026-09-03T00:48:29.027,IMU-1,0x28,-1.12,179.81,260.69,3,3,0,3
2026-09-03T00:48:29.029,IMU-2,0x29,-1.0,177.94,83.0,3,3,0,3
2026-09-03T00:48:29.127,IMU-1,0x28,-1.12,179.81,260.69,3,3,0,3
2026-09-03T00:48:29.129,IMU-2,0x29,-1.0,177.94,83.0,3,3,0,3
2026-09-03T00:48:29.227,IMU-1,0x28,-1.12,179.81,260.69,3,3,0,3
2026-09-03T00:48:29.229,IMU-2,0x29,-1.0,177.94,83.0,3,3,0,3
2026-09-03T00:48:29.328,IMU-1,0x28,-1.12,179.81,260.69,3,3,0,3
2026-09-03T00:48:29.331,IMU-2,0x29,-1.0,177.94,83.0,3,3,0,3
2026-09-03T00:48:29.427,IMU-1,0x28,-1.12,179.81,260.69,3,3,0,3
2026-09-03T00:48:29.430,IMU-2,0x29,-1.0,177.94,83.0,3,3,0,3
2026-09-03T00:48:29.527,IMU-1,0x28,-1.12,179.81,260.69,3,3,0,3
2026-09-03T00:48:29.530,IMU-2,0x29,-1.0,177.94,83.0,3,3,0,3
2026-09-03T00:48:29.627,IMU-1,0x28,-1.12,179.81,260.69,3,3,0,3
2026-09-03T00:48:29.630,IMU-2,0x29,-1.0,177.94,83.0,3,3,0,3
2026-09-03T00:48:29.726,IMU-1,0x28,-1.12,179.81,260.69,3,3,0,3
2026-09-03T00:48:29.729,IMU-2,0x29,-1.0,177.94,83.0,3,3,0,3
2026-09-03T00:48:29.826,IMU-1,0x28,-1.12,179.81,260.69,3,3,0,3
2026-09-03T00:48:29.829,IMU-2,0x29,-1.0,177.94,83.0,3,3,0,3
2026-09-03T00:48:29.926,IMU-1,0x28,-1.12,179.81,260.69,3,3,0,3
2026-09-03T00:48:29.929,IMU-2,0x29,-1.0,177.94,83.0,3,3,0,3
2026-09-03T00:48:30.026,IMU-1,0x28,-1.12,179.81,260.69,3,3,0,3
2026-09-03T00:48:30.029,IMU-2,0x29,-1.0,177.94,83.0,3,3,0,3
2026-09-03T00:48:30.126,IMU-1,0x28,-1.12,179.81,260.69,3,3,0,3
2026-09-03T00:48:30.129,IMU-2,0x29,-1.0,177.94,83.0,3,3,0,3
2026-09-03T00:48:30.226,IMU-1,0x28,-1.12,179.81,260.69,3,3,0,3
2026-09-03T00:48:30.229,IMU-2,0x29,-1.0,177.94,83.0,3,3,0,3
2026-09-03T00:48:30.327,IMU-1,0x28,-1.12,179.81,260.69,3,3,0,3
2026-09-03T00:48:30.330,IMU-2,0x29,-1.0,177.94,83.0,3,3,0,3
2026-09-03T00:48:30.426,IMU-1,0x28,-1.12,179.81,260.69,3,3,0,3
2026-09-03T00:48:30.428,IMU-2,0x29,-1.0,177.94,83.0,3,3,0,3
2026-09-03T00:48:30.526,IMU-1,0x28,-1.12,179.81,260.69,3,3,0,3
2026-09-03T00:48:30.528,IMU-2,0x29,-1.0,177.94,83.0,3,3,0,3
2026-09-03T00:48:30.627,IMU-1,0x28,-1.12,179.81,260.69,3,3,0,3
2026-09-03T00:48:30.628,IMU-2,0x29,-1.0,177.94,83.0,3,3,0,3
2026-09-03T00:48:30.727,IMU-1,0x28,-1.12,179.81,260.69,3,3,0,3
2026-09-03T00:48:30.728,IMU-2,0x29,-1.0,177.94,83.0,3,3,0,3
2026-09-03T00:48:30.827,IMU-1,0x28,-1.12,179.81,260.69,3,3,0,3
2026-09-03T00:48:30.828,IMU-2,0x29,-1.0,177.94,83.0,3,3,0,3
2026-09-03T00:48:30.927,IMU-1,0x28,-1.12,179.81,260.69,3,3,0,3
2026-09-03T00:48:30.929,IMU-2,0x29,-1.0,177.94,83.0,3,3,0,3
2026-09-03T00:48:31.027,IMU-1,0x28,-1.12,179.81,260.69,3,3,0,3
2026-09-03T00:48:31.029,IMU-2,0x29,-1.0,177.94,83.0,3,3,0,3
2026-09-03T00:48:31.127,IMU-1,0x28,-1.12,179.81,260.69,3,3,0,3
2026-09-03T00:48:31.129,IMU-2,0x29,-1.0,177.94,83.0,3,3,0,3
2026-09-03T00:48:31.228,IMU-1,0x28,-1.12,179.81,260.69,3,3,0,3
2026-09-03T00:48:31.229,IMU-2,0x29,-1.0,177.94,83.0,3,3,0,3
2026-09-03T00:48:31.328,IMU-1,0x28,-1.12,179.81,260.69,3,3,0,3
2026-09-03T00:48:31.330,IMU-2,0x29,-1.0,177.94,83.0,3,3,0,3
2026-09-03T00:48:31.428,IMU-1,0x28,-1.12,179.81,260.69,3,3,0,3
2026-09-03T00:48:31.430,IMU-2,0x29,-1.0,177.94,83.0,3,3,0,3
2026-09-03T00:48:31.528,IMU-1,0x28,-1.12,179.81,260.69,3,3,0,3
2026-09-03T00:48:31.530,IMU-2,0x29,-1.0,177.94,83.0,3,3,0,3
2026-09-03T00:48:31.629,IMU-1,0x28,-1.12,179.81,260.69,3,3,0,3
2026-09-03T00:48:31.630,IMU-2,0x29,-1.0,177.94,83.0,3,3,0,3
2026-09-03T00:48:31.729,IMU-1,0x28,-1.12,179.81,260.69,3,3,0,3
2026-09-03T00:48:31.731,IMU-2,0x29,-1.0,177.94,83.0,3,3,0,3
2026-09-03T00:48:31.828,IMU-1,0x28,-1.12,179.81,260.69,3,3,0,3
2026-09-03T00:48:31.830,IMU-2,0x29,-1.0,177.94,83.0,3,3,0,3
2026-09-03T00:48:31.928,IMU-1,0x28,-1.12,179.81,260.69,3,3,0,3
2026-09-03T00:48:31.931,IMU-2,0x29,-1.0,177.94,83.0,3,3,0,3
2026-09-03T00:48:32.028,IMU-1,0x28,-1.12,179.81,260.69,3,3,0,3
2026-09-03T00:48:32.031,IMU-2,0x29,-1.0,177.94,83.0,3,3,0,3
2026-09-03T00:48:32.128,IMU-1,0x28,-1.12,179.81,260.69,3,3,0,3
2026-09-03T00:48:32.131,IMU-2,0x29,-1.0,177.94,83.0,3,3,0,3
2026-09-03T00:48:32.228,IMU-1,0x28,-1.12,179.81,260.69,3,3,0,3
2026-09-03T00:48:32.231,IMU-2,0x29,-1.0,177.94,83.0,3,3,0,3
2026-09-03T00:48:32.328,IMU-1,0x28,-1.12,179.81,260.69,3,3,0,3
2026-09-03T00:48:32.332,IMU-2,0x29,-1.0,177.94,83.0,3,3,0,3
2026-09-03T00:48:32.428,IMU-1,0x28,-1.12,179.81,260.69,3,3,0,3
2026-09-03T00:48:32.431,IMU-2,0x29,-1.0,177.94,83.0,3,3,0,3
2026-09-03T00:48:32.528,IMU-1,0x28,-1.12,179.81,260.69,3,3,0,3
2026-09-03T00:48:32.531,IMU-2,0x29,-1.0,177.94,83.0,3,3,0,3
2026-09-03T00:48:32.628,IMU-1,0x28,-1.12,179.81,260.69,3,3,0,3
2026-09-03T00:48:32.631,IMU-2,0x29,-1.0,177.94,83.0,3,3,0,3
2026-09-03T00:48:32.728,IMU-1,0x28,-1.12,179.81,260.69,3,3,0,3
2026-09-03T00:48:32.731,IMU-2,0x29,-1.0,177.94,83.0,3,3,0,3
2026-09-03T00:48:32.828,IMU-1,0x28,-1.12,179.81,260.69,3,3,0,3
2026-09-03T00:48:32.831,IMU-2,0x29,-1.0,177.94,83.0,3,3,0,3
2026-09-03T00:48:32.928,IMU-1,0x28,-1.12,179.81,260.69,3,3,0,3
2026-09-03T00:48:32.930,IMU-2,0x29,-1.0,177.94,83.0,3,3,0,3
2026-09-03T00:48:33.028,IMU-1,0x28,-1.12,179.81,260.69,3,3,0,3
2026-09-03T00:48:33.030,IMU-2,0x29,-1.0,177.94,83.0,3,3,0,3
2026-09-03T00:48:33.128,IMU-1,0x28,-1.12,179.81,260.69,3,3,0,3
2026-09-03T00:48:33.130,IMU-2,0x29,-1.0,177.94,83.0,3,3,0,3
2026-09-03T00:48:33.228,IMU-1,0x28,-1.12,179.81,260.69,3,3,0,3
2026-09-03T00:48:33.230,IMU-2,0x29,-1.0,177.94,83.0,3,3,0,3
2026-09-03T00:48:33.329,IMU-1,0x28,-1.12,179.81,260.69,3,3,0,3
2026-09-03T00:48:33.331,IMU-2,0x29,-1.0,177.94,83.0,3,3,0,3
2026-09-03T00:48:33.428,IMU-1,0x28,-1.12,179.81,260.69,3,3,0,3
2026-09-03T00:48:33.430,IMU-2,0x29,-1.0,177.94,83.0,3,3,0,3
2026-09-03T00:48:33.528,IMU-1,0x28,-1.12,179.81,260.69,3,3,0,3
2026-09-03T00:48:33.530,IMU-2,0x29,-1.0,177.94,83.0,3,3,0,3
2026-09-03T00:48:33.628,IMU-1,0x28,-1.12,179.81,260.69,3,3,0,3
2026-09-03T00:48:33.630,IMU-2,0x29,-1.0,177.94,83.0,3,3,0,3
2026-09-03T00:48:33.728,IMU-1,0x28,-1.12,179.81,260.69,3,3,0,3
2026-09-03T00:48:33.730,IMU-2,0x29,-1.0,177.94,83.0,3,3,0,3
2026-09-03T00:48:33.828,IMU-1,0x28,-1.12,179.81,260.69,3,3,0,3
2026-09-03T00:48:33.830,IMU-2,0x29,-1.0,177.94,83.0,3,3,0,3
2026-09-03T00:48:33.929,IMU-1,0x28,-1.12,179.81,260.69,3,3,0,3
2026-09-03T00:48:33.930,IMU-2,0x29,-1.0,177.94,83.0,3,3,0,3
2026-09-03T00:48:34.029,IMU-1,0x28,-1.12,179.81,260.69,3,3,0,3
2026-09-03T00:48:34.031,IMU-2,0x29,-1.0,177.94,83.0,3,3,0,3
2026-09-03T00:48:34.129,IMU-1,0x28,-1.12,179.81,260.69,3,3,0,3
2026-09-03T00:48:34.131,IMU-2,0x29,-1.0,177.94,83.0,3,3,0,3
2026-09-03T00:48:34.229,IMU-1,0x28,-1.12,179.81,260.69,3,3,0,3
2026-09-03T00:48:34.231,IMU-2,0x29,-1.0,177.94,83.0,3,3,0,3
2026-09-03T00:48:34.330,IMU-1,0x28,-1.12,179.81,260.69,3,3,0,3
2026-09-03T00:48:34.332,IMU-2,0x29,-1.0,177.94,83.0,3,3,0,3
2026-09-03T00:48:34.430,IMU-1,0x28,-1.12,179.81,260.69,3,3,0,3
2026-09-03T00:48:34.432,IMU-2,0x29,-1.0,177.94,83.0,3,3,0,3
2026-09-03T00:48:34.530,IMU-1,0x28,-1.12,179.81,260.69,3,3,0,3
2026-09-03T00:48:34.532,IMU-2,0x29,-1.0,177.94,83.0,3,3,0,3
2026-09-03T00:48:34.630,IMU-1,0x28,-1.12,179.81,260.69,3,3,0,3
2026-09-03T00:48:34.633,IMU-2,0x29,-1.0,177.94,83.0,3,3,0,3
2026-09-03T00:48:34.730,IMU-1,0x28,-1.12,179.81,260.69,3,3,0,3
2026-09-03T00:48:34.733,IMU-2,0x29,-1.0,177.94,83.0,3,3,0,3
2026-09-03T00:48:34.830,IMU-1,0x28,-1.12,179.81,260.69,3,3,0,3
2026-09-03T00:48:34.833,IMU-2,0x29,-1.0,177.94,83.0,3,3,0,3
2026-09-03T00:48:34.931,IMU-1,0x28,-1.12,179.81,260.69,3,3,0,3
2026-09-03T00:48:34.934,IMU-2,0x29,-1.0,177.94,83.0,3,3,0,3
2026-09-03T00:48:35.031,IMU-1,0x28,-1.12,179.81,260.69,3,3,0,3
2026-09-03T00:48:35.034,IMU-2,0x29,-1.0,177.94,83.0,3,3,0,3
2026-09-03T00:48:35.131,IMU-1,0x28,-1.12,179.81,260.69,3,3,0,3
2026-09-03T00:48:35.134,IMU-2,0x29,-1.0,177.94,83.0,3,3,0,3
2026-09-03T00:48:35.231,IMU-1,0x28,-1.12,179.81,260.69,3,3,0,3
2026-09-03T00:48:35.234,IMU-2,0x29,-1.0,177.94,83.0,3,3,0,3
2026-09-03T00:48:35.332,IMU-1,0x28,-1.12,179.81,260.69,3,3,0,3
2026-09-03T00:48:35.336,IMU-2,0x29,-1.0,177.94,83.0,3,3,0,3
2026-09-03T00:48:35.431,IMU-1,0x28,-1.12,179.81,260.69,3,3,0,3
2026-09-03T00:48:35.434,IMU-2,0x29,-1.0,177.94,83.0,3,3,0,3
2026-09-03T00:48:35.531,IMU-1,0x28,-1.12,179.81,260.69,3,3,0,3
2026-09-03T00:48:35.534,IMU-2,0x29,-1.0,177.94,83.0,3,3,0,3
2026-09-03T00:48:35.631,IMU-1,0x28,-1.12,179.81,260.69,3,3,0,3
2026-09-03T00:48:35.634,IMU-2,0x29,-1.0,177.94,83.0,3,3,0,3
2026-09-03T00:48:35.731,IMU-1,0x28,-1.12,179.81,260.69,3,3,0,3
2026-09-03T00:48:35.734,IMU-2,0x29,-1.0,177.94,83.0,3,3,0,3
2026-09-03T00:48:35.831,IMU-1,0x28,-1.12,179.81,260.69,3,3,0,3
2026-09-03T00:48:35.834,IMU-2,0x29,-1.0,177.94,83.0,3,3,0,3
2026-09-03T00:48:35.931,IMU-1,0x28,-1.12,179.81,260.69,3,3,0,3
2026-09-03T00:48:35.934,IMU-2,0x29,-1.0,177.94,83.0,3,3,0,3
2026-09-03T00:48:36.031,IMU-1,0x28,-1.12,179.81,260.69,3,3,0,3
2026-09-03T00:48:36.034,IMU-2,0x29,-1.0,177.94,83.0,3,3,0,3
2026-09-03T00:48:36.131,IMU-1,0x28,-1.12,179.81,260.69,3,3,0,3
2026-09-03T00:48:36.133,IMU-2,0x29,-1.0,177.94,83.0,3,3,0,3
2026-09-03T00:48:36.231,IMU-1,0x28,-1.12,179.81,260.69,3,3,0,3
2026-09-03T00:48:36.233,IMU-2,0x29,-1.0,177.94,83.0,3,3,0,3
2026-09-03T00:48:36.332,IMU-1,0x28,-1.12,179.81,260.69,3,3,0,3
2026-09-03T00:48:36.334,IMU-2,0x29,-1.0,177.94,83.0,3,3,0,3
2026-09-03T00:48:36.431,IMU-1,0x28,-1.12,179.81,260.69,3,3,0,3
2026-09-03T00:48:36.432,IMU-2,0x29,-1.0,177.94,83.0,3,3,0,3
2026-09-03T00:48:36.530,IMU-1,0x28,-1.12,179.81,260.69,3,3,0,3
2026-09-03T00:48:36.532,IMU-2,0x29,-1.0,177.94,83.0,3,3,0,3
2026-09-03T00:48:36.630,IMU-1,0x28,-1.12,179.81,260.69,3,3,0,3
2026-09-03T00:48:36.632,IMU-2,0x29,-1.0,177.94,83.0,3,3,0,3
2026-09-03T00:48:36.730,IMU-1,0x28,-1.12,179.81,260.69,3,3,0,3
2026-09-03T00:48:36.732,IMU-2,0x29,-1.0,177.94,83.0,3,3,0,3
2026-09-03T00:48:36.830,IMU-1,0x28,-1.12,179.81,260.69,3,3,0,3
2026-09-03T00:48:36.833,IMU-2,0x29,-1.0,177.94,83.0,3,3,0,3
2026-09-03T00:48:36.930,IMU-1,0x28,-1.12,179.81,260.69,3,3,0,3
2026-09-03T00:48:36.933,IMU-2,0x29,-1.0,177.94,83.0,3,3,0,3
2026-09-03T00:48:37.031,IMU-1,0x28,-1.12,179.81,260.69,3,3,0,3
2026-09-03T00:48:37.033,IMU-2,0x29,-1.0,177.94,83.0,3,3,0,3
2026-09-03T00:48:37.131,IMU-1,0x28,-1.12,179.81,260.69,3,3,0,3
2026-09-03T00:48:37.133,IMU-2,0x29,-1.0,177.94,83.0,3,3,0,3
2026-09-03T00:48:37.231,IMU-1,0x28,-1.12,179.81,260.69,3,3,0,3
2026-09-03T00:48:37.234,IMU-2,0x29,-1.0,177.94,83.0,3,3,0,3
2026-09-03T00:48:37.331,IMU-1,0x28,-1.12,179.81,260.69,3,3,0,3
2026-09-03T00:48:37.335,IMU-2,0x29,-1.0,177.94,83.0,3,3,0,3
2026-09-03T00:48:37.431,IMU-1,0x28,-1.12,179.81,260.69,3,3,0,3
2026-09-03T00:48:37.434,IMU-2,0x29,-1.0,177.94,83.0,3,3,0,3
2026-09-03T00:48:37.531,IMU-1,0x28,-1.12,179.81,260.69,3,3,0,3
2026-09-03T00:48:37.534,IMU-2,0x29,-1.0,177.94,83.0,3,3,0,3
2026-09-03T00:48:37.631,IMU-1,0x28,-1.12,179.81,260.69,3,3,0,3
2026-09-03T00:48:37.634,IMU-2,0x29,-1.0,177.94,83.0,3,3,0,3
2026-09-03T00:48:37.731,IMU-1,0x28,-1.12,179.81,260.69,3,3,0,3
2026-09-03T00:48:37.734,IMU-2,0x29,-1.0,177.94,83.0,3,3,0,3
2026-09-03T00:48:37.832,IMU-1,0x28,-1.12,179.81,260.69,3,3,0,3
2026-09-03T00:48:37.835,IMU-2,0x29,-1.0,177.94,83.0,3,3,0,3
2026-09-03T00:48:37.932,IMU-1,0x28,-1.12,179.81,260.69,3,3,0,3
2026-09-03T00:48:37.935,IMU-2,0x29,-1.0,177.94,83.0,3,3,0,3
2026-09-03T00:48:38.032,IMU-1,0x28,-1.12,179.81,260.69,3,3,0,3
2026-09-03T00:48:38.035,IMU-2,0x29,-1.0,177.94,83.0,3,3,0,3
2026-09-03T00:48:38.132,IMU-1,0x28,-1.12,179.81,260.69,3,3,0,3
2026-09-03T00:48:38.135,IMU-2,0x29,-1.0,177.94,83.0,3,3,0,3
2026-09-03T00:48:38.232,IMU-1,0x28,-1.12,179.81,260.69,3,3,0,3
2026-09-03T00:48:38.236,IMU-2,0x29,-1.0,177.94,83.0,3,3,0,3
2026-09-03T00:48:38.333,IMU-1,0x28,-1.12,179.81,260.69,3,3,0,3
2026-09-03T00:48:38.337,IMU-2,0x29,-1.0,177.94,83.0,3,3,0,3
2026-09-03T00:48:38.433,IMU-1,0x28,-1.12,179.81,260.69,3,3,0,3
2026-09-03T00:48:38.436,IMU-2,0x29,-1.0,177.94,83.0,3,3,0,3
2026-09-03T00:48:38.533,IMU-1,0x28,-1.12,179.81,260.69,3,3,0,3
2026-09-03T00:48:38.536,IMU-2,0x29,-1.0,177.94,83.0,3,3,0,3
2026-09-03T00:48:38.633,IMU-1,0x28,-1.12,179.81,260.69,3,3,0,3
2026-09-03T00:48:38.635,IMU-2,0x29,-1.0,177.94,83.0,3,3,0,3
2026-09-03T00:48:38.733,IMU-1,0x28,-1.12,179.81,260.69,3,3,0,3
2026-09-03T00:48:38.735,IMU-2,0x29,-1.0,177.94,83.0,3,3,0,3
2026-09-03T00:48:38.833,IMU-1,0x28,-1.12,179.81,260.69,3,3,0,3
2026-09-03T00:48:38.835,IMU-2,0x29,-1.0,177.94,83.0,3,3,0,3
2026-09-03T00:48:38.933,IMU-1,0x28,-1.12,179.81,260.69,3,3,0,3
2026-09-03T00:48:38.935,IMU-2,0x29,-1.0,177.94,83.0,3,3,0,3
2026-09-03T00:48:39.033,IMU-1,0x28,-1.12,179.81,260.69,3,3,0,3
2026-09-03T00:48:39.035,IMU-2,0x29,-1.0,177.94,83.0,3,3,0,3
2026-09-03T00:48:39.133,IMU-1,0x28,-1.12,179.81,260.69,3,3,0,3
2026-09-03T00:48:39.135,IMU-2,0x29,-1.0,177.94,83.0,3,3,0,3
2026-09-03T00:48:39.233,IMU-1,0x28,-1.12,179.81,260.69,3,3,0,3
2026-09-03T00:48:39.235,IMU-2,0x29,-1.0,177.94,83.0,3,3,0,3
2026-09-03T00:48:39.334,IMU-1,0x28,-1.12,179.81,260.69,3,3,0,3
2026-09-03T00:48:39.336,IMU-2,0x29,-1.0,177.94,83.0,3,3,0,3
2026-09-03T00:48:39.434,IMU-1,0x28,-1.12,179.81,260.69,3,3,0,3
2026-09-03T00:48:39.435,IMU-2,0x29,-1.0,177.94,83.0,3,3,0,3
2026-09-03T00:48:39.534,IMU-1,0x28,-1.12,179.81,260.69,3,3,0,3
2026-09-03T00:48:39.535,IMU-2,0x29,-1.0,177.94,83.0,3,3,0,3
2026-09-03T00:48:39.634,IMU-1,0x28,-1.12,179.81,260.69,3,3,0,3
2026-09-03T00:48:39.636,IMU-2,0x29,-1.0,177.94,83.0,3,3,0,3
2026-09-03T00:48:39.733,IMU-1,0x28,-1.12,179.81,260.69,3,3,0,3
2026-09-03T00:48:39.736,IMU-2,0x29,-1.0,177.94,83.0,3,3,0,3
2026-09-03T00:48:39.833,IMU-1,0x28,-1.12,179.81,260.69,3,3,0,3
2026-09-03T00:48:39.836,IMU-2,0x29,-1.0,177.94,83.0,3,3,0,3
2026-09-03T00:48:39.933,IMU-1,0x28,-1.12,179.81,260.69,3,3,0,3
2026-09-03T00:48:39.936,IMU-2,0x29,-1.0,177.94,83.0,3,3,0,3
2026-09-03T00:48:40.032,IMU-1,0x28,-1.12,179.81,260.69,3,3,0,3
2026-09-03T00:48:40.035,IMU-2,0x29,-1.0,177.94,83.0,3,3,0,3
2026-09-03T00:48:40.132,IMU-1,0x28,-1.12,179.81,260.69,3,3,0,3
2026-09-03T00:48:40.134,IMU-2,0x29,-1.0,177.94,83.0,3,3,0,3
2026-09-03T00:48:40.233,IMU-1,0x28,-1.12,179.81,260.69,3,3,0,3
2026-09-03T00:48:40.234,IMU-2,0x29,-1.0,177.94,83.0,3,3,0,3
2026-09-03T00:48:40.333,IMU-1,0x28,-1.12,179.81,260.69,3,3,0,3
2026-09-03T00:48:40.335,IMU-2,0x29,-1.0,177.94,83.0,3,3,0,3
2026-09-03T00:48:40.433,IMU-1,0x28,-1.12,179.81,260.69,3,3,0,3
2026-09-03T00:48:40.434,IMU-2,0x29,-1.0,177.94,83.0,3,3,0,3
2026-09-03T00:48:40.533,IMU-1,0x28,-1.12,179.81,260.69,3,3,0,3
2026-09-03T00:48:40.534,IMU-2,0x29,-1.0,177.94,83.0,3,3,0,3
2026-09-03T00:48:40.633,IMU-1,0x28,-1.12,179.81,260.69,3,3,0,3
2026-09-03T00:48:40.634,IMU-2,0x29,-1.0,177.94,83.0,3,3,0,3
2026-09-03T00:48:40.733,IMU-1,0x28,-1.12,179.81,260.69,3,3,0,3
2026-09-03T00:48:40.734,IMU-2,0x29,-1.0,177.94,83.0,3,3,0,3
2026-09-03T00:48:40.833,IMU-1,0x28,-1.12,179.81,260.69,3,3,0,3
2026-09-03T00:48:40.834,IMU-2,0x29,-1.0,177.94,83.0,3,3,0,3
2026-09-03T00:48:40.933,IMU-1,0x28,-1.12,179.81,260.69,3,3,0,3
2026-09-03T00:48:40.935,IMU-2,0x29,-1.0,177.94,83.0,3,3,0,3
2026-09-03T00:48:41.033,IMU-1,0x28,-1.12,179.81,260.69,3,3,0,3
2026-09-03T00:48:41.035,IMU-2,0x29,-1.0,177.94,83.0,3,3,0,3
2026-09-03T00:48:41.134,IMU-1,0x28,-1.12,179.81,260.69,3,3,0,3
2026-09-03T00:48:41.135,IMU-2,0x29,-1.0,177.94,83.0,3,3,0,3
2026-09-03T00:48:41.234,IMU-1,0x28,-1.12,179.81,260.69,3,3,0,3
2026-09-03T00:48:41.235,IMU-2,0x29,-1.0,177.94,83.0,3,3,0,3
2026-09-03T00:48:41.334,IMU-1,0x28,-1.12,179.81,260.69,3,3,0,3
2026-09-03T00:48:41.336,IMU-2,0x29,-1.0,177.94,83.0,3,3,0,3
2026-09-03T00:48:41.434,IMU-1,0x28,-1.12,179.81,260.69,3,3,0,3
2026-09-03T00:48:41.436,IMU-2,0x29,-1.0,177.94,83.0,3,3,0,3
2026-09-03T00:48:41.534,IMU-1,0x28,-1.12,179.81,260.69,3,3,0,3
2026-09-03T00:48:41.536,IMU-2,0x29,-1.0,177.94,83.0,3,3,0,3
2026-09-03T00:48:41.635,IMU-1,0x28,-1.12,179.81,260.69,3,3,0,3
2026-09-03T00:48:41.636,IMU-2,0x29,-1.0,177.94,83.0,3,3,0,3
2026-09-03T00:48:41.735,IMU-1,0x28,-1.12,179.81,260.69,3,3,0,3
2026-09-03T00:48:41.736,IMU-2,0x29,-1.0,177.94,83.0,3,3,0,3
2026-09-03T00:48:41.835,IMU-1,0x28,-1.12,179.81,260.69,3,3,0,3
2026-09-03T00:48:41.837,IMU-2,0x29,-1.0,177.94,83.0,3,3,0,3
2026-09-03T00:48:41.935,IMU-1,0x28,-1.12,179.81,260.69,3,3,0,3
2026-09-03T00:48:41.937,IMU-2,0x29,-1.0,177.94,83.0,3,3,0,3
2026-09-03T00:48:42.035,IMU-1,0x28,-1.12,179.81,260.69,3,3,0,3
2026-09-03T00:48:42.037,IMU-2,0x29,-1.0,177.94,83.0,3,3,0,3
2026-09-03T00:48:42.135,IMU-1,0x28,-1.12,179.81,260.69,3,3,0,3
2026-09-03T00:48:42.137,IMU-2,0x29,-1.0,177.94,83.0,3,3,0,3
2026-09-03T00:48:42.235,IMU-1,0x28,-1.12,179.81,260.69,3,3,0,3
2026-09-03T00:48:42.237,IMU-2,0x29,-1.0,177.94,83.0,3,3,0,3
2026-09-03T00:48:42.336,IMU-1,0x28,-1.12,179.81,260.69,3,3,0,3
2026-09-03T00:48:42.338,IMU-2,0x29,-1.0,177.94,83.0,3,3,0,3
2026-09-03T00:48:42.435,IMU-1,0x28,-1.12,179.81,260.69,3,3,0,3
2026-09-03T00:48:42.438,IMU-2,0x29,-1.0,177.94,83.0,3,3,0,3
2026-09-03T00:48:42.535,IMU-1,0x28,-1.12,179.81,260.69,3,3,0,3
2026-09-03T00:48:42.538,IMU-2,0x29,-1.0,177.94,83.0,3,3,0,3
2026-09-03T00:48:42.635,IMU-1,0x28,-1.12,179.81,260.69,3,3,0,3
2026-09-03T00:48:42.638,IMU-2,0x29,-1.0,177.94,83.0,3,3,0,3
2026-09-03T00:48:42.736,IMU-1,0x28,-1.12,179.81,260.69,3,3,0,3
2026-09-03T00:48:42.739,IMU-2,0x29,-1.0,177.94,83.0,3,3,0,3
2026-09-03T00:48:42.836,IMU-1,0x28,-1.12,179.81,260.69,3,3,0,3
2026-09-03T00:48:42.839,IMU-2,0x29,-1.0,177.94,83.0,3,3,0,3
2026-09-03T00:48:42.936,IMU-1,0x28,-1.12,179.81,260.69,3,3,0,3
2026-09-03T00:48:42.939,IMU-2,0x29,-1.0,177.94,83.0,3,3,0,3
2026-09-03T00:48:43.036,IMU-1,0x28,-1.12,179.81,260.69,3,3,0,3
2026-09-03T00:48:43.039,IMU-2,0x29,-1.0,177.94,83.0,3,3,0,3
2026-09-03T00:48:43.135,IMU-1,0x28,-1.12,179.81,260.69,3,3,0,3
2026-09-03T00:48:43.138,IMU-2,0x29,-1.0,177.94,83.0,3,3,0,3
2026-09-03T00:48:43.235,IMU-1,0x28,-1.12,179.81,260.69,3,3,0,3
2026-09-03T00:48:43.238,IMU-2,0x29,-1.0,177.94,83.0,3,3,0,3
2026-09-03T00:48:43.335,IMU-1,0x28,-1.12,179.81,260.69,3,3,0,3
2026-09-03T00:48:43.339,IMU-2,0x29,-1.0,177.94,83.0,3,3,0,3
2026-09-03T00:48:43.434,IMU-1,0x28,-1.12,179.81,260.69,3,3,0,3
2026-09-03T00:48:43.437,IMU-2,0x29,-1.0,177.94,83.0,3,3,0,3
2026-09-03T00:48:43.535,IMU-1,0x28,-1.12,179.81,260.69,3,3,0,3
2026-09-03T00:48:43.537,IMU-2,0x29,-1.0,177.94,83.0,3,3,0,3
2026-09-03T00:48:43.635,IMU-1,0x28,-1.12,179.81,260.69,3,3,0,3
2026-09-03T00:48:43.636,IMU-2,0x29,-1.0,177.94,83.0,3,3,0,3
2026-09-03T00:48:43.735,IMU-1,0x28,-1.12,179.81,260.69,3,3,0,3
2026-09-03T00:48:43.736,IMU-2,0x29,-1.0,177.94,83.0,3,3,0,3
2026-09-03T00:48:43.835,IMU-1,0x28,-1.12,179.81,260.69,3,3,0,3
2026-09-03T00:48:43.836,IMU-2,0x29,-1.0,177.94,83.0,3,3,0,3
2026-09-03T00:48:43.935,IMU-1,0x28,-1.12,179.81,260.69,3,3,0,3
2026-09-03T00:48:43.936,IMU-2,0x29,-1.0,177.94,83.0,3,3,0,3
2026-09-03T00:48:44.035,IMU-1,0x28,-1.12,179.81,260.69,3,3,0,3
2026-09-03T00:48:44.036,IMU-2,0x29,-1.0,177.94,83.0,3,3,0,3
2026-09-03T00:48:44.135,IMU-1,0x28,-1.12,179.81,260.69,3,3,0,3
2026-09-03T00:48:44.136,IMU-2,0x29,-1.0,177.94,83.0,3,3,0,3
2026-09-03T00:48:44.235,IMU-1,0x28,-1.12,179.81,260.69,3,3,0,3
2026-09-03T00:48:44.237,IMU-2,0x29,-1.0,177.94,83.0,3,3,0,3
2026-09-03T00:48:44.336,IMU-1,0x28,-1.12,179.81,260.69,3,3,0,3
2026-09-03T00:48:44.338,IMU-2,0x29,-1.0,177.94,83.0,3,3,0,3
2026-09-03T00:48:44.435,IMU-1,0x28,-1.12,179.81,260.69,3,3,0,3
2026-09-03T00:48:44.437,IMU-2,0x29,-1.0,177.94,83.0,3,3,0,3
2026-09-03T00:48:44.536,IMU-1,0x28,-1.12,179.81,260.69,3,3,0,3
2026-09-03T00:48:44.537,IMU-2,0x29,-1.0,177.94,83.0,3,3,0,3
2026-09-03T00:48:44.636,IMU-1,0x28,-1.12,179.81,260.69,3,3,0,3
2026-09-03T00:48:44.638,IMU-2,0x29,-1.0,177.94,83.0,3,3,0,3
2026-09-03T00:48:44.736,IMU-1,0x28,-1.12,179.81,260.69,3,3,0,3
2026-09-03T00:48:44.738,IMU-2,0x29,-1.0,177.94,83.0,3,3,0,3
2026-09-03T00:48:44.836,IMU-1,0x28,-1.12,179.81,260.69,3,3,0,3
2026-09-03T00:48:44.838,IMU-2,0x29,-1.0,177.94,83.0,3,3,0,3
2026-09-03T00:48:44.936,IMU-1,0x28,-1.12,179.81,260.69,3,3,0,3
2026-09-03T00:48:44.939,IMU-2,0x29,-1.0,177.94,83.0,3,3,0,3
2026-09-03T00:48:45.037,IMU-1,0x28,-1.12,179.81,260.69,3,3,0,3
2026-09-03T00:48:45.039,IMU-2,0x29,-1.0,177.94,83.0,3,3,0,3
2026-09-03T00:48:45.137,IMU-1,0x28,-1.12,179.81,260.69,3,3,0,3
2026-09-03T00:48:45.139,IMU-2,0x29,-1.0,177.94,83.0,3,3,0,3
2026-09-03T00:48:45.237,IMU-1,0x28,-1.12,179.81,260.69,3,3,0,3
2026-09-03T00:48:45.240,IMU-2,0x29,-1.0,177.94,83.0,3,3,0,3
2026-09-03T00:48:45.338,IMU-1,0x28,-1.12,179.81,260.69,3,3,0,3
2026-09-03T00:48:45.341,IMU-2,0x29,-1.0,177.94,83.0,3,3,0,3
2026-09-03T00:48:45.437,IMU-1,0x28,-1.12,179.81,260.69,3,3,0,3
2026-09-03T00:48:45.440,IMU-2,0x29,-1.0,177.94,83.0,3,3,0,3
2026-09-03T00:48:45.537,IMU-1,0x28,-1.12,179.81,260.69,3,3,0,3
2026-09-03T00:48:45.540,IMU-2,0x29,-1.0,177.94,83.0,3,3,0,3
2026-09-03T00:48:45.637,IMU-1,0x28,-1.12,179.81,260.69,3,3,0,3
2026-09-03T00:48:45.640,IMU-2,0x29,-1.0,177.94,83.0,3,3,0,3
2026-09-03T00:48:45.737,IMU-1,0x28,-1.12,179.81,260.69,3,3,0,3
2026-09-03T00:48:45.741,IMU-2,0x29,-1.0,177.94,83.0,3,3,0,3
2026-09-03T00:48:45.837,IMU-1,0x28,-1.12,179.81,260.69,3,3,0,3
2026-09-03T00:48:45.841,IMU-2,0x29,-1.0,177.94,83.0,3,3,0,3
2026-09-03T00:48:45.938,IMU-1,0x28,-1.12,179.81,260.69,3,3,0,3
2026-09-03T00:48:45.941,IMU-2,0x29,-1.0,177.94,83.0,3,3,0,3
2026-09-03T00:48:46.038,IMU-1,0x28,-1.12,179.81,260.69,3,3,0,3
2026-09-03T00:48:46.041,IMU-2,0x29,-1.0,177.94,83.0,3,3,0,3
2026-09-03T00:48:46.138,IMU-1,0x28,-1.12,179.81,260.69,3,3,0,3
2026-09-03T00:48:46.141,IMU-2,0x29,-1.0,177.94,83.0,3,3,0,3
2026-09-03T00:48:46.238,IMU-1,0x28,-1.12,179.81,260.69,3,3,0,3
2026-09-03T00:48:46.241,IMU-2,0x29,-1.0,177.94,83.0,3,3,0,3
2026-09-03T00:48:46.339,IMU-1,0x28,-1.12,179.81,260.69,3,3,0,3
2026-09-03T00:48:46.343,IMU-2,0x29,-1.0,177.94,83.0,3,3,0,3
2026-09-03T00:48:46.438,IMU-1,0x28,-1.12,179.81,260.69,3,3,0,3
2026-09-03T00:48:46.440,IMU-2,0x29,-1.0,177.94,83.0,3,3,0,3
2026-09-03T00:48:46.538,IMU-1,0x28,-1.12,179.81,260.69,3,3,0,3
2026-09-03T00:48:46.540,IMU-2,0x29,-1.0,177.94,83.0,3,3,0,3
2026-09-03T00:48:46.638,IMU-1,0x28,-1.12,179.81,260.69,3,3,0,3
2026-09-03T00:48:46.639,IMU-2,0x29,-1.0,177.94,83.0,3,3,0,3
2026-09-03T00:48:46.737,IMU-1,0x28,-1.12,179.81,260.69,3,3,0,3
2026-09-03T00:48:46.739,IMU-2,0x29,-1.0,177.94,83.0,3,3,0,3
2026-09-03T00:48:46.837,IMU-1,0x28,-1.12,179.81,260.69,3,3,0,3
2026-09-03T00:48:46.839,IMU-2,0x29,-1.0,177.94,83.0,3,3,0,3
2026-09-03T00:48:46.937,IMU-1,0x28,-1.12,179.81,260.69,3,3,0,3
2026-09-03T00:48:46.939,IMU-2,0x29,-1.0,177.94,83.0,3,3,0,3
2026-09-03T00:48:47.037,IMU-1,0x28,-1.12,179.81,260.69,3,3,0,3
2026-09-03T00:48:47.039,IMU-2,0x29,-1.0,177.94,83.0,3,3,0,3
2026-09-03T00:48:47.137,IMU-1,0x28,-1.12,179.81,260.69,3,3,0,3
2026-09-03T00:48:47.139,IMU-2,0x29,-1.0,177.94,83.0,3,3,0,3
2026-09-03T00:48:47.237,IMU-1,0x28,-1.12,179.81,260.69,3,3,0,3
2026-09-03T00:48:47.239,IMU-2,0x29,-1.0,177.94,83.0,3,3,0,3
2026-09-03T00:48:47.337,IMU-1,0x28,-1.12,179.81,260.69,3,3,0,3
2026-09-03T00:48:47.340,IMU-2,0x29,-1.0,177.94,83.0,3,3,0,3
2026-09-03T00:48:47.437,IMU-1,0x28,-1.12,179.81,260.69,3,3,0,3
2026-09-03T00:48:47.440,IMU-2,0x29,-1.0,177.94,83.0,3,3,0,3
2026-09-03T00:48:47.537,IMU-1,0x28,-1.12,179.81,260.69,3,3,0,3
2026-09-03T00:48:47.540,IMU-2,0x29,-1.0,177.94,83.0,3,3,0,3
2026-09-03T00:48:47.637,IMU-1,0x28,-1.12,179.81,260.69,3,3,0,3
2026-09-03T00:48:47.640,IMU-2,0x29,-1.0,177.94,83.0,3,3,0,3
2026-09-03T00:48:47.737,IMU-1,0x28,-1.12,179.81,260.69,3,3,0,3
2026-09-03T00:48:47.740,IMU-2,0x29,-1.0,177.94,83.0,3,3,0,3
2026-09-03T00:48:47.837,IMU-1,0x28,-1.12,179.81,260.69,3,3,0,3
2026-09-03T00:48:47.840,IMU-2,0x29,-1.0,177.94,83.0,3,3,0,3
2026-09-03T00:48:47.937,IMU-1,0x28,-1.12,179.81,260.69,3,3,0,3
2026-09-03T00:48:47.940,IMU-2,0x29,-1.0,177.94,83.0,3,3,0,3
2026-09-03T00:48:48.037,IMU-1,0x28,-1.12,179.81,260.69,3,3,0,3
2026-09-03T00:48:48.041,IMU-2,0x29,-1.0,177.94,83.0,3,3,0,3
2026-09-03T00:48:48.138,IMU-1,0x28,-1.12,179.81,260.69,3,3,0,3
2026-09-03T00:48:48.141,IMU-2,0x29,-1.0,177.94,83.0,3,3,0,3
2026-09-03T00:48:48.238,IMU-1,0x28,-1.12,179.81,260.69,3,3,0,3
2026-09-03T00:48:48.241,IMU-2,0x29,-1.0,177.94,83.0,3,3,0,3
2026-09-03T00:48:48.339,IMU-1,0x28,-1.12,179.81,260.69,3,3,0,3
2026-09-03T00:48:48.343,IMU-2,0x29,-1.0,177.94,83.0,3,3,0,3
2026-09-03T00:48:48.438,IMU-1,0x28,-1.12,179.81,260.69,3,3,0,3
2026-09-03T00:48:48.441,IMU-2,0x29,-1.0,177.94,83.0,3,3,0,3
2026-09-03T00:48:48.538,IMU-1,0x28,-1.12,179.81,260.69,3,3,0,3
2026-09-03T00:48:48.541,IMU-2,0x29,-1.0,177.94,83.0,3,3,0,3
2026-09-03T00:48:48.639,IMU-1,0x28,-1.12,179.81,260.69,3,3,0,3
2026-09-03T00:48:48.642,IMU-2,0x29,-1.0,177.94,83.0,3,3,0,3
2026-09-03T00:48:48.739,IMU-1,0x28,-1.12,179.81,260.69,3,3,0,3
2026-09-03T00:48:48.742,IMU-2,0x29,-1.0,177.94,83.0,3,3,0,3
2026-09-03T00:48:48.839,IMU-1,0x28,-1.12,179.81,260.69,3,3,0,3
2026-09-03T00:48:48.842,IMU-2,0x29,-1.0,177.94,83.0,3,3,0,3
2026-09-03T00:48:48.939,IMU-1,0x28,-1.12,179.81,260.69,3,3,0,3
2026-09-03T00:48:48.942,IMU-2,0x29,-1.0,177.94,83.0,3,3,0,3
2026-09-03T00:48:49.040,IMU-1,0x28,-1.12,179.81,260.69,3,3,0,3
2026-09-03T00:48:49.042,IMU-2,0x29,-1.0,177.94,83.0,3,3,0,3
2026-09-03T00:48:49.140,IMU-1,0x28,-1.12,179.81,260.69,3,3,0,3
2026-09-03T00:48:49.142,IMU-2,0x29,-1.0,177.94,83.0,3,3,0,3
2026-09-03T00:48:49.239,IMU-1,0x28,-1.12,179.81,260.69,3,3,0,3
2026-09-03T00:48:49.241,IMU-2,0x29,-1.0,177.94,83.0,3,3,0,3
2026-09-03T00:48:49.340,IMU-1,0x28,-1.12,179.81,260.69,3,3,0,3
2026-09-03T00:48:49.342,IMU-2,0x29,-1.0,177.94,83.0,3,3,0,3
2026-09-03T00:48:49.439,IMU-1,0x28,-1.12,179.81,260.69,3,3,0,3
2026-09-03T00:48:49.440,IMU-2,0x29,-1.0,177.94,83.0,3,3,0,3
2026-09-03T00:48:49.538,IMU-1,0x28,-1.12,179.81,260.69,3,3,0,3
2026-09-03T00:48:49.540,IMU-2,0x29,-1.0,177.94,83.0,3,3,0,3
2026-09-03T00:48:49.638,IMU-1,0x28,-1.12,179.81,260.69,3,3,0,3
2026-09-03T00:48:49.640,IMU-2,0x29,-1.0,177.94,83.0,3,3,0,3
2026-09-03T00:48:49.738,IMU-1,0x28,-1.12,179.81,260.69,3,3,0,3
2026-09-03T00:48:49.740,IMU-2,0x29,-1.0,177.94,83.0,3,3,0,3
2026-09-03T00:48:49.839,IMU-1,0x28,-1.12,179.81,260.69,3,3,0,3
2026-09-03T00:48:49.841,IMU-2,0x29,-1.0,177.94,83.0,3,3,0,3
2026-09-03T00:48:49.939,IMU-1,0x28,-1.12,179.81,260.69,3,3,0,3
2026-09-03T00:48:49.941,IMU-2,0x29,-1.0,177.94,83.0,3,3,0,3
2026-09-03T00:48:50.039,IMU-1,0x28,-1.12,179.81,260.69,3,3,0,3
2026-09-03T00:48:50.041,IMU-2,0x29,-1.0,177.94,83.0,3,3,0,3
2026-09-03T00:48:50.139,IMU-1,0x28,-1.12,179.81,260.69,3,3,0,3
2026-09-03T00:48:50.141,IMU-2,0x29,-1.0,177.94,83.0,3,3,0,3
2026-09-03T00:48:50.239,IMU-1,0x28,-1.12,179.81,260.69,3,3,0,3
2026-09-03T00:48:50.242,IMU-2,0x29,-1.0,177.94,83.0,3,3,0,3
2026-09-03T00:48:50.339,IMU-1,0x28,-1.12,179.81,260.69,3,3,0,3
2026-09-03T00:48:50.343,IMU-2,0x29,-1.0,177.94,83.0,3,3,0,3
2026-09-03T00:48:50.439,IMU-1,0x28,-1.12,179.81,260.69,3,3,0,3
2026-09-03T00:48:50.442,IMU-2,0x29,-1.0,177.94,83.0,3,3,0,3
2026-09-03T00:48:50.539,IMU-1,0x28,-1.12,179.81,260.69,3,3,0,3
2026-09-03T00:48:50.542,IMU-2,0x29,-1.0,177.94,83.0,3,3,0,3
2026-09-03T00:48:50.639,IMU-1,0x28,-1.12,179.81,260.69,3,3,0,3
2026-09-03T00:48:50.642,IMU-2,0x29,-1.0,177.94,83.0,3,3,0,3
2026-09-03T00:48:50.739,IMU-1,0x28,-1.12,179.81,260.69,3,3,0,3
2026-09-03T00:48:50.742,IMU-2,0x29,-1.0,177.94,83.0,3,3,0,3
2026-09-03T00:48:50.839,IMU-1,0x28,-1.12,179.81,260.69,3,3,0,3
2026-09-03T00:48:50.842,IMU-2,0x29,-1.0,177.94,83.0,3,3,0,3
2026-09-03T00:48:50.939,IMU-1,0x28,-1.12,179.81,260.69,3,3,0,3
2026-09-03T00:48:50.942,IMU-2,0x29,-1.0,177.94,83.0,3,3,0,3
2026-09-03T00:48:51.039,IMU-1,0x28,-1.12,179.81,260.69,3,3,0,3
2026-09-03T00:48:51.042,IMU-2,0x29,-1.0,177.94,83.0,3,3,0,3
2026-09-03T00:48:51.139,IMU-1,0x28,-1.12,179.81,260.69,3,3,0,3
2026-09-03T00:48:51.142,IMU-2,0x29,-1.0,177.94,83.0,3,3,0,3
2026-09-03T00:48:51.239,IMU-1,0x28,-1.12,179.81,260.69,3,3,0,3
2026-09-03T00:48:51.242,IMU-2,0x29,-1.0,177.94,83.0,3,3,0,3
2026-09-03T00:48:51.340,IMU-1,0x28,-1.12,179.81,260.69,3,3,0,3
2026-09-03T00:48:51.344,IMU-2,0x29,-1.0,177.94,83.0,3,3,0,3
2026-09-03T00:48:51.440,IMU-1,0x28,-1.12,179.81,260.69,3,3,0,3
2026-09-03T00:48:51.442,IMU-2,0x29,-1.0,177.94,83.0,3,3,0,3
2026-09-03T00:48:51.540,IMU-1,0x28,-1.12,179.81,260.69,3,3,0,3
2026-09-03T00:48:51.542,IMU-2,0x29,-1.0,177.94,83.0,3,3,0,3
2026-09-03T00:48:51.640,IMU-1,0x28,-1.12,179.81,260.69,3,3,0,3
2026-09-03T00:48:51.641,IMU-2,0x29,-1.0,177.94,83.0,3,3,0,3
2026-09-03T00:48:51.740,IMU-1,0x28,-1.12,179.81,260.69,3,3,0,3
2026-09-03T00:48:51.741,IMU-2,0x29,-1.0,177.94,83.0,3,3,0,3
2026-09-03T00:48:51.840,IMU-1,0x28,-1.12,179.81,260.69,3,3,0,3
2026-09-03T00:48:51.842,IMU-2,0x29,-1.0,177.94,83.0,3,3,0,3
2026-09-03T00:48:51.940,IMU-1,0x28,-1.12,179.81,260.69,3,3,0,3
2026-09-03T00:48:51.942,IMU-2,0x29,-1.0,177.94,83.0,3,3,0,3
2026-09-03T00:48:52.041,IMU-1,0x28,-1.12,179.81,260.69,3,3,0,3
2026-09-03T00:48:52.042,IMU-2,0x29,-1.0,177.94,83.0,3,3,0,3
2026-09-03T00:48:52.141,IMU-1,0x28,-1.12,179.81,260.69,3,3,0,3
2026-09-03T00:48:52.142,IMU-2,0x29,-1.0,177.94,83.0,3,3,0,3
2026-09-03T00:48:52.241,IMU-1,0x28,-1.12,179.81,260.69,3,3,0,3
2026-09-03T00:48:52.242,IMU-2,0x29,-1.0,177.94,83.0,3,3,0,3
2026-09-03T00:48:52.342,IMU-1,0x28,-1.12,179.81,260.69,3,3,0,3
2026-09-03T00:48:52.344,IMU-2,0x29,-1.0,177.94,83.0,3,3,0,3
2026-09-03T00:48:52.441,IMU-1,0x28,-1.12,179.81,260.69,3,3,0,3
2026-09-03T00:48:52.443,IMU-2,0x29,-1.0,177.94,83.0,3,3,0,3
2026-09-03T00:48:52.542,IMU-1,0x28,-1.12,179.81,260.69,3,3,0,3
2026-09-03T00:48:52.543,IMU-2,0x29,-1.0,177.94,83.0,3,3,0,3
2026-09-03T00:48:52.642,IMU-1,0x28,-1.12,179.81,260.69,3,3,0,3
2026-09-03T00:48:52.643,IMU-2,0x29,-1.0,177.94,83.0,3,3,0,3
2026-09-03T00:48:52.742,IMU-1,0x28,-1.12,179.81,260.69,3,3,0,3
2026-09-03T00:48:52.743,IMU-2,0x29,-1.0,177.94,83.0,3,3,0,3
2026-09-03T00:48:52.842,IMU-1,0x28,-1.12,179.81,260.69,3,3,0,3
2026-09-03T00:48:52.844,IMU-2,0x29,-1.0,177.94,83.0,3,3,0,3
2026-09-03T00:48:52.942,IMU-1,0x28,-1.12,179.81,260.69,3,3,0,3
2026-09-03T00:48:52.944,IMU-2,0x29,-1.0,177.94,83.0,3,3,0,3
2026-09-03T00:48:53.042,IMU-1,0x28,-1.12,179.81,260.69,3,3,0,3
2026-09-03T00:48:53.044,IMU-2,0x29,-1.0,177.94,83.0,3,3,0,3
2026-09-03T00:48:53.142,IMU-1,0x28,-1.12,179.81,260.69,3,3,0,3
2026-09-03T00:48:53.144,IMU-2,0x29,-1.0,177.94,83.0,3,3,0,3
2026-09-03T00:48:53.242,IMU-1,0x28,-1.12,179.81,260.69,3,3,0,3
2026-09-03T00:48:53.245,IMU-2,0x29,-1.0,177.94,83.0,3,3,0,3
2026-09-03T00:48:53.343,IMU-1,0x28,-1.12,179.81,260.69,3,3,0,3
2026-09-03T00:48:53.346,IMU-2,0x29,-1.0,177.94,83.0,3,3,0,3
2026-09-03T00:48:53.442,IMU-1,0x28,-1.12,179.81,260.69,3,3,0,3
2026-09-03T00:48:53.445,IMU-2,0x29,-1.0,177.94,83.0,3,3,0,3
2026-09-03T00:48:53.542,IMU-1,0x28,-1.12,179.81,260.69,3,3,0,3
2026-09-03T00:48:53.545,IMU-2,0x29,-1.0,177.94,83.0,3,3,0,3
2026-09-03T00:48:53.642,IMU-1,0x28,-1.12,179.81,260.69,3,3,0,3
2026-09-03T00:48:53.645,IMU-2,0x29,-1.0,177.94,83.0,3,3,0,3
2026-09-03T00:48:53.743,IMU-1,0x28,-1.12,179.81,260.69,3,3,0,3
2026-09-03T00:48:53.744,IMU-2,0x29,-1.0,177.94,83.0,3,3,0,3
2026-09-03T00:48:53.843,IMU-1,0x28,-1.12,179.81,260.69,3,3,0,3
2026-09-03T00:48:53.844,IMU-2,0x29,-1.0,177.94,83.0,3,3,0,3
2026-09-03T00:48:53.943,IMU-1,0x28,-1.12,179.81,260.69,3,3,0,3
2026-09-03T00:48:53.944,IMU-2,0x29,-1.0,177.94,83.0,3,3,0,3
2026-09-03T00:48:54.042,IMU-1,0x28,-1.12,179.81,260.69,3,3,0,3
2026-09-03T00:48:54.044,IMU-2,0x29,-1.0,177.94,83.0,3,3,0,3
2026-09-03T00:48:54.142,IMU-1,0x28,-1.12,179.81,260.69,3,3,0,3
2026-09-03T00:48:54.144,IMU-2,0x29,-1.0,177.94,83.0,3,3,0,3
2026-09-03T00:48:54.242,IMU-1,0x28,-1.12,179.81,260.69,3,3,0,3
2026-09-03T00:48:54.243,IMU-2,0x29,-1.0,177.94,83.0,3,3,0,3
2026-09-03T00:48:54.343,IMU-1,0x28,-1.12,179.81,260.69,3,3,0,3
2026-09-03T00:48:54.344,IMU-2,0x29,-1.0,177.94,83.0,3,3,0,3
2026-09-03T00:48:54.441,IMU-1,0x28,-1.12,179.81,260.69,3,3,0,3
2026-09-03T00:48:54.443,IMU-2,0x29,-1.0,177.94,83.0,3,3,0,3
2026-09-03T00:48:54.541,IMU-1,0x28,-1.12,179.81,260.69,3,3,0,3
2026-09-03T00:48:54.543,IMU-2,0x29,-1.0,177.94,83.0,3,3,0,3
2026-09-03T00:48:54.641,IMU-1,0x28,-1.12,179.81,260.69,3,3,0,3
2026-09-03T00:48:54.643,IMU-2,0x29,-1.0,177.94,83.0,3,3,0,3
2026-09-03T00:48:54.742,IMU-1,0x28,-1.12,179.81,260.69,3,3,0,3
2026-09-03T00:48:54.743,IMU-2,0x29,-1.0,177.94,83.0,3,3,0,3
2026-09-03T00:48:54.842,IMU-1,0x28,-1.12,179.81,260.69,3,3,0,3
2026-09-03T00:48:54.843,IMU-2,0x29,-1.0,177.94,83.0,3,3,0,3
2026-09-03T00:48:54.942,IMU-1,0x28,-1.12,179.81,260.69,3,3,0,3
2026-09-03T00:48:54.943,IMU-2,0x29,-1.0,177.94,83.0,3,3,0,3
2026-09-03T00:48:55.042,IMU-1,0x28,-1.12,179.81,260.69,3,3,0,3
2026-09-03T00:48:55.044,IMU-2,0x29,-1.0,177.94,83.0,3,3,0,3
2026-09-03T00:48:55.142,IMU-1,0x28,-1.12,179.81,260.69,3,3,0,3
2026-09-03T00:48:55.144,IMU-2,0x29,-1.0,177.94,83.0,3,3,0,3
2026-09-03T00:48:55.242,IMU-1,0x28,-1.12,179.81,260.69,3,3,0,3
2026-09-03T00:48:55.244,IMU-2,0x29,-1.0,177.94,83.0,3,3,0,3
2026-09-03T00:48:55.342,IMU-1,0x28,-1.12,179.81,260.69,3,3,0,3
2026-09-03T00:48:55.345,IMU-2,0x29,-1.0,177.94,83.0,3,3,0,3
2026-09-03T00:48:55.442,IMU-1,0x28,-1.12,179.81,260.69,3,3,0,3
2026-09-03T00:48:55.445,IMU-2,0x29,-1.0,177.94,83.0,3,3,0,3
2026-09-03T00:48:55.542,IMU-1,0x28,-1.12,179.81,260.69,3,3,0,3
2026-09-03T00:48:55.545,IMU-2,0x29,-1.0,177.94,83.0,3,3,0,3
2026-09-03T00:48:55.642,IMU-1,0x28,-1.12,179.81,260.69,3,3,0,3
2026-09-03T00:48:55.645,IMU-2,0x29,-1.0,177.94,83.0,3,3,0,3
2026-09-03T00:48:55.743,IMU-1,0x28,-1.12,179.81,260.69,3,3,0,3
2026-09-03T00:48:55.746,IMU-2,0x29,-1.0,177.94,83.0,3,3,0,3
2026-09-03T00:48:55.843,IMU-1,0x28,-1.12,179.81,260.69,3,3,0,3
2026-09-03T00:48:55.846,IMU-2,0x29,-1.0,177.94,83.0,3,3,0,3
2026-09-03T00:48:55.943,IMU-1,0x28,-1.12,179.81,260.69,3,3,0,3
2026-09-03T00:48:55.946,IMU-2,0x29,-1.0,177.94,83.0,3,3,0,3
2026-09-03T00:48:56.043,IMU-1,0x28,-1.12,179.81,260.69,3,3,0,3
2026-09-03T00:48:56.046,IMU-2,0x29,-1.0,177.94,83.0,3,3,0,3
2026-09-03T00:48:56.143,IMU-1,0x28,-1.12,179.81,260.69,3,3,0,3
2026-09-03T00:48:56.147,IMU-2,0x29,-1.0,177.94,83.0,3,3,0,3
2026-09-03T00:48:56.244,IMU-1,0x28,-1.12,179.81,260.69,3,3,0,3
2026-09-03T00:48:56.247,IMU-2,0x29,-1.0,177.94,83.0,3,3,0,3
2026-09-03T00:48:56.344,IMU-1,0x28,-1.12,179.81,260.69,3,3,0,3
2026-09-03T00:48:56.348,IMU-2,0x29,-1.0,177.94,83.0,3,3,0,3
2026-09-03T00:48:56.444,IMU-1,0x28,-1.12,179.81,260.69,3,3,0,3
2026-09-03T00:48:56.447,IMU-2,0x29,-1.0,177.94,83.0,3,3,0,3
2026-09-03T00:48:56.544,IMU-1,0x28,-1.12,179.81,260.69,3,3,0,3
2026-09-03T00:48:56.547,IMU-2,0x29,-1.0,177.94,83.0,3,3,0,3
2026-09-03T00:48:56.644,IMU-1,0x28,-1.12,179.81,260.69,3,3,0,3
2026-09-03T00:48:56.647,IMU-2,0x29,-1.0,177.94,83.0,3,3,0,3
2026-09-03T00:48:56.744,IMU-1,0x28,-1.12,179.81,260.69,3,3,0,3
2026-09-03T00:48:56.747,IMU-2,0x29,-1.0,177.94,83.0,3,3,0,3
2026-09-03T00:48:56.844,IMU-1,0x28,-1.12,179.81,260.69,3,3,0,3
2026-09-03T00:48:56.847,IMU-2,0x29,-1.0,177.94,83.0,3,3,0,3
2026-09-03T00:48:56.944,IMU-1,0x28,-1.12,179.81,260.69,3,3,0,3
2026-09-03T00:48:56.947,IMU-2,0x29,-1.0,177.94,83.0,3,3,0,3
2026-09-03T00:48:57.044,IMU-1,0x28,-1.12,179.81,260.69,3,3,0,3
2026-09-03T00:48:57.047,IMU-2,0x29,-1.0,177.94,83.0,3,3,0,3
2026-09-03T00:48:57.144,IMU-1,0x28,-1.12,179.81,260.69,3,3,0,3
2026-09-03T00:48:57.147,IMU-2,0x29,-1.0,177.94,83.0,3,3,0,3
2026-09-03T00:48:57.245,IMU-1,0x28,-1.12,179.81,260.69,3,3,0,3
2026-09-03T00:48:57.246,IMU-2,0x29,-1.0,177.94,83.0,3,3,0,3
2026-09-03T00:48:57.346,IMU-1,0x28,-1.12,179.81,260.69,3,3,0,3
2026-09-03T00:48:57.349,IMU-2,0x29,-1.0,177.94,83.0,3,3,0,3
2026-09-03T00:48:57.445,IMU-1,0x28,-1.12,179.81,260.69,3,3,0,3
2026-09-03T00:48:57.446,IMU-2,0x29,-1.0,177.94,83.0,3,3,0,3
2026-09-03T00:48:57.544,IMU-1,0x28,-1.12,179.81,260.69,3,3,0,3
2026-09-03T00:48:57.546,IMU-2,0x29,-1.0,177.94,83.0,3,3,0,3
2026-09-03T00:48:57.644,IMU-1,0x28,-1.12,179.81,260.69,3,3,0,3
2026-09-03T00:48:57.646,IMU-2,0x29,-1.0,177.94,83.0,3,3,0,3
2026-09-03T00:48:57.744,IMU-1,0x28,-1.12,179.81,260.69,3,3,0,3
2026-09-03T00:48:57.746,IMU-2,0x29,-1.0,177.94,83.0,3,3,0,3
2026-09-03T00:48:57.844,IMU-1,0x28,-1.12,179.81,260.69,3,3,0,3
2026-09-03T00:48:57.845,IMU-2,0x29,-1.0,177.94,83.0,3,3,0,3
2026-09-03T00:48:57.943,IMU-1,0x28,-1.12,179.81,260.69,3,3,0,3
2026-09-03T00:48:57.946,IMU-2,0x29,-1.0,177.94,83.0,3,3,0,3
2026-09-03T00:48:58.044,IMU-1,0x28,-1.12,179.81,260.69,3,3,0,3
2026-09-03T00:48:58.046,IMU-2,0x29,-1.0,177.94,83.0,3,3,0,3
2026-09-03T00:48:58.144,IMU-1,0x28,-1.12,179.81,260.69,3,3,0,3
2026-09-03T00:48:58.146,IMU-2,0x29,-1.0,177.94,83.0,3,3,0,3
2026-09-03T00:48:58.244,IMU-1,0x28,-1.12,179.81,260.69,3,3,0,3
2026-09-03T00:48:58.246,IMU-2,0x29,-1.0,177.94,83.0,3,3,0,3
2026-09-03T00:48:58.344,IMU-1,0x28,-1.12,179.81,260.69,3,3,0,3
2026-09-03T00:48:58.347,IMU-2,0x29,-1.0,177.94,83.0,3,3,0,3
2026-09-03T00:48:58.444,IMU-1,0x28,-1.12,179.81,260.69,3,3,0,3
2026-09-03T00:48:58.447,IMU-2,0x29,-1.0,177.94,83.0,3,3,0,3
2026-09-03T00:48:58.544,IMU-1,0x28,-1.12,179.81,260.69,3,3,0,3
2026-09-03T00:48:58.547,IMU-2,0x29,-1.0,177.94,83.0,3,3,0,3
2026-09-03T00:48:58.644,IMU-1,0x28,-1.12,179.81,260.69,3,3,0,3
2026-09-03T00:48:58.647,IMU-2,0x29,-1.0,177.94,83.0,3,3,0,3
2026-09-03T00:48:58.744,IMU-1,0x28,-1.12,179.81,260.69,3,3,0,3
2026-09-03T00:48:58.747,IMU-2,0x29,-1.0,177.94,83.0,3,3,0,3
2026-09-03T00:48:58.844,IMU-1,0x28,-1.12,179.81,260.69,3,3,0,3
2026-09-03T00:48:58.847,IMU-2,0x29,-1.0,177.94,83.0,3,3,0,3
2026-09-03T00:48:58.944,IMU-1,0x28,-1.12,179.81,260.69,3,3,0,3
2026-09-03T00:48:58.947,IMU-2,0x29,-1.0,177.94,83.0,3,3,0,3
2026-09-03T00:48:59.044,IMU-1,0x28,-1.12,179.81,260.69,3,3,0,3
2026-09-03T00:48:59.047,IMU-2,0x29,-1.0,177.94,83.0,3,3,0,3
2026-09-03T00:48:59.144,IMU-1,0x28,-1.12,179.81,260.69,3,3,0,3
2026-09-03T00:48:59.147,IMU-2,0x29,-1.0,177.94,83.0,3,3,0,3
2026-09-03T00:48:59.244,IMU-1,0x28,-1.12,179.81,260.69,3,3,0,3
2026-09-03T00:48:59.247,IMU-2,0x29,-1.0,177.94,83.0,3,3,0,3
2026-09-03T00:48:59.345,IMU-1,0x28,-1.12,179.81,260.69,3,3,0,3
2026-09-03T00:48:59.349,IMU-2,0x29,-1.0,177.94,83.0,3,3,0,3
2026-09-03T00:48:59.445,IMU-1,0x28,-1.12,179.81,260.69,3,3,0,3
2026-09-03T00:48:59.447,IMU-2,0x29,-1.0,177.94,83.0,3,3,0,3
2026-09-03T00:48:59.545,IMU-1,0x28,-1.12,179.81,260.69,3,3,0,3
2026-09-03T00:48:59.547,IMU-2,0x29,-1.0,177.94,83.0,3,3,0,3
2026-09-03T00:48:59.645,IMU-1,0x28,-1.12,179.81,260.69,3,3,0,3
2026-09-03T00:48:59.647,IMU-2,0x29,-1.0,177.94,83.0,3,3,0,3
2026-09-03T00:48:59.745,IMU-1,0x28,-1.12,179.81,260.69,3,3,0,3
2026-09-03T00:48:59.747,IMU-2,0x29,-1.0,177.94,83.0,3,3,0,3
2026-09-03T00:48:59.846,IMU-1,0x28,-1.12,179.81,260.69,3,3,0,3
2026-09-03T00:48:59.847,IMU-2,0x29,-1.0,177.94,83.0,3,3,0,3
2026-09-03T00:48:59.946,IMU-1,0x28,-1.12,179.81,260.69,3,3,0,3
2026-09-03T00:48:59.947,IMU-2,0x29,-1.0,177.94,83.0,3,3,0,3
2026-09-03T00:49:00.046,IMU-1,0x28,-1.12,179.81,260.69,3,3,0,3
2026-09-03T00:49:00.047,IMU-2,0x29,-1.0,177.94,83.0,3,3,0,3
2026-09-03T00:49:00.146,IMU-1,0x28,-1.12,179.81,260.69,3,3,0,3
2026-09-03T00:49:00.148,IMU-2,0x29,-1.0,177.94,83.0,3,3,0,3
2026-09-03T00:49:00.246,IMU-1,0x28,-1.12,179.81,260.69,3,3,0,3
2026-09-03T00:49:00.248,IMU-2,0x29,-1.0,177.94,83.0,3,3,0,3
2026-09-03T00:49:00.347,IMU-1,0x28,-1.12,179.81,260.69,3,3,0,3
2026-09-03T00:49:00.349,IMU-2,0x29,-1.0,177.94,83.0,3,3,0,3
2026-09-03T00:49:00.447,IMU-1,0x28,-1.12,179.81,260.69,3,3,0,3
2026-09-03T00:49:00.448,IMU-2,0x29,-1.0,177.94,83.0,3,3,0,3
2026-09-03T00:49:00.547,IMU-1,0x28,-1.12,179.81,260.69,3,3,0,3
2026-09-03T00:49:00.548,IMU-2,0x29,-1.0,177.94,83.0,3,3,0,3
2026-09-03T00:49:00.647,IMU-1,0x28,-1.12,179.81,260.69,3,3,0,3
2026-09-03T00:49:00.648,IMU-2,0x29,-1.0,177.94,83.0,3,3,0,3
2026-09-03T00:49:00.747,IMU-1,0x28,-1.12,179.81,260.69,3,3,0,3
2026-09-03T00:49:00.749,IMU-2,0x29,-1.0,177.94,83.0,3,3,0,3
2026-09-03T00:49:00.847,IMU-1,0x28,-1.12,179.81,260.69,3,3,0,3
2026-09-03T00:49:00.849,IMU-2,0x29,-1.0,177.94,83.0,3,3,0,3
2026-09-03T00:49:00.947,IMU-1,0x28,-1.12,179.81,260.69,3,3,0,3
2026-09-03T00:49:00.949,IMU-2,0x29,-1.0,177.94,83.0,3,3,0,3
2026-09-03T00:49:01.047,IMU-1,0x28,-1.12,179.81,260.69,3,3,0,3
2026-09-03T00:49:01.049,IMU-2,0x29,-1.0,177.94,83.0,3,3,0,3
2026-09-03T00:49:01.147,IMU-1,0x28,-1.12,179.81,260.69,3,3,0,3
2026-09-03T00:49:01.149,IMU-2,0x29,-1.0,177.94,83.0,3,3,0,3
2026-09-03T00:49:01.247,IMU-1,0x28,-1.12,179.81,260.69,3,3,0,3
2026-09-03T00:49:01.250,IMU-2,0x29,-1.0,177.94,83.0,3,3,0,3
2026-09-03T00:49:01.348,IMU-1,0x28,-1.12,179.81,260.69,3,3,0,3
2026-09-03T00:49:01.351,IMU-2,0x29,-1.0,177.94,83.0,3,3,0,3
2026-09-03T00:49:01.447,IMU-1,0x28,-1.12,179.81,260.69,3,3,0,3
2026-09-03T00:49:01.450,IMU-2,0x29,-1.0,177.94,83.0,3,3,0,3
2026-09-03T00:49:01.547,IMU-1,0x28,-1.12,179.81,260.69,3,3,0,3
2026-09-03T00:49:01.550,IMU-2,0x29,-1.0,177.94,83.0,3,3,0,3
2026-09-03T00:49:01.647,IMU-1,0x28,-1.12,179.81,260.69,3,3,0,3
2026-09-03T00:49:01.650,IMU-2,0x29,-1.0,177.94,83.0,3,3,0,3
2026-09-03T00:49:01.747,IMU-1,0x28,-1.12,179.81,260.69,3,3,0,3
2026-09-03T00:49:01.750,IMU-2,0x29,-1.0,177.94,83.0,3,3,0,3
2026-09-03T00:49:01.847,IMU-1,0x28,-1.12,179.81,260.69,3,3,0,3
2026-09-03T00:49:01.850,IMU-2,0x29,-1.0,177.94,83.0,3,3,0,3
2026-09-03T00:49:01.947,IMU-1,0x28,-1.12,179.81,260.69,3,3,0,3
2026-09-03T00:49:01.949,IMU-2,0x29,-1.0,177.94,83.0,3,3,0,3
2026-09-03T00:49:02.046,IMU-1,0x28,-1.12,179.81,260.69,3,3,0,3
2026-09-03T00:49:02.048,IMU-2,0x29,-1.0,177.94,83.0,3,3,0,3
2026-09-03T00:49:02.146,IMU-1,0x28,-1.12,179.81,260.69,3,3,0,3
2026-09-03T00:49:02.148,IMU-2,0x29,-1.0,177.94,83.0,3,3,0,3
2026-09-03T00:49:02.246,IMU-1,0x28,-1.12,179.81,260.69,3,3,0,3
2026-09-03T00:49:02.248,IMU-2,0x29,-1.0,177.94,83.0,3,3,0,3
2026-09-03T00:49:02.347,IMU-1,0x28,-1.12,179.81,260.69,3,3,0,3
2026-09-03T00:49:02.349,IMU-2,0x29,-1.0,177.94,83.0,3,3,0,3
2026-09-03T00:49:02.446,IMU-1,0x28,-1.12,179.81,260.69,3,3,0,3
2026-09-03T00:49:02.448,IMU-2,0x29,-1.0,177.94,83.0,3,3,0,3
2026-09-03T00:49:02.546,IMU-1,0x28,-1.12,179.81,260.69,3,3,0,3
2026-09-03T00:49:02.548,IMU-2,0x29,-1.0,177.94,83.0,3,3,0,3
2026-09-03T00:49:02.646,IMU-1,0x28,-1.12,179.75,260.69,3,3,0,3
2026-09-03T00:49:02.648,IMU-2,0x29,-1.0,177.94,83.0,3,3,0,3
2026-09-03T00:49:02.746,IMU-1,0x28,-1.12,179.75,260.69,3,3,0,3
2026-09-03T00:49:02.748,IMU-2,0x29,-1.0,177.94,83.0,3,3,0,3
2026-09-03T00:49:02.847,IMU-1,0x28,-1.12,179.75,260.69,3,3,0,3
2026-09-03T00:49:02.848,IMU-2,0x29,-1.0,177.94,83.0,3,3,0,3
2026-09-03T00:49:02.947,IMU-1,0x28,-1.06,179.75,260.69,3,3,0,3
2026-09-03T00:49:02.948,IMU-2,0x29,-0.94,177.94,83.0,3,3,0,3
2026-09-03T00:49:03.047,IMU-1,0x28,-1.06,179.75,260.69,3,3,0,3
2026-09-03T00:49:03.048,IMU-2,0x29,-0.94,177.94,83.0,3,3,0,3
2026-09-03T00:49:03.147,IMU-1,0x28,-1.06,179.75,260.69,3,3,0,3
2026-09-03T00:49:03.149,IMU-2,0x29,-0.94,177.88,83.0,3,3,0,3
2026-09-03T00:49:03.247,IMU-1,0x28,-1.06,179.75,260.69,3,3,0,3
2026-09-03T00:49:03.249,IMU-2,0x29,-0.94,177.88,83.0,3,3,0,3
2026-09-03T00:49:03.348,IMU-1,0x28,-1.06,179.75,260.69,3,3,0,3
2026-09-03T00:49:03.350,IMU-2,0x29,-0.94,177.88,83.0,3,3,0,3
2026-09-03T00:49:03.447,IMU-1,0x28,-1.06,179.75,260.69,3,3,0,3
2026-09-03T00:49:03.450,IMU-2,0x29,-0.94,177.88,83.0,3,3,0,3
2026-09-03T00:49:03.548,IMU-1,0x28,-1.06,179.75,260.69,3,3,0,3
2026-09-03T00:49:03.550,IMU-2,0x29,-0.94,177.88,83.0,3,3,0,3
2026-09-03T00:49:03.648,IMU-1,0x28,-1.06,179.75,260.69,3,3,0,3
2026-09-03T00:49:03.650,IMU-2,0x29,-0.94,177.88,83.0,3,3,0,3
2026-09-03T00:49:03.748,IMU-1,0x28,-1.06,179.75,260.69,3,3,0,3
2026-09-03T00:49:03.751,IMU-2,0x29,-0.94,177.88,83.0,3,3,0,3
2026-09-03T00:49:03.848,IMU-1,0x28,-1.06,179.75,260.69,3,3,0,3
2026-09-03T00:49:03.851,IMU-2,0x29,-0.94,177.88,83.0,3,3,0,3
2026-09-03T00:49:03.948,IMU-1,0x28,-1.06,179.75,260.69,3,3,0,3
2026-09-03T00:49:03.951,IMU-2,0x29,-0.94,177.88,83.0,3,3,0,3
2026-09-03T00:49:04.048,IMU-1,0x28,-1.06,179.75,260.69,3,3,0,3
2026-09-03T00:49:04.051,IMU-2,0x29,-0.94,177.88,83.0,3,3,0,3
2026-09-03T00:49:04.149,IMU-1,0x28,-1.06,179.75,260.69,3,3,0,3
2026-09-03T00:49:04.152,IMU-2,0x29,-0.94,177.88,83.0,3,3,0,3
2026-09-03T00:49:04.249,IMU-1,0x28,-1.06,179.75,260.69,3,3,0,3
2026-09-03T00:49:04.252,IMU-2,0x29,-0.94,177.88,83.0,3,3,0,3
2026-09-03T00:49:04.350,IMU-1,0x28,-1.06,179.75,260.69,3,3,0,3
2026-09-03T00:49:04.353,IMU-2,0x29,-0.94,177.88,83.0,3,3,0,3
2026-09-03T00:49:04.449,IMU-1,0x28,-1.06,179.75,260.69,3,3,0,3
2026-09-03T00:49:04.452,IMU-2,0x29,-0.94,177.88,83.0,3,3,0,3
2026-09-03T00:49:04.549,IMU-1,0x28,-1.06,179.75,260.69,3,3,0,3
2026-09-03T00:49:04.552,IMU-2,0x29,-0.94,177.88,83.0,3,3,0,3
2026-09-03T00:49:04.649,IMU-1,0x28,-1.06,179.75,260.69,3,3,0,3
2026-09-03T00:49:04.652,IMU-2,0x29,-0.94,177.88,83.0,3,3,0,3
2026-09-03T00:49:04.749,IMU-1,0x28,-1.06,179.75,260.69,3,3,0,3
2026-09-03T00:49:04.752,IMU-2,0x29,-0.94,177.88,83.0,3,3,0,3
2026-09-03T00:49:04.849,IMU-1,0x28,-1.06,179.75,260.69,3,3,0,3
2026-09-03T00:49:04.852,IMU-2,0x29,-0.94,177.88,83.0,3,3,0,3
2026-09-03T00:49:04.949,IMU-1,0x28,-1.06,179.75,260.69,3,3,0,3
2026-09-03T00:49:04.952,IMU-2,0x29,-0.94,177.88,83.0,3,3,0,3
2026-09-03T00:49:05.049,IMU-1,0x28,-1.06,179.75,260.69,3,3,0,3
2026-09-03T00:49:05.051,IMU-2,0x29,-0.94,177.88,83.0,3,3,0,3
2026-09-03T00:49:05.149,IMU-1,0x28,-1.06,179.75,260.69,3,3,0,3
2026-09-03T00:49:05.151,IMU-2,0x29,-0.94,177.88,83.0,3,3,0,3
2026-09-03T00:49:05.249,IMU-1,0x28,-1.06,179.75,260.69,3,3,0,3
2026-09-03T00:49:05.251,IMU-2,0x29,-0.94,177.88,83.0,3,3,0,3
2026-09-03T00:49:05.350,IMU-1,0x28,-1.06,179.75,260.69,3,3,0,3
2026-09-03T00:49:05.353,IMU-2,0x29,-0.94,177.88,83.0,3,3,0,3
2026-09-03T00:49:05.450,IMU-1,0x28,-1.06,179.75,260.69,3,3,0,3
2026-09-03T00:49:05.451,IMU-2,0x29,-0.94,177.88,83.0,3,3,0,3
2026-09-03T00:49:05.550,IMU-1,0x28,-1.06,179.75,260.69,3,3,0,3
2026-09-03T00:49:05.551,IMU-2,0x29,-0.94,177.88,83.0,3,3,0,3
2026-09-03T00:49:05.649,IMU-1,0x28,-1.06,179.75,260.69,3,3,0,3
2026-09-03T00:49:05.651,IMU-2,0x29,-0.94,177.88,83.0,3,3,0,3
2026-09-03T00:49:05.749,IMU-1,0x28,-1.06,179.75,260.69,3,3,0,3
2026-09-03T00:49:05.751,IMU-2,0x29,-0.94,177.88,83.0,3,3,0,3
2026-09-03T00:49:05.849,IMU-1,0x28,-1.06,179.75,260.69,3,3,0,3
2026-09-03T00:49:05.851,IMU-2,0x29,-0.94,177.88,83.0,3,3,0,3
2026-09-03T00:49:05.949,IMU-1,0x28,-1.06,179.75,260.69,3,3,0,3
2026-09-03T00:49:05.951,IMU-2,0x29,-0.94,177.88,83.0,3,3,0,3
2026-09-03T00:49:06.048,IMU-1,0x28,-1.06,179.75,260.69,3,3,0,3
2026-09-03T00:49:06.051,IMU-2,0x29,-0.94,177.88,83.0,3,3,0,3
2026-09-03T00:49:06.148,IMU-1,0x28,-1.06,179.75,260.69,3,3,0,3
2026-09-03T00:49:06.151,IMU-2,0x29,-0.94,177.88,83.0,3,3,0,3
2026-09-03T00:49:06.249,IMU-1,0x28,-1.06,179.75,260.69,3,3,0,3
2026-09-03T00:49:06.251,IMU-2,0x29,-0.94,177.88,83.0,3,3,0,3
2026-09-03T00:49:06.349,IMU-1,0x28,-1.06,179.75,260.69,3,3,0,3
2026-09-03T00:49:06.352,IMU-2,0x29,-0.94,177.88,83.0,3,3,0,3
2026-09-03T00:49:06.449,IMU-1,0x28,-1.06,179.75,260.69,3,3,0,3
2026-09-03T00:49:06.450,IMU-2,0x29,-0.94,177.88,83.0,3,3,0,3
2026-09-03T00:49:06.549,IMU-1,0x28,-1.06,179.75,260.69,3,3,0,3
2026-09-03T00:49:06.550,IMU-2,0x29,-0.94,177.88,83.0,3,3,0,3
2026-09-03T00:49:06.649,IMU-1,0x28,-1.06,179.75,260.69,3,3,0,3
2026-09-03T00:49:06.650,IMU-2,0x29,-0.94,177.88,83.0,3,3,0,3
2026-09-03T00:49:06.749,IMU-1,0x28,-1.06,179.75,260.69,3,3,0,3
2026-09-03T00:49:06.750,IMU-2,0x29,-0.94,177.88,83.0,3,3,0,3
2026-09-03T00:49:06.849,IMU-1,0x28,-1.06,179.75,260.69,3,3,0,3
2026-09-03T00:49:06.850,IMU-2,0x29,-0.94,177.88,83.0,3,3,0,3
2026-09-03T00:49:06.949,IMU-1,0x28,-1.06,179.75,260.69,3,3,0,3
2026-09-03T00:49:06.951,IMU-2,0x29,-0.94,177.88,83.0,3,3,0,3
2026-09-03T00:49:07.049,IMU-1,0x28,-1.06,179.75,260.69,3,3,0,3
2026-09-03T00:49:07.051,IMU-2,0x29,-0.94,177.88,83.0,3,3,0,3
2026-09-03T00:49:07.150,IMU-1,0x28,-1.06,179.75,260.69,3,3,0,3
2026-09-03T00:49:07.151,IMU-2,0x29,-0.94,177.88,83.0,3,3,0,3
2026-09-03T00:49:07.250,IMU-1,0x28,-1.06,179.75,260.69,3,3,0,3
2026-09-03T00:49:07.251,IMU-2,0x29,-0.94,177.88,83.0,3,3,0,3
2026-09-03T00:49:07.350,IMU-1,0x28,-1.06,179.75,260.69,3,3,0,3
2026-09-03T00:49:07.352,IMU-2,0x29,-0.94,177.88,83.0,3,3,0,3
2026-09-03T00:49:07.450,IMU-1,0x28,-1.06,179.75,260.69,3,3,0,3
2026-09-03T00:49:07.452,IMU-2,0x29,-0.94,177.88,83.0,3,3,0,3
2026-09-03T00:49:07.550,IMU-1,0x28,-1.06,179.75,260.69,3,3,0,3
2026-09-03T00:49:07.552,IMU-2,0x29,-0.94,177.88,83.0,3,3,0,3
2026-09-03T00:49:07.651,IMU-1,0x28,-1.06,179.75,260.69,3,3,0,3
2026-09-03T00:49:07.652,IMU-2,0x29,-0.94,177.88,83.0,3,3,0,3
2026-09-03T00:49:07.751,IMU-1,0x28,-1.06,179.75,260.69,3,3,0,3
2026-09-03T00:49:07.752,IMU-2,0x29,-0.94,177.88,83.0,3,3,0,3
2026-09-03T00:49:07.851,IMU-1,0x28,-1.06,179.75,260.69,3,3,0,3
2026-09-03T00:49:07.852,IMU-2,0x29,-0.94,177.88,83.0,3,3,0,3
2026-09-03T00:49:07.951,IMU-1,0x28,-1.06,179.75,260.69,3,3,0,3
2026-09-03T00:49:07.952,IMU-2,0x29,-0.94,177.88,83.0,3,3,0,3
2026-09-03T00:49:08.050,IMU-1,0x28,-1.06,179.75,260.69,3,3,0,3
2026-09-03T00:49:08.052,IMU-2,0x29,-0.94,177.88,83.0,3,3,0,3
2026-09-03T00:49:08.150,IMU-1,0x28,-1.06,179.75,260.69,3,3,0,3
2026-09-03T00:49:08.152,IMU-2,0x29,-0.94,177.88,83.0,3,3,0,3
2026-09-03T00:49:08.250,IMU-1,0x28,-1.06,179.75,260.69,3,3,0,3
2026-09-03T00:49:08.252,IMU-2,0x29,-0.94,177.88,83.0,3,3,0,3
2026-09-03T00:49:08.351,IMU-1,0x28,-1.06,179.75,260.69,3,3,0,3
2026-09-03T00:49:08.353,IMU-2,0x29,-0.94,177.88,83.0,3,3,0,3
2026-09-03T00:49:08.450,IMU-1,0x28,-1.06,179.75,260.69,3,3,0,3
2026-09-03T00:49:08.452,IMU-2,0x29,-0.94,177.88,83.0,3,3,0,3
2026-09-03T00:49:08.550,IMU-1,0x28,-1.06,179.75,260.69,3,3,0,3
2026-09-03T00:49:08.553,IMU-2,0x29,-0.94,177.88,83.0,3,3,0,3
2026-09-03T00:49:08.650,IMU-1,0x28,-1.06,179.75,260.69,3,3,0,3
2026-09-03T00:49:08.653,IMU-2,0x29,-0.94,177.88,83.0,3,3,0,3
2026-09-03T00:49:08.750,IMU-1,0x28,-1.06,179.75,260.69,3,3,0,3
2026-09-03T00:49:08.753,IMU-2,0x29,-0.94,177.88,83.0,3,3,0,3
2026-09-03T00:49:08.850,IMU-1,0x28,-1.06,179.75,260.69,3,3,0,3
2026-09-03T00:49:08.853,IMU-2,0x29,-0.94,177.88,83.0,3,3,0,3
2026-09-03T00:49:08.950,IMU-1,0x28,-1.06,179.75,260.69,3,3,0,3
2026-09-03T00:49:08.953,IMU-2,0x29,-0.94,177.88,83.0,3,3,0,3
2026-09-03T00:49:09.050,IMU-1,0x28,-1.06,179.75,260.69,3,3,0,3
2026-09-03T00:49:09.053,IMU-2,0x29,-0.94,177.88,83.0,3,3,0,3
2026-09-03T00:49:09.150,IMU-1,0x28,-1.06,179.75,260.69,3,3,0,3
2026-09-03T00:49:09.153,IMU-2,0x29,-0.94,177.88,83.0,3,3,0,3
2026-09-03T00:49:09.250,IMU-1,0x28,-1.06,179.75,260.69,3,3,0,3
2026-09-03T00:49:09.253,IMU-2,0x29,-0.94,177.88,83.0,3,3,0,3
2026-09-03T00:49:09.351,IMU-1,0x28,-1.06,179.75,260.69,3,3,0,3
2026-09-03T00:49:09.355,IMU-2,0x29,-0.94,177.88,83.0,3,3,0,3
2026-09-03T00:49:09.450,IMU-1,0x28,-1.06,179.75,260.69,3,3,0,3
2026-09-03T00:49:09.453,IMU-2,0x29,-0.94,177.88,83.0,3,3,0,3
2026-09-03T00:49:09.550,IMU-1,0x28,-1.06,179.75,260.69,3,3,0,3
2026-09-03T00:49:09.553,IMU-2,0x29,-0.94,177.88,83.0,3,3,0,3
2026-09-03T00:49:09.650,IMU-1,0x28,-1.06,179.75,260.69,3,3,0,3
2026-09-03T00:49:09.653,IMU-2,0x29,-0.94,177.88,83.0,3,3,0,3
2026-09-03T00:49:09.751,IMU-1,0x28,-1.06,179.75,260.69,3,3,0,3
2026-09-03T00:49:09.753,IMU-2,0x29,-0.94,177.88,83.0,3,3,0,3
2026-09-03T00:49:09.851,IMU-1,0x28,-1.06,179.75,260.69,3,3,0,3
2026-09-03T00:49:09.852,IMU-2,0x29,-0.94,177.88,83.0,3,3,0,3
2026-09-03T00:49:09.951,IMU-1,0x28,-1.06,179.75,260.69,3,3,0,3
2026-09-03T00:49:09.952,IMU-2,0x29,-0.94,177.88,83.0,3,3,0,3
2026-09-03T00:49:10.051,IMU-1,0x28,-1.06,179.75,260.69,3,3,0,3
2026-09-03T00:49:10.052,IMU-2,0x29,-0.94,177.88,83.0,3,3,0,3
2026-09-03T00:49:10.151,IMU-1,0x28,-1.06,179.75,260.69,3,3,0,3
2026-09-03T00:49:10.152,IMU-2,0x29,-0.94,177.88,83.0,3,3,0,3
2026-09-03T00:49:10.251,IMU-1,0x28,-1.06,179.75,260.69,3,3,0,3
2026-09-03T00:49:10.252,IMU-2,0x29,-0.94,177.88,83.0,3,3,0,3
2026-09-03T00:49:10.351,IMU-1,0x28,-1.06,179.75,260.69,3,3,0,3
2026-09-03T00:49:10.353,IMU-2,0x29,-0.94,177.88,83.0,3,3,0,3
2026-09-03T00:49:10.451,IMU-1,0x28,-1.06,179.75,260.69,3,3,0,3
2026-09-03T00:49:10.453,IMU-2,0x29,-0.94,177.88,83.0,3,3,0,3
2026-09-03T00:49:10.551,IMU-1,0x28,-1.06,179.75,260.69,3,3,0,3
2026-09-03T00:49:10.553,IMU-2,0x29,-0.94,177.88,83.0,3,3,0,3
2026-09-03T00:49:10.652,IMU-1,0x28,-1.06,179.75,260.69,3,3,0,3
2026-09-03T00:49:10.653,IMU-2,0x29,-0.94,177.88,83.0,3,3,0,3
2026-09-03T00:49:10.752,IMU-1,0x28,-1.06,179.75,260.69,3,3,0,3
2026-09-03T00:49:10.753,IMU-2,0x29,-0.94,177.88,83.0,3,3,0,3
2026-09-03T00:49:10.852,IMU-1,0x28,-1.06,179.75,260.69,3,3,0,3
2026-09-03T00:49:10.854,IMU-2,0x29,-0.94,177.88,83.0,3,3,0,3
2026-09-03T00:49:10.952,IMU-1,0x28,-1.06,179.75,260.69,3,3,0,3
2026-09-03T00:49:10.954,IMU-2,0x29,-0.94,177.88,83.0,3,3,0,3
2026-09-03T00:49:11.053,IMU-1,0x28,-1.06,179.75,260.69,3,3,0,3
2026-09-03T00:49:11.054,IMU-2,0x29,-0.94,177.88,83.0,3,3,0,3
2026-09-03T00:49:11.153,IMU-1,0x28,-1.06,179.75,260.69,3,3,0,3
2026-09-03T00:49:11.154,IMU-2,0x29,-0.94,177.88,83.0,3,3,0,3
2026-09-03T00:49:11.253,IMU-1,0x28,-1.06,179.75,260.69,3,3,0,3
2026-09-03T00:49:11.255,IMU-2,0x29,-0.94,177.88,83.0,3,3,0,3
2026-09-03T00:49:11.354,IMU-1,0x28,-1.06,179.75,260.69,3,3,0,3
2026-09-03T00:49:11.356,IMU-2,0x29,-0.94,177.88,83.0,3,3,0,3
2026-09-03T00:49:11.453,IMU-1,0x28,-1.06,179.75,260.69,3,3,0,3
2026-09-03T00:49:11.455,IMU-2,0x29,-0.94,177.88,83.0,3,3,0,3
2026-09-03T00:49:11.553,IMU-1,0x28,-1.06,179.75,260.69,3,3,0,3
2026-09-03T00:49:11.556,IMU-2,0x29,-0.94,177.88,83.0,3,3,0,3
2026-09-03T00:49:11.653,IMU-1,0x28,-1.06,179.75,260.69,3,3,0,3
2026-09-03T00:49:11.656,IMU-2,0x29,-0.94,177.88,83.0,3,3,0,3
2026-09-03T00:49:11.753,IMU-1,0x28,-1.06,179.75,260.69,3,3,0,3
2026-09-03T00:49:11.756,IMU-2,0x29,-0.94,177.88,83.0,3,3,0,3
2026-09-03T00:49:11.853,IMU-1,0x28,-1.06,179.75,260.69,3,3,0,3
2026-09-03T00:49:11.856,IMU-2,0x29,-0.94,177.88,83.0,3,3,0,3
2026-09-03T00:49:11.953,IMU-1,0x28,-1.06,179.75,260.69,3,3,0,3
2026-09-03T00:49:11.956,IMU-2,0x29,-0.94,177.88,83.0,3,3,0,3
2026-09-03T00:49:12.053,IMU-1,0x28,-1.06,179.75,260.69,3,3,0,3
2026-09-03T00:49:12.056,IMU-2,0x29,-0.94,177.88,83.0,3,3,0,3
2026-09-03T00:49:12.153,IMU-1,0x28,-1.06,179.75,260.69,3,3,0,3
2026-09-03T00:49:12.156,IMU-2,0x29,-0.94,177.88,83.0,3,3,0,3
2026-09-03T00:49:12.254,IMU-1,0x28,-1.06,179.75,260.69,3,3,0,3
2026-09-03T00:49:12.256,IMU-2,0x29,-0.94,177.88,83.0,3,3,0,3
2026-09-03T00:49:12.355,IMU-1,0x28,-1.06,179.75,260.69,3,3,0,3
2026-09-03T00:49:12.358,IMU-2,0x29,-0.94,177.88,83.0,3,3,0,3
2026-09-03T00:49:12.454,IMU-1,0x28,-1.06,179.75,260.69,3,3,0,3
2026-09-03T00:49:12.456,IMU-2,0x29,-0.94,177.88,83.0,3,3,0,3
2026-09-03T00:49:12.554,IMU-1,0x28,-1.06,179.75,260.69,3,3,0,3
2026-09-03T00:49:12.556,IMU-2,0x29,-0.94,177.88,83.0,3,3,0,3
2026-09-03T00:49:12.653,IMU-1,0x28,-1.06,179.75,260.69,3,3,0,3
2026-09-03T00:49:12.655,IMU-2,0x29,-0.94,177.88,83.0,3,3,0,3
2026-09-03T00:49:12.753,IMU-1,0x28,-1.06,179.75,260.69,3,3,0,3
2026-09-03T00:49:12.755,IMU-2,0x29,-0.94,177.88,83.0,3,3,0,3
2026-09-03T00:49:12.853,IMU-1,0x28,-1.06,179.75,260.69,3,3,0,3
2026-09-03T00:49:12.854,IMU-2,0x29,-0.94,177.88,83.0,3,3,0,3
2026-09-03T00:49:12.952,IMU-1,0x28,-1.06,179.75,260.69,3,3,0,3
2026-09-03T00:49:12.954,IMU-2,0x29,-0.94,177.88,83.0,3,3,0,3
2026-09-03T00:49:13.052,IMU-1,0x28,-1.06,179.75,260.69,3,3,0,3
2026-09-03T00:49:13.054,IMU-2,0x29,-0.94,177.88,83.0,3,3,0,3
2026-09-03T00:49:13.153,IMU-1,0x28,-1.06,179.75,260.69,3,3,0,3
2026-09-03T00:49:13.154,IMU-2,0x29,-0.94,177.88,83.0,3,3,0,3
2026-09-03T00:49:13.253,IMU-1,0x28,-1.06,179.75,260.69,3,3,0,3
2026-09-03T00:49:13.254,IMU-2,0x29,-0.94,177.88,83.0,3,3,0,3
2026-09-03T00:49:13.353,IMU-1,0x28,-1.06,179.75,260.69,3,3,0,3
2026-09-03T00:49:13.355,IMU-2,0x29,-0.94,177.88,83.0,3,3,0,3
2026-09-03T00:49:13.453,IMU-1,0x28,-1.06,179.75,260.69,3,3,0,3
2026-09-03T00:49:13.455,IMU-2,0x29,-0.94,177.88,83.0,3,3,0,3
2026-09-03T00:49:13.553,IMU-1,0x28,-1.06,179.75,260.69,3,3,0,3
2026-09-03T00:49:13.555,IMU-2,0x29,-0.94,177.88,83.0,3,3,0,3
2026-09-03T00:49:13.653,IMU-1,0x28,-1.06,179.75,260.69,3,3,0,3
2026-09-03T00:49:13.655,IMU-2,0x29,-0.94,177.88,83.0,3,3,0,3
2026-09-03T00:49:13.753,IMU-1,0x28,-1.06,179.75,260.69,3,3,0,3
2026-09-03T00:49:13.756,IMU-2,0x29,-0.94,177.88,83.0,3,3,0,3
2026-09-03T00:49:13.853,IMU-1,0x28,-1.06,179.75,260.69,3,3,0,3
2026-09-03T00:49:13.856,IMU-2,0x29,-0.94,177.88,83.0,3,3,0,3
2026-09-03T00:49:13.953,IMU-1,0x28,-1.06,179.75,260.69,3,3,0,3
2026-09-03T00:49:13.956,IMU-2,0x29,-0.94,177.88,83.0,3,3,0,3
2026-09-03T00:49:14.054,IMU-1,0x28,-1.06,179.75,260.69,3,3,0,3
2026-09-03T00:49:14.057,IMU-2,0x29,-0.94,177.88,83.0,3,3,0,3
2026-09-03T00:49:14.154,IMU-1,0x28,-1.06,179.75,260.69,3,3,0,3
2026-09-03T00:49:14.157,IMU-2,0x29,-0.94,177.88,83.0,3,3,0,3
2026-09-03T00:49:14.254,IMU-1,0x28,-1.06,179.75,260.69,3,3,0,3
2026-09-03T00:49:14.257,IMU-2,0x29,-0.94,177.88,83.0,3,3,0,3
2026-09-03T00:49:14.355,IMU-1,0x28,-1.06,179.75,260.69,3,3,0,3
2026-09-03T00:49:14.358,IMU-2,0x29,-0.94,177.88,83.0,3,3,0,3
2026-09-03T00:49:14.454,IMU-1,0x28,-1.06,179.75,260.69,3,3,0,3
2026-09-03T00:49:14.458,IMU-2,0x29,-0.94,177.88,83.0,3,3,0,3
2026-09-03T00:49:14.555,IMU-1,0x28,-1.06,179.75,260.69,3,3,0,3
2026-09-03T00:49:14.558,IMU-2,0x29,-0.94,177.88,83.0,3,3,0,3
2026-09-03T00:49:14.655,IMU-1,0x28,-1.06,179.75,260.69,3,3,0,3
2026-09-03T00:49:14.658,IMU-2,0x29,-0.94,177.88,83.0,3,3,0,3
2026-09-03T00:49:14.755,IMU-1,0x28,-1.06,179.75,260.69,3,3,0,3
2026-09-03T00:49:14.758,IMU-2,0x29,-0.94,177.88,83.0,3,3,0,3
2026-09-03T00:49:14.855,IMU-1,0x28,-1.06,179.75,260.69,3,3,0,3
2026-09-03T00:49:14.858,IMU-2,0x29,-0.94,177.88,83.0,3,3,0,3
2026-09-03T00:49:14.955,IMU-1,0x28,-1.06,179.75,260.69,3,3,0,3
2026-09-03T00:49:14.958,IMU-2,0x29,-0.94,177.88,83.0,3,3,0,3
2026-09-03T00:49:15.055,IMU-1,0x28,-1.06,179.75,260.69,3,3,0,3
2026-09-03T00:49:15.058,IMU-2,0x29,-0.94,177.88,83.0,3,3,0,3
2026-09-03T00:49:15.155,IMU-1,0x28,-1.06,179.75,260.69,3,3,0,3
2026-09-03T00:49:15.158,IMU-2,0x29,-0.94,177.88,83.0,3,3,0,3
2026-09-03T00:49:15.255,IMU-1,0x28,-1.06,179.75,260.69,3,3,0,3
2026-09-03T00:49:15.258,IMU-2,0x29,-0.94,177.88,83.0,3,3,0,3
2026-09-03T00:49:15.356,IMU-1,0x28,-1.06,179.75,260.69,3,3,0,3
2026-09-03T00:49:15.360,IMU-2,0x29,-0.94,177.88,83.0,3,3,0,3
2026-09-03T00:49:15.456,IMU-1,0x28,-1.06,179.75,260.69,3,3,0,3
2026-09-03T00:49:15.457,IMU-2,0x29,-0.94,177.88,83.0,3,3,0,3
2026-09-03T00:49:15.556,IMU-1,0x28,-1.06,179.75,260.69,3,3,0,3
2026-09-03T00:49:15.557,IMU-2,0x29,-0.94,177.88,83.0,3,3,0,3
2026-09-03T00:49:15.656,IMU-1,0x28,-1.06,179.75,260.69,3,3,0,3
2026-09-03T00:49:15.657,IMU-2,0x29,-0.94,177.88,83.0,3,3,0,3
2026-09-03T00:49:15.756,IMU-1,0x28,-1.06,179.75,260.69,3,3,0,3
2026-09-03T00:49:15.757,IMU-2,0x29,-0.94,177.88,83.0,3,3,0,3
2026-09-03T00:49:15.856,IMU-1,0x28,-1.06,179.75,260.69,3,3,0,3
2026-09-03T00:49:15.857,IMU-2,0x29,-0.94,177.88,83.0,3,3,0,3
2026-09-03T00:49:15.956,IMU-1,0x28,-1.06,179.75,260.69,3,3,0,3
2026-09-03T00:49:15.957,IMU-2,0x29,-0.94,177.88,83.0,3,3,0,3
2026-09-03T00:49:16.056,IMU-1,0x28,-1.06,179.75,260.69,3,3,0,3
2026-09-03T00:49:16.057,IMU-2,0x29,-0.94,177.88,83.0,3,3,0,3
2026-09-03T00:49:16.155,IMU-1,0x28,-1.06,179.75,260.69,3,3,0,3
2026-09-03T00:49:16.157,IMU-2,0x29,-0.94,177.88,83.0,3,3,0,3
2026-09-03T00:49:16.255,IMU-1,0x28,-1.06,179.75,260.69,3,3,0,3
2026-09-03T00:49:16.257,IMU-2,0x29,-0.94,177.88,83.0,3,3,0,3
2026-09-03T00:49:16.355,IMU-1,0x28,-1.06,179.75,260.69,3,3,0,3
2026-09-03T00:49:16.358,IMU-2,0x29,-0.94,177.88,83.0,3,3,0,3
2026-09-03T00:49:16.455,IMU-1,0x28,-1.06,179.75,260.69,3,3,0,3
2026-09-03T00:49:16.458,IMU-2,0x29,-0.94,177.88,83.0,3,3,0,3
2026-09-03T00:49:16.555,IMU-1,0x28,-1.06,179.75,260.69,3,3,0,3
2026-09-03T00:49:16.558,IMU-2,0x29,-0.94,177.88,83.0,3,3,0,3
2026-09-03T00:49:16.655,IMU-1,0x28,-1.06,179.75,260.69,3,3,0,3
2026-09-03T00:49:16.658,IMU-2,0x29,-0.94,177.88,83.0,3,3,0,3
2026-09-03T00:49:16.755,IMU-1,0x28,-1.06,179.75,260.69,3,3,0,3
2026-09-03T00:49:16.758,IMU-2,0x29,-0.94,177.88,83.0,3,3,0,3
2026-09-03T00:49:16.855,IMU-1,0x28,-1.06,179.75,260.69,3,3,0,3
2026-09-03T00:49:16.858,IMU-2,0x29,-0.94,177.88,83.0,3,3,0,3
2026-09-03T00:49:16.955,IMU-1,0x28,-1.06,179.75,260.69,3,3,0,3
2026-09-03T00:49:16.958,IMU-2,0x29,-0.94,177.88,83.0,3,3,0,3
2026-09-03T00:49:17.055,IMU-1,0x28,-1.06,179.75,260.69,3,3,0,3
2026-09-03T00:49:17.058,IMU-2,0x29,-0.94,177.88,83.0,3,3,0,3
2026-09-03T00:49:17.155,IMU-1,0x28,-1.06,179.75,260.69,3,3,0,3
2026-09-03T00:49:17.158,IMU-2,0x29,-0.94,177.88,83.0,3,3,0,3
2026-09-03T00:49:17.255,IMU-1,0x28,-1.06,179.75,260.69,3,3,0,3
2026-09-03T00:49:17.258,IMU-2,0x29,-0.94,177.88,83.0,3,3,0,3
2026-09-03T00:49:17.356,IMU-1,0x28,-1.06,179.75,260.69,3,3,0,3
2026-09-03T00:49:17.360,IMU-2,0x29,-0.94,177.88,83.0,3,3,0,3
2026-09-03T00:49:17.456,IMU-1,0x28,-1.06,179.75,260.69,3,3,0,3
2026-09-03T00:49:17.459,IMU-2,0x29,-0.94,177.88,83.0,3,3,0,3
2026-09-03T00:49:17.556,IMU-1,0x28,-1.06,179.75,260.69,3,3,0,3
2026-09-03T00:49:17.559,IMU-2,0x29,-0.94,177.88,83.0,3,3,0,3
2026-09-03T00:49:17.656,IMU-1,0x28,-1.06,179.75,260.69,3,3,0,3
2026-09-03T00:49:17.659,IMU-2,0x29,-0.94,177.88,83.0,3,3,0,3
2026-09-03T00:49:17.756,IMU-1,0x28,-1.06,179.75,260.69,3,3,0,3
2026-09-03T00:49:17.759,IMU-2,0x29,-0.94,177.88,83.0,3,3,0,3
2026-09-03T00:49:17.857,IMU-1,0x28,-1.06,179.75,260.69,3,3,0,3
2026-09-03T00:49:17.859,IMU-2,0x29,-0.94,177.88,83.0,3,3,0,3
2026-09-03T00:49:17.957,IMU-1,0x28,-1.06,179.75,260.69,3,3,0,3
2026-09-03T00:49:17.959,IMU-2,0x29,-0.94,177.88,83.0,3,3,0,3
2026-09-03T00:49:18.057,IMU-1,0x28,-1.06,179.75,260.69,3,3,0,3
2026-09-03T00:49:18.059,IMU-2,0x29,-0.94,177.88,83.0,3,3,0,3
2026-09-03T00:49:18.157,IMU-1,0x28,-1.06,179.75,260.69,3,3,0,3
2026-09-03T00:49:18.159,IMU-2,0x29,-0.94,177.88,83.0,3,3,0,3
2026-09-03T00:49:18.257,IMU-1,0x28,-1.06,179.75,260.69,3,3,0,3
2026-09-03T00:49:18.259,IMU-2,0x29,-0.94,177.88,83.0,3,3,0,3
2026-09-03T00:49:18.358,IMU-1,0x28,-1.06,179.75,260.69,3,3,0,3
2026-09-03T00:49:18.361,IMU-2,0x29,-0.94,177.88,83.0,3,3,0,3
2026-09-03T00:49:18.457,IMU-1,0x28,-1.06,179.75,260.69,3,3,0,3
2026-09-03T00:49:18.459,IMU-2,0x29,-0.94,177.88,83.0,3,3,0,3
2026-09-03T00:49:18.557,IMU-1,0x28,-1.06,179.75,260.69,3,3,0,3
2026-09-03T00:49:18.559,IMU-2,0x29,-0.94,177.88,83.0,3,3,0,3
2026-09-03T00:49:18.658,IMU-1,0x28,-1.06,179.75,260.69,3,3,0,3
2026-09-03T00:49:18.659,IMU-2,0x29,-0.94,177.88,83.0,3,3,0,3
2026-09-03T00:49:18.758,IMU-1,0x28,-1.06,179.75,260.69,3,3,0,3
2026-09-03T00:49:18.759,IMU-2,0x29,-0.94,177.88,83.0,3,3,0,3
2026-09-03T00:49:18.858,IMU-1,0x28,-1.06,179.75,260.69,3,3,0,3
2026-09-03T00:49:18.859,IMU-2,0x29,-0.94,177.88,83.0,3,3,0,3
2026-09-03T00:49:18.958,IMU-1,0x28,-1.06,179.75,260.69,3,3,0,3
2026-09-03T00:49:18.960,IMU-2,0x29,-0.94,177.88,83.0,3,3,0,3
2026-09-03T00:49:19.058,IMU-1,0x28,-1.06,179.75,260.69,3,3,0,3
2026-09-03T00:49:19.060,IMU-2,0x29,-0.94,177.88,83.0,3,3,0,3
2026-09-03T00:49:19.157,IMU-1,0x28,-1.06,179.75,260.69,3,3,0,3
2026-09-03T00:49:19.160,IMU-2,0x29,-0.94,177.88,83.0,3,3,0,3
2026-09-03T00:49:19.258,IMU-1,0x28,-1.06,179.75,260.69,3,3,0,3
2026-09-03T00:49:19.260,IMU-2,0x29,-0.94,177.88,83.0,3,3,0,3
2026-09-03T00:49:19.358,IMU-1,0x28,-1.06,179.75,260.69,3,3,0,3
2026-09-03T00:49:19.361,IMU-2,0x29,-0.94,177.88,83.0,3,3,0,3
2026-09-03T00:49:19.456,IMU-1,0x28,-1.06,179.75,260.69,3,3,0,3
2026-09-03T00:49:19.458,IMU-2,0x29,-0.94,177.88,83.0,3,3,0,3
2026-09-03T00:49:19.557,IMU-1,0x28,-1.06,179.75,260.69,3,3,0,3
2026-09-03T00:49:19.558,IMU-2,0x29,-0.94,177.88,83.0,3,3,0,3
2026-09-03T00:49:19.657,IMU-1,0x28,-1.06,179.75,260.69,3,3,0,3
2026-09-03T00:49:19.658,IMU-2,0x29,-0.94,177.88,83.0,3,3,0,3
2026-09-03T00:49:19.757,IMU-1,0x28,-1.06,179.75,260.69,3,3,0,3
2026-09-03T00:49:19.758,IMU-2,0x29,-0.94,177.88,83.0,3,3,0,3
2026-09-03T00:49:19.857,IMU-1,0x28,-1.06,179.75,260.69,3,3,0,3
2026-09-03T00:49:19.858,IMU-2,0x29,-0.94,177.88,83.0,3,3,0,3
2026-09-03T00:49:19.957,IMU-1,0x28,-1.06,179.75,260.69,3,3,0,3
2026-09-03T00:49:19.958,IMU-2,0x29,-0.94,177.88,83.0,3,3,0,3
2026-09-03T00:49:20.057,IMU-1,0x28,-1.06,179.75,260.69,3,3,0,3
2026-09-03T00:49:20.058,IMU-2,0x29,-0.94,177.88,83.0,3,3,0,3
2026-09-03T00:49:20.157,IMU-1,0x28,-1.06,179.75,260.69,3,3,0,3
2026-09-03T00:49:20.158,IMU-2,0x29,-0.94,177.88,83.0,3,3,0,3
2026-09-03T00:49:20.257,IMU-1,0x28,-1.06,179.75,260.69,3,3,0,3
2026-09-03T00:49:20.258,IMU-2,0x29,-0.94,177.88,83.0,3,3,0,3
2026-09-03T00:49:20.357,IMU-1,0x28,-1.06,179.75,260.69,3,3,0,3
2026-09-03T00:49:20.359,IMU-2,0x29,-0.94,177.88,83.0,3,3,0,3
2026-09-03T00:49:20.457,IMU-1,0x28,-1.06,179.75,260.69,3,3,0,3
2026-09-03T00:49:20.459,IMU-2,0x29,-0.94,177.88,83.0,3,3,0,3
2026-09-03T00:49:20.557,IMU-1,0x28,-1.06,179.75,260.69,3,3,0,3
2026-09-03T00:49:20.559,IMU-2,0x29,-0.94,177.88,83.0,3,3,0,3
2026-09-03T00:49:20.658,IMU-1,0x28,-1.06,179.75,260.69,3,3,0,3
2026-09-03T00:49:20.659,IMU-2,0x29,-0.94,177.88,83.0,3,3,0,3
2026-09-03T00:49:20.758,IMU-1,0x28,-1.06,179.75,260.69,3,3,0,3
2026-09-03T00:49:20.759,IMU-2,0x29,-0.94,177.88,83.0,3,3,0,3
2026-09-03T00:49:20.858,IMU-1,0x28,-1.06,179.75,260.69,3,3,0,3
2026-09-03T00:49:20.859,IMU-2,0x29,-0.94,177.88,83.0,3,3,0,3
2026-09-03T00:49:20.958,IMU-1,0x28,-1.06,179.75,260.69,3,3,0,3
2026-09-03T00:49:20.960,IMU-2,0x29,-0.94,177.88,83.0,3,3,0,3
2026-09-03T00:49:21.058,IMU-1,0x28,-1.06,179.75,260.69,3,3,0,3
2026-09-03T00:49:21.060,IMU-2,0x29,-0.94,177.88,83.0,3,3,0,3
2026-09-03T00:49:21.159,IMU-1,0x28,-1.06,179.75,260.69,3,3,0,3
2026-09-03T00:49:21.160,IMU-2,0x29,-0.94,177.88,83.0,3,3,0,3
2026-09-03T00:49:21.259,IMU-1,0x28,-1.06,179.75,260.69,3,3,0,3
2026-09-03T00:49:21.261,IMU-2,0x29,-0.94,177.88,83.0,3,3,0,3
2026-09-03T00:49:21.360,IMU-1,0x28,-1.06,179.75,260.69,3,3,0,3
2026-09-03T00:49:21.362,IMU-2,0x29,-0.94,177.88,83.0,3,3,0,3
2026-09-03T00:49:21.459,IMU-1,0x28,-1.06,179.75,260.69,3,3,0,3
2026-09-03T00:49:21.461,IMU-2,0x29,-0.94,177.88,83.0,3,3,0,3
2026-09-03T00:49:21.559,IMU-1,0x28,-1.06,179.75,260.69,3,3,0,3
2026-09-03T00:49:21.562,IMU-2,0x29,-0.94,177.88,83.0,3,3,0,3
2026-09-03T00:49:21.659,IMU-1,0x28,-1.06,179.75,260.69,3,3,0,3
2026-09-03T00:49:21.662,IMU-2,0x29,-0.94,177.88,83.0,3,3,0,3
2026-09-03T00:49:21.759,IMU-1,0x28,-1.06,179.75,260.69,3,3,0,3
2026-09-03T00:49:21.762,IMU-2,0x29,-0.94,177.88,83.0,3,3,0,3
2026-09-03T00:49:21.859,IMU-1,0x28,-1.06,179.75,260.69,3,3,0,3
2026-09-03T00:49:21.862,IMU-2,0x29,-0.94,177.88,83.0,3,3,0,3
2026-09-03T00:49:21.959,IMU-1,0x28,-1.06,179.75,260.69,3,3,0,3
2026-09-03T00:49:21.963,IMU-2,0x29,-0.94,177.88,83.0,3,3,0,3
2026-09-03T00:49:22.060,IMU-1,0x28,-1.06,179.75,260.69,3,3,0,3
2026-09-03T00:49:22.063,IMU-2,0x29,-0.94,177.88,83.0,3,3,0,3
2026-09-03T00:49:22.160,IMU-1,0x28,-1.06,179.75,260.69,3,3,0,3
2026-09-03T00:49:22.163,IMU-2,0x29,-0.94,177.88,83.0,3,3,0,3
2026-09-03T00:49:22.260,IMU-1,0x28,-1.06,179.75,260.69,3,3,0,3
2026-09-03T00:49:22.263,IMU-2,0x29,-0.94,177.88,83.0,3,3,0,3
2026-09-03T00:49:22.361,IMU-1,0x28,-1.06,179.75,260.69,3,3,0,3
2026-09-03T00:49:22.364,IMU-2,0x29,-0.94,177.88,83.0,3,3,0,3
2026-09-03T00:49:22.460,IMU-1,0x28,-1.06,179.75,260.69,3,3,0,3
2026-09-03T00:49:22.463,IMU-2,0x29,-0.94,177.88,83.0,3,3,0,3
2026-09-03T00:49:22.559,IMU-1,0x28,-1.06,179.75,260.69,3,3,0,3
2026-09-03T00:49:22.562,IMU-2,0x29,-0.94,177.88,83.0,3,3,0,3
2026-09-03T00:49:22.659,IMU-1,0x28,-1.06,179.75,260.69,3,3,0,3
2026-09-03T00:49:22.662,IMU-2,0x29,-0.94,177.88,83.0,3,3,0,3
2026-09-03T00:49:22.758,IMU-1,0x28,-1.06,179.75,260.69,3,3,0,3
2026-09-03T00:49:22.760,IMU-2,0x29,-0.94,177.88,83.0,3,3,0,3
2026-09-03T00:49:22.858,IMU-1,0x28,-1.06,179.75,260.69,3,3,0,3
2026-09-03T00:49:22.860,IMU-2,0x29,-0.94,177.88,83.0,3,3,0,3
2026-09-03T00:49:22.959,IMU-1,0x28,-1.06,179.75,260.69,3,3,0,3
2026-09-03T00:49:22.960,IMU-2,0x29,-0.94,177.88,83.0,3,3,0,3
2026-09-03T00:49:23.059,IMU-1,0x28,-1.06,179.75,260.69,3,3,0,3
2026-09-03T00:49:23.060,IMU-2,0x29,-0.94,177.88,83.0,3,3,0,3
2026-09-03T00:49:23.159,IMU-1,0x28,-1.06,179.75,260.69,3,3,0,3
2026-09-03T00:49:23.160,IMU-2,0x29,-0.94,177.88,83.0,3,3,0,3
2026-09-03T00:49:23.259,IMU-1,0x28,-1.06,179.75,260.69,3,3,0,3
2026-09-03T00:49:23.260,IMU-2,0x29,-0.94,177.88,83.0,3,3,0,3
2026-09-03T00:49:23.359,IMU-1,0x28,-1.06,179.75,260.69,3,3,0,3
2026-09-03T00:49:23.361,IMU-2,0x29,-0.94,177.88,83.0,3,3,0,3
2026-09-03T00:49:23.459,IMU-1,0x28,-1.06,179.75,260.69,3,3,0,3
2026-09-03T00:49:23.460,IMU-2,0x29,-0.94,177.88,83.0,3,3,0,3
2026-09-03T00:49:23.559,IMU-1,0x28,-1.06,179.75,260.69,3,3,0,3
2026-09-03T00:49:23.561,IMU-2,0x29,-0.94,177.88,83.0,3,3,0,3
2026-09-03T00:49:23.659,IMU-1,0x28,-1.06,179.75,260.69,3,3,0,3
2026-09-03T00:49:23.661,IMU-2,0x29,-0.94,177.88,83.0,3,3,0,3
2026-09-03T00:49:23.759,IMU-1,0x28,-1.06,179.75,260.69,3,3,0,3
2026-09-03T00:49:23.761,IMU-2,0x29,-0.94,177.88,83.0,3,3,0,3
2026-09-03T00:49:23.860,IMU-1,0x28,-1.06,179.75,260.69,3,3,0,3
2026-09-03T00:49:23.862,IMU-2,0x29,-0.94,177.88,83.0,3,3,0,3
2026-09-03T00:49:23.960,IMU-1,0x28,-1.06,179.75,260.69,3,3,0,3
2026-09-03T00:49:23.962,IMU-2,0x29,-0.94,177.88,83.0,3,3,0,3
2026-09-03T00:49:24.060,IMU-1,0x28,-1.06,179.75,260.69,3,3,0,3
2026-09-03T00:49:24.062,IMU-2,0x29,-0.94,177.88,83.0,3,3,0,3
2026-09-03T00:49:24.160,IMU-1,0x28,-1.06,179.75,260.69,3,3,0,3
2026-09-03T00:49:24.163,IMU-2,0x29,-0.94,177.88,83.0,3,3,0,3
2026-09-03T00:49:24.260,IMU-1,0x28,-1.06,179.75,260.69,3,3,0,3
2026-09-03T00:49:24.263,IMU-2,0x29,-0.94,177.88,83.0,3,3,0,3
2026-09-03T00:49:24.361,IMU-1,0x28,-1.06,179.75,260.69,3,3,0,3
2026-09-03T00:49:24.364,IMU-2,0x29,-0.94,177.88,83.0,3,3,0,3
2026-09-03T00:49:24.461,IMU-1,0x28,-1.06,179.75,260.69,3,3,0,3
2026-09-03T00:49:24.464,IMU-2,0x29,-0.94,177.88,83.0,3,3,0,3
2026-09-03T00:49:24.561,IMU-1,0x28,-1.06,179.75,260.69,3,3,0,3
2026-09-03T00:49:24.564,IMU-2,0x29,-0.94,177.88,83.0,3,3,0,3
2026-09-03T00:49:24.661,IMU-1,0x28,-1.06,179.75,260.69,3,3,0,3
2026-09-03T00:49:24.664,IMU-2,0x29,-0.94,177.88,83.0,3,3,0,3
2026-09-03T00:49:24.760,IMU-1,0x28,-1.06,179.75,260.69,3,3,0,3
2026-09-03T00:49:24.763,IMU-2,0x29,-0.94,177.88,83.0,3,3,0,3
2026-09-03T00:49:24.861,IMU-1,0x28,-1.06,179.75,260.69,3,3,0,3
2026-09-03T00:49:24.864,IMU-2,0x29,-0.94,177.88,83.0,3,3,0,3
2026-09-03T00:49:24.960,IMU-1,0x28,-1.06,179.75,260.69,3,3,0,3
2026-09-03T00:49:24.963,IMU-2,0x29,-0.94,177.88,83.0,3,3,0,3
2026-09-03T00:49:25.060,IMU-1,0x28,-1.06,179.75,260.69,3,3,0,3
2026-09-03T00:49:25.063,IMU-2,0x29,-0.94,177.88,83.0,3,3,0,3
2026-09-03T00:49:25.160,IMU-1,0x28,-1.06,179.75,260.69,3,3,0,3
2026-09-03T00:49:25.162,IMU-2,0x29,-0.94,177.88,83.0,3,3,0,3
2026-09-03T00:49:25.260,IMU-1,0x28,-1.06,179.75,260.69,3,3,0,3
2026-09-03T00:49:25.262,IMU-2,0x29,-0.94,177.88,83.0,3,3,0,3
2026-09-03T00:49:25.360,IMU-1,0x28,-1.06,179.75,260.69,3,3,0,3
2026-09-03T00:49:25.364,IMU-2,0x29,-0.94,177.88,83.0,3,3,0,3
2026-09-03T00:49:25.460,IMU-1,0x28,-1.06,179.75,260.69,3,3,0,3
2026-09-03T00:49:25.462,IMU-2,0x29,-0.94,177.88,83.0,3,3,0,3
2026-09-03T00:49:25.560,IMU-1,0x28,-1.06,179.75,260.69,3,3,0,3
2026-09-03T00:49:25.562,IMU-2,0x29,-0.94,177.88,83.0,3,3,0,3
2026-09-03T00:49:25.660,IMU-1,0x28,-1.06,179.75,260.69,3,3,0,3
2026-09-03T00:49:25.662,IMU-2,0x29,-0.94,177.88,83.0,3,3,0,3
2026-09-03T00:49:25.760,IMU-1,0x28,-1.06,179.75,260.69,3,3,0,3
2026-09-03T00:49:25.762,IMU-2,0x29,-0.94,177.88,83.0,3,3,0,3
2026-09-03T00:49:25.860,IMU-1,0x28,-1.06,179.75,260.69,3,3,0,3
2026-09-03T00:49:25.862,IMU-2,0x29,-0.94,177.88,83.0,3,3,0,3
2026-09-03T00:49:25.960,IMU-1,0x28,-1.06,179.75,260.69,3,3,0,3
2026-09-03T00:49:25.962,IMU-2,0x29,-0.94,177.88,83.0,3,3,0,3
2026-09-03T00:49:26.060,IMU-1,0x28,-1.06,179.75,260.69,3,3,0,3
2026-09-03T00:49:26.062,IMU-2,0x29,-0.94,177.88,83.0,3,3,0,3
2026-09-03T00:49:26.160,IMU-1,0x28,-1.06,179.75,260.69,3,3,0,3
2026-09-03T00:49:26.162,IMU-2,0x29,-0.94,177.88,83.0,3,3,0,3
2026-09-03T00:49:26.261,IMU-1,0x28,-1.06,179.75,260.69,3,3,0,3
2026-09-03T00:49:26.262,IMU-2,0x29,-0.94,177.88,83.0,3,3,0,3
2026-09-03T00:49:26.361,IMU-1,0x28,-1.06,179.75,260.69,3,3,0,3
2026-09-03T00:49:26.363,IMU-2,0x29,-0.94,177.88,83.0,3,3,0,3
2026-09-03T00:49:26.461,IMU-1,0x28,-1.06,179.75,260.69,3,3,0,3
2026-09-03T00:49:26.463,IMU-2,0x29,-0.94,177.88,83.0,3,3,0,3
2026-09-03T00:49:26.561,IMU-1,0x28,-1.06,179.75,260.69,3,3,0,3
2026-09-03T00:49:26.563,IMU-2,0x29,-0.94,177.88,83.0,3,3,0,3
2026-09-03T00:49:26.661,IMU-1,0x28,-1.06,179.75,260.69,3,3,0,3
2026-09-03T00:49:26.663,IMU-2,0x29,-0.94,177.88,83.0,3,3,0,3
2026-09-03T00:49:26.761,IMU-1,0x28,-1.06,179.75,260.69,3,3,0,3
2026-09-03T00:49:26.764,IMU-2,0x29,-0.94,177.88,83.0,3,3,0,3
2026-09-03T00:49:26.861,IMU-1,0x28,-1.06,179.75,260.69,3,3,0,3
2026-09-03T00:49:26.864,IMU-2,0x29,-0.94,177.88,83.0,3,3,0,3
2026-09-03T00:49:26.961,IMU-1,0x28,-1.06,179.75,260.69,3,3,0,3
2026-09-03T00:49:26.964,IMU-2,0x29,-0.94,177.88,83.0,3,3,0,3
2026-09-03T00:49:27.061,IMU-1,0x28,-1.06,179.75,260.69,3,3,0,3
2026-09-03T00:49:27.064,IMU-2,0x29,-0.94,177.88,83.0,3,3,0,3
2026-09-03T00:49:27.161,IMU-1,0x28,-1.06,179.75,260.69,3,3,0,3
2026-09-03T00:49:27.164,IMU-2,0x29,-0.94,177.88,83.0,3,3,0,3
2026-09-03T00:49:27.261,IMU-1,0x28,-1.06,179.75,260.69,3,3,0,3
2026-09-03T00:49:27.264,IMU-2,0x29,-0.94,177.88,83.0,3,3,0,3
2026-09-03T00:49:27.362,IMU-1,0x28,-1.06,179.75,260.69,3,3,0,3
2026-09-03T00:49:27.366,IMU-2,0x29,-0.94,177.88,83.0,3,3,0,3
2026-09-03T00:49:27.462,IMU-1,0x28,-1.06,179.75,260.69,3,3,0,3
2026-09-03T00:49:27.465,IMU-2,0x29,-0.94,177.88,83.0,3,3,0,3
2026-09-03T00:49:27.562,IMU-1,0x28,-1.06,179.75,260.69,3,3,0,3
2026-09-03T00:49:27.565,IMU-2,0x29,-0.94,177.88,83.0,3,3,0,3
2026-09-03T00:49:27.662,IMU-1,0x28,-1.06,179.75,260.69,3,3,0,3
2026-09-03T00:49:27.665,IMU-2,0x29,-0.94,177.88,83.0,3,3,0,3
2026-09-03T00:49:27.762,IMU-1,0x28,-1.06,179.75,260.69,3,3,0,3
2026-09-03T00:49:27.765,IMU-2,0x29,-0.94,177.88,83.0,3,3,0,3
2026-09-03T00:49:27.862,IMU-1,0x28,-1.06,179.75,260.69,3,3,0,3
2026-09-03T00:49:27.865,IMU-2,0x29,-0.94,177.88,83.0,3,3,0,3
2026-09-03T00:49:27.963,IMU-1,0x28,-1.06,179.75,260.69,3,3,0,3
2026-09-03T00:49:27.966,IMU-2,0x29,-0.94,177.88,83.0,3,3,0,3
2026-09-03T00:49:28.063,IMU-1,0x28,-1.06,179.75,260.69,3,3,0,3
2026-09-03T00:49:28.066,IMU-2,0x29,-0.94,177.88,83.0,3,3,0,3
2026-09-03T00:49:28.163,IMU-1,0x28,-1.06,179.75,260.69,3,3,0,3
2026-09-03T00:49:28.165,IMU-2,0x29,-0.94,177.88,83.0,3,3,0,3
2026-09-03T00:49:28.263,IMU-1,0x28,-1.06,179.75,260.69,3,3,0,3
2026-09-03T00:49:28.265,IMU-2,0x29,-0.94,177.88,83.0,3,3,0,3
2026-09-03T00:49:28.364,IMU-1,0x28,-1.06,179.75,260.69,3,3,0,3
2026-09-03T00:49:28.367,IMU-2,0x29,-0.94,177.88,83.0,3,3,0,3
2026-09-03T00:49:28.464,IMU-1,0x28,-1.06,179.75,260.69,3,3,0,3
2026-09-03T00:49:28.465,IMU-2,0x29,-0.94,177.88,83.0,3,3,0,3
2026-09-03T00:49:28.563,IMU-1,0x28,-1.06,179.75,260.69,3,3,0,3
2026-09-03T00:49:28.565,IMU-2,0x29,-0.94,177.88,83.0,3,3,0,3
2026-09-03T00:49:28.663,IMU-1,0x28,-1.06,179.75,260.69,3,3,0,3
2026-09-03T00:49:28.665,IMU-2,0x29,-0.94,177.88,83.0,3,3,0,3
2026-09-03T00:49:28.763,IMU-1,0x28,-1.06,179.75,260.69,3,3,0,3
2026-09-03T00:49:28.765,IMU-2,0x29,-0.94,177.88,83.0,3,3,0,3
2026-09-03T00:49:28.864,IMU-1,0x28,-1.06,179.75,260.69,3,3,0,3
2026-09-03T00:49:28.865,IMU-2,0x29,-0.94,177.88,83.0,3,3,0,3
2026-09-03T00:49:28.964,IMU-1,0x28,-1.06,179.75,260.69,3,3,0,3
2026-09-03T00:49:28.965,IMU-2,0x29,-0.94,177.88,83.0,3,3,0,3
2026-09-03T00:49:29.064,IMU-1,0x28,-1.06,179.75,260.69,3,3,0,3
2026-09-03T00:49:29.065,IMU-2,0x29,-0.94,177.88,83.0,3,3,0,3
2026-09-03T00:49:29.164,IMU-1,0x28,-1.06,179.75,260.69,3,3,0,3
2026-09-03T00:49:29.166,IMU-2,0x29,-0.94,177.88,83.0,3,3,0,3
2026-09-03T00:49:29.264,IMU-1,0x28,-1.06,179.75,260.69,3,3,0,3
2026-09-03T00:49:29.266,IMU-2,0x29,-0.94,177.88,83.0,3,3,0,3
2026-09-03T00:49:29.365,IMU-1,0x28,-1.06,179.75,260.69,3,3,0,3
2026-09-03T00:49:29.367,IMU-2,0x29,-0.94,177.88,83.0,3,3,0,3
2026-09-03T00:49:29.464,IMU-1,0x28,-1.06,179.75,260.69,3,3,0,3
2026-09-03T00:49:29.467,IMU-2,0x29,-0.94,177.88,83.0,3,3,0,3
2026-09-03T00:49:29.564,IMU-1,0x28,-1.06,179.75,260.69,3,3,0,3
2026-09-03T00:49:29.567,IMU-2,0x29,-0.94,177.88,83.0,3,3,0,3
2026-09-03T00:49:29.663,IMU-1,0x28,-1.06,179.75,260.69,3,3,0,3
2026-09-03T00:49:29.666,IMU-2,0x29,-0.94,177.88,83.0,3,3,0,3
2026-09-03T00:49:29.763,IMU-1,0x28,-1.06,179.75,260.69,3,3,0,3
2026-09-03T00:49:29.766,IMU-2,0x29,-0.94,177.88,83.0,3,3,0,3
2026-09-03T00:49:29.863,IMU-1,0x28,-1.06,179.75,260.69,3,3,0,3
2026-09-03T00:49:29.866,IMU-2,0x29,-0.94,177.88,83.0,3,3,0,3
2026-09-03T00:49:29.963,IMU-1,0x28,-1.06,179.75,260.69,3,3,0,3
2026-09-03T00:49:29.966,IMU-2,0x29,-0.94,177.88,83.0,3,3,0,3
2026-09-03T00:49:30.063,IMU-1,0x28,-1.06,179.75,260.69,3,3,0,3
2026-09-03T00:49:30.066,IMU-2,0x29,-0.94,177.88,83.0,3,3,0,3
2026-09-03T00:49:30.163,IMU-1,0x28,-1.06,179.75,260.69,3,3,0,3
2026-09-03T00:49:30.166,IMU-2,0x29,-0.94,177.88,83.0,3,3,0,3
2026-09-03T00:49:30.263,IMU-1,0x28,-1.06,179.75,260.69,3,3,0,3
2026-09-03T00:49:30.265,IMU-2,0x29,-0.94,177.88,83.0,3,3,0,3
2026-09-03T00:49:30.363,IMU-1,0x28,-1.06,179.75,260.69,3,3,0,3
2026-09-03T00:49:30.367,IMU-2,0x29,-0.94,177.88,83.0,3,3,0,3
2026-09-03T00:49:30.463,IMU-1,0x28,-1.06,179.75,260.69,3,3,0,3
2026-09-03T00:49:30.465,IMU-2,0x29,-0.94,177.88,83.0,3,3,0,3
2026-09-03T00:49:30.563,IMU-1,0x28,-1.06,179.75,260.69,3,3,0,3
2026-09-03T00:49:30.565,IMU-2,0x29,-0.94,177.88,83.0,3,3,0,3
2026-09-03T00:49:30.663,IMU-1,0x28,-1.06,179.75,260.69,3,3,0,3
2026-09-03T00:49:30.665,IMU-2,0x29,-0.94,177.88,83.0,3,3,0,3
2026-09-03T00:49:30.763,IMU-1,0x28,-1.06,179.75,260.69,3,3,0,3
2026-09-03T00:49:30.765,IMU-2,0x29,-0.94,177.88,83.0,3,3,0,3
2026-09-03T00:49:30.863,IMU-1,0x28,-1.06,179.75,260.69,3,3,0,3
2026-09-03T00:49:30.865,IMU-2,0x29,-0.94,177.88,83.0,3,3,0,3
2026-09-03T00:49:30.964,IMU-1,0x28,-1.06,179.75,260.69,3,3,0,3
2026-09-03T00:49:30.965,IMU-2,0x29,-0.94,177.88,83.0,3,3,0,3
2026-09-03T00:49:31.064,IMU-1,0x28,-1.06,179.75,260.69,3,3,0,3
2026-09-03T00:49:31.065,IMU-2,0x29,-0.94,177.88,83.0,3,3,0,3
2026-09-03T00:49:31.164,IMU-1,0x28,-1.06,179.75,260.69,3,3,0,3
2026-09-03T00:49:31.166,IMU-2,0x29,-0.94,177.88,83.0,3,3,0,3
2026-09-03T00:49:31.264,IMU-1,0x28,-1.06,179.75,260.69,3,3,0,3
2026-09-03T00:49:31.266,IMU-2,0x29,-0.94,177.88,83.0,3,3,0,3
2026-09-03T00:49:31.365,IMU-1,0x28,-1.06,179.75,260.69,3,3,0,3
2026-09-03T00:49:31.367,IMU-2,0x29,-0.94,177.88,83.0,3,3,0,3
2026-09-03T00:49:31.464,IMU-1,0x28,-1.06,179.75,260.69,3,3,0,3
2026-09-03T00:49:31.466,IMU-2,0x29,-0.94,177.88,83.0,3,3,0,3
2026-09-03T00:49:31.565,IMU-1,0x28,-1.06,179.75,260.69,3,3,0,3
2026-09-03T00:49:31.567,IMU-2,0x29,-0.94,177.88,83.0,3,3,0,3
2026-09-03T00:49:31.665,IMU-1,0x28,-1.06,179.75,260.69,3,3,0,3
2026-09-03T00:49:31.667,IMU-2,0x29,-0.94,177.88,83.0,3,3,0,3
2026-09-03T00:49:31.765,IMU-1,0x28,-1.06,179.75,260.69,3,3,0,3
2026-09-03T00:49:31.767,IMU-2,0x29,-0.94,177.88,83.0,3,3,0,3
2026-09-03T00:49:31.865,IMU-1,0x28,-1.06,179.75,260.69,3,3,0,3
2026-09-03T00:49:31.868,IMU-2,0x29,-0.94,177.88,83.0,3,3,0,3
2026-09-03T00:49:31.966,IMU-1,0x28,-1.06,179.75,260.69,3,3,0,3
2026-09-03T00:49:31.968,IMU-2,0x29,-0.94,177.88,83.0,3,3,0,3
2026-09-03T00:49:32.066,IMU-1,0x28,-1.06,179.75,260.69,3,3,0,3
2026-09-03T00:49:32.068,IMU-2,0x29,-0.94,177.88,83.0,3,3,0,3
2026-09-03T00:49:32.166,IMU-1,0x28,-1.06,179.75,260.69,3,3,0,3
2026-09-03T00:49:32.168,IMU-2,0x29,-0.94,177.88,83.0,3,3,0,3
2026-09-03T00:49:32.266,IMU-1,0x28,-1.06,179.75,260.69,3,3,0,3
2026-09-03T00:49:32.268,IMU-2,0x29,-0.94,177.88,83.0,3,3,0,3
2026-09-03T00:49:32.367,IMU-1,0x28,-1.06,179.75,260.69,3,3,0,3
2026-09-03T00:49:32.370,IMU-2,0x29,-0.94,177.88,83.0,3,3,0,3
2026-09-03T00:49:32.466,IMU-1,0x28,-1.06,179.75,260.69,3,3,0,3
2026-09-03T00:49:32.467,IMU-2,0x29,-0.94,177.88,83.0,3,3,0,3
2026-09-03T00:49:32.566,IMU-1,0x28,-1.06,179.75,260.69,3,3,0,3
2026-09-03T00:49:32.567,IMU-2,0x29,-0.94,177.88,83.0,3,3,0,3
2026-09-03T00:49:32.666,IMU-1,0x28,-1.06,179.75,260.69,3,3,0,3
2026-09-03T00:49:32.667,IMU-2,0x29,-0.94,177.88,83.0,3,3,0,3
2026-09-03T00:49:32.766,IMU-1,0x28,-1.06,179.75,260.69,3,3,0,3
2026-09-03T00:49:32.767,IMU-2,0x29,-0.94,177.88,83.0,3,3,0,3
2026-09-03T00:49:32.866,IMU-1,0x28,-1.06,179.75,260.69,3,3,0,3
2026-09-03T00:49:32.868,IMU-2,0x29,-0.94,177.88,83.0,3,3,0,3
2026-09-03T00:49:32.966,IMU-1,0x28,-1.06,179.75,260.69,3,3,0,3
2026-09-03T00:49:32.967,IMU-2,0x29,-0.94,177.88,83.0,3,3,0,3
2026-09-03T00:49:33.066,IMU-1,0x28,-1.06,179.75,260.69,3,3,0,3
2026-09-03T00:49:33.067,IMU-2,0x29,-0.94,177.88,83.0,3,3,0,3
2026-09-03T00:49:33.165,IMU-1,0x28,-1.06,179.75,260.69,3,3,0,3
2026-09-03T00:49:33.167,IMU-2,0x29,-0.94,177.88,83.0,3,3,0,3
2026-09-03T00:49:33.265,IMU-1,0x28,-1.06,179.75,260.69,3,3,0,3
2026-09-03T00:49:33.267,IMU-2,0x29,-0.94,177.88,83.0,3,3,0,3
2026-09-03T00:49:33.366,IMU-1,0x28,-1.06,179.75,260.69,3,3,0,3
2026-09-03T00:49:33.368,IMU-2,0x29,-0.94,177.88,83.0,3,3,0,3
2026-09-03T00:49:33.465,IMU-1,0x28,-1.06,179.75,260.69,3,3,0,3
2026-09-03T00:49:33.466,IMU-2,0x29,-0.94,177.88,83.0,3,3,0,3
2026-09-03T00:49:33.565,IMU-1,0x28,-1.06,179.75,260.69,3,3,0,3
2026-09-03T00:49:33.566,IMU-2,0x29,-0.94,177.88,83.0,3,3,0,3
2026-09-03T00:49:33.665,IMU-1,0x28,-1.06,179.75,260.69,3,3,0,3
2026-09-03T00:49:33.667,IMU-2,0x29,-0.94,177.88,83.0,3,3,0,3
2026-09-03T00:49:33.765,IMU-1,0x28,-1.06,179.75,260.69,3,3,0,3
2026-09-03T00:49:33.767,IMU-2,0x29,-0.94,177.88,83.0,3,3,0,3
2026-09-03T00:49:33.865,IMU-1,0x28,-1.06,179.75,260.69,3,3,0,3
2026-09-03T00:49:33.867,IMU-2,0x29,-0.94,177.88,83.0,3,3,0,3
2026-09-03T00:49:33.965,IMU-1,0x28,-1.06,179.75,260.69,3,3,0,3
2026-09-03T00:49:33.967,IMU-2,0x29,-0.94,177.88,83.0,3,3,0,3
2026-09-03T00:49:34.065,IMU-1,0x28,-1.06,179.75,260.69,3,3,0,3
2026-09-03T00:49:34.068,IMU-2,0x29,-0.94,177.88,83.0,3,3,0,3
2026-09-03T00:49:34.165,IMU-1,0x28,-1.06,179.75,260.69,3,3,0,3
2026-09-03T00:49:34.168,IMU-2,0x29,-0.94,177.88,83.0,3,3,0,3
2026-09-03T00:49:34.265,IMU-1,0x28,-1.06,179.75,260.69,3,3,0,3
2026-09-03T00:49:34.268,IMU-2,0x29,-0.94,177.88,83.0,3,3,0,3
2026-09-03T00:49:34.366,IMU-1,0x28,-1.06,179.75,260.69,3,3,0,3
2026-09-03T00:49:34.369,IMU-2,0x29,-0.94,177.88,83.0,3,3,0,3
2026-09-03T00:49:34.465,IMU-1,0x28,-1.06,179.75,260.69,3,3,0,3
2026-09-03T00:49:34.469,IMU-2,0x29,-0.94,177.88,83.0,3,3,0,3
2026-09-03T00:49:34.566,IMU-1,0x28,-1.06,179.75,260.69,3,3,0,3
2026-09-03T00:49:34.569,IMU-2,0x29,-0.94,177.88,83.0,3,3,0,3
2026-09-03T00:49:34.666,IMU-1,0x28,-1.06,179.75,260.69,3,3,0,3
2026-09-03T00:49:34.669,IMU-2,0x29,-0.94,177.88,83.0,3,3,0,3
2026-09-03T00:49:34.766,IMU-1,0x28,-1.06,179.75,260.69,3,3,0,3
2026-09-03T00:49:34.769,IMU-2,0x29,-0.94,177.88,83.0,3,3,0,3
2026-09-03T00:49:34.866,IMU-1,0x28,-1.06,179.75,260.69,3,3,0,3
2026-09-03T00:49:34.869,IMU-2,0x29,-0.94,177.88,83.0,3,3,0,3
2026-09-03T00:49:34.966,IMU-1,0x28,-1.06,179.75,260.69,3,3,0,3
2026-09-03T00:49:34.969,IMU-2,0x29,-0.94,177.88,83.0,3,3,0,3
2026-09-03T00:49:35.067,IMU-1,0x28,-1.06,179.75,260.69,3,3,0,3
2026-09-03T00:49:35.070,IMU-2,0x29,-0.94,177.88,83.0,3,3,0,3
2026-09-03T00:49:35.167,IMU-1,0x28,-1.06,179.75,260.69,3,3,0,3
2026-09-03T00:49:35.170,IMU-2,0x29,-0.94,177.88,83.0,3,3,0,3
2026-09-03T00:49:35.267,IMU-1,0x28,-1.06,179.75,260.69,3,3,0,3
2026-09-03T00:49:35.270,IMU-2,0x29,-0.94,177.88,83.0,3,3,0,3
2026-09-03T00:49:35.368,IMU-1,0x28,-1.06,179.75,260.69,3,3,0,3
2026-09-03T00:49:35.372,IMU-2,0x29,-0.94,177.88,83.0,3,3,0,3
2026-09-03T00:49:35.467,IMU-1,0x28,-1.06,179.75,260.69,3,3,0,3
2026-09-03T00:49:35.471,IMU-2,0x29,-0.94,177.88,83.0,3,3,0,3
2026-09-03T00:49:35.568,IMU-1,0x28,-1.06,179.75,260.69,3,3,0,3
2026-09-03T00:49:35.571,IMU-2,0x29,-0.94,177.88,83.0,3,3,0,3
2026-09-03T00:49:35.668,IMU-1,0x28,-1.06,179.75,260.69,3,3,0,3
2026-09-03T00:49:35.671,IMU-2,0x29,-0.94,177.88,83.0,3,3,0,3
2026-09-03T00:49:35.768,IMU-1,0x28,-1.06,179.75,260.69,3,3,0,3
2026-09-03T00:49:35.770,IMU-2,0x29,-0.94,177.88,83.0,3,3,0,3
2026-09-03T00:49:35.868,IMU-1,0x28,-1.06,179.75,260.69,3,3,0,3
2026-09-03T00:49:35.870,IMU-2,0x29,-0.94,177.88,83.0,3,3,0,3
2026-09-03T00:49:35.968,IMU-1,0x28,-1.06,179.75,260.69,3,3,0,3
2026-09-03T00:49:35.969,IMU-2,0x29,-0.94,177.88,83.0,3,3,0,3
2026-09-03T00:49:36.068,IMU-1,0x28,-1.06,179.75,260.69,3,3,0,3
2026-09-03T00:49:36.070,IMU-2,0x29,-0.94,177.88,83.0,3,3,0,3
2026-09-03T00:49:36.168,IMU-1,0x28,-1.06,179.75,260.69,3,3,0,3
2026-09-03T00:49:36.170,IMU-2,0x29,-0.94,177.88,83.0,3,3,0,3
2026-09-03T00:49:36.268,IMU-1,0x28,-1.06,179.75,260.69,3,3,0,3
2026-09-03T00:49:36.270,IMU-2,0x29,-0.94,177.88,83.0,3,3,0,3
2026-09-03T00:49:36.369,IMU-1,0x28,-1.06,179.75,260.69,3,3,0,3
2026-09-03T00:49:36.371,IMU-2,0x29,-0.94,177.88,83.0,3,3,0,3
2026-09-03T00:49:36.468,IMU-1,0x28,-1.06,179.75,260.69,3,3,0,3
2026-09-03T00:49:36.470,IMU-2,0x29,-0.94,177.88,83.0,3,3,0,3
2026-09-03T00:49:36.568,IMU-1,0x28,-1.06,179.75,260.69,3,3,0,3
2026-09-03T00:49:36.570,IMU-2,0x29,-0.94,177.88,83.0,3,3,0,3
2026-09-03T00:49:36.668,IMU-1,0x28,-1.06,179.75,260.69,3,3,0,3
2026-09-03T00:49:36.670,IMU-2,0x29,-0.94,177.88,83.0,3,3,0,3
2026-09-03T00:49:36.768,IMU-1,0x28,-1.06,179.75,260.69,3,3,0,3
2026-09-03T00:49:36.770,IMU-2,0x29,-0.94,177.88,83.0,3,3,0,3
2026-09-03T00:49:36.868,IMU-1,0x28,-1.06,179.75,260.69,3,3,0,3
2026-09-03T00:49:36.870,IMU-2,0x29,-0.94,177.88,83.0,3,3,0,3
2026-09-03T00:49:36.968,IMU-1,0x28,-1.06,179.75,260.69,3,3,0,3
2026-09-03T00:49:36.970,IMU-2,0x29,-0.94,177.88,83.0,3,3,0,3
2026-09-03T00:49:37.067,IMU-1,0x28,-1.06,179.75,260.69,3,3,0,3
2026-09-03T00:49:37.070,IMU-2,0x29,-0.94,177.88,83.0,3,3,0,3
2026-09-03T00:49:37.168,IMU-1,0x28,-1.06,179.75,260.69,3,3,0,3
2026-09-03T00:49:37.171,IMU-2,0x29,-0.94,177.88,83.0,3,3,0,3
2026-09-03T00:49:37.267,IMU-1,0x28,-1.06,179.75,260.69,3,3,0,3
2026-09-03T00:49:37.270,IMU-2,0x29,-0.94,177.88,83.0,3,3,0,3
2026-09-03T00:49:37.368,IMU-1,0x28,-1.06,179.75,260.69,3,3,0,3
2026-09-03T00:49:37.372,IMU-2,0x29,-0.94,177.88,83.0,3,3,0,3
2026-09-03T00:49:37.467,IMU-1,0x28,-1.06,179.75,260.69,3,3,0,3
2026-09-03T00:49:37.470,IMU-2,0x29,-0.94,177.88,83.0,3,3,0,3
2026-09-03T00:49:37.567,IMU-1,0x28,-1.06,179.75,260.69,3,3,0,3
2026-09-03T00:49:37.570,IMU-2,0x29,-0.94,177.88,83.0,3,3,0,3
2026-09-03T00:49:37.667,IMU-1,0x28,-1.06,179.75,260.69,3,3,0,3
2026-09-03T00:49:37.671,IMU-2,0x29,-0.94,177.88,83.0,3,3,0,3
2026-09-03T00:49:37.767,IMU-1,0x28,-1.06,179.75,260.69,3,3,0,3
2026-09-03T00:49:37.770,IMU-2,0x29,-0.94,177.88,83.0,3,3,0,3
2026-09-03T00:49:37.868,IMU-1,0x28,-1.06,179.75,260.69,3,3,0,3
2026-09-03T00:49:37.870,IMU-2,0x29,-0.94,177.88,83.0,3,3,0,3
2026-09-03T00:49:37.967,IMU-1,0x28,-1.06,179.75,260.69,3,3,0,3
2026-09-03T00:49:37.969,IMU-2,0x29,-0.94,177.88,83.0,3,3,0,3
2026-09-03T00:49:38.068,IMU-1,0x28,-1.06,179.75,260.69,3,3,0,3
2026-09-03T00:49:38.069,IMU-2,0x29,-0.94,177.88,83.0,3,3,0,3
2026-09-03T00:49:38.168,IMU-1,0x28,-1.06,179.75,260.69,3,3,0,3
2026-09-03T00:49:38.169,IMU-2,0x29,-0.94,177.88,83.0,3,3,0,3
2026-09-03T00:49:38.268,IMU-1,0x28,-1.06,179.75,260.69,3,3,0,3
2026-09-03T00:49:38.270,IMU-2,0x29,-0.94,177.88,83.0,3,3,0,3
2026-09-03T00:49:38.369,IMU-1,0x28,-1.06,179.75,260.69,3,3,0,3
2026-09-03T00:49:38.371,IMU-2,0x29,-0.94,177.88,83.0,3,3,0,3
2026-09-03T00:49:38.468,IMU-1,0x28,-1.06,179.75,260.69,3,3,0,3
2026-09-03T00:49:38.470,IMU-2,0x29,-0.94,177.88,83.0,3,3,0,3
2026-09-03T00:49:38.569,IMU-1,0x28,-1.06,179.75,260.69,3,3,0,3
2026-09-03T00:49:38.570,IMU-2,0x29,-0.94,177.88,83.0,3,3,0,3
2026-09-03T00:49:38.669,IMU-1,0x28,-1.06,179.75,260.69,3,3,0,3
2026-09-03T00:49:38.670,IMU-2,0x29,-0.94,177.88,83.0,3,3,0,3
2026-09-03T00:49:38.769,IMU-1,0x28,-1.06,179.75,260.69,3,3,0,3
2026-09-03T00:49:38.771,IMU-2,0x29,-0.94,177.88,83.0,3,3,0,3
2026-09-03T00:49:38.869,IMU-1,0x28,-1.06,179.75,260.69,3,3,0,3
2026-09-03T00:49:38.871,IMU-2,0x29,-0.94,177.88,83.0,3,3,0,3
2026-09-03T00:49:38.970,IMU-1,0x28,-1.06,179.75,260.69,3,3,0,3
2026-09-03T00:49:38.971,IMU-2,0x29,-0.94,177.88,83.0,3,3,0,3
2026-09-03T00:49:39.070,IMU-1,0x28,-1.06,179.75,260.69,3,3,0,3
2026-09-03T00:49:39.071,IMU-2,0x29,-0.94,177.88,83.0,3,3,0,3
2026-09-03T00:49:39.170,IMU-1,0x28,-1.06,179.75,260.69,3,3,0,3
2026-09-03T00:49:39.171,IMU-2,0x29,-0.94,177.88,83.0,3,3,0,3
2026-09-03T00:49:39.270,IMU-1,0x28,-1.06,179.75,260.69,3,3,0,3
2026-09-03T00:49:39.271,IMU-2,0x29,-0.94,177.88,83.0,3,3,0,3
2026-09-03T00:49:39.371,IMU-1,0x28,-1.06,179.75,260.69,3,3,0,3
2026-09-03T00:49:39.373,IMU-2,0x29,-0.94,177.88,83.0,3,3,0,3
2026-09-03T00:49:39.470,IMU-1,0x28,-1.06,179.75,260.69,3,3,0,3
2026-09-03T00:49:39.472,IMU-2,0x29,-0.94,177.88,83.0,3,3,0,3
2026-09-03T00:49:39.570,IMU-1,0x28,-1.06,179.75,260.69,3,3,0,3
2026-09-03T00:49:39.572,IMU-2,0x29,-0.94,177.88,83.0,3,3,0,3
2026-09-03T00:49:39.670,IMU-1,0x28,-1.06,179.75,260.69,3,3,0,3
2026-09-03T00:49:39.672,IMU-2,0x29,-0.94,177.88,83.0,3,3,0,3
2026-09-03T00:49:39.770,IMU-1,0x28,-1.06,179.75,260.69,3,3,0,3
2026-09-03T00:49:39.772,IMU-2,0x29,-0.94,177.88,83.0,3,3,0,3
2026-09-03T00:49:39.870,IMU-1,0x28,-1.06,179.75,260.69,3,3,0,3
2026-09-03T00:49:39.873,IMU-2,0x29,-0.94,177.88,83.0,3,3,0,3
2026-09-03T00:49:39.970,IMU-1,0x28,-1.06,179.75,260.69,3,3,0,3
2026-09-03T00:49:39.973,IMU-2,0x29,-0.94,177.88,83.0,3,3,0,3
2026-09-03T00:49:40.070,IMU-1,0x28,-1.06,179.75,260.69,3,3,0,3
2026-09-03T00:49:40.073,IMU-2,0x29,-0.94,177.88,83.0,3,3,0,3
2026-09-03T00:49:40.170,IMU-1,0x28,-1.06,179.75,260.69,3,3,0,3
2026-09-03T00:49:40.174,IMU-2,0x29,-0.94,177.88,83.0,3,3,0,3
2026-09-03T00:49:40.270,IMU-1,0x28,-1.06,179.75,260.69,3,3,0,3
2026-09-03T00:49:40.274,IMU-2,0x29,-0.94,177.88,83.0,3,3,0,3
2026-09-03T00:49:40.371,IMU-1,0x28,-1.06,179.75,260.69,3,3,0,3
2026-09-03T00:49:40.375,IMU-2,0x29,-0.94,177.88,83.0,3,3,0,3
2026-09-03T00:49:40.470,IMU-1,0x28,-1.06,179.75,260.69,3,3,0,3
2026-09-03T00:49:40.473,IMU-2,0x29,-0.94,177.88,83.0,3,3,0,3
2026-09-03T00:49:40.570,IMU-1,0x28,-1.06,179.75,260.69,3,3,0,3
2026-09-03T00:49:40.573,IMU-2,0x29,-0.94,177.88,83.0,3,3,0,3
2026-09-03T00:49:40.669,IMU-1,0x28,-1.06,179.75,260.69,3,3,0,3
2026-09-03T00:49:40.672,IMU-2,0x29,-0.94,177.88,83.0,3,3,0,3
2026-09-03T00:49:40.769,IMU-1,0x28,-1.06,179.75,260.69,3,3,0,3
2026-09-03T00:49:40.772,IMU-2,0x29,-0.94,177.88,83.0,3,3,0,3
2026-09-03T00:49:40.869,IMU-1,0x28,-1.06,179.75,260.69,3,3,0,3
2026-09-03T00:49:40.871,IMU-2,0x29,-0.94,177.88,83.0,3,3,0,3
2026-09-03T00:49:40.969,IMU-1,0x28,-1.06,179.75,260.69,3,3,0,3
2026-09-03T00:49:40.971,IMU-2,0x29,-0.94,177.88,83.0,3,3,0,3
2026-09-03T00:49:41.069,IMU-1,0x28,-1.06,179.75,260.69,3,3,0,3
2026-09-03T00:49:41.071,IMU-2,0x29,-0.94,177.88,83.0,3,3,0,3
2026-09-03T00:49:41.169,IMU-1,0x28,-1.06,179.75,260.69,3,3,0,3
2026-09-03T00:49:41.171,IMU-2,0x29,-0.94,177.88,83.0,3,3,0,3
2026-09-03T00:49:41.270,IMU-1,0x28,-1.06,179.75,260.69,3,3,0,3
2026-09-03T00:49:41.271,IMU-2,0x29,-0.94,177.88,83.0,3,3,0,3
2026-09-03T00:49:41.370,IMU-1,0x28,-1.06,179.75,260.69,3,3,0,3
2026-09-03T00:49:41.372,IMU-2,0x29,-0.94,177.88,83.0,3,3,0,3
2026-09-03T00:49:41.470,IMU-1,0x28,-1.06,179.75,260.69,3,3,0,3
2026-09-03T00:49:41.471,IMU-2,0x29,-0.94,177.88,83.0,3,3,0,3
2026-09-03T00:49:41.570,IMU-1,0x28,-1.06,179.75,260.69,3,3,0,3
2026-09-03T00:49:41.571,IMU-2,0x29,-0.94,177.88,83.0,3,3,0,3
2026-09-03T00:49:41.670,IMU-1,0x28,-1.06,179.75,260.69,3,3,0,3
2026-09-03T00:49:41.671,IMU-2,0x29,-0.94,177.88,83.0,3,3,0,3
2026-09-03T00:49:41.770,IMU-1,0x28,-1.06,179.75,260.69,3,3,0,3
2026-09-03T00:49:41.772,IMU-2,0x29,-0.94,177.88,83.0,3,3,0,3
2026-09-03T00:49:41.870,IMU-1,0x28,-1.06,179.75,260.69,3,3,0,3
2026-09-03T00:49:41.872,IMU-2,0x29,-0.94,177.88,83.0,3,3,0,3
2026-09-03T00:49:41.970,IMU-1,0x28,-1.06,179.75,260.69,3,3,0,3
2026-09-03T00:49:41.972,IMU-2,0x29,-0.94,177.88,83.0,3,3,0,3
2026-09-03T00:49:42.071,IMU-1,0x28,-1.06,179.75,260.69,3,3,0,3
2026-09-03T00:49:42.073,IMU-2,0x29,-0.94,177.88,83.0,3,3,0,3
2026-09-03T00:49:42.171,IMU-1,0x28,-1.06,179.75,260.69,3,3,0,3
2026-09-03T00:49:42.173,IMU-2,0x29,-0.94,177.88,83.0,3,3,0,3
2026-09-03T00:49:42.271,IMU-1,0x28,-1.06,179.75,260.69,3,3,0,3
2026-09-03T00:49:42.273,IMU-2,0x29,-0.94,177.88,83.0,3,3,0,3
2026-09-03T00:49:42.372,IMU-1,0x28,-1.06,179.75,260.69,3,3,0,3
2026-09-03T00:49:42.374,IMU-2,0x29,-0.94,177.88,83.0,3,3,0,3
2026-09-03T00:49:42.471,IMU-1,0x28,-1.06,179.75,260.69,3,3,0,3
2026-09-03T00:49:42.474,IMU-2,0x29,-0.94,177.88,83.0,3,3,0,3
2026-09-03T00:49:42.572,IMU-1,0x28,-1.06,179.75,260.69,3,3,0,3
2026-09-03T00:49:42.574,IMU-2,0x29,-0.94,177.88,83.0,3,3,0,3
2026-09-03T00:49:42.672,IMU-1,0x28,-1.06,179.75,260.69,3,3,0,3
2026-09-03T00:49:42.675,IMU-2,0x29,-0.94,177.88,83.0,3,3,0,3
2026-09-03T00:49:42.772,IMU-1,0x28,-1.06,179.75,260.69,3,3,0,3
2026-09-03T00:49:42.775,IMU-2,0x29,-0.94,177.88,83.0,3,3,0,3
2026-09-03T00:49:42.872,IMU-1,0x28,-1.06,179.75,260.69,3,3,0,3
2026-09-03T00:49:42.875,IMU-2,0x29,-0.94,177.88,83.0,3,3,0,3
2026-09-03T00:49:42.971,IMU-1,0x28,-1.06,179.75,260.69,3,3,0,3
2026-09-03T00:49:42.975,IMU-2,0x29,-0.94,177.88,83.0,3,3,0,3
2026-09-03T00:49:43.071,IMU-1,0x28,-1.06,179.75,260.69,3,3,0,3
2026-09-03T00:49:43.074,IMU-2,0x29,-0.94,177.88,83.0,3,3,0,3
2026-09-03T00:49:43.171,IMU-1,0x28,-1.06,179.75,260.69,3,3,0,3
2026-09-03T00:49:43.174,IMU-2,0x29,-0.94,177.88,83.0,3,3,0,3
2026-09-03T00:49:43.271,IMU-1,0x28,-1.06,179.75,260.69,3,3,0,3
2026-09-03T00:49:43.274,IMU-2,0x29,-0.94,177.88,83.0,3,3,0,3
2026-09-03T00:49:43.371,IMU-1,0x28,-1.06,179.75,260.69,3,3,0,3
2026-09-03T00:49:43.375,IMU-2,0x29,-0.94,177.88,83.0,3,3,0,3
2026-09-03T00:49:43.471,IMU-1,0x28,-1.06,179.75,260.69,3,3,0,3
2026-09-03T00:49:43.473,IMU-2,0x29,-0.94,177.88,83.0,3,3,0,3
2026-09-03T00:49:43.571,IMU-1,0x28,-1.06,179.75,260.69,3,3,0,3
2026-09-03T00:49:43.572,IMU-2,0x29,-0.94,177.88,83.0,3,3,0,3
2026-09-03T00:49:43.671,IMU-1,0x28,-1.06,179.75,260.69,3,3,0,3
2026-09-03T00:49:43.673,IMU-2,0x29,-0.94,177.88,83.0,3,3,0,3
2026-09-03T00:49:43.771,IMU-1,0x28,-1.06,179.75,260.69,3,3,0,3
2026-09-03T00:49:43.773,IMU-2,0x29,-0.94,177.88,83.0,3,3,0,3
2026-09-03T00:49:43.871,IMU-1,0x28,-1.06,179.75,260.69,3,3,0,3
2026-09-03T00:49:43.873,IMU-2,0x29,-0.94,177.88,83.0,3,3,0,3
2026-09-03T00:49:43.971,IMU-1,0x28,-1.06,179.75,260.69,3,3,0,3
2026-09-03T00:49:43.973,IMU-2,0x29,-0.94,177.88,83.0,3,3,0,3
2026-09-03T00:49:44.071,IMU-1,0x28,-1.06,179.75,260.69,3,3,0,3
2026-09-03T00:49:44.073,IMU-2,0x29,-0.94,177.88,83.0,3,3,0,3
2026-09-03T00:49:44.171,IMU-1,0x28,-1.06,179.75,260.69,3,3,0,3
2026-09-03T00:49:44.173,IMU-2,0x29,-0.94,177.88,83.0,3,3,0,3
2026-09-03T00:49:44.271,IMU-1,0x28,-1.06,179.75,260.69,3,3,0,3
2026-09-03T00:49:44.273,IMU-2,0x29,-0.94,177.88,83.0,3,3,0,3
2026-09-03T00:49:44.372,IMU-1,0x28,-1.06,179.75,260.69,3,3,0,3
2026-09-03T00:49:44.374,IMU-2,0x29,-0.94,177.88,83.0,3,3,0,3
2026-09-03T00:49:44.471,IMU-1,0x28,-1.06,179.75,260.69,3,3,0,3
2026-09-03T00:49:44.473,IMU-2,0x29,-0.94,177.88,83.0,3,3,0,3
2026-09-03T00:49:44.571,IMU-1,0x28,-1.06,179.75,260.69,3,3,0,3
2026-09-03T00:49:44.574,IMU-2,0x29,-0.94,177.88,83.0,3,3,0,3
2026-09-03T00:49:44.671,IMU-1,0x28,-1.06,179.75,260.69,3,3,0,3
2026-09-03T00:49:44.674,IMU-2,0x29,-0.94,177.88,83.0,3,3,0,3
2026-09-03T00:49:44.772,IMU-1,0x28,-1.06,179.75,260.69,3,3,0,3
2026-09-03T00:49:44.774,IMU-2,0x29,-0.94,177.88,83.0,3,3,0,3
2026-09-03T00:49:44.872,IMU-1,0x28,-1.06,179.75,260.69,3,3,0,3
2026-09-03T00:49:44.874,IMU-2,0x29,-0.94,177.88,83.0,3,3,0,3
2026-09-03T00:49:44.972,IMU-1,0x28,-1.06,179.75,260.69,3,3,0,3
2026-09-03T00:49:44.975,IMU-2,0x29,-0.94,177.88,83.0,3,3,0,3
2026-09-03T00:49:45.072,IMU-1,0x28,-1.06,179.75,260.69,3,3,0,3
2026-09-03T00:49:45.074,IMU-2,0x29,-0.94,177.88,83.0,3,3,0,3
2026-09-03T00:49:45.172,IMU-1,0x28,-1.06,179.75,260.69,3,3,0,3
2026-09-03T00:49:45.174,IMU-2,0x29,-0.94,177.88,83.0,3,3,0,3
2026-09-03T00:49:45.272,IMU-1,0x28,-1.06,179.75,260.69,3,3,0,3
2026-09-03T00:49:45.274,IMU-2,0x29,-0.94,177.88,83.0,3,3,0,3
2026-09-03T00:49:45.373,IMU-1,0x28,-1.06,179.75,260.69,3,3,0,3
2026-09-03T00:49:45.375,IMU-2,0x29,-0.94,177.88,83.0,3,3,0,3
2026-09-03T00:49:45.472,IMU-1,0x28,-1.06,179.75,260.69,3,3,0,3
2026-09-03T00:49:45.474,IMU-2,0x29,-0.94,177.88,83.0,3,3,0,3
2026-09-03T00:49:45.573,IMU-1,0x28,-1.06,179.75,260.69,3,3,0,3
2026-09-03T00:49:45.574,IMU-2,0x29,-0.94,177.88,83.0,3,3,0,3
2026-09-03T00:49:45.673,IMU-1,0x28,-1.06,179.75,260.69,3,3,0,3
2026-09-03T00:49:45.674,IMU-2,0x29,-0.94,177.88,83.0,3,3,0,3
2026-09-03T00:49:45.773,IMU-1,0x28,-1.06,179.75,260.69,3,3,0,3
2026-09-03T00:49:45.775,IMU-2,0x29,-0.94,177.88,83.0,3,3,0,3
2026-09-03T00:49:45.873,IMU-1,0x28,-1.06,179.75,260.69,3,3,0,3
2026-09-03T00:49:45.875,IMU-2,0x29,-0.94,177.88,83.0,3,3,0,3
2026-09-03T00:49:45.973,IMU-1,0x28,-1.06,179.75,260.69,3,3,0,3
2026-09-03T00:49:45.975,IMU-2,0x29,-0.94,177.88,83.0,3,3,0,3
2026-09-03T00:49:46.074,IMU-1,0x28,-1.06,179.75,260.69,3,3,0,3
2026-09-03T00:49:46.075,IMU-2,0x29,-0.94,177.88,83.0,3,3,0,3
2026-09-03T00:49:46.174,IMU-1,0x28,-1.06,179.75,260.69,3,3,0,3
2026-09-03T00:49:46.175,IMU-2,0x29,-0.94,177.88,83.0,3,3,0,3
2026-09-03T00:49:46.274,IMU-1,0x28,-1.06,179.75,260.69,3,3,0,3
2026-09-03T00:49:46.276,IMU-2,0x29,-0.94,177.88,83.0,3,3,0,3
2026-09-03T00:49:46.375,IMU-1,0x28,-1.06,179.75,260.69,3,3,0,3
2026-09-03T00:49:46.377,IMU-2,0x29,-0.94,177.88,83.0,3,3,0,3
2026-09-03T00:49:46.474,IMU-1,0x28,-1.06,179.75,260.69,3,3,0,3
2026-09-03T00:49:46.476,IMU-2,0x29,-0.94,177.88,83.0,3,3,0,3
2026-09-03T00:49:46.574,IMU-1,0x28,-1.06,179.75,260.69,3,3,0,3
2026-09-03T00:49:46.576,IMU-2,0x29,-0.94,177.88,83.0,3,3,0,3
2026-09-03T00:49:46.674,IMU-1,0x28,-1.06,179.75,260.69,3,3,0,3
2026-09-03T00:49:46.676,IMU-2,0x29,-0.94,177.88,83.0,3,3,0,3
2026-09-03T00:49:46.774,IMU-1,0x28,-1.06,179.75,260.69,3,3,0,3
2026-09-03T00:49:46.776,IMU-2,0x29,-0.94,177.88,83.0,3,3,0,3
2026-09-03T00:49:46.874,IMU-1,0x28,-1.06,179.75,260.69,3,3,0,3
2026-09-03T00:49:46.876,IMU-2,0x29,-0.94,177.88,83.0,3,3,0,3
2026-09-03T00:49:46.975,IMU-1,0x28,-1.06,179.75,260.69,3,3,0,3
2026-09-03T00:49:46.976,IMU-2,0x29,-0.94,177.88,83.0,3,3,0,3
2026-09-03T00:49:47.075,IMU-1,0x28,-1.06,179.75,260.69,3,3,0,3
2026-09-03T00:49:47.076,IMU-2,0x29,-0.94,177.88,83.0,3,3,0,3
2026-09-03T00:49:47.175,IMU-1,0x28,-1.06,179.75,260.69,3,3,0,3
2026-09-03T00:49:47.176,IMU-2,0x29,-0.94,177.88,83.0,3,3,0,3
2026-09-03T00:49:47.275,IMU-1,0x28,-1.06,179.75,260.69,3,3,0,3
2026-09-03T00:49:47.276,IMU-2,0x29,-0.94,177.88,83.0,3,3,0,3
2026-09-03T00:49:47.376,IMU-1,0x28,-1.06,179.75,260.69,3,3,0,3
2026-09-03T00:49:47.378,IMU-2,0x29,-0.94,177.88,83.0,3,3,0,3
2026-09-03T00:49:47.475,IMU-1,0x28,-1.06,179.75,260.69,3,3,0,3
2026-09-03T00:49:47.477,IMU-2,0x29,-0.94,177.88,83.0,3,3,0,3
2026-09-03T00:49:47.575,IMU-1,0x28,-1.06,179.75,260.69,3,3,0,3
2026-09-03T00:49:47.577,IMU-2,0x29,-0.94,177.88,83.0,3,3,0,3
2026-09-03T00:49:47.674,IMU-1,0x28,-1.06,179.75,260.69,3,3,0,3
2026-09-03T00:49:47.677,IMU-2,0x29,-0.94,177.88,83.0,3,3,0,3
2026-09-03T00:49:47.774,IMU-1,0x28,-1.06,179.75,260.69,3,3,0,3
2026-09-03T00:49:47.778,IMU-2,0x29,-0.94,177.88,83.0,3,3,0,3
2026-09-03T00:49:47.874,IMU-1,0x28,-1.06,179.75,260.69,3,3,0,3
2026-09-03T00:49:47.877,IMU-2,0x29,-0.94,177.88,83.0,3,3,0,3
2026-09-03T00:49:47.974,IMU-1,0x28,-1.06,179.75,260.69,3,3,0,3
2026-09-03T00:49:47.977,IMU-2,0x29,-0.94,177.88,83.0,3,3,0,3
2026-09-03T00:49:48.074,IMU-1,0x28,-1.06,179.75,260.69,3,3,0,3
2026-09-03T00:49:48.077,IMU-2,0x29,-0.94,177.88,83.0,3,3,0,3
2026-09-03T00:49:48.174,IMU-1,0x28,-1.06,179.75,260.69,3,3,0,3
2026-09-03T00:49:48.177,IMU-2,0x29,-0.94,177.88,83.0,3,3,0,3
2026-09-03T00:49:48.274,IMU-1,0x28,-1.06,179.75,260.69,3,3,0,3
2026-09-03T00:49:48.277,IMU-2,0x29,-0.94,177.88,83.0,3,3,0,3
2026-09-03T00:49:48.374,IMU-1,0x28,-1.06,179.75,260.69,3,3,0,3
2026-09-03T00:49:48.378,IMU-2,0x29,-0.94,177.88,83.0,3,3,0,3
2026-09-03T00:49:48.474,IMU-1,0x28,-1.06,179.75,260.69,3,3,0,3
2026-09-03T00:49:48.477,IMU-2,0x29,-0.94,177.88,83.0,3,3,0,3
2026-09-03T00:49:48.574,IMU-1,0x28,-1.06,179.75,260.69,3,3,0,3
2026-09-03T00:49:48.576,IMU-2,0x29,-0.94,177.88,83.0,3,3,0,3
2026-09-03T00:49:48.674,IMU-1,0x28,-1.06,179.75,260.69,3,3,0,3
2026-09-03T00:49:48.676,IMU-2,0x29,-0.94,177.88,83.0,3,3,0,3
2026-09-03T00:49:48.774,IMU-1,0x28,-1.06,179.75,260.69,3,3,0,3
2026-09-03T00:49:48.776,IMU-2,0x29,-0.94,177.88,83.0,3,3,0,3
2026-09-03T00:49:48.874,IMU-1,0x28,-1.06,179.75,260.69,3,3,0,3
2026-09-03T00:49:48.876,IMU-2,0x29,-0.94,177.88,83.0,3,3,0,3
2026-09-03T00:49:48.974,IMU-1,0x28,-1.06,179.75,260.69,3,3,0,3
2026-09-03T00:49:48.976,IMU-2,0x29,-0.94,177.88,83.0,3,3,0,3
2026-09-03T00:49:49.075,IMU-1,0x28,-1.06,179.75,260.69,3,3,0,3
2026-09-03T00:49:49.076,IMU-2,0x29,-0.94,177.88,83.0,3,3,0,3
2026-09-03T00:49:49.175,IMU-1,0x28,-1.06,179.75,260.69,3,3,0,3
2026-09-03T00:49:49.176,IMU-2,0x29,-0.94,177.88,83.0,3,3,0,3
2026-09-03T00:49:49.275,IMU-1,0x28,-1.06,179.75,260.69,3,3,0,3
2026-09-03T00:49:49.277,IMU-2,0x29,-0.94,177.88,83.0,3,3,0,3
2026-09-03T00:49:49.376,IMU-1,0x28,-1.06,179.75,260.69,3,3,0,3
2026-09-03T00:49:49.378,IMU-2,0x29,-0.94,177.88,83.0,3,3,0,3
2026-09-03T00:49:49.475,IMU-1,0x28,-1.06,179.75,260.69,3,3,0,3
2026-09-03T00:49:49.477,IMU-2,0x29,-0.94,177.88,83.0,3,3,0,3
2026-09-03T00:49:49.576,IMU-1,0x28,-1.06,179.75,260.69,3,3,0,3
2026-09-03T00:49:49.577,IMU-2,0x29,-0.94,177.88,83.0,3,3,0,3
2026-09-03T00:49:49.676,IMU-1,0x28,-1.06,179.75,260.69,3,3,0,3
2026-09-03T00:49:49.677,IMU-2,0x29,-0.94,177.88,83.0,3,3,0,3
2026-09-03T00:49:49.776,IMU-1,0x28,-1.06,179.75,260.69,3,3,0,3
2026-09-03T00:49:49.777,IMU-2,0x29,-0.94,177.88,83.0,3,3,0,3
2026-09-03T00:49:49.876,IMU-1,0x28,-1.06,179.75,260.69,3,3,0,3
2026-09-03T00:49:49.878,IMU-2,0x29,-0.94,177.88,83.0,3,3,0,3
2026-09-03T00:49:49.976,IMU-1,0x28,-1.06,179.75,260.69,3,3,0,3
2026-09-03T00:49:49.978,IMU-2,0x29,-0.94,177.88,83.0,3,3,0,3
2026-09-03T00:49:50.076,IMU-1,0x28,-1.06,179.75,260.69,3,3,0,3
2026-09-03T00:49:50.079,IMU-2,0x29,-0.94,177.88,83.0,3,3,0,3
2026-09-03T00:49:50.176,IMU-1,0x28,-1.06,179.75,260.69,3,3,0,3
2026-09-03T00:49:50.179,IMU-2,0x29,-0.94,177.88,83.0,3,3,0,3
2026-09-03T00:49:50.276,IMU-1,0x28,-1.06,179.75,260.69,3,3,0,3
2026-09-03T00:49:50.279,IMU-2,0x29,-0.94,177.88,83.0,3,3,0,3
2026-09-03T00:49:50.377,IMU-1,0x28,-1.06,179.75,260.69,3,3,0,3
2026-09-03T00:49:50.380,IMU-2,0x29,-0.94,177.88,83.0,3,3,0,3
2026-09-03T00:49:50.477,IMU-1,0x28,-1.06,179.75,260.69,3,3,0,3
2026-09-03T00:49:50.480,IMU-2,0x29,-0.94,177.88,83.0,3,3,0,3
2026-09-03T00:49:50.577,IMU-1,0x28,-1.06,179.75,260.69,3,3,0,3
2026-09-03T00:49:50.580,IMU-2,0x29,-0.94,177.88,83.0,3,3,0,3
2026-09-03T00:49:50.677,IMU-1,0x28,-1.06,179.75,260.69,3,3,0,3
2026-09-03T00:49:50.680,IMU-2,0x29,-0.94,177.88,83.0,3,3,0,3
2026-09-03T00:49:50.777,IMU-1,0x28,-1.06,179.75,260.69,3,3,0,3
2026-09-03T00:49:50.780,IMU-2,0x29,-0.94,177.88,83.0,3,3,0,3
2026-09-03T00:49:50.877,IMU-1,0x28,-1.06,179.75,260.69,3,3,0,3
2026-09-03T00:49:50.880,IMU-2,0x29,-0.94,177.88,83.0,3,3,0,3
2026-09-03T00:49:50.977,IMU-1,0x28,-1.06,179.75,260.69,3,3,0,3
2026-09-03T00:49:50.980,IMU-2,0x29,-0.94,177.88,83.0,3,3,0,3
2026-09-03T00:49:51.077,IMU-1,0x28,-1.06,179.75,260.69,3,3,0,3
2026-09-03T00:49:51.080,IMU-2,0x29,-0.94,177.88,83.0,3,3,0,3
2026-09-03T00:49:51.177,IMU-1,0x28,-1.06,179.75,260.69,3,3,0,3
2026-09-03T00:49:51.180,IMU-2,0x29,-0.94,177.88,83.0,3,3,0,3
2026-09-03T00:49:51.277,IMU-1,0x28,-1.06,179.75,260.69,3,3,0,3
2026-09-03T00:49:51.280,IMU-2,0x29,-0.94,177.88,83.0,3,3,0,3
2026-09-03T00:49:51.377,IMU-1,0x28,-1.06,179.75,260.69,3,3,0,3
2026-09-03T00:49:51.381,IMU-2,0x29,-0.94,177.88,83.0,3,3,0,3
2026-09-03T00:49:51.476,IMU-1,0x28,-1.06,179.75,260.69,3,3,0,3
2026-09-03T00:49:51.478,IMU-2,0x29,-0.94,177.88,83.0,3,3,0,3
2026-09-03T00:49:51.576,IMU-1,0x28,-1.06,179.75,260.69,3,3,0,3
2026-09-03T00:49:51.578,IMU-2,0x29,-0.94,177.88,83.0,3,3,0,3
2026-09-03T00:49:51.676,IMU-1,0x28,-1.06,179.75,260.69,3,3,0,3
2026-09-03T00:49:51.677,IMU-2,0x29,-0.94,177.88,83.0,3,3,0,3
2026-09-03T00:49:51.776,IMU-1,0x28,-1.06,179.75,260.69,3,3,0,3
2026-09-03T00:49:51.777,IMU-2,0x29,-0.94,177.88,83.0,3,3,0,3
2026-09-03T00:49:51.876,IMU-1,0x28,-1.06,179.75,260.69,3,3,0,3
2026-09-03T00:49:51.878,IMU-2,0x29,-0.94,177.88,83.0,3,3,0,3
2026-09-03T00:49:51.976,IMU-1,0x28,-1.06,179.75,260.69,3,3,0,3
2026-09-03T00:49:51.978,IMU-2,0x29,-0.94,177.88,83.0,3,3,0,3
2026-09-03T00:49:52.076,IMU-1,0x28,-1.06,179.75,260.69,3,3,0,3
2026-09-03T00:49:52.078,IMU-2,0x29,-0.94,177.88,83.0,3,3,0,3
2026-09-03T00:49:52.176,IMU-1,0x28,-1.06,179.75,260.69,3,3,0,3
2026-09-03T00:49:52.178,IMU-2,0x29,-0.94,177.88,83.0,3,3,0,3
2026-09-03T00:49:52.276,IMU-1,0x28,-1.06,179.75,260.69,3,3,0,3
2026-09-03T00:49:52.278,IMU-2,0x29,-0.94,177.88,83.0,3,3,0,3
2026-09-03T00:49:52.377,IMU-1,0x28,-1.06,179.75,260.69,3,3,0,3
2026-09-03T00:49:52.379,IMU-2,0x29,-0.94,177.88,83.0,3,3,0,3
2026-09-03T00:49:52.476,IMU-1,0x28,-1.06,179.75,260.69,3,3,0,3
2026-09-03T00:49:52.479,IMU-2,0x29,-0.94,177.88,83.0,3,3,0,3
2026-09-03T00:49:52.576,IMU-1,0x28,-1.06,179.75,260.69,3,3,0,3
2026-09-03T00:49:52.579,IMU-2,0x29,-0.94,177.88,83.0,3,3,0,3
2026-09-03T00:49:52.677,IMU-1,0x28,-1.06,179.75,260.69,3,3,0,3
2026-09-03T00:49:52.679,IMU-2,0x29,-0.94,177.88,83.0,3,3,0,3
2026-09-03T00:49:52.777,IMU-1,0x28,-1.06,179.75,260.69,3,3,0,3
2026-09-03T00:49:52.780,IMU-2,0x29,-0.94,177.88,83.0,3,3,0,3
2026-09-03T00:49:52.877,IMU-1,0x28,-1.06,179.75,260.69,3,3,0,3
2026-09-03T00:49:52.880,IMU-2,0x29,-0.94,177.88,83.0,3,3,0,3
2026-09-03T00:49:52.977,IMU-1,0x28,-1.06,179.75,260.69,3,3,0,3
2026-09-03T00:49:52.980,IMU-2,0x29,-0.94,177.88,83.0,3,3,0,3
2026-09-03T00:49:53.077,IMU-1,0x28,-1.06,179.75,260.69,3,3,0,3
2026-09-03T00:49:53.080,IMU-2,0x29,-0.94,177.88,83.0,3,3,0,3
2026-09-03T00:49:53.178,IMU-1,0x28,-1.06,179.75,260.69,3,3,0,3
2026-09-03T00:49:53.181,IMU-2,0x29,-0.94,177.88,83.0,3,3,0,3
2026-09-03T00:49:53.278,IMU-1,0x28,-1.06,179.75,260.69,3,3,0,3
2026-09-03T00:49:53.281,IMU-2,0x29,-0.94,177.88,83.0,3,3,0,3
2026-09-03T00:49:53.379,IMU-1,0x28,-1.06,179.75,260.69,3,3,0,3
2026-09-03T00:49:53.382,IMU-2,0x29,-0.94,177.88,83.0,3,3,0,3
2026-09-03T00:49:53.478,IMU-1,0x28,-1.06,179.75,260.69,3,3,0,3
2026-09-03T00:49:53.481,IMU-2,0x29,-0.94,177.88,83.0,3,3,0,3
2026-09-03T00:49:53.579,IMU-1,0x28,-1.06,179.75,260.69,3,3,0,3
2026-09-03T00:49:53.582,IMU-2,0x29,-0.94,177.88,83.0,3,3,0,3
2026-09-03T00:49:53.679,IMU-1,0x28,-1.06,179.75,260.69,3,3,0,3
2026-09-03T00:49:53.682,IMU-2,0x29,-0.94,177.88,83.0,3,3,0,3
2026-09-03T00:49:53.779,IMU-1,0x28,-1.06,179.75,260.69,3,3,0,3
2026-09-03T00:49:53.782,IMU-2,0x29,-0.94,177.88,83.0,3,3,0,3
2026-09-03T00:49:53.879,IMU-1,0x28,-1.06,179.75,260.69,3,3,0,3
2026-09-03T00:49:53.882,IMU-2,0x29,-0.94,177.88,83.0,3,3,0,3
2026-09-03T00:49:53.979,IMU-1,0x28,-1.06,179.75,260.69,3,3,0,3
2026-09-03T00:49:53.982,IMU-2,0x29,-0.94,177.88,83.0,3,3,0,3
2026-09-03T00:49:54.079,IMU-1,0x28,-1.06,179.75,260.69,3,3,0,3
2026-09-03T00:49:54.082,IMU-2,0x29,-0.94,177.88,83.0,3,3,0,3
2026-09-03T00:49:54.179,IMU-1,0x28,-1.06,179.75,260.69,3,3,0,3
2026-09-03T00:49:54.182,IMU-2,0x29,-0.94,177.88,83.0,3,3,0,3
2026-09-03T00:49:54.279,IMU-1,0x28,-1.06,179.75,260.69,3,3,0,3
2026-09-03T00:49:54.281,IMU-2,0x29,-0.94,177.88,83.0,3,3,0,3
2026-09-03T00:49:54.380,IMU-1,0x28,-1.06,179.75,260.69,3,3,0,3
2026-09-03T00:49:54.384,IMU-2,0x29,-0.94,177.88,83.0,3,3,0,3
2026-09-03T00:49:54.479,IMU-1,0x28,-1.06,179.75,260.69,3,3,0,3
2026-09-03T00:49:54.481,IMU-2,0x29,-0.94,177.88,83.0,3,3,0,3
2026-09-03T00:49:54.579,IMU-1,0x28,-1.06,179.75,260.69,3,3,0,3
2026-09-03T00:49:54.581,IMU-2,0x29,-0.94,177.88,83.0,3,3,0,3
2026-09-03T00:49:54.679,IMU-1,0x28,-1.06,179.75,260.69,3,3,0,3
2026-09-03T00:49:54.681,IMU-2,0x29,-0.94,177.88,83.0,3,3,0,3
2026-09-03T00:49:54.779,IMU-1,0x28,-1.06,179.75,260.69,3,3,0,3
2026-09-03T00:49:54.781,IMU-2,0x29,-0.94,177.88,83.0,3,3,0,3
2026-09-03T00:49:54.879,IMU-1,0x28,-1.06,179.75,260.69,3,3,0,3
2026-09-03T00:49:54.880,IMU-2,0x29,-0.94,177.88,83.0,3,3,0,3
2026-09-03T00:49:54.979,IMU-1,0x28,-1.06,179.75,260.69,3,3,0,3
2026-09-03T00:49:54.980,IMU-2,0x29,-0.94,177.88,83.0,3,3,0,3
2026-09-03T00:49:55.078,IMU-1,0x28,-1.06,179.75,260.69,3,3,0,3
2026-09-03T00:49:55.081,IMU-2,0x29,-0.94,177.88,83.0,3,3,0,3
2026-09-03T00:49:55.178,IMU-1,0x28,-1.06,179.75,260.69,3,3,0,3
2026-09-03T00:49:55.180,IMU-2,0x29,-0.94,177.88,83.0,3,3,0,3
2026-09-03T00:49:55.278,IMU-1,0x28,-1.06,179.75,260.69,3,3,0,3
2026-09-03T00:49:55.281,IMU-2,0x29,-0.94,177.88,83.0,3,3,0,3
2026-09-03T00:49:55.379,IMU-1,0x28,-1.06,179.75,260.69,3,3,0,3
2026-09-03T00:49:55.382,IMU-2,0x29,-0.94,177.88,83.0,3,3,0,3
2026-09-03T00:49:55.478,IMU-1,0x28,-1.06,179.75,260.69,3,3,0,3
2026-09-03T00:49:55.481,IMU-2,0x29,-0.94,177.88,83.0,3,3,0,3
2026-09-03T00:49:55.578,IMU-1,0x28,-1.06,179.75,260.69,3,3,0,3
2026-09-03T00:49:55.581,IMU-2,0x29,-0.94,177.88,83.0,3,3,0,3
2026-09-03T00:49:55.678,IMU-1,0x28,-1.06,179.75,260.69,3,3,0,3
2026-09-03T00:49:55.681,IMU-2,0x29,-0.94,177.88,83.0,3,3,0,3
2026-09-03T00:49:55.778,IMU-1,0x28,-1.06,179.75,260.69,3,3,0,3
2026-09-03T00:49:55.782,IMU-2,0x29,-0.94,177.88,83.0,3,3,0,3
2026-09-03T00:49:55.878,IMU-1,0x28,-1.06,179.75,260.69,3,3,0,3
2026-09-03T00:49:55.881,IMU-2,0x29,-0.94,177.88,83.0,3,3,0,3
2026-09-03T00:49:55.979,IMU-1,0x28,-1.06,179.75,260.69,3,3,0,3
2026-09-03T00:49:55.982,IMU-2,0x29,-0.94,177.88,83.0,3,3,0,3
2026-09-03T00:49:56.079,IMU-1,0x28,-1.06,179.75,260.69,3,3,0,3
2026-09-03T00:49:56.082,IMU-2,0x29,-0.94,177.88,83.0,3,3,0,3
2026-09-03T00:49:56.179,IMU-1,0x28,-1.06,179.75,260.69,3,3,0,3
2026-09-03T00:49:56.182,IMU-2,0x29,-0.94,177.88,83.0,3,3,0,3
2026-09-03T00:49:56.279,IMU-1,0x28,-1.06,179.75,260.69,3,3,0,3
2026-09-03T00:49:56.282,IMU-2,0x29,-0.94,177.88,83.0,3,3,0,3
2026-09-03T00:49:56.380,IMU-1,0x28,-1.06,179.75,260.69,3,3,0,3
2026-09-03T00:49:56.384,IMU-2,0x29,-0.94,177.88,83.0,3,3,0,3
2026-09-03T00:49:56.479,IMU-1,0x28,-1.06,179.75,260.69,3,3,0,3
2026-09-03T00:49:56.482,IMU-2,0x29,-0.94,177.88,83.0,3,3,0,3
2026-09-03T00:49:56.580,IMU-1,0x28,-1.06,179.75,260.69,3,3,0,3
2026-09-03T00:49:56.583,IMU-2,0x29,-0.94,177.88,83.0,3,3,0,3
2026-09-03T00:49:56.680,IMU-1,0x28,-1.06,179.75,260.69,3,3,0,3
2026-09-03T00:49:56.683,IMU-2,0x29,-0.94,177.88,83.0,3,3,0,3
2026-09-03T00:49:56.780,IMU-1,0x28,-1.06,179.75,260.69,3,3,0,3
2026-09-03T00:49:56.783,IMU-2,0x29,-0.94,177.88,83.0,3,3,0,3
2026-09-03T00:49:56.880,IMU-1,0x28,-1.06,179.75,260.69,3,3,0,3
2026-09-03T00:49:56.883,IMU-2,0x29,-0.94,177.88,83.0,3,3,0,3
2026-09-03T00:49:56.981,IMU-1,0x28,-1.06,179.75,260.69,3,3,0,3
2026-09-03T00:49:56.983,IMU-2,0x29,-0.94,177.88,83.0,3,3,0,3
2026-09-03T00:49:57.081,IMU-1,0x28,-1.06,179.75,260.69,3,3,0,3
2026-09-03T00:49:57.083,IMU-2,0x29,-0.94,177.88,83.0,3,3,0,3
2026-09-03T00:49:57.181,IMU-1,0x28,-1.06,179.75,260.69,3,3,0,3
2026-09-03T00:49:57.182,IMU-2,0x29,-0.94,177.88,83.0,3,3,0,3
2026-09-03T00:49:57.281,IMU-1,0x28,-1.06,179.75,260.69,3,3,0,3
2026-09-03T00:49:57.282,IMU-2,0x29,-0.94,177.88,83.0,3,3,0,3
2026-09-03T00:49:57.382,IMU-1,0x28,-1.06,179.75,260.69,3,3,0,3
2026-09-03T00:49:57.385,IMU-2,0x29,-0.94,177.88,83.0,3,3,0,3
