timestamp,sensor_name,address,roll_deg,pitch_deg,yaw_deg,cal_system,cal_gyro,cal_accel,cal_mag
2026-08-28T19:27:00.837,IMU-1,0x28,-1.19,-178.94,80.19,0,3,0,0
2026-08-28T19:27:00.841,IMU-2,0x29,0.0,0.0,0.0,0,0,0,0
2026-08-28T19:27:00.937,IMU-1,0x28,-1.19,-178.94,80.19,0,3,0,0
2026-08-28T19:27:00.938,IMU-2,0x29,-1.62,176.69,233.75,0,0,0,0
2026-08-28T19:27:01.037,IMU-1,0x28,-1.19,-178.94,80.19,0,3,0,0
2026-08-28T19:27:01.038,IMU-2,0x29,-1.62,176.69,233.75,0,0,0,0
2026-08-28T19:27:01.137,IMU-1,0x28,-1.19,-178.94,80.19,0,3,0,0
2026-08-28T19:27:01.139,IMU-2,0x29,-1.62,176.69,233.75,0,0,0,0
2026-08-28T19:27:01.237,IMU-1,0x28,-1.19,-178.94,80.19,0,3,0,0
2026-08-28T19:27:01.239,IMU-2,0x29,-1.62,176.69,233.75,0,0,0,0
2026-08-28T19:27:01.338,IMU-1,0x28,-1.19,-178.94,80.19,0,3,0,0
2026-08-28T19:27:01.339,IMU-2,0x29,-1.62,176.69,233.75,0,0,0,0
2026-08-28T19:27:01.438,IMU-1,0x28,-1.19,-178.94,80.19,0,3,0,0
2026-08-28T19:27:01.439,IMU-2,0x29,-1.62,176.69,233.75,0,0,0,0
2026-08-28T19:27:01.538,IMU-1,0x28,-1.19,-178.94,80.19,0,3,0,0
2026-08-28T19:27:01.540,IMU-2,0x29,-1.62,176.69,233.75,0,0,0,0
2026-08-28T19:27:01.638,IMU-1,0x28,-1.19,-178.94,80.19,0,3,0,0
2026-08-28T19:27:01.640,IMU-2,0x29,-1.62,176.69,233.75,0,0,0,0
2026-08-28T19:27:01.739,IMU-1,0x28,-1.19,-178.94,80.19,0,3,0,0
2026-08-28T19:27:01.741,IMU-2,0x29,-1.62,176.69,233.75,0,3,0,0
2026-08-28T19:27:01.839,IMU-1,0x28,-1.19,-178.94,80.19,0,3,0,0
2026-08-28T19:27:01.841,IMU-2,0x29,-1.62,176.69,233.75,0,3,0,0
2026-08-28T19:27:01.939,IMU-1,0x28,-1.19,-178.94,80.19,0,3,0,0
2026-08-28T19:27:01.941,IMU-2,0x29,-1.62,176.69,233.75,0,3,0,0
2026-08-28T19:27:02.039,IMU-1,0x28,-1.19,-178.94,80.19,0,3,0,0
2026-08-28T19:27:02.041,IMU-2,0x29,-1.62,176.69,233.75,0,3,0,0
2026-08-28T19:27:02.139,IMU-1,0x28,-1.19,-178.94,80.19,0,3,0,0
2026-08-28T19:27:02.141,IMU-2,0x29,-1.62,176.69,233.75,0,3,0,0
2026-08-28T19:27:02.238,IMU-1,0x28,-1.19,-178.94,80.19,0,3,0,0
2026-08-28T19:27:02.241,IMU-2,0x29,-1.62,176.69,233.75,0,3,0,0
2026-08-28T19:27:02.338,IMU-1,0x28,-1.19,-178.94,80.19,0,3,0,0
2026-08-28T19:27:02.340,IMU-2,0x29,-1.62,176.69,233.75,0,3,0,0
2026-08-28T19:27:02.438,IMU-1,0x28,-1.19,-178.94,80.19,0,3,0,0
2026-08-28T19:27:02.441,IMU-2,0x29,-1.62,176.69,233.75,0,3,0,0
2026-08-28T19:27:02.538,IMU-1,0x28,-1.19,-178.94,80.19,0,3,0,0
2026-08-28T19:27:02.541,IMU-2,0x29,-1.62,176.69,233.75,0,3,0,0
2026-08-28T19:27:02.638,IMU-1,0x28,-1.19,-178.94,80.19,0,3,0,0
2026-08-28T19:27:02.641,IMU-2,0x29,-1.62,176.69,233.75,0,3,0,0
2026-08-28T19:27:02.738,IMU-1,0x28,-1.19,-178.94,80.19,0,3,0,0
2026-08-28T19:27:02.742,IMU-2,0x29,-1.62,176.69,233.75,0,3,0,0
2026-08-28T19:27:02.838,IMU-1,0x28,-1.19,-178.94,80.19,0,3,0,0
2026-08-28T19:27:02.840,IMU-2,0x29,-1.62,176.69,233.75,0,3,0,0
2026-08-28T19:27:02.938,IMU-1,0x28,-1.19,-178.94,80.19,0,3,0,0
2026-08-28T19:27:02.940,IMU-2,0x29,-1.62,176.69,233.75,0,3,0,0
2026-08-28T19:27:03.038,IMU-1,0x28,-1.19,-178.94,80.19,0,3,0,0
2026-08-28T19:27:03.039,IMU-2,0x29,-1.62,176.69,233.75,0,3,0,0
2026-08-28T19:27:03.138,IMU-1,0x28,-1.19,-178.94,80.19,0,3,0,0
2026-08-28T19:27:03.139,IMU-2,0x29,-1.62,176.69,233.75,0,3,0,0
2026-08-28T19:27:03.238,IMU-1,0x28,-1.19,-178.94,80.19,0,3,0,0
2026-08-28T19:27:03.239,IMU-2,0x29,-1.62,176.69,233.75,0,3,0,0
2026-08-28T19:27:03.338,IMU-1,0x28,-1.19,-178.94,80.19,0,3,0,0
2026-08-28T19:27:03.339,IMU-2,0x29,-1.62,176.69,233.75,0,3,0,0
2026-08-28T19:27:03.438,IMU-1,0x28,-1.19,-178.94,80.19,0,3,0,0
2026-08-28T19:27:03.440,IMU-2,0x29,-1.62,176.69,233.75,0,3,0,0
2026-08-28T19:27:03.538,IMU-1,0x28,-1.19,-178.94,80.19,0,3,0,0
2026-08-28T19:27:03.540,IMU-2,0x29,-1.62,176.69,233.75,0,3,0,0
2026-08-28T19:27:03.638,IMU-1,0x28,-1.19,-178.94,80.19,0,3,0,0
2026-08-28T19:27:03.640,IMU-2,0x29,-1.62,176.69,233.75,0,3,0,0
2026-08-28T19:27:03.739,IMU-1,0x28,-1.19,-178.94,80.19,0,3,0,0
2026-08-28T19:27:03.741,IMU-2,0x29,-1.62,176.69,233.75,0,3,0,0
2026-08-28T19:27:03.838,IMU-1,0x28,-1.19,-178.94,80.19,0,3,0,0
2026-08-28T19:27:03.840,IMU-2,0x29,-1.62,176.69,233.75,0,3,0,0
2026-08-28T19:27:03.938,IMU-1,0x28,-1.19,-178.94,80.19,0,3,0,0
2026-08-28T19:27:03.940,IMU-2,0x29,-1.62,176.69,233.75,0,3,0,0
2026-08-28T19:27:04.038,IMU-1,0x28,-1.19,-178.94,80.19,0,3,0,0
2026-08-28T19:27:04.041,IMU-2,0x29,-1.62,176.69,233.75,0,3,0,0
2026-08-28T19:27:04.139,IMU-1,0x28,-1.19,-179.0,79.69,0,3,0,0
2026-08-28T19:27:04.141,IMU-2,0x29,-1.56,176.69,233.25,0,3,0,0
2026-08-28T19:27:04.239,IMU-1,0x28,-2.19,178.31,81.06,0,3,0,0
2026-08-28T19:27:04.242,IMU-2,0x29,-0.81,178.5,234.38,0,3,0,0
2026-08-28T19:27:04.339,IMU-1,0x28,-2.56,159.38,84.56,0,3,0,0
2026-08-28T19:27:04.342,IMU-2,0x29,-0.19,-162.81,237.88,0,3,0,0
2026-08-28T19:27:04.439,IMU-1,0x28,-2.81,162.19,83.81,0,3,0,0
2026-08-28T19:27:04.442,IMU-2,0x29,0.0,-163.94,237.5,0,3,0,0
2026-08-28T19:27:04.540,IMU-1,0x28,-2.31,158.19,83.94,0,3,0,0
2026-08-28T19:27:04.543,IMU-2,0x29,-0.25,-160.94,237.31,0,3,0,0
2026-08-28T19:27:04.640,IMU-1,0x28,-2.12,155.62,84.19,0,3,0,0
2026-08-28T19:27:04.643,IMU-2,0x29,-0.5,-157.81,237.69,0,3,0,0
2026-08-28T19:27:04.741,IMU-1,0x28,-1.69,151.94,84.38,0,3,0,0
2026-08-28T19:27:04.744,IMU-2,0x29,-0.88,-154.19,237.88,0,3,0,0
2026-08-28T19:27:04.840,IMU-1,0x28,-1.38,148.31,84.81,0,3,0,0
2026-08-28T19:27:04.843,IMU-2,0x29,-1.12,-150.44,238.25,0,3,0,0
2026-08-28T19:27:04.941,IMU-1,0x28,-1.31,148.12,84.94,0,3,0,0
2026-08-28T19:27:04.944,IMU-2,0x29,-1.25,-150.44,238.25,0,3,0,0
2026-08-28T19:27:05.041,IMU-1,0x28,-1.25,149.56,84.81,0,3,0,0
2026-08-28T19:27:05.044,IMU-2,0x29,-1.31,-151.75,238.19,0,3,0,0
2026-08-28T19:27:05.141,IMU-1,0x28,-1.25,149.56,84.81,0,3,0,0
2026-08-28T19:27:05.144,IMU-2,0x29,-1.31,-151.75,238.19,0,3,0,0
2026-08-28T19:27:05.241,IMU-1,0x28,-1.25,150.06,84.81,0,3,0,0
2026-08-28T19:27:05.243,IMU-2,0x29,-1.31,-152.25,238.19,0,3,0,0
2026-08-28T19:27:05.341,IMU-1,0x28,-1.19,149.56,84.88,0,3,0,0
2026-08-28T19:27:05.343,IMU-2,0x29,-1.38,-151.75,238.31,0,3,0,0
2026-08-28T19:27:05.441,IMU-1,0x28,-1.12,149.06,84.94,0,3,0,0
2026-08-28T19:27:05.443,IMU-2,0x29,-1.44,-151.12,238.38,0,3,0,0
2026-08-28T19:27:05.541,IMU-1,0x28,-1.12,148.5,85.0,0,3,0,0
2026-08-28T19:27:05.542,IMU-2,0x29,-1.5,-150.69,238.38,0,3,0,0
2026-08-28T19:27:05.641,IMU-1,0x28,-1.0,148.44,85.0,0,3,0,0
2026-08-28T19:27:05.642,IMU-2,0x29,-1.62,-150.56,238.38,0,3,0,0
2026-08-28T19:27:05.742,IMU-1,0x28,-1.0,148.69,84.94,0,3,1,0
2026-08-28T19:27:05.744,IMU-2,0x29,-1.69,-150.81,238.31,0,3,0,0
2026-08-28T19:27:05.841,IMU-1,0x28,-1.0,149.0,84.88,0,3,1,0
2026-08-28T19:27:05.843,IMU-2,0x29,-1.62,-151.12,238.25,0,3,0,0
2026-08-28T19:27:05.941,IMU-1,0x28,-1.06,149.81,84.56,0,3,1,0
2026-08-28T19:27:05.942,IMU-2,0x29,-1.56,-151.94,238.0,0,3,0,0
2026-08-28T19:27:06.041,IMU-1,0x28,-1.12,149.38,84.56,0,3,1,0
2026-08-28T19:27:06.043,IMU-2,0x29,-1.56,-151.44,238.0,0,3,0,0
2026-08-28T19:27:06.140,IMU-1,0x28,-1.12,148.81,84.5,0,3,1,0
2026-08-28T19:27:06.142,IMU-2,0x29,-1.5,-150.88,237.94,0,3,0,0
2026-08-28T19:27:06.240,IMU-1,0x28,-1.12,148.44,84.5,0,3,1,0
2026-08-28T19:27:06.242,IMU-2,0x29,-1.56,-150.56,237.94,0,3,0,0
2026-08-28T19:27:06.341,IMU-1,0x28,-1.06,149.12,84.62,0,3,1,0
2026-08-28T19:27:06.343,IMU-2,0x29,-1.62,-151.19,238.06,0,3,0,0
2026-08-28T19:27:06.440,IMU-1,0x28,-1.06,149.31,84.56,0,3,1,0
2026-08-28T19:27:06.442,IMU-2,0x29,-1.62,-151.38,238.0,0,3,0,0
2026-08-28T19:27:06.541,IMU-1,0x28,-1.12,148.75,84.62,0,3,1,0
2026-08-28T19:27:06.543,IMU-2,0x29,-1.62,-150.75,238.0,0,3,0,0
2026-08-28T19:27:06.640,IMU-1,0x28,-1.12,148.94,84.62,0,3,1,0
2026-08-28T19:27:06.643,IMU-2,0x29,-1.62,-150.88,238.0,0,3,0,0
2026-08-28T19:27:06.741,IMU-1,0x28,-1.12,148.62,84.62,0,3,1,0
2026-08-28T19:27:06.744,IMU-2,0x29,-1.62,-150.62,238.0,0,3,1,0
2026-08-28T19:27:06.840,IMU-1,0x28,-1.12,149.0,84.62,0,3,1,0
2026-08-28T19:27:06.843,IMU-2,0x29,-1.62,-151.0,238.0,0,3,1,0
2026-08-28T19:27:06.940,IMU-1,0x28,-1.12,149.62,84.62,0,3,1,0
2026-08-28T19:27:06.943,IMU-2,0x29,-1.62,-151.56,238.0,0,3,1,0
2026-08-28T19:27:07.040,IMU-1,0x28,-1.12,149.75,84.62,0,3,1,0
2026-08-28T19:27:07.043,IMU-2,0x29,-1.62,-151.69,238.0,0,3,1,0
2026-08-28T19:27:07.140,IMU-1,0x28,-1.12,149.88,84.62,0,3,1,0
2026-08-28T19:27:07.143,IMU-2,0x29,-1.62,-151.81,238.0,0,3,1,0
2026-08-28T19:27:07.240,IMU-1,0x28,-1.12,150.31,84.56,0,3,1,0
2026-08-28T19:27:07.243,IMU-2,0x29,-1.62,-152.25,238.06,0,3,1,0
2026-08-28T19:27:07.340,IMU-1,0x28,-1.12,151.12,84.56,0,3,1,0
2026-08-28T19:27:07.343,IMU-2,0x29,-1.62,-153.0,238.0,0,3,1,0
2026-08-28T19:27:07.441,IMU-1,0x28,-1.12,151.38,84.56,0,3,1,0
2026-08-28T19:27:07.444,IMU-2,0x29,-1.62,-153.25,238.06,0,3,1,0
2026-08-28T19:27:07.541,IMU-1,0x28,-1.12,151.44,84.56,0,3,1,0
2026-08-28T19:27:07.543,IMU-2,0x29,-1.62,-153.25,238.06,0,3,1,0
2026-08-28T19:27:07.641,IMU-1,0x28,-1.12,151.0,84.56,0,3,1,0
2026-08-28T19:27:07.643,IMU-2,0x29,-1.62,-152.88,238.0,0,3,1,0
2026-08-28T19:27:07.742,IMU-1,0x28,-1.12,151.31,84.56,0,3,1,0
2026-08-28T19:27:07.745,IMU-2,0x29,-1.62,-153.19,238.06,0,3,1,0
2026-08-28T19:27:07.842,IMU-1,0x28,-1.12,151.5,84.56,0,3,1,0
2026-08-28T19:27:07.843,IMU-2,0x29,-1.62,-153.31,238.06,0,3,1,0
2026-08-28T19:27:07.942,IMU-1,0x28,-1.12,151.62,84.56,0,3,1,0
2026-08-28T19:27:07.943,IMU-2,0x29,-1.62,-153.5,238.06,0,3,1,0
2026-08-28T19:27:08.042,IMU-1,0x28,-1.12,151.81,84.56,0,3,1,0
2026-08-28T19:27:08.044,IMU-2,0x29,-1.62,-153.69,238.06,0,3,1,0
2026-08-28T19:27:08.142,IMU-1,0x28,-1.12,152.0,84.56,0,3,1,0
2026-08-28T19:27:08.144,IMU-2,0x29,-1.62,-153.88,238.06,0,3,1,0
2026-08-28T19:27:08.242,IMU-1,0x28,-1.12,152.31,84.56,0,3,1,0
2026-08-28T19:27:08.244,IMU-2,0x29,-1.62,-154.19,238.06,0,3,1,0
2026-08-28T19:27:08.343,IMU-1,0x28,-1.12,152.38,84.56,0,3,1,0
2026-08-28T19:27:08.344,IMU-2,0x29,-1.62,-154.25,238.06,0,3,1,0
2026-08-28T19:27:08.443,IMU-1,0x28,-1.12,152.5,84.56,0,3,1,0
2026-08-28T19:27:08.444,IMU-2,0x29,-1.62,-154.31,238.06,0,3,1,0
2026-08-28T19:27:08.543,IMU-1,0x28,-1.12,152.56,84.56,0,3,1,0
2026-08-28T19:27:08.544,IMU-2,0x29,-1.62,-154.38,238.06,0,3,1,0
2026-08-28T19:27:08.643,IMU-1,0x28,-1.12,152.56,84.56,0,3,1,0
2026-08-28T19:27:08.644,IMU-2,0x29,-1.62,-154.38,238.06,0,3,1,0
2026-08-28T19:27:08.744,IMU-1,0x28,-1.12,152.56,84.56,0,3,1,0
2026-08-28T19:27:08.746,IMU-2,0x29,-1.62,-154.38,238.06,0,3,1,0
2026-08-28T19:27:08.843,IMU-1,0x28,-1.12,152.56,84.56,0,3,1,0
2026-08-28T19:27:08.845,IMU-2,0x29,-1.62,-154.38,238.06,0,3,1,0
2026-08-28T19:27:08.943,IMU-1,0x28,-1.12,152.69,84.56,0,3,1,0
2026-08-28T19:27:08.945,IMU-2,0x29,-1.62,-154.5,238.06,0,3,1,0
2026-08-28T19:27:09.043,IMU-1,0x28,-1.12,152.69,84.56,0,3,1,0
2026-08-28T19:27:09.045,IMU-2,0x29,-1.62,-154.5,238.06,0,3,1,0
2026-08-28T19:27:09.143,IMU-1,0x28,-1.12,152.81,84.56,0,3,1,0
2026-08-28T19:27:09.145,IMU-2,0x29,-1.62,-154.62,238.06,0,3,1,0
2026-08-28T19:27:09.243,IMU-1,0x28,-1.12,152.75,84.56,0,3,1,0
2026-08-28T19:27:09.244,IMU-2,0x29,-1.62,-154.56,238.06,0,3,1,0
2026-08-28T19:27:09.342,IMU-1,0x28,-1.12,152.75,84.56,0,3,1,0
2026-08-28T19:27:09.345,IMU-2,0x29,-1.62,-154.56,238.06,0,3,1,0
2026-08-28T19:27:09.442,IMU-1,0x28,-1.12,152.81,84.56,0,3,1,0
2026-08-28T19:27:09.445,IMU-2,0x29,-1.62,-154.56,238.06,0,3,1,0
2026-08-28T19:27:09.542,IMU-1,0x28,-1.12,152.81,84.56,0,3,1,0
2026-08-28T19:27:09.545,IMU-2,0x29,-1.62,-154.56,238.06,0,3,1,0
2026-08-28T19:27:09.642,IMU-1,0x28,-1.12,152.81,84.56,0,3,1,0
2026-08-28T19:27:09.645,IMU-2,0x29,-1.62,-154.62,238.06,0,3,1,0
2026-08-28T19:27:09.742,IMU-1,0x28,-1.12,152.81,84.56,0,3,1,0
2026-08-28T19:27:09.746,IMU-2,0x29,-1.62,-154.62,238.06,0,3,1,0
2026-08-28T19:27:09.842,IMU-1,0x28,-1.12,152.88,84.56,0,3,1,0
2026-08-28T19:27:09.845,IMU-2,0x29,-1.62,-154.69,238.06,0,3,1,0
2026-08-28T19:27:09.942,IMU-1,0x28,-1.12,152.88,84.56,0,3,1,0
2026-08-28T19:27:09.944,IMU-2,0x29,-1.62,-154.62,238.06,0,3,1,0
2026-08-28T19:27:10.042,IMU-1,0x28,-1.12,152.88,84.56,0,3,1,0
2026-08-28T19:27:10.044,IMU-2,0x29,-1.62,-154.69,238.06,0,3,1,0
2026-08-28T19:27:10.142,IMU-1,0x28,-1.12,152.88,84.56,0,3,1,0
2026-08-28T19:27:10.147,IMU-2,0x29,-1.62,-154.62,238.06,0,3,1,0
2026-08-28T19:27:10.242,IMU-1,0x28,-1.12,152.88,84.56,0,3,1,0
2026-08-28T19:27:10.244,IMU-2,0x29,-1.62,-154.62,238.06,0,3,1,0
2026-08-28T19:27:10.342,IMU-1,0x28,-1.12,152.88,84.56,0,3,1,0
2026-08-28T19:27:10.344,IMU-2,0x29,-1.62,-154.62,238.06,0,3,1,0
2026-08-28T19:27:10.442,IMU-1,0x28,-1.12,152.88,84.56,0,3,1,0
2026-08-28T19:27:10.444,IMU-2,0x29,-1.62,-154.62,238.06,0,3,1,0
2026-08-28T19:27:10.542,IMU-1,0x28,-1.12,153.25,84.56,0,3,1,0
2026-08-28T19:27:10.544,IMU-2,0x29,-1.62,-154.94,238.06,0,3,1,0
2026-08-28T19:27:10.642,IMU-1,0x28,-1.12,153.31,84.56,0,3,1,0
2026-08-28T19:27:10.644,IMU-2,0x29,-1.62,-155.06,238.06,0,3,1,0
2026-08-28T19:27:10.743,IMU-1,0x28,-1.12,153.38,84.56,0,3,1,0
2026-08-28T19:27:10.745,IMU-2,0x29,-1.62,-155.06,238.06,0,3,1,0
2026-08-28T19:27:10.843,IMU-1,0x28,-1.12,153.38,84.56,0,3,1,0
2026-08-28T19:27:10.845,IMU-2,0x29,-1.62,-155.12,238.06,0,3,1,0
2026-08-28T19:27:10.943,IMU-1,0x28,-1.12,153.38,84.56,0,3,1,0
2026-08-28T19:27:10.945,IMU-2,0x29,-1.62,-155.12,238.06,0,3,1,0
2026-08-28T19:27:11.043,IMU-1,0x28,-1.12,153.44,84.56,0,3,1,0
2026-08-28T19:27:11.045,IMU-2,0x29,-1.62,-155.12,238.06,0,3,1,0
2026-08-28T19:27:11.144,IMU-1,0x28,-1.12,153.56,84.56,0,3,1,0
2026-08-28T19:27:11.146,IMU-2,0x29,-1.62,-155.31,238.06,0,3,1,0
2026-08-28T19:27:11.244,IMU-1,0x28,-1.12,153.88,84.56,0,3,1,0
2026-08-28T19:27:11.245,IMU-2,0x29,-1.62,-155.56,238.06,0,3,1,0
2026-08-28T19:27:11.344,IMU-1,0x28,-1.12,154.12,84.56,0,3,1,0
2026-08-28T19:27:11.345,IMU-2,0x29,-1.62,-155.81,238.06,0,3,1,0
2026-08-28T19:27:11.444,IMU-1,0x28,-1.12,154.31,84.56,0,3,1,0
2026-08-28T19:27:11.447,IMU-2,0x29,-1.62,-156.0,238.06,0,3,1,0
2026-08-28T19:27:11.544,IMU-1,0x28,-1.12,154.44,84.56,0,3,1,0
2026-08-28T19:27:11.547,IMU-2,0x29,-1.62,-156.12,238.06,0,3,1,0
2026-08-28T19:27:11.644,IMU-1,0x28,-1.12,154.56,84.56,0,3,1,0
2026-08-28T19:27:11.647,IMU-2,0x29,-1.62,-156.25,238.06,0,3,1,0
2026-08-28T19:27:11.745,IMU-1,0x28,-1.12,154.56,84.56,0,3,1,0
2026-08-28T19:27:11.749,IMU-2,0x29,-1.62,-156.25,238.06,0,3,1,0
2026-08-28T19:27:11.845,IMU-1,0x28,-1.12,154.62,84.56,0,3,1,0
2026-08-28T19:27:11.847,IMU-2,0x29,-1.62,-156.25,238.06,0,3,1,0
2026-08-28T19:27:11.945,IMU-1,0x28,-1.12,154.62,84.56,0,3,1,0
2026-08-28T19:27:11.947,IMU-2,0x29,-1.62,-156.25,238.06,0,3,1,0
2026-08-28T19:27:12.045,IMU-1,0x28,-1.12,154.75,84.56,0,3,1,0
2026-08-28T19:27:12.046,IMU-2,0x29,-1.62,-156.44,238.06,0,3,1,0
2026-08-28T19:27:12.145,IMU-1,0x28,-1.12,154.94,84.56,0,3,1,0
2026-08-28T19:27:12.146,IMU-2,0x29,-1.62,-156.56,238.06,0,3,1,0
2026-08-28T19:27:12.245,IMU-1,0x28,-1.12,154.94,84.56,0,3,1,0
2026-08-28T19:27:12.246,IMU-2,0x29,-1.62,-156.56,238.06,0,3,1,0
2026-08-28T19:27:12.345,IMU-1,0x28,-1.12,154.94,84.56,0,3,1,0
2026-08-28T19:27:12.346,IMU-2,0x29,-1.62,-156.56,238.06,0,3,1,0
2026-08-28T19:27:12.445,IMU-1,0x28,-1.12,155.0,84.56,0,3,1,0
2026-08-28T19:27:12.446,IMU-2,0x29,-1.62,-156.62,238.06,0,3,1,0
2026-08-28T19:27:12.545,IMU-1,0x28,-1.12,155.0,84.56,0,3,1,0
2026-08-28T19:27:12.546,IMU-2,0x29,-1.62,-156.62,238.06,0,3,1,0
2026-08-28T19:27:12.644,IMU-1,0x28,-1.12,155.06,84.56,0,3,1,0
2026-08-28T19:27:12.646,IMU-2,0x29,-1.62,-156.69,238.06,0,3,1,0
2026-08-28T19:27:12.745,IMU-1,0x28,-1.12,155.12,84.56,0,3,1,0
2026-08-28T19:27:12.747,IMU-2,0x29,-1.62,-156.69,238.06,0,3,1,0
2026-08-28T19:27:12.844,IMU-1,0x28,-1.12,155.38,84.56,0,3,1,0
2026-08-28T19:27:12.846,IMU-2,0x29,-1.62,-157.0,238.06,0,3,1,0
2026-08-28T19:27:12.944,IMU-1,0x28,-1.12,155.56,84.56,0,3,1,0
2026-08-28T19:27:12.945,IMU-2,0x29,-1.62,-157.12,238.06,0,3,1,0
2026-08-28T19:27:13.044,IMU-1,0x28,-1.12,155.56,84.56,0,3,1,0
2026-08-28T19:27:13.046,IMU-2,0x29,-1.62,-157.12,238.06,0,3,1,0
2026-08-28T19:27:13.144,IMU-1,0x28,-1.12,155.56,84.56,0,3,1,0
2026-08-28T19:27:13.146,IMU-2,0x29,-1.62,-157.06,238.06,0,3,1,0
2026-08-28T19:27:13.244,IMU-1,0x28,-1.12,154.94,84.56,0,3,1,0
2026-08-28T19:27:13.246,IMU-2,0x29,-1.62,-156.38,238.12,0,3,1,0
2026-08-28T19:27:13.344,IMU-1,0x28,-1.12,153.5,84.56,0,3,1,0
2026-08-28T19:27:13.346,IMU-2,0x29,-1.62,-155.06,238.06,0,3,1,0
2026-08-28T19:27:13.444,IMU-1,0x28,-1.12,151.06,84.62,0,3,1,0
2026-08-28T19:27:13.447,IMU-2,0x29,-1.62,-152.81,238.12,0,3,1,0
2026-08-28T19:27:13.544,IMU-1,0x28,-1.12,149.69,84.62,0,3,1,0
2026-08-28T19:27:13.547,IMU-2,0x29,-1.56,-151.12,238.06,0,3,1,0
2026-08-28T19:27:13.644,IMU-1,0x28,-1.75,148.94,84.19,0,3,1,0
2026-08-28T19:27:13.647,IMU-2,0x29,-0.94,-150.62,237.62,0,3,1,0
2026-08-28T19:27:13.745,IMU-1,0x28,-3.94,146.5,84.5,0,3,1,0
2026-08-28T19:27:13.748,IMU-2,0x29,1.12,-148.25,238.12,0,3,1,0
2026-08-28T19:27:13.844,IMU-1,0x28,-5.62,145.31,85.06,0,3,1,0
2026-08-28T19:27:13.847,IMU-2,0x29,2.94,-146.94,238.69,0,3,1,0
2026-08-28T19:27:13.944,IMU-1,0x28,-9.12,145.62,86.31,0,3,1,0
2026-08-28T19:27:13.947,IMU-2,0x29,6.06,-146.56,240.25,0,3,1,0
2026-08-28T19:27:14.045,IMU-1,0x28,-13.69,153.19,85.0,0,3,1,0
2026-08-28T19:27:14.048,IMU-2,0x29,10.94,-155.38,239.06,0,3,1,0
2026-08-28T19:27:14.145,IMU-1,0x28,-16.38,159.0,84.56,0,3,1,0
2026-08-28T19:27:14.148,IMU-2,0x29,13.31,-160.44,239.06,0,3,1,0
2026-08-28T19:27:14.245,IMU-1,0x28,-19.75,165.88,82.69,0,3,1,0
2026-08-28T19:27:14.248,IMU-2,0x29,16.56,-167.44,237.5,0,3,1,0
2026-08-28T19:27:14.345,IMU-1,0x28,-22.81,170.88,82.12,0,3,1,0
2026-08-28T19:27:14.348,IMU-2,0x29,19.75,-172.81,237.25,0,3,1,0
2026-08-28T19:27:14.445,IMU-1,0x28,-25.5,174.94,82.25,0,3,1,0
2026-08-28T19:27:14.448,IMU-2,0x29,22.31,-176.81,237.56,0,3,1,0
2026-08-28T19:27:14.545,IMU-1,0x28,-27.94,177.25,83.25,0,3,1,0
2026-08-28T19:27:14.547,IMU-2,0x29,24.56,-179.06,238.69,0,3,1,0
2026-08-28T19:27:14.645,IMU-1,0x28,-30.31,179.62,83.88,0,3,1,0
2026-08-28T19:27:14.646,IMU-2,0x29,26.81,178.5,239.44,0,3,1,0
2026-08-28T19:27:14.745,IMU-1,0x28,-31.12,-179.5,84.38,0,3,1,1
2026-08-28T19:27:14.747,IMU-2,0x29,27.38,177.75,239.88,0,3,1,1
2026-08-28T19:27:14.845,IMU-1,0x28,-32.12,-178.88,84.81,0,3,1,1
2026-08-28T19:27:14.846,IMU-2,0x29,28.38,177.19,240.38,0,3,1,1
2026-08-28T19:27:14.945,IMU-1,0x28,-33.56,-178.62,85.06,0,3,1,1
2026-08-28T19:27:14.946,IMU-2,0x29,29.75,176.94,240.75,0,3,1,1
2026-08-28T19:27:15.045,IMU-1,0x28,-35.25,-178.44,85.31,0,3,1,1
2026-08-28T19:27:15.046,IMU-2,0x29,31.31,176.69,241.06,0,3,1,1
2026-08-28T19:27:15.145,IMU-1,0x28,-35.44,-178.31,85.62,0,3,1,1
2026-08-28T19:27:15.146,IMU-2,0x29,31.38,176.62,241.38,0,3,1,1
2026-08-28T19:27:15.245,IMU-1,0x28,-35.5,-178.31,85.81,0,3,1,1
2026-08-28T19:27:15.246,IMU-2,0x29,31.5,176.69,241.56,0,3,1,1
2026-08-28T19:27:15.345,IMU-1,0x28,-36.38,-178.19,85.81,0,3,1,1
2026-08-28T19:27:15.347,IMU-2,0x29,32.25,176.5,241.62,0,3,1,1
2026-08-28T19:27:15.445,IMU-1,0x28,-37.0,-177.94,86.31,0,3,1,1
2026-08-28T19:27:15.447,IMU-2,0x29,32.81,176.25,242.19,0,3,1,1
2026-08-28T19:27:15.545,IMU-1,0x28,-39.44,-177.38,86.62,0,3,1,1
2026-08-28T19:27:15.547,IMU-2,0x29,35.44,175.56,242.62,0,3,1,1
2026-08-28T19:27:15.645,IMU-1,0x28,-42.88,-177.56,86.19,0,3,1,1
2026-08-28T19:27:15.647,IMU-2,0x29,38.88,175.62,242.19,0,3,1,1
2026-08-28T19:27:15.746,IMU-1,0x28,-44.62,-178.62,85.69,0,3,1,1
2026-08-28T19:27:15.748,IMU-2,0x29,40.19,176.38,241.81,0,3,1,1
2026-08-28T19:27:15.845,IMU-1,0x28,-44.25,-178.44,85.62,0,3,1,1
2026-08-28T19:27:15.848,IMU-2,0x29,39.75,176.12,241.81,0,3,1,1
2026-08-28T19:27:15.945,IMU-1,0x28,-42.44,-177.75,85.81,0,3,1,1
2026-08-28T19:27:15.948,IMU-2,0x29,37.75,175.69,241.94,0,3,1,1
2026-08-28T19:27:16.045,IMU-1,0x28,-38.69,-178.06,85.19,0,3,1,1
2026-08-28T19:27:16.048,IMU-2,0x29,34.0,176.31,241.06,0,3,1,1
2026-08-28T19:27:16.146,IMU-1,0x28,-36.19,-177.56,85.81,0,3,1,1
2026-08-28T19:27:16.148,IMU-2,0x29,31.56,176.06,241.56,0,3,1,1
2026-08-28T19:27:16.246,IMU-1,0x28,-36.81,-178.06,85.38,0,3,1,1
2026-08-28T19:27:16.249,IMU-2,0x29,32.12,176.5,241.19,0,3,1,1
2026-08-28T19:27:16.346,IMU-1,0x28,-36.75,-178.25,85.0,0,3,1,1
2026-08-28T19:27:16.349,IMU-2,0x29,32.12,176.62,240.81,0,3,1,1
2026-08-28T19:27:16.446,IMU-1,0x28,-36.56,-176.62,85.25,0,3,1,1
2026-08-28T19:27:16.449,IMU-2,0x29,31.81,175.06,241.06,0,3,1,1
2026-08-28T19:27:16.546,IMU-1,0x28,-37.0,-176.81,85.38,0,3,1,1
2026-08-28T19:27:16.549,IMU-2,0x29,32.31,175.25,241.25,0,3,1,1
2026-08-28T19:27:16.646,IMU-1,0x28,-37.75,-177.25,85.31,0,3,1,1
2026-08-28T19:27:16.648,IMU-2,0x29,33.06,175.62,241.19,0,3,1,1
2026-08-28T19:27:16.746,IMU-1,0x28,-40.06,-178.0,85.5,0,3,1,1
2026-08-28T19:27:16.750,IMU-2,0x29,35.31,176.19,241.44,0,3,1,1
2026-08-28T19:27:16.846,IMU-1,0x28,-42.94,-178.25,86.38,0,3,1,1
2026-08-28T19:27:16.848,IMU-2,0x29,38.12,176.31,242.44,0,3,1,1
2026-08-28T19:27:16.946,IMU-1,0x28,-42.69,-178.38,86.44,0,3,1,1
2026-08-28T19:27:16.947,IMU-2,0x29,37.81,176.56,242.44,0,3,1,1
2026-08-28T19:27:17.046,IMU-1,0x28,-43.12,-178.5,86.44,0,3,1,1
2026-08-28T19:27:17.047,IMU-2,0x29,38.38,176.5,242.44,0,3,1,1
2026-08-28T19:27:17.146,IMU-1,0x28,-44.5,-178.12,86.69,0,3,1,1
2026-08-28T19:27:17.148,IMU-2,0x29,39.75,176.12,242.81,0,3,1,1
2026-08-28T19:27:17.246,IMU-1,0x28,-46.06,-177.94,82.69,0,3,1,1
2026-08-28T19:27:17.248,IMU-2,0x29,41.19,175.88,242.81,0,3,1,1
2026-08-28T19:27:17.346,IMU-1,0x28,-47.38,-178.44,83.56,0,3,1,1
2026-08-28T19:27:17.348,IMU-2,0x29,42.75,176.25,242.56,0,3,1,1
2026-08-28T19:27:17.446,IMU-1,0x28,-49.0,-178.69,84.31,0,3,1,1
2026-08-28T19:27:17.448,IMU-2,0x29,44.25,176.31,242.94,0,3,1,1
2026-08-28T19:27:17.547,IMU-1,0x28,-51.5,-178.69,84.94,0,3,1,1
2026-08-28T19:27:17.548,IMU-2,0x29,46.75,176.06,236.12,0,3,1,1
2026-08-28T19:27:17.646,IMU-1,0x28,-54.94,-179.25,85.94,0,3,1,1
2026-08-28T19:27:17.648,IMU-2,0x29,50.19,176.19,237.31,0,3,1,1
2026-08-28T19:27:17.747,IMU-1,0x28,-57.44,179.94,86.88,0,3,1,1
2026-08-28T19:27:17.749,IMU-2,0x29,52.62,176.5,238.38,0,3,1,1
2026-08-28T19:27:17.846,IMU-1,0x28,-58.88,179.94,87.06,0,3,1,1
2026-08-28T19:27:17.849,IMU-2,0x29,53.88,176.25,238.5,0,3,1,1
2026-08-28T19:27:17.947,IMU-1,0x28,-60.19,179.81,87.38,0,3,1,1
2026-08-28T19:27:17.949,IMU-2,0x29,55.12,176.25,238.94,0,3,1,1
2026-08-28T19:27:18.047,IMU-1,0x28,-61.69,179.44,87.69,0,3,1,1
2026-08-28T19:27:18.049,IMU-2,0x29,56.44,176.31,239.31,0,3,1,1
2026-08-28T19:27:18.147,IMU-1,0x28,-62.62,178.31,88.69,0,3,1,1
2026-08-28T19:27:18.149,IMU-2,0x29,57.5,177.06,240.31,0,3,1,1
2026-08-28T19:27:18.247,IMU-1,0x28,-62.06,177.94,89.25,0,3,1,1
2026-08-28T19:27:18.250,IMU-2,0x29,56.88,177.69,241.12,0,3,1,1
2026-08-28T19:27:18.347,IMU-1,0x28,-60.38,176.88,91.0,0,3,1,1
2026-08-28T19:27:18.350,IMU-2,0x29,55.19,179.06,243.0,0,3,1,1
2026-08-28T19:27:18.447,IMU-1,0x28,-59.0,176.94,90.5,0,3,1,1
2026-08-28T19:27:18.450,IMU-2,0x29,53.88,179.19,242.44,0,3,1,1
2026-08-28T19:27:18.547,IMU-1,0x28,-58.31,-179.56,85.56,0,3,1,1
2026-08-28T19:27:18.550,IMU-2,0x29,53.0,176.25,237.25,0,3,1,1
2026-08-28T19:27:18.647,IMU-1,0x28,-56.94,-166.31,66.31,0,3,1,1
2026-08-28T19:27:18.650,IMU-2,0x29,51.25,164.31,216.44,0,3,1,1
2026-08-28T19:27:18.747,IMU-1,0x28,-55.81,-151.75,46.25,0,3,1,1
2026-08-28T19:27:18.751,IMU-2,0x29,49.81,151.19,195.0,0,3,1,1
2026-08-28T19:27:18.847,IMU-1,0x28,-54.25,-135.69,27.75,0,3,1,1
2026-08-28T19:27:18.850,IMU-2,0x29,48.06,136.5,175.44,0,3,1,1
2026-08-28T19:27:18.947,IMU-1,0x28,-52.88,-129.44,18.88,0,3,1,1
2026-08-28T19:27:18.950,IMU-2,0x29,46.69,130.62,166.38,0,3,1,1
2026-08-28T19:27:19.047,IMU-1,0x28,-50.69,-120.44,9.56,0,3,1,1
2026-08-28T19:27:19.050,IMU-2,0x29,44.5,122.5,156.94,0,3,1,1
2026-08-28T19:27:19.147,IMU-1,0x28,-48.19,-112.25,359.56,0,3,1,1
2026-08-28T19:27:19.150,IMU-2,0x29,42.0,114.62,146.81,0,3,1,1
2026-08-28T19:27:19.247,IMU-1,0x28,-46.38,-109.0,353.19,0,3,1,1
2026-08-28T19:27:19.249,IMU-2,0x29,40.31,111.56,140.44,0,3,1,1
2026-08-28T19:27:19.347,IMU-1,0x28,-45.94,-108.0,351.0,0,3,1,1
2026-08-28T19:27:19.349,IMU-2,0x29,39.81,110.31,138.06,0,3,1,1
2026-08-28T19:27:19.447,IMU-1,0x28,-44.25,-106.75,348.06,0,3,1,1
2026-08-28T19:27:19.449,IMU-2,0x29,38.19,109.19,135.06,0,3,1,1
2026-08-28T19:27:19.547,IMU-1,0x28,-44.06,-106.94,348.0,0,3,1,1
2026-08-28T19:27:19.549,IMU-2,0x29,38.0,109.31,134.94,0,3,1,1
2026-08-28T19:27:19.647,IMU-1,0x28,-43.44,-105.94,346.62,0,3,1,1
2026-08-28T19:27:19.649,IMU-2,0x29,37.5,108.56,133.69,0,3,1,1
2026-08-28T19:27:19.748,IMU-1,0x28,-42.25,-103.81,343.94,0,3,1,1
2026-08-28T19:27:19.750,IMU-2,0x29,36.31,106.5,131.0,0,3,1,1
2026-08-28T19:27:19.848,IMU-1,0x28,-41.06,-101.62,340.94,0,3,1,1
2026-08-28T19:27:19.849,IMU-2,0x29,35.12,104.44,128.06,0,3,1,1
2026-08-28T19:27:19.948,IMU-1,0x28,-39.69,-99.31,338.0,0,3,1,1
2026-08-28T19:27:19.949,IMU-2,0x29,33.81,102.25,125.25,0,3,1,1
2026-08-28T19:27:20.048,IMU-1,0x28,-38.31,-97.19,335.62,0,3,1,1
2026-08-28T19:27:20.049,IMU-2,0x29,32.69,100.44,123.12,0,3,1,1
2026-08-28T19:27:20.148,IMU-1,0x28,-36.38,-94.12,332.19,0,3,1,1
2026-08-28T19:27:20.150,IMU-2,0x29,30.81,97.5,119.75,0,3,1,1
2026-08-28T19:27:20.248,IMU-1,0x28,-33.81,-90.19,327.75,0,3,1,1
2026-08-28T19:27:20.250,IMU-2,0x29,28.38,93.62,115.5,0,3,1,1
2026-08-28T19:27:20.348,IMU-1,0x28,-30.75,-86.12,323.5,0,3,1,1
2026-08-28T19:27:20.350,IMU-2,0x29,25.44,89.62,111.38,0,3,1,1
2026-08-28T19:27:20.449,IMU-1,0x28,-29.5,-84.38,321.25,0,3,1,1
2026-08-28T19:27:20.451,IMU-2,0x29,24.25,87.94,109.25,0,3,1,1
2026-08-28T19:27:20.549,IMU-1,0x28,-28.38,-83.0,319.81,0,3,1,1
2026-08-28T19:27:20.551,IMU-2,0x29,23.31,86.69,108.0,0,3,1,1
2026-08-28T19:27:20.649,IMU-1,0x28,-27.94,-82.62,319.31,0,3,1,1
2026-08-28T19:27:20.651,IMU-2,0x29,22.69,86.12,107.25,0,3,1,1
2026-08-28T19:27:20.750,IMU-1,0x28,-25.12,-79.56,315.62,0,3,1,1
2026-08-28T19:27:20.752,IMU-2,0x29,20.0,83.0,103.69,0,3,1,1
2026-08-28T19:27:20.850,IMU-1,0x28,-24.5,-77.62,314.5,0,3,1,1
2026-08-28T19:27:20.851,IMU-2,0x29,19.44,81.19,102.69,0,3,1,1
2026-08-28T19:27:20.950,IMU-1,0x28,-22.06,-71.12,312.31,0,3,1,1
2026-08-28T19:27:20.951,IMU-2,0x29,17.19,74.81,100.69,0,3,1,1
2026-08-28T19:27:21.050,IMU-1,0x28,-17.19,-60.12,306.81,0,3,1,1
2026-08-28T19:27:21.051,IMU-2,0x29,12.69,63.56,95.81,0,3,1,1
2026-08-28T19:27:21.150,IMU-1,0x28,-13.81,-50.06,301.44,0,3,1,1
2026-08-28T19:27:21.151,IMU-2,0x29,9.5,53.38,90.88,0,3,1,1
2026-08-28T19:27:21.250,IMU-1,0x28,-12.06,-43.19,298.5,0,3,1,1
2026-08-28T19:27:21.251,IMU-2,0x29,8.19,46.62,88.38,0,3,1,1
2026-08-28T19:27:21.350,IMU-1,0x28,-11.88,-37.81,297.06,0,3,1,1
2026-08-28T19:27:21.351,IMU-2,0x29,8.12,41.38,87.25,0,3,1,1
2026-08-28T19:27:21.450,IMU-1,0x28,-11.69,-34.75,296.12,0,3,1,1
2026-08-28T19:27:21.451,IMU-2,0x29,8.06,38.44,86.56,0,3,1,1
2026-08-28T19:27:21.550,IMU-1,0x28,-11.06,-32.06,295.0,0,3,1,1
2026-08-28T19:27:21.551,IMU-2,0x29,7.44,35.69,85.5,0,3,1,1
2026-08-28T19:27:21.650,IMU-1,0x28,-10.81,-30.12,294.19,0,3,1,1
2026-08-28T19:27:21.652,IMU-2,0x29,7.31,33.75,84.75,0,3,1,1
2026-08-28T19:27:21.751,IMU-1,0x28,-10.81,-27.94,293.62,0,3,1,1
2026-08-28T19:27:21.753,IMU-2,0x29,7.31,31.5,84.25,0,3,1,1
2026-08-28T19:27:21.850,IMU-1,0x28,-10.88,-26.5,293.31,0,3,1,1
2026-08-28T19:27:21.852,IMU-2,0x29,7.44,30.12,84.0,0,3,1,1
2026-08-28T19:27:21.950,IMU-1,0x28,-10.44,-24.31,292.62,0,3,1,1
2026-08-28T19:27:21.951,IMU-2,0x29,7.06,27.94,83.44,0,3,1,1
2026-08-28T19:27:22.050,IMU-1,0x28,-10.44,-22.5,292.0,0,3,1,1
2026-08-28T19:27:22.052,IMU-2,0x29,7.06,26.06,82.94,0,3,1,1
2026-08-28T19:27:22.150,IMU-1,0x28,-10.31,-20.31,291.56,0,3,1,1
2026-08-28T19:27:22.152,IMU-2,0x29,7.0,23.94,82.62,0,3,1,1
2026-08-28T19:27:22.250,IMU-1,0x28,-10.06,-17.81,290.94,0,3,1,1
2026-08-28T19:27:22.251,IMU-2,0x29,6.94,21.38,82.12,0,3,1,1
2026-08-28T19:27:22.350,IMU-1,0x28,-9.81,-14.81,290.12,0,3,1,1
2026-08-28T19:27:22.351,IMU-2,0x29,6.69,18.38,81.44,0,3,1,1
2026-08-28T19:27:22.449,IMU-1,0x28,-9.75,-12.31,289.88,0,3,1,1
2026-08-28T19:27:22.451,IMU-2,0x29,6.69,16.19,81.31,0,3,1,1
2026-08-28T19:27:22.549,IMU-1,0x28,-9.44,-9.38,289.19,0,3,1,1
2026-08-28T19:27:22.551,IMU-2,0x29,6.44,13.25,80.75,0,3,1,1
2026-08-28T19:27:22.649,IMU-1,0x28,-9.44,-6.69,288.69,0,3,1,1
2026-08-28T19:27:22.651,IMU-2,0x29,6.5,10.62,80.31,0,3,1,1
2026-08-28T19:27:22.750,IMU-1,0x28,-9.44,-4.94,288.38,0,3,1,1
2026-08-28T19:27:22.752,IMU-2,0x29,6.69,9.06,80.12,0,3,1,1
2026-08-28T19:27:22.849,IMU-1,0x28,-9.38,-4.19,288.5,0,3,1,1
2026-08-28T19:27:22.851,IMU-2,0x29,6.75,8.56,80.19,0,3,1,1
2026-08-28T19:27:22.949,IMU-1,0x28,-10.06,-7.81,289.69,0,3,1,1
2026-08-28T19:27:22.951,IMU-2,0x29,7.38,12.12,81.19,0,3,1,1
2026-08-28T19:27:23.049,IMU-1,0x28,-13.94,-21.19,293.44,0,3,1,1
2026-08-28T19:27:23.051,IMU-2,0x29,10.88,25.25,84.31,0,3,1,1
2026-08-28T19:27:23.149,IMU-1,0x28,-19.94,-48.12,301.94,0,3,1,1
2026-08-28T19:27:23.151,IMU-2,0x29,16.06,52.19,91.56,0,3,1,1
2026-08-28T19:27:23.249,IMU-1,0x28,-28.56,-79.25,315.75,0,3,1,1
2026-08-28T19:27:23.251,IMU-2,0x29,23.94,83.44,103.94,0,3,1,1
2026-08-28T19:27:23.350,IMU-1,0x28,-34.31,-111.5,333.62,0,3,1,1
2026-08-28T19:27:23.351,IMU-2,0x29,29.06,114.75,120.62,0,3,1,1
2026-08-28T19:27:23.450,IMU-1,0x28,-33.31,-143.62,359.38,0,3,1,1
2026-08-28T19:27:23.451,IMU-2,0x29,28.12,146.0,238.81,0,3,1,1
2026-08-28T19:27:23.550,IMU-1,0x28,-28.75,-156.19,87.44,0,3,1,1
2026-08-28T19:27:23.551,IMU-2,0x29,23.38,159.06,242.06,0,3,1,1
2026-08-28T19:27:23.650,IMU-1,0x28,-24.0,-167.31,90.06,0,3,1,1
2026-08-28T19:27:23.652,IMU-2,0x29,19.0,170.25,244.5,0,3,1,1
2026-08-28T19:27:23.751,IMU-1,0x28,-17.56,-178.0,91.19,0,3,1,1
2026-08-28T19:27:23.753,IMU-2,0x29,12.56,-179.75,245.06,0,3,1,1
2026-08-28T19:27:23.851,IMU-1,0x28,-13.69,-178.06,90.75,0,3,1,1
2026-08-28T19:27:23.852,IMU-2,0x29,8.38,-179.56,244.81,0,3,1,1
2026-08-28T19:27:23.951,IMU-1,0x28,-9.19,-178.38,92.19,0,3,1,1
2026-08-28T19:27:23.952,IMU-2,0x29,3.88,-179.38,246.12,0,3,1,1
2026-08-28T19:27:24.051,IMU-1,0x28,-5.12,-178.12,91.81,0,3,1,1
2026-08-28T19:27:24.052,IMU-2,0x29,-0.5,-179.12,245.38,0,3,1,1
2026-08-28T19:27:24.151,IMU-1,0x28,-1.62,-179.06,92.0,0,3,1,1
2026-08-28T19:27:24.153,IMU-2,0x29,-3.19,-178.31,245.69,0,3,1,1
2026-08-28T19:27:24.252,IMU-1,0x28,-1.62,-178.81,91.88,0,3,1,1
2026-08-28T19:27:24.253,IMU-2,0x29,-3.06,-178.94,245.44,0,3,1,1
2026-08-28T19:27:24.352,IMU-1,0x28,-1.75,-177.88,91.62,0,3,1,1
2026-08-28T19:27:24.353,IMU-2,0x29,-2.88,-179.81,245.31,0,3,1,1
2026-08-28T19:27:24.452,IMU-1,0x28,-1.75,-178.0,256.12,0,3,1,1
2026-08-28T19:27:24.453,IMU-2,0x29,-2.81,-179.88,77.19,0,3,1,1
2026-08-28T19:27:24.552,IMU-1,0x28,-1.62,-178.62,256.12,0,3,1,1
2026-08-28T19:27:24.553,IMU-2,0x29,-2.81,-179.56,76.94,0,3,1,1
2026-08-28T19:27:24.652,IMU-1,0x28,-1.62,-178.5,256.0,0,3,1,1
2026-08-28T19:27:24.653,IMU-2,0x29,-2.69,179.94,76.94,0,3,1,1
2026-08-28T19:27:24.753,IMU-1,0x28,-1.62,-178.44,255.88,0,3,1,2
2026-08-28T19:27:24.755,IMU-2,0x29,-2.56,179.62,76.94,0,3,1,2
2026-08-28T19:27:24.852,IMU-1,0x28,-1.62,-178.38,255.62,0,3,1,2
2026-08-28T19:27:24.853,IMU-2,0x29,-2.5,179.31,76.94,0,3,1,2
2026-08-28T19:27:24.952,IMU-1,0x28,-1.62,-178.38,255.62,0,3,1,2
2026-08-28T19:27:24.953,IMU-2,0x29,-2.44,179.19,76.94,0,3,1,2
2026-08-28T19:27:25.052,IMU-1,0x28,-1.56,-178.44,255.56,0,3,1,2
2026-08-28T19:27:25.054,IMU-2,0x29,-2.38,179.06,76.94,0,3,1,2
2026-08-28T19:27:25.152,IMU-1,0x28,-1.56,-178.44,255.56,0,3,1,2
2026-08-28T19:27:25.154,IMU-2,0x29,-2.31,178.94,77.06,0,3,1,2
2026-08-28T19:27:25.252,IMU-1,0x28,-1.62,-178.25,256.69,0,3,1,2
2026-08-28T19:27:25.254,IMU-2,0x29,-2.25,178.75,78.19,0,3,1,2
2026-08-28T19:27:25.352,IMU-1,0x28,-1.62,-178.25,256.62,0,3,1,2
2026-08-28T19:27:25.354,IMU-2,0x29,-2.25,178.75,78.19,0,3,1,2
2026-08-28T19:27:25.452,IMU-1,0x28,-1.62,-178.31,256.62,0,3,1,2
2026-08-28T19:27:25.455,IMU-2,0x29,-2.19,178.81,78.19,0,3,1,2
2026-08-28T19:27:25.552,IMU-1,0x28,-1.56,-178.38,256.5,0,3,1,2
2026-08-28T19:27:25.555,IMU-2,0x29,-2.19,178.81,78.19,0,3,1,2
2026-08-28T19:27:25.651,IMU-1,0x28,-1.56,-178.31,256.56,0,3,1,2
2026-08-28T19:27:25.654,IMU-2,0x29,-2.19,178.69,78.19,0,3,1,2
2026-08-28T19:27:25.752,IMU-1,0x28,-1.56,-178.31,256.56,3,3,1,2
2026-08-28T19:27:25.756,IMU-2,0x29,-2.19,178.75,78.19,3,3,0,2
2026-08-28T19:27:25.851,IMU-1,0x28,-1.56,-178.38,256.56,3,3,1,2
2026-08-28T19:27:25.854,IMU-2,0x29,-2.12,178.81,78.19,3,3,0,2
2026-08-28T19:27:25.951,IMU-1,0x28,-1.56,-178.38,256.56,3,3,1,2
2026-08-28T19:27:25.954,IMU-2,0x29,-2.12,178.81,78.19,3,3,0,2
2026-08-28T19:27:26.051,IMU-1,0x28,-1.5,-178.44,256.56,3,3,1,2
2026-08-28T19:27:26.054,IMU-2,0x29,-2.12,178.81,78.19,3,3,0,2
2026-08-28T19:27:26.151,IMU-1,0x28,-1.5,-178.44,256.56,3,3,1,2
2026-08-28T19:27:26.153,IMU-2,0x29,-2.12,178.81,78.19,3,3,0,2
2026-08-28T19:27:26.251,IMU-1,0x28,-1.5,-178.44,256.56,3,3,1,2
2026-08-28T19:27:26.253,IMU-2,0x29,-2.12,178.81,78.19,3,3,0,2
2026-08-28T19:27:26.351,IMU-1,0x28,-1.5,-178.5,256.56,3,3,1,2
2026-08-28T19:27:26.353,IMU-2,0x29,-2.12,178.81,78.19,3,3,0,2
2026-08-28T19:27:26.451,IMU-1,0x28,-1.5,-178.5,256.56,3,3,1,2
2026-08-28T19:27:26.453,IMU-2,0x29,-2.12,178.81,78.19,3,3,0,2
2026-08-28T19:27:26.551,IMU-1,0x28,-1.5,-178.5,256.56,3,3,1,2
2026-08-28T19:27:26.553,IMU-2,0x29,-2.12,178.88,78.19,3,3,0,2
2026-08-28T19:27:26.651,IMU-1,0x28,-1.5,-178.5,256.56,3,3,1,2
2026-08-28T19:27:26.653,IMU-2,0x29,-2.12,178.88,78.19,3,3,0,2
2026-08-28T19:27:26.752,IMU-1,0x28,-1.5,-178.5,256.56,3,3,1,2
2026-08-28T19:27:26.754,IMU-2,0x29,-2.12,178.88,78.19,3,3,0,2
2026-08-28T19:27:26.852,IMU-1,0x28,-1.5,-178.56,256.56,3,3,1,2
2026-08-28T19:27:26.853,IMU-2,0x29,-2.12,178.88,78.19,3,3,0,2
2026-08-28T19:27:26.952,IMU-1,0x28,-1.5,-178.56,256.56,3,3,1,2
2026-08-28T19:27:26.953,IMU-2,0x29,-2.12,178.88,78.19,3,3,0,2
2026-08-28T19:27:27.052,IMU-1,0x28,-1.5,-178.56,256.56,3,3,1,2
2026-08-28T19:27:27.053,IMU-2,0x29,-2.12,178.94,78.19,3,3,0,2
2026-08-28T19:27:27.152,IMU-1,0x28,-1.5,-178.62,256.56,3,3,1,2
2026-08-28T19:27:27.154,IMU-2,0x29,-2.12,178.94,78.19,3,3,0,2
2026-08-28T19:27:27.252,IMU-1,0x28,-1.5,-178.62,256.56,3,3,1,2
2026-08-28T19:27:27.254,IMU-2,0x29,-2.12,178.88,78.19,3,3,0,2
2026-08-28T19:27:27.353,IMU-1,0x28,-1.5,-178.62,256.56,3,3,1,2
2026-08-28T19:27:27.355,IMU-2,0x29,-2.12,178.94,78.19,3,3,0,2
2026-08-28T19:27:27.453,IMU-1,0x28,-1.5,-178.62,256.56,3,3,1,2
2026-08-28T19:27:27.455,IMU-2,0x29,-2.12,178.94,78.19,3,3,0,2
2026-08-28T19:27:27.553,IMU-1,0x28,-1.5,-178.62,256.56,3,3,1,2
2026-08-28T19:27:27.555,IMU-2,0x29,-2.12,178.94,78.19,3,3,0,2
2026-08-28T19:27:27.653,IMU-1,0x28,-1.5,-178.62,256.56,3,3,1,2
2026-08-28T19:27:27.655,IMU-2,0x29,-2.12,178.88,78.19,3,3,0,2
2026-08-28T19:27:27.754,IMU-1,0x28,-1.5,-178.62,256.56,3,3,1,2
2026-08-28T19:27:27.757,IMU-2,0x29,-2.12,178.88,78.19,3,3,0,2
2026-08-28T19:27:27.854,IMU-1,0x28,-1.5,-178.62,256.56,3,3,1,2
2026-08-28T19:27:27.856,IMU-2,0x29,-2.12,178.88,78.19,3,3,0,2
2026-08-28T19:27:27.954,IMU-1,0x28,-1.5,-178.56,256.56,3,3,1,2
2026-08-28T19:27:27.957,IMU-2,0x29,-2.12,178.88,78.19,3,3,0,2
2026-08-28T19:27:28.054,IMU-1,0x28,-1.5,-178.56,256.56,3,3,1,2
2026-08-28T19:27:28.057,IMU-2,0x29,-2.12,178.88,78.19,3,3,0,2
2026-08-28T19:27:28.154,IMU-1,0x28,-1.5,-178.56,256.56,3,3,1,2
2026-08-28T19:27:28.157,IMU-2,0x29,-2.12,178.88,78.19,3,3,0,2
2026-08-28T19:27:28.254,IMU-1,0x28,-1.5,-178.56,256.56,3,3,1,2
2026-08-28T19:27:28.257,IMU-2,0x29,-2.12,178.88,78.19,3,3,0,2
2026-08-28T19:27:28.354,IMU-1,0x28,-1.38,-179.25,256.25,3,3,1,2
2026-08-28T19:27:28.357,IMU-2,0x29,-2.19,179.5,77.88,3,3,0,2
2026-08-28T19:27:28.454,IMU-1,0x28,-2.06,-178.25,256.75,3,3,1,2
2026-08-28T19:27:28.457,IMU-2,0x29,-1.56,178.56,78.38,3,3,0,2
2026-08-28T19:27:28.554,IMU-1,0x28,-5.19,-176.62,257.25,3,3,1,2
2026-08-28T19:27:28.557,IMU-2,0x29,1.44,176.88,79.06,3,3,0,2
2026-08-28T19:27:28.654,IMU-1,0x28,-9.88,-175.0,257.69,3,3,1,2
2026-08-28T19:27:28.657,IMU-2,0x29,6.06,175.12,79.69,3,3,0,2
2026-08-28T19:27:28.755,IMU-1,0x28,-15.19,173.88,259.12,3,3,1,2
2026-08-28T19:27:28.759,IMU-2,0x29,11.62,-174.19,81.19,3,3,0,2
2026-08-28T19:27:28.854,IMU-1,0x28,-17.38,159.12,258.5,3,3,1,2
2026-08-28T19:27:28.856,IMU-2,0x29,14.25,-159.62,80.62,3,3,0,2
2026-08-28T19:27:28.954,IMU-1,0x28,-22.88,153.81,257.06,3,3,1,2
2026-08-28T19:27:28.956,IMU-2,0x29,19.88,-154.44,79.38,3,3,0,2
2026-08-28T19:27:29.054,IMU-1,0x28,-30.75,153.75,256.38,3,3,1,2
2026-08-28T19:27:29.056,IMU-2,0x29,27.94,-154.94,79.0,3,3,0,2
2026-08-28T19:27:29.154,IMU-1,0x28,-35.88,145.44,332.81,3,3,1,2
2026-08-28T19:27:29.156,IMU-2,0x29,33.19,-146.19,160.44,3,3,0,2
2026-08-28T19:27:29.254,IMU-1,0x28,-35.19,127.88,356.0,3,3,1,2
2026-08-28T19:27:29.255,IMU-2,0x29,32.81,-128.81,183.5,3,3,0,2
2026-08-28T19:27:29.353,IMU-1,0x28,-29.69,111.56,18.06,3,3,1,2
2026-08-28T19:27:29.354,IMU-2,0x29,27.62,-112.44,205.25,3,3,0,2
2026-08-28T19:27:29.453,IMU-1,0x28,-23.25,99.0,34.44,3,3,1,2
2026-08-28T19:27:29.455,IMU-2,0x29,21.5,-99.62,220.38,3,3,0,2
2026-08-28T19:27:29.553,IMU-1,0x28,-16.81,88.88,45.06,3,3,1,2
2026-08-28T19:27:29.555,IMU-2,0x29,15.44,-89.0,230.0,3,3,0,2
2026-08-28T19:27:29.653,IMU-1,0x28,-11.62,84.5,47.0,3,3,1,2
2026-08-28T19:27:29.655,IMU-2,0x29,10.62,-85.38,231.06,3,3,0,2
2026-08-28T19:27:29.754,IMU-1,0x28,-9.56,87.62,48.12,2,3,1,2
2026-08-28T19:27:29.756,IMU-2,0x29,8.69,-88.69,232.06,1,3,0,2
2026-08-28T19:27:29.853,IMU-1,0x28,-9.88,93.88,46.0,2,3,1,2
2026-08-28T19:27:29.856,IMU-2,0x29,8.81,-94.38,231.44,1,3,0,2
2026-08-28T19:27:29.953,IMU-1,0x28,-10.88,110.69,37.0,2,3,1,2
2026-08-28T19:27:29.956,IMU-2,0x29,9.44,-109.25,225.5,1,3,0,2
2026-08-28T19:27:30.053,IMU-1,0x28,-17.06,134.06,9.75,2,3,1,2
2026-08-28T19:27:30.056,IMU-2,0x29,14.69,-133.44,201.31,1,3,0,2
2026-08-28T19:27:30.153,IMU-1,0x28,-26.94,152.75,237.06,2,3,1,2
2026-08-28T19:27:30.157,IMU-2,0x29,23.62,-152.5,62.5,1,3,0,2
2026-08-28T19:27:30.254,IMU-1,0x28,-41.31,-177.88,239.12,2,3,1,2
2026-08-28T19:27:30.257,IMU-2,0x29,37.19,178.38,65.06,1,3,0,2
2026-08-28T19:27:30.354,IMU-1,0x28,-44.19,-149.62,184.81,2,3,1,2
2026-08-28T19:27:30.357,IMU-2,0x29,40.06,151.38,7.06,1,3,0,2
2026-08-28T19:27:30.454,IMU-1,0x28,-46.94,-127.5,166.75,2,3,1,2
2026-08-28T19:27:30.457,IMU-2,0x29,42.31,129.69,346.69,1,3,0,2
2026-08-28T19:27:30.554,IMU-1,0x28,-46.69,-106.5,155.88,2,3,1,2
2026-08-28T19:27:30.557,IMU-2,0x29,42.31,110.0,336.06,1,3,0,2
2026-08-28T19:27:30.654,IMU-1,0x28,-37.56,-86.31,134.88,2,3,1,2
2026-08-28T19:27:30.657,IMU-2,0x29,33.62,90.25,315.19,1,3,0,2
2026-08-28T19:27:30.755,IMU-1,0x28,-29.31,-74.62,119.12,2,3,1,2
2026-08-28T19:27:30.759,IMU-2,0x29,25.69,78.12,299.44,3,3,0,2
2026-08-28T19:27:30.854,IMU-1,0x28,-21.19,-68.38,107.75,2,3,1,2
2026-08-28T19:27:30.857,IMU-2,0x29,16.88,70.94,288.38,3,3,0,2
2026-08-28T19:27:30.954,IMU-1,0x28,-16.06,-66.19,99.44,2,3,1,2
2026-08-28T19:27:30.957,IMU-2,0x29,12.25,68.81,280.94,3,3,0,2
2026-08-28T19:27:31.055,IMU-1,0x28,-12.44,-68.31,93.56,2,3,1,2
2026-08-28T19:27:31.057,IMU-2,0x29,8.81,71.5,275.56,3,3,0,2
2026-08-28T19:27:31.154,IMU-1,0x28,-12.38,-81.62,91.62,2,3,1,2
2026-08-28T19:27:31.156,IMU-2,0x29,8.69,85.06,273.19,3,3,0,2
2026-08-28T19:27:31.254,IMU-1,0x28,-15.62,-107.38,98.56,2,3,1,2
2026-08-28T19:27:31.256,IMU-2,0x29,11.44,110.62,278.62,3,3,0,2
2026-08-28T19:27:31.354,IMU-1,0x28,-18.69,-133.94,114.69,2,3,1,2
2026-08-28T19:27:31.356,IMU-2,0x29,14.5,136.62,293.25,3,3,0,2
2026-08-28T19:27:31.454,IMU-1,0x28,-19.94,-157.44,240.69,2,3,1,2
2026-08-28T19:27:31.456,IMU-2,0x29,15.94,159.5,68.0,3,3,0,2
2026-08-28T19:27:31.554,IMU-1,0x28,-21.06,173.06,234.88,2,3,1,2
2026-08-28T19:27:31.556,IMU-2,0x29,17.81,-171.75,61.88,3,3,0,2
2026-08-28T19:27:31.654,IMU-1,0x28,-26.31,154.31,229.69,2,3,1,2
2026-08-28T19:27:31.656,IMU-2,0x29,24.06,-154.56,56.88,3,3,0,2
2026-08-28T19:27:31.755,IMU-1,0x28,-39.25,148.5,291.69,3,3,1,3
2026-08-28T19:27:31.757,IMU-2,0x29,37.94,-150.38,119.31,2,3,0,2
2026-08-28T19:27:31.854,IMU-1,0x28,-56.62,144.94,266.31,3,3,1,3
2026-08-28T19:27:31.856,IMU-2,0x29,55.5,-148.44,93.25,2,3,0,2
2026-08-28T19:27:31.955,IMU-1,0x28,-69.06,130.75,254.5,3,3,1,3
2026-08-28T19:27:31.956,IMU-2,0x29,67.81,-139.5,81.69,2,3,0,2
2026-08-28T19:27:32.055,IMU-1,0x28,-75.12,101.19,248.12,3,3,1,3
2026-08-28T19:27:32.057,IMU-2,0x29,76.62,-115.25,73.81,2,3,0,2
2026-08-28T19:27:32.155,IMU-1,0x28,-77.31,49.94,236.25,3,3,1,3
2026-08-28T19:27:32.157,IMU-2,0x29,82.06,-59.25,62.0,2,3,0,2
2026-08-28T19:27:32.255,IMU-1,0x28,-74.31,21.0,227.81,3,3,1,3
2026-08-28T19:27:32.256,IMU-2,0x29,79.31,-12.0,53.25,2,3,0,2
2026-08-28T19:27:32.355,IMU-1,0x28,-69.0,5.0,223.12,3,3,1,3
2026-08-28T19:27:32.356,IMU-2,0x29,73.31,6.44,48.25,2,3,0,2
2026-08-28T19:27:32.455,IMU-1,0x28,-66.19,2.62,222.12,3,3,1,3
2026-08-28T19:27:32.456,IMU-2,0x29,70.44,8.06,47.19,2,3,0,2
2026-08-28T19:27:32.555,IMU-1,0x28,-61.0,-0.88,221.25,3,3,1,3
2026-08-28T19:27:32.556,IMU-2,0x29,65.06,10.38,46.25,2,3,0,2
2026-08-28T19:27:32.655,IMU-1,0x28,-55.69,-0.19,219.62,3,3,1,3
2026-08-28T19:27:32.656,IMU-2,0x29,59.62,8.56,44.25,2,3,0,2
2026-08-28T19:27:32.755,IMU-1,0x28,-57.81,1.0,220.44,3,3,1,3
2026-08-28T19:27:32.757,IMU-2,0x29,61.81,7.56,45.0,3,3,0,3
2026-08-28T19:27:32.855,IMU-1,0x28,-63.56,5.12,221.62,3,3,1,3
2026-08-28T19:27:32.857,IMU-2,0x29,67.69,4.5,46.0,3,3,0,3
2026-08-28T19:27:32.955,IMU-1,0x28,-73.44,9.88,221.69,3,3,1,3
2026-08-28T19:27:32.957,IMU-2,0x29,77.56,3.94,46.19,3,3,0,3
2026-08-28T19:27:33.055,IMU-1,0x28,-83.62,175.56,228.25,3,3,1,3
2026-08-28T19:27:33.057,IMU-2,0x29,81.56,-167.94,52.81,3,3,0,3
2026-08-28T19:27:33.155,IMU-1,0x28,-65.19,170.06,233.06,3,3,1,3
2026-08-28T19:27:33.157,IMU-2,0x29,61.38,-174.19,58.62,3,3,0,3
2026-08-28T19:27:33.255,IMU-1,0x28,-50.81,171.69,243.19,3,3,1,3
2026-08-28T19:27:33.257,IMU-2,0x29,47.31,-173.19,69.56,3,3,0,3
2026-08-28T19:27:33.355,IMU-1,0x28,-37.19,166.94,233.31,3,3,1,3
2026-08-28T19:27:33.357,IMU-2,0x29,33.44,-166.75,59.81,3,3,0,3
2026-08-28T19:27:33.455,IMU-1,0x28,-21.81,156.31,234.38,3,3,1,3
2026-08-28T19:27:33.457,IMU-2,0x29,18.19,-156.0,60.5,3,3,0,3
2026-08-28T19:27:33.556,IMU-1,0x28,-13.75,160.81,240.75,3,3,1,3
2026-08-28T19:27:33.557,IMU-2,0x29,10.19,-160.25,66.56,3,3,0,3
2026-08-28T19:27:33.656,IMU-1,0x28,-9.94,165.31,245.31,3,3,1,3
2026-08-28T19:27:33.657,IMU-2,0x29,6.12,-164.12,70.94,3,3,0,3
2026-08-28T19:27:33.756,IMU-1,0x28,-1.94,160.88,244.81,3,3,1,3
2026-08-28T19:27:33.758,IMU-2,0x29,-1.81,-159.38,69.88,3,3,0,3
2026-08-28T19:27:33.856,IMU-1,0x28,3.12,159.19,245.62,3,3,1,3
2026-08-28T19:27:33.857,IMU-2,0x29,-6.75,-157.62,70.31,3,3,0,3
2026-08-28T19:27:33.956,IMU-1,0x28,6.06,159.5,245.88,3,3,1,3
2026-08-28T19:27:33.957,IMU-2,0x29,-9.75,-157.75,70.25,3,3,0,3
2026-08-28T19:27:34.056,IMU-1,0x28,9.06,159.12,245.25,3,3,1,3
2026-08-28T19:27:34.057,IMU-2,0x29,-12.69,-157.31,69.44,3,3,0,3
2026-08-28T19:27:34.156,IMU-1,0x28,12.12,157.0,243.81,3,3,1,3
2026-08-28T19:27:34.158,IMU-2,0x29,-15.69,-155.19,67.88,3,3,0,3
2026-08-28T19:27:34.256,IMU-1,0x28,15.06,154.56,241.81,3,3,1,3
2026-08-28T19:27:34.258,IMU-2,0x29,-18.56,-152.69,65.81,3,3,0,3
2026-08-28T19:27:34.356,IMU-1,0x28,17.38,153.19,240.81,3,3,1,3
2026-08-28T19:27:34.358,IMU-2,0x29,-20.81,-151.31,64.75,3,3,0,3
2026-08-28T19:27:34.456,IMU-1,0x28,17.31,154.31,240.5,3,3,1,3
2026-08-28T19:27:34.458,IMU-2,0x29,-20.88,-152.44,64.44,3,3,0,3
2026-08-28T19:27:34.556,IMU-1,0x28,17.31,154.06,240.75,3,3,1,3
2026-08-28T19:27:34.558,IMU-2,0x29,-20.81,-152.31,64.69,3,3,0,3
2026-08-28T19:27:34.656,IMU-1,0x28,16.31,154.44,240.88,3,3,1,3
2026-08-28T19:27:34.658,IMU-2,0x29,-19.75,-152.62,64.56,3,3,0,3
2026-08-28T19:27:34.757,IMU-1,0x28,15.25,153.19,241.5,3,3,1,3
2026-08-28T19:27:34.759,IMU-2,0x29,-18.56,-151.38,65.06,3,3,0,3
2026-08-28T19:27:34.856,IMU-1,0x28,8.38,157.5,241.75,3,3,1,3
2026-08-28T19:27:34.858,IMU-2,0x29,-11.38,-156.38,65.44,3,3,0,3
2026-08-28T19:27:34.956,IMU-1,0x28,-2.94,163.62,238.38,3,3,1,3
2026-08-28T19:27:34.958,IMU-2,0x29,0.31,-163.31,62.5,3,3,0,3
2026-08-28T19:27:35.056,IMU-1,0x28,-13.19,167.75,235.94,3,3,1,3
2026-08-28T19:27:35.058,IMU-2,0x29,10.38,-167.25,60.38,3,3,0,3
2026-08-28T19:27:35.156,IMU-1,0x28,-21.31,168.31,232.25,3,3,1,3
2026-08-28T19:27:35.158,IMU-2,0x29,18.69,-168.38,57.0,3,3,0,3
2026-08-28T19:27:35.257,IMU-1,0x28,-30.75,170.88,229.5,3,3,1,3
2026-08-28T19:27:35.258,IMU-2,0x29,27.81,-171.19,54.88,3,3,0,3
2026-08-28T19:27:35.357,IMU-1,0x28,-35.94,170.62,228.12,3,3,1,3
2026-08-28T19:27:35.358,IMU-2,0x29,33.12,-171.5,53.69,3,3,0,3
2026-08-28T19:27:35.457,IMU-1,0x28,-43.75,171.31,226.75,3,3,1,3
2026-08-28T19:27:35.458,IMU-2,0x29,41.19,-172.62,52.81,3,3,0,3
2026-08-28T19:27:35.557,IMU-1,0x28,-53.12,174.75,235.56,3,3,1,3
2026-08-28T19:27:35.558,IMU-2,0x29,50.44,-176.88,59.5,3,3,0,3
2026-08-28T19:27:35.657,IMU-1,0x28,-65.25,-176.94,227.5,3,3,1,3
2026-08-28T19:27:35.658,IMU-2,0x29,62.19,173.25,50.56,3,3,0,3
2026-08-28T19:27:35.757,IMU-1,0x28,-73.31,-159.88,220.88,3,3,1,3
2026-08-28T19:27:35.759,IMU-2,0x29,69.5,157.25,44.12,3,3,0,3
2026-08-28T19:27:35.857,IMU-1,0x28,-77.75,-147.88,218.25,3,3,1,3
2026-08-28T19:27:35.858,IMU-2,0x29,73.69,147.06,41.56,3,3,0,3
2026-08-28T19:27:35.957,IMU-1,0x28,-81.25,-154.94,219.75,3,3,1,3
2026-08-28T19:27:35.958,IMU-2,0x29,77.38,150.69,43.44,3,3,0,3
2026-08-28T19:27:36.057,IMU-1,0x28,-83.19,-178.25,222.38,3,3,1,3
2026-08-28T19:27:36.058,IMU-2,0x29,79.06,155.56,46.19,3,3,0,3
2026-08-28T19:27:36.157,IMU-1,0x28,-81.25,-174.44,224.06,3,3,1,3
2026-08-28T19:27:36.158,IMU-2,0x29,76.75,165.56,48.56,3,3,0,3
2026-08-28T19:27:36.257,IMU-1,0x28,-70.81,175.31,229.81,3,3,1,3
2026-08-28T19:27:36.259,IMU-2,0x29,65.88,179.31,54.75,3,3,0,3
2026-08-28T19:27:36.357,IMU-1,0x28,-55.88,170.0,241.69,3,3,1,3
2026-08-28T19:27:36.359,IMU-2,0x29,51.25,-172.44,67.94,3,3,0,3
2026-08-28T19:27:36.457,IMU-1,0x28,-42.69,173.44,232.69,3,3,1,3
2026-08-28T19:27:36.459,IMU-2,0x29,37.81,-174.69,59.75,3,3,0,3
2026-08-28T19:27:36.557,IMU-1,0x28,-33.5,175.81,236.69,3,3,1,3
2026-08-28T19:27:36.559,IMU-2,0x29,28.5,-176.25,63.06,3,3,0,3
2026-08-28T19:27:36.657,IMU-1,0x28,-26.5,178.94,239.38,3,3,1,3
2026-08-28T19:27:36.659,IMU-2,0x29,21.56,-178.62,65.44,3,3,0,3
2026-08-28T19:27:36.758,IMU-1,0x28,-17.94,-178.88,241.81,3,3,1,3
2026-08-28T19:27:36.760,IMU-2,0x29,12.81,179.62,67.5,3,3,0,3
2026-08-28T19:27:36.857,IMU-1,0x28,-11.69,-178.88,244.19,3,3,1,3
2026-08-28T19:27:36.859,IMU-2,0x29,6.56,179.88,69.31,3,3,0,3
2026-08-28T19:27:36.958,IMU-1,0x28,-7.88,-178.38,246.31,3,3,1,3
2026-08-28T19:27:36.960,IMU-2,0x29,2.44,179.69,71.25,3,3,0,3
2026-08-28T19:27:37.058,IMU-1,0x28,-6.94,-177.06,246.94,3,3,1,3
2026-08-28T19:27:37.060,IMU-2,0x29,1.56,178.38,71.88,3,3,0,3
2026-08-28T19:27:37.158,IMU-1,0x28,-6.38,-176.19,247.19,3,3,1,3
2026-08-28T19:27:37.160,IMU-2,0x29,1.0,177.69,72.25,3,3,0,3
2026-08-28T19:27:37.258,IMU-1,0x28,-6.44,-177.25,246.94,3,3,1,3
2026-08-28T19:27:37.260,IMU-2,0x29,1.0,178.38,71.81,3,3,0,3
2026-08-28T19:27:37.358,IMU-1,0x28,-6.75,-177.56,247.5,3,3,1,3
2026-08-28T19:27:37.361,IMU-2,0x29,1.31,179.0,72.19,3,3,0,3
2026-08-28T19:27:37.458,IMU-1,0x28,-7.0,-177.69,247.81,3,3,1,3
2026-08-28T19:27:37.461,IMU-2,0x29,1.69,179.12,72.31,3,3,0,3
2026-08-28T19:27:37.558,IMU-1,0x28,-8.06,-175.19,248.38,3,3,1,3
2026-08-28T19:27:37.561,IMU-2,0x29,2.62,176.81,72.94,3,3,0,3
2026-08-28T19:27:37.658,IMU-1,0x28,-9.31,-167.81,248.0,3,3,1,3
2026-08-28T19:27:37.661,IMU-2,0x29,3.81,169.62,72.69,3,3,0,3
2026-08-28T19:27:37.759,IMU-1,0x28,-9.88,-159.69,247.69,3,3,1,3
2026-08-28T19:27:37.763,IMU-2,0x29,4.38,161.56,72.56,3,3,0,3
2026-08-28T19:27:37.859,IMU-1,0x28,-10.0,-153.25,247.19,3,3,1,3
2026-08-28T19:27:37.862,IMU-2,0x29,4.44,154.88,72.12,3,3,0,3
2026-08-28T19:27:37.959,IMU-1,0x28,-9.88,-150.5,247.5,3,3,1,3
2026-08-28T19:27:37.962,IMU-2,0x29,4.31,152.06,72.44,3,3,0,3
2026-08-28T19:27:38.059,IMU-1,0x28,-9.75,-150.25,248.12,3,3,1,3
2026-08-28T19:27:38.062,IMU-2,0x29,4.19,151.69,72.94,3,3,0,3
2026-08-28T19:27:38.160,IMU-1,0x28,-9.44,-149.88,248.62,3,3,1,3
2026-08-28T19:27:38.163,IMU-2,0x29,4.0,151.38,73.06,3,3,0,3
2026-08-28T19:27:38.260,IMU-1,0x28,-9.12,-149.25,248.81,3,3,1,3
2026-08-28T19:27:38.263,IMU-2,0x29,4.0,150.62,73.19,3,3,0,3
2026-08-28T19:27:38.360,IMU-1,0x28,-9.25,-148.81,249.12,3,3,1,3
2026-08-28T19:27:38.363,IMU-2,0x29,4.19,150.12,73.38,3,3,0,3
2026-08-28T19:27:38.460,IMU-1,0x28,-9.19,-148.62,249.19,3,3,1,3
2026-08-28T19:27:38.463,IMU-2,0x29,4.25,149.94,73.5,3,3,0,3
2026-08-28T19:27:38.560,IMU-1,0x28,-9.38,-148.19,249.25,3,3,1,3
2026-08-28T19:27:38.563,IMU-2,0x29,4.62,149.44,73.69,3,3,0,3
2026-08-28T19:27:38.660,IMU-1,0x28,-9.62,-147.81,249.38,3,3,1,3
2026-08-28T19:27:38.663,IMU-2,0x29,4.94,149.06,73.88,3,3,0,3
2026-08-28T19:27:38.761,IMU-1,0x28,-9.62,-147.94,249.38,3,3,1,3
2026-08-28T19:27:38.765,IMU-2,0x29,5.0,149.06,73.88,3,3,0,3
2026-08-28T19:27:38.860,IMU-1,0x28,-9.38,-152.19,250.44,3,3,1,3
2026-08-28T19:27:38.862,IMU-2,0x29,4.94,154.0,75.0,3,3,0,3
2026-08-28T19:27:38.960,IMU-1,0x28,-10.56,-161.06,251.94,3,3,1,3
2026-08-28T19:27:38.962,IMU-2,0x29,6.25,162.88,76.25,3,3,0,3
2026-08-28T19:27:39.060,IMU-1,0x28,-12.5,-174.19,252.81,3,3,1,3
2026-08-28T19:27:39.062,IMU-2,0x29,8.38,175.94,76.69,3,3,0,3
2026-08-28T19:27:39.160,IMU-1,0x28,-12.56,-179.44,252.69,3,3,1,3
2026-08-28T19:27:39.162,IMU-2,0x29,8.38,-179.75,76.25,3,3,0,3
2026-08-28T19:27:39.260,IMU-1,0x28,-11.25,175.25,254.0,3,3,1,3
2026-08-28T19:27:39.262,IMU-2,0x29,7.12,-174.06,77.12,3,3,0,3
2026-08-28T19:27:39.361,IMU-1,0x28,-8.69,162.25,255.56,3,3,1,3
2026-08-28T19:27:39.362,IMU-2,0x29,4.75,-160.62,78.25,3,3,0,3
2026-08-28T19:27:39.461,IMU-1,0x28,-6.94,151.81,255.56,3,3,1,3
2026-08-28T19:27:39.462,IMU-2,0x29,3.31,-150.69,78.12,3,3,0,3
2026-08-28T19:27:39.561,IMU-1,0x28,-6.69,150.12,255.06,3,3,1,3
2026-08-28T19:27:39.562,IMU-2,0x29,3.12,-149.19,77.69,3,3,0,3
2026-08-28T19:27:39.660,IMU-1,0x28,-6.25,146.38,255.5,3,3,1,3
2026-08-28T19:27:39.662,IMU-2,0x29,2.81,-145.44,78.25,3,3,0,3
2026-08-28T19:27:39.761,IMU-1,0x28,-6.25,144.31,255.88,3,3,1,3
2026-08-28T19:27:39.763,IMU-2,0x29,2.88,-143.38,78.5,3,3,0,3
2026-08-28T19:27:39.861,IMU-1,0x28,-6.19,143.0,256.25,3,3,1,3
2026-08-28T19:27:39.863,IMU-2,0x29,2.81,-142.12,78.88,3,3,0,3
2026-08-28T19:27:39.960,IMU-1,0x28,-6.06,141.62,255.88,3,3,1,3
2026-08-28T19:27:39.963,IMU-2,0x29,2.81,-141.0,78.94,3,3,0,3
2026-08-28T19:27:40.060,IMU-1,0x28,-6.06,139.75,256.0,3,3,1,3
2026-08-28T19:27:40.063,IMU-2,0x29,2.88,-139.06,79.31,3,3,0,3
2026-08-28T19:27:40.159,IMU-1,0x28,-6.31,137.69,256.44,3,3,1,3
2026-08-28T19:27:40.162,IMU-2,0x29,3.12,-137.31,80.19,3,3,0,3
2026-08-28T19:27:40.259,IMU-1,0x28,-6.38,136.62,256.62,3,3,1,3
2026-08-28T19:27:40.262,IMU-2,0x29,3.25,-136.19,80.44,3,3,0,3
2026-08-28T19:27:40.360,IMU-1,0x28,-6.5,137.75,256.12,3,3,1,3
2026-08-28T19:27:40.363,IMU-2,0x29,3.38,-137.31,80.25,3,3,0,3
2026-08-28T19:27:40.460,IMU-1,0x28,-6.81,141.06,255.25,3,3,1,3
2026-08-28T19:27:40.463,IMU-2,0x29,3.62,-140.56,79.56,3,3,0,3
2026-08-28T19:27:40.560,IMU-1,0x28,-7.5,146.38,253.94,3,3,1,3
2026-08-28T19:27:40.563,IMU-2,0x29,4.19,-145.94,78.69,3,3,0,3
2026-08-28T19:27:40.660,IMU-1,0x28,-8.06,152.12,252.56,3,3,1,3
2026-08-28T19:27:40.663,IMU-2,0x29,4.62,-151.69,77.5,3,3,0,3
2026-08-28T19:27:40.760,IMU-1,0x28,-8.5,158.44,251.38,3,3,1,3
2026-08-28T19:27:40.764,IMU-2,0x29,4.94,-158.12,76.44,3,3,0,3
2026-08-28T19:27:40.860,IMU-1,0x28,-9.19,165.06,250.19,3,3,1,3
2026-08-28T19:27:40.862,IMU-2,0x29,5.5,-164.69,75.38,3,3,0,3
2026-08-28T19:27:40.960,IMU-1,0x28,-10.5,171.31,249.12,3,3,1,3
2026-08-28T19:27:40.962,IMU-2,0x29,6.69,-171.0,74.44,3,3,0,3
2026-08-28T19:27:41.060,IMU-1,0x28,-12.25,175.75,248.19,3,3,1,3
2026-08-28T19:27:41.062,IMU-2,0x29,8.38,-175.56,73.62,3,3,0,3
2026-08-28T19:27:41.160,IMU-1,0x28,-13.44,176.81,247.62,3,3,1,3
2026-08-28T19:27:41.162,IMU-2,0x29,9.56,-176.75,73.06,3,3,0,3
2026-08-28T19:27:41.260,IMU-1,0x28,-14.5,-178.38,247.31,3,3,1,3
2026-08-28T19:27:41.262,IMU-2,0x29,10.62,178.62,72.81,3,3,0,3
2026-08-28T19:27:41.361,IMU-1,0x28,-14.38,-173.62,245.81,3,3,1,3
2026-08-28T19:27:41.362,IMU-2,0x29,10.5,173.88,71.12,3,3,0,3
2026-08-28T19:27:41.461,IMU-1,0x28,-14.31,-171.06,245.19,3,3,1,3
2026-08-28T19:27:41.462,IMU-2,0x29,10.38,170.88,70.44,3,3,0,3
2026-08-28T19:27:41.561,IMU-1,0x28,-14.06,-170.12,244.94,3,3,1,3
2026-08-28T19:27:41.562,IMU-2,0x29,10.19,170.12,70.19,3,3,0,3
2026-08-28T19:27:41.661,IMU-1,0x28,-13.44,-166.38,243.81,3,3,1,3
2026-08-28T19:27:41.663,IMU-2,0x29,9.38,165.69,69.0,3,3,0,3
2026-08-28T19:27:41.762,IMU-1,0x28,-12.38,-160.94,242.31,3,3,1,3
2026-08-28T19:27:41.764,IMU-2,0x29,8.31,160.5,67.56,3,3,0,3
2026-08-28T19:27:41.862,IMU-1,0x28,-11.69,-158.12,240.81,3,3,1,3
2026-08-28T19:27:41.863,IMU-2,0x29,7.75,158.12,66.44,3,3,0,3
2026-08-28T19:27:41.962,IMU-1,0x28,-11.38,-156.12,239.25,3,3,1,3
2026-08-28T19:27:41.963,IMU-2,0x29,7.56,156.06,65.25,3,3,0,3
2026-08-28T19:27:42.062,IMU-1,0x28,-11.0,-153.44,236.88,3,3,1,3
2026-08-28T19:27:42.063,IMU-2,0x29,7.31,153.25,62.94,3,3,0,3
2026-08-28T19:27:42.162,IMU-1,0x28,-11.06,-152.56,235.38,3,3,1,3
2026-08-28T19:27:42.164,IMU-2,0x29,7.38,152.56,61.88,3,3,0,3
2026-08-28T19:27:42.262,IMU-1,0x28,-11.06,-154.25,236.06,3,3,1,3
2026-08-28T19:27:42.264,IMU-2,0x29,7.44,154.38,63.12,3,3,0,3
2026-08-28T19:27:42.362,IMU-1,0x28,-11.31,-155.75,237.81,3,3,1,3
2026-08-28T19:27:42.364,IMU-2,0x29,7.75,156.38,65.38,3,3,0,3
2026-08-28T19:27:42.462,IMU-1,0x28,-13.81,-163.62,241.75,3,3,1,3
2026-08-28T19:27:42.464,IMU-2,0x29,10.38,164.69,69.44,3,3,0,3
2026-08-28T19:27:42.562,IMU-1,0x28,-17.88,-175.88,245.88,3,3,1,3
2026-08-28T19:27:42.565,IMU-2,0x29,14.12,175.81,73.12,3,3,0,3
2026-08-28T19:27:42.662,IMU-1,0x28,-18.56,179.56,248.0,3,3,1,3
2026-08-28T19:27:42.665,IMU-2,0x29,14.94,-179.75,74.94,3,3,0,3
2026-08-28T19:27:42.763,IMU-1,0x28,-16.75,173.19,249.31,3,3,1,3
2026-08-28T19:27:42.766,IMU-2,0x29,13.25,-173.38,75.88,3,3,0,3
2026-08-28T19:27:42.863,IMU-1,0x28,-13.44,167.44,249.94,3,3,1,3
2026-08-28T19:27:42.866,IMU-2,0x29,10.06,-167.31,76.38,3,3,0,3
2026-08-28T19:27:42.963,IMU-1,0x28,-9.75,174.62,250.81,3,3,1,3
2026-08-28T19:27:42.966,IMU-2,0x29,6.19,-174.75,77.0,3,3,0,3
2026-08-28T19:27:43.063,IMU-1,0x28,-5.19,-179.56,252.25,3,3,1,3
2026-08-28T19:27:43.066,IMU-2,0x29,1.44,-179.38,78.0,3,3,0,3
2026-08-28T19:27:43.163,IMU-1,0x28,-3.25,-179.75,251.88,3,3,1,3
2026-08-28T19:27:43.166,IMU-2,0x29,-0.31,-179.06,77.38,3,3,0,3
2026-08-28T19:27:43.262,IMU-1,0x28,-2.25,178.75,251.94,3,3,1,3
2026-08-28T19:27:43.265,IMU-2,0x29,-1.38,-178.12,77.25,3,3,0,3
2026-08-28T19:27:43.362,IMU-1,0x28,-1.62,-179.94,252.0,3,3,1,3
2026-08-28T19:27:43.364,IMU-2,0x29,-1.81,-179.12,77.19,3,3,0,3
2026-08-28T19:27:43.461,IMU-1,0x28,-1.69,-179.62,251.88,3,3,1,3
2026-08-28T19:27:43.463,IMU-2,0x29,-1.75,-179.31,77.0,3,3,0,3
2026-08-28T19:27:43.561,IMU-1,0x28,-1.69,-179.62,251.81,3,3,1,3
2026-08-28T19:27:43.563,IMU-2,0x29,-1.75,-179.31,77.0,3,3,0,3
2026-08-28T19:27:43.661,IMU-1,0x28,-1.69,-179.69,251.62,3,3,1,3
2026-08-28T19:27:43.663,IMU-2,0x29,-1.75,-179.31,76.88,3,3,0,3
2026-08-28T19:27:43.762,IMU-1,0x28,-1.69,-179.69,251.44,3,3,1,3
2026-08-28T19:27:43.764,IMU-2,0x29,-1.75,-179.38,76.81,3,3,0,3
2026-08-28T19:27:43.862,IMU-1,0x28,-1.62,-179.69,251.38,3,3,1,3
2026-08-28T19:27:43.863,IMU-2,0x29,-1.75,-179.44,76.75,3,3,0,3
2026-08-28T19:27:43.962,IMU-1,0x28,-1.62,-179.62,251.31,3,3,1,3
2026-08-28T19:27:43.963,IMU-2,0x29,-1.75,-179.5,76.75,3,3,0,3
2026-08-28T19:27:44.062,IMU-1,0x28,-1.62,-179.62,251.31,3,3,1,3
2026-08-28T19:27:44.063,IMU-2,0x29,-1.75,-179.56,76.75,3,3,0,3
2026-08-28T19:27:44.162,IMU-1,0x28,-1.62,-179.62,251.31,3,3,1,3
2026-08-28T19:27:44.163,IMU-2,0x29,-1.75,-179.56,76.69,3,3,0,3
2026-08-28T19:27:44.262,IMU-1,0x28,-1.62,-179.62,251.31,3,3,1,3
2026-08-28T19:27:44.263,IMU-2,0x29,-1.75,-179.62,76.69,3,3,0,3
2026-08-28T19:27:44.362,IMU-1,0x28,-1.56,-179.62,251.25,3,3,1,3
2026-08-28T19:27:44.364,IMU-2,0x29,-1.75,-179.69,76.69,3,3,0,3
2026-08-28T19:27:44.462,IMU-1,0x28,-1.56,-179.62,251.25,3,3,1,3
2026-08-28T19:27:44.464,IMU-2,0x29,-1.75,-179.69,76.69,3,3,0,3
2026-08-28T19:27:44.562,IMU-1,0x28,-1.56,-179.62,251.25,3,3,1,3
2026-08-28T19:27:44.564,IMU-2,0x29,-1.75,-179.69,76.69,3,3,0,3
2026-08-28T19:27:44.662,IMU-1,0x28,-1.56,-179.62,251.25,3,3,1,3
2026-08-28T19:27:44.665,IMU-2,0x29,-1.75,-179.75,76.69,3,3,0,3
2026-08-28T19:27:44.763,IMU-1,0x28,-1.56,-179.62,251.25,3,3,1,3
2026-08-28T19:27:44.766,IMU-2,0x29,-1.75,-179.75,76.69,3,3,0,3
2026-08-28T19:27:44.863,IMU-1,0x28,-1.56,-179.62,251.25,3,3,1,3
2026-08-28T19:27:44.865,IMU-2,0x29,-1.75,-179.75,76.69,3,3,0,3
2026-08-28T19:27:44.963,IMU-1,0x28,-1.56,-179.62,251.25,3,3,1,3
2026-08-28T19:27:44.966,IMU-2,0x29,-1.75,-179.75,76.69,3,3,0,3
2026-08-28T19:27:45.063,IMU-1,0x28,-1.56,-179.62,251.25,3,3,1,3
2026-08-28T19:27:45.066,IMU-2,0x29,-1.75,-179.75,76.69,3,3,0,3
2026-08-28T19:27:45.163,IMU-1,0x28,-1.56,-179.62,251.25,3,3,1,3
2026-08-28T19:27:45.166,IMU-2,0x29,-1.75,-179.75,76.69,3,3,0,3
2026-08-28T19:27:45.263,IMU-1,0x28,-1.56,-179.62,251.25,3,3,1,3
2026-08-28T19:27:45.266,IMU-2,0x29,-1.75,-179.75,76.69,3,3,0,3
2026-08-28T19:27:45.363,IMU-1,0x28,-1.56,-179.62,251.25,3,3,1,3
2026-08-28T19:27:45.366,IMU-2,0x29,-1.75,-179.75,76.69,3,3,0,3
2026-08-28T19:27:45.464,IMU-1,0x28,-1.56,-179.62,251.25,3,3,1,3
2026-08-28T19:27:45.467,IMU-2,0x29,-1.75,-179.75,76.69,3,3,0,3
2026-08-28T19:27:45.564,IMU-1,0x28,-1.56,-179.62,251.25,3,3,1,3
2026-08-28T19:27:45.567,IMU-2,0x29,-1.75,-179.75,76.69,3,3,0,3
2026-08-28T19:27:45.664,IMU-1,0x28,-1.56,-179.62,251.25,3,3,1,3
2026-08-28T19:27:45.667,IMU-2,0x29,-1.75,-179.75,76.69,3,3,0,3
2026-08-28T19:27:45.765,IMU-1,0x28,-1.56,-179.62,251.25,3,3,1,3
2026-08-28T19:27:45.769,IMU-2,0x29,-1.75,-179.75,76.69,3,3,0,3
2026-08-28T19:27:45.864,IMU-1,0x28,-1.56,-179.62,251.25,3,3,1,3
2026-08-28T19:27:45.867,IMU-2,0x29,-1.75,-179.75,76.69,3,3,0,3
2026-08-28T19:27:45.964,IMU-1,0x28,-1.56,-179.62,251.25,3,3,1,3
2026-08-28T19:27:45.967,IMU-2,0x29,-1.75,-179.75,76.69,3,3,0,3
2026-08-28T19:27:46.064,IMU-1,0x28,-1.56,-179.62,251.25,3,3,1,3
2026-08-28T19:27:46.067,IMU-2,0x29,-1.75,-179.75,76.69,3,3,0,3
2026-08-28T19:27:46.164,IMU-1,0x28,-1.56,-179.62,251.25,3,3,1,3
2026-08-28T19:27:46.166,IMU-2,0x29,-1.75,-179.75,76.69,3,3,0,3
2026-08-28T19:27:46.264,IMU-1,0x28,-1.56,-179.62,251.25,3,3,1,3
2026-08-28T19:27:46.266,IMU-2,0x29,-1.75,-179.75,76.69,3,3,0,3
2026-08-28T19:27:46.365,IMU-1,0x28,-1.56,-179.62,251.25,3,3,1,3
2026-08-28T19:27:46.366,IMU-2,0x29,-1.75,-179.75,76.69,3,3,0,3
2026-08-28T19:27:46.465,IMU-1,0x28,-1.56,-179.62,251.25,3,3,1,3
2026-08-28T19:27:46.466,IMU-2,0x29,-1.75,-179.75,76.69,3,3,0,3
2026-08-28T19:27:46.565,IMU-1,0x28,-1.56,-179.62,251.25,3,3,1,3
2026-08-28T19:27:46.566,IMU-2,0x29,-1.75,-179.75,76.69,3,3,0,3
2026-08-28T19:27:46.665,IMU-1,0x28,-1.56,-179.62,251.25,3,3,1,3
2026-08-28T19:27:46.666,IMU-2,0x29,-1.75,-179.75,76.69,3,3,0,3
2026-08-28T19:27:46.765,IMU-1,0x28,-1.56,-179.62,251.25,3,3,1,3
2026-08-28T19:27:46.767,IMU-2,0x29,-1.75,-179.75,76.69,3,3,0,3
2026-08-28T19:27:46.864,IMU-1,0x28,-1.56,-179.62,251.25,3,3,1,3
2026-08-28T19:27:46.866,IMU-2,0x29,-1.75,-179.75,76.69,3,3,0,3
2026-08-28T19:27:46.964,IMU-1,0x28,-1.56,-179.62,251.25,3,3,1,3
2026-08-28T19:27:46.966,IMU-2,0x29,-1.75,-179.75,76.69,3,3,0,3
2026-08-28T19:27:47.064,IMU-1,0x28,-1.56,-179.62,251.25,3,3,1,3
2026-08-28T19:27:47.066,IMU-2,0x29,-1.75,-179.75,76.69,3,3,0,3
2026-08-28T19:27:47.163,IMU-1,0x28,-1.56,-179.62,251.25,3,3,1,3
2026-08-28T19:27:47.166,IMU-2,0x29,-1.75,-179.75,76.69,3,3,0,3
2026-08-28T19:27:47.263,IMU-1,0x28,-1.56,-179.69,251.25,3,3,1,3
2026-08-28T19:27:47.265,IMU-2,0x29,-1.75,-179.75,76.69,3,3,0,3
2026-08-28T19:27:47.364,IMU-1,0x28,-1.56,-179.75,251.25,3,3,1,3
2026-08-28T19:27:47.365,IMU-2,0x29,-1.75,-179.62,76.69,3,3,0,3
2026-08-28T19:27:47.464,IMU-1,0x28,-1.62,-179.62,251.25,3,3,1,3
2026-08-28T19:27:47.465,IMU-2,0x29,-1.75,-179.81,76.69,3,3,0,3
2026-08-28T19:27:47.564,IMU-1,0x28,-1.56,-179.69,251.25,3,3,1,3
2026-08-28T19:27:47.565,IMU-2,0x29,-1.75,-179.75,76.69,3,3,0,3
2026-08-28T19:27:47.664,IMU-1,0x28,-1.56,-179.69,251.25,3,3,1,3
2026-08-28T19:27:47.665,IMU-2,0x29,-1.75,-179.75,76.69,3,3,0,3
2026-08-28T19:27:47.764,IMU-1,0x28,-1.56,-179.5,251.25,3,3,1,3
2026-08-28T19:27:47.766,IMU-2,0x29,-1.69,179.94,76.69,3,3,0,3
2026-08-28T19:27:47.864,IMU-1,0x28,-1.56,-179.56,251.25,3,3,1,3
2026-08-28T19:27:47.865,IMU-2,0x29,-1.69,-179.94,76.69,3,3,0,3
2026-08-28T19:27:47.964,IMU-1,0x28,-1.56,-179.56,251.25,3,3,1,3
2026-08-28T19:27:47.965,IMU-2,0x29,-1.69,179.94,76.69,3,3,0,3
2026-08-28T19:27:48.064,IMU-1,0x28,-1.56,-179.56,251.25,3,3,1,3
2026-08-28T19:27:48.065,IMU-2,0x29,-1.69,179.88,76.69,3,3,0,3
2026-08-28T19:27:48.164,IMU-1,0x28,-1.56,-179.56,251.25,3,3,1,3
2026-08-28T19:27:48.165,IMU-2,0x29,-1.69,179.94,76.69,3,3,0,3
2026-08-28T19:27:48.264,IMU-1,0x28,-1.56,-179.56,251.25,3,3,1,3
2026-08-28T19:27:48.266,IMU-2,0x29,-1.69,179.94,76.69,3,3,0,3
2026-08-28T19:27:48.365,IMU-1,0x28,-1.56,-179.56,251.25,3,3,1,3
2026-08-28T19:27:48.366,IMU-2,0x29,-1.69,179.94,76.69,3,3,0,3
2026-08-28T19:27:48.465,IMU-1,0x28,-1.56,-179.56,251.25,3,3,1,3
2026-08-28T19:27:48.466,IMU-2,0x29,-1.69,179.94,76.69,3,3,0,3
2026-08-28T19:27:48.565,IMU-1,0x28,-1.56,-179.56,251.25,3,3,1,3
2026-08-28T19:27:48.566,IMU-2,0x29,-1.69,179.94,76.69,3,3,0,3
2026-08-28T19:27:48.665,IMU-1,0x28,-1.56,-179.56,251.25,3,3,1,3
2026-08-28T19:27:48.667,IMU-2,0x29,-1.69,179.94,76.69,3,3,0,3
2026-08-28T19:27:48.766,IMU-1,0x28,-1.56,-179.56,251.25,3,3,1,3
2026-08-28T19:27:48.768,IMU-2,0x29,-1.69,179.94,76.69,3,3,0,3
2026-08-28T19:27:48.865,IMU-1,0x28,-1.56,-179.56,251.25,3,3,1,3
2026-08-28T19:27:48.867,IMU-2,0x29,-1.69,179.94,76.69,3,3,0,3
2026-08-28T19:27:48.966,IMU-1,0x28,-1.56,-179.56,251.25,3,3,1,3
2026-08-28T19:27:48.967,IMU-2,0x29,-1.69,179.94,76.69,3,3,0,3
2026-08-28T19:27:49.066,IMU-1,0x28,-1.56,-179.56,251.25,3,3,1,3
2026-08-28T19:27:49.067,IMU-2,0x29,-1.69,179.94,76.69,3,3,0,3
2026-08-28T19:27:49.166,IMU-1,0x28,-1.56,-179.56,251.25,3,3,1,3
2026-08-28T19:27:49.168,IMU-2,0x29,-1.69,179.94,76.69,3,3,0,3
2026-08-28T19:27:49.266,IMU-1,0x28,-1.56,-179.56,251.25,3,3,1,3
2026-08-28T19:27:49.268,IMU-2,0x29,-1.69,179.94,76.69,3,3,0,3
2026-08-28T19:27:49.366,IMU-1,0x28,-1.56,-179.56,251.25,3,3,1,3
2026-08-28T19:27:49.368,IMU-2,0x29,-1.69,179.94,76.69,3,3,0,3
2026-08-28T19:27:49.466,IMU-1,0x28,-1.56,-179.56,251.25,3,3,1,3
2026-08-28T19:27:49.469,IMU-2,0x29,-1.69,179.94,76.69,3,3,0,3
2026-08-28T19:27:49.566,IMU-1,0x28,-1.56,-179.56,251.25,3,3,1,3
2026-08-28T19:27:49.569,IMU-2,0x29,-1.69,179.94,76.69,3,3,0,3
2026-08-28T19:27:49.666,IMU-1,0x28,-1.56,-179.56,251.25,3,3,1,3
2026-08-28T19:27:49.669,IMU-2,0x29,-1.69,179.94,76.69,3,3,0,3
2026-08-28T19:27:49.767,IMU-1,0x28,-1.56,-179.56,251.25,3,3,1,3
2026-08-28T19:27:49.771,IMU-2,0x29,-1.69,179.94,76.69,3,3,0,3
2026-08-28T19:27:49.866,IMU-1,0x28,-1.56,-179.56,251.25,3,3,1,3
2026-08-28T19:27:49.869,IMU-2,0x29,-1.69,179.94,76.69,3,3,0,3
2026-08-28T19:27:49.967,IMU-1,0x28,-1.56,-179.56,251.25,3,3,1,3
2026-08-28T19:27:49.970,IMU-2,0x29,-1.69,179.94,76.69,3,3,0,3
2026-08-28T19:27:50.067,IMU-1,0x28,-1.56,-179.56,251.25,3,3,1,3
2026-08-28T19:27:50.070,IMU-2,0x29,-1.69,179.94,76.69,3,3,0,3
2026-08-28T19:27:50.167,IMU-1,0x28,-1.56,-179.56,251.25,3,3,1,3
2026-08-28T19:27:50.170,IMU-2,0x29,-1.69,179.94,76.69,3,3,0,3
2026-08-28T19:27:50.267,IMU-1,0x28,-1.56,-179.56,251.25,3,3,1,3
2026-08-28T19:27:50.270,IMU-2,0x29,-1.69,179.94,76.69,3,3,0,3
2026-08-28T19:27:50.366,IMU-1,0x28,-1.56,-179.56,251.25,3,3,1,3
2026-08-28T19:27:50.369,IMU-2,0x29,-1.69,179.94,76.69,3,3,0,3
2026-08-28T19:27:50.466,IMU-1,0x28,-1.56,-179.56,251.25,3,3,1,3
2026-08-28T19:27:50.469,IMU-2,0x29,-1.69,179.94,76.69,3,3,0,3
2026-08-28T19:27:50.566,IMU-1,0x28,-1.56,-179.56,251.25,3,3,1,3
2026-08-28T19:27:50.567,IMU-2,0x29,-1.69,179.94,76.69,3,3,0,3
2026-08-28T19:27:50.665,IMU-1,0x28,-1.56,-179.56,251.25,3,3,1,3
2026-08-28T19:27:50.667,IMU-2,0x29,-1.69,179.94,76.69,3,3,0,3
2026-08-28T19:27:50.766,IMU-1,0x28,-1.56,-179.56,251.25,3,3,1,3
2026-08-28T19:27:50.768,IMU-2,0x29,-1.69,179.94,76.69,3,3,0,3
2026-08-28T19:27:50.866,IMU-1,0x28,-1.56,-179.56,251.25,3,3,1,3
2026-08-28T19:27:50.867,IMU-2,0x29,-1.69,179.94,76.69,3,3,0,3
2026-08-28T19:27:50.966,IMU-1,0x28,-1.56,-179.56,251.25,3,3,1,3
2026-08-28T19:27:50.967,IMU-2,0x29,-1.69,179.94,76.69,3,3,0,3
2026-08-28T19:27:51.066,IMU-1,0x28,-1.56,-179.56,251.25,3,3,1,3
2026-08-28T19:27:51.067,IMU-2,0x29,-1.69,179.94,76.69,3,3,0,3
2026-08-28T19:27:51.166,IMU-1,0x28,-1.56,-179.56,251.25,3,3,1,3
2026-08-28T19:27:51.167,IMU-2,0x29,-1.69,179.94,76.69,3,3,0,3
2026-08-28T19:27:51.266,IMU-1,0x28,-1.56,-179.56,251.25,3,3,1,3
2026-08-28T19:27:51.268,IMU-2,0x29,-1.69,179.94,76.69,3,3,0,3
2026-08-28T19:27:51.366,IMU-1,0x28,-1.56,-179.56,251.25,3,3,1,3
2026-08-28T19:27:51.368,IMU-2,0x29,-1.69,179.94,76.69,3,3,0,3
2026-08-28T19:27:51.466,IMU-1,0x28,-1.56,-179.56,251.25,3,3,1,3
2026-08-28T19:27:51.468,IMU-2,0x29,-1.69,179.94,76.69,3,3,0,3
2026-08-28T19:27:51.566,IMU-1,0x28,-1.56,-179.56,251.25,3,3,1,3
2026-08-28T19:27:51.569,IMU-2,0x29,-1.69,179.94,76.69,3,3,0,3
2026-08-28T19:27:51.666,IMU-1,0x28,-1.56,-179.56,251.25,3,3,1,3
2026-08-28T19:27:51.669,IMU-2,0x29,-1.69,179.94,76.69,3,3,0,3
2026-08-28T19:27:51.767,IMU-1,0x28,-1.56,-179.56,251.25,3,3,1,3
2026-08-28T19:27:51.770,IMU-2,0x29,-1.69,179.94,76.69,3,3,0,3
2026-08-28T19:27:51.867,IMU-1,0x28,-1.56,-179.56,251.25,3,3,1,3
2026-08-28T19:27:51.870,IMU-2,0x29,-1.69,179.94,76.69,3,3,0,3
2026-08-28T19:27:51.967,IMU-1,0x28,-1.56,-179.56,251.25,3,3,1,3
2026-08-28T19:27:51.970,IMU-2,0x29,-1.69,179.94,76.69,3,3,0,3
2026-08-28T19:27:52.067,IMU-1,0x28,-1.56,-179.56,251.25,3,3,1,3
2026-08-28T19:27:52.070,IMU-2,0x29,-1.69,179.94,76.69,3,3,0,3
2026-08-28T19:27:52.167,IMU-1,0x28,-1.56,-179.56,251.25,3,3,1,3
2026-08-28T19:27:52.170,IMU-2,0x29,-1.69,179.94,76.69,3,3,0,3
2026-08-28T19:27:52.268,IMU-1,0x28,-1.56,-179.56,251.25,3,3,1,3
2026-08-28T19:27:52.271,IMU-2,0x29,-1.69,179.94,76.69,3,3,0,3
2026-08-28T19:27:52.368,IMU-1,0x28,-1.56,-179.56,251.25,3,3,1,3
2026-08-28T19:27:52.371,IMU-2,0x29,-1.69,179.94,76.69,3,3,0,3
2026-08-28T19:27:52.468,IMU-1,0x28,-1.56,-179.56,251.25,3,3,1,3
2026-08-28T19:27:52.471,IMU-2,0x29,-1.69,179.94,76.69,3,3,0,3
2026-08-28T19:27:52.568,IMU-1,0x28,-1.56,-179.56,251.25,3,3,1,3
2026-08-28T19:27:52.571,IMU-2,0x29,-1.69,179.94,76.69,3,3,0,3
2026-08-28T19:27:52.668,IMU-1,0x28,-1.56,-179.56,251.25,3,3,1,3
2026-08-28T19:27:52.670,IMU-2,0x29,-1.69,179.94,76.69,3,3,0,3
2026-08-28T19:27:52.768,IMU-1,0x28,-1.56,-179.56,251.25,3,3,1,3
2026-08-28T19:27:52.772,IMU-2,0x29,-1.69,179.94,76.69,3,3,0,3
2026-08-28T19:27:52.867,IMU-1,0x28,-1.56,-179.56,251.25,3,3,1,3
2026-08-28T19:27:52.869,IMU-2,0x29,-1.69,179.94,76.69,3,3,0,3
2026-08-28T19:27:52.967,IMU-1,0x28,-1.56,-179.56,251.25,3,3,1,3
2026-08-28T19:27:52.968,IMU-2,0x29,-1.69,179.94,76.69,3,3,0,3
2026-08-28T19:27:53.067,IMU-1,0x28,-1.56,-179.56,251.25,3,3,1,3
2026-08-28T19:27:53.068,IMU-2,0x29,-1.69,179.94,76.69,3,3,0,3
2026-08-28T19:27:53.167,IMU-1,0x28,-1.56,-179.56,251.25,3,3,1,3
2026-08-28T19:27:53.168,IMU-2,0x29,-1.69,179.94,76.69,3,3,0,3
2026-08-28T19:27:53.267,IMU-1,0x28,-1.56,-179.56,251.25,3,3,1,3
2026-08-28T19:27:53.269,IMU-2,0x29,-1.69,179.94,76.69,3,3,0,3
2026-08-28T19:27:53.367,IMU-1,0x28,-1.56,-179.56,251.25,3,3,1,3
2026-08-28T19:27:53.369,IMU-2,0x29,-1.69,179.94,76.69,3,3,0,3
2026-08-28T19:27:53.467,IMU-1,0x28,-1.56,-179.56,251.25,3,3,1,3
2026-08-28T19:27:53.469,IMU-2,0x29,-1.69,179.94,76.69,3,3,0,3
2026-08-28T19:27:53.567,IMU-1,0x28,-1.56,-179.56,251.25,3,3,1,3
2026-08-28T19:27:53.569,IMU-2,0x29,-1.69,179.94,76.69,3,3,0,3
2026-08-28T19:27:53.667,IMU-1,0x28,-1.56,-179.56,251.25,3,3,1,3
2026-08-28T19:27:53.669,IMU-2,0x29,-1.69,179.94,76.69,3,3,0,3
2026-08-28T19:27:53.768,IMU-1,0x28,-1.56,-179.56,251.25,3,3,1,3
2026-08-28T19:27:53.770,IMU-2,0x29,-1.69,179.94,76.69,3,3,0,3
2026-08-28T19:27:53.867,IMU-1,0x28,-1.56,-179.56,251.25,3,3,1,3
2026-08-28T19:27:53.870,IMU-2,0x29,-1.69,179.94,76.69,3,3,0,3
2026-08-28T19:27:53.967,IMU-1,0x28,-1.56,-179.56,251.25,3,3,1,3
2026-08-28T19:27:53.970,IMU-2,0x29,-1.69,179.94,76.69,3,3,0,3
2026-08-28T19:27:54.067,IMU-1,0x28,-1.56,-179.56,251.25,3,3,1,3
2026-08-28T19:27:54.071,IMU-2,0x29,-1.69,179.94,76.69,3,3,0,3
2026-08-28T19:27:54.168,IMU-1,0x28,-1.56,-179.56,251.25,3,3,1,3
2026-08-28T19:27:54.171,IMU-2,0x29,-1.69,179.94,76.69,3,3,0,3
2026-08-28T19:27:54.268,IMU-1,0x28,-1.56,-179.56,251.25,3,3,1,3
2026-08-28T19:27:54.271,IMU-2,0x29,-1.69,179.94,76.69,3,3,0,3
2026-08-28T19:27:54.368,IMU-1,0x28,-1.56,-179.56,251.25,3,3,1,3
2026-08-28T19:27:54.371,IMU-2,0x29,-1.69,179.94,76.69,3,3,0,3
2026-08-28T19:27:54.468,IMU-1,0x28,-1.56,-179.56,251.25,3,3,1,3
2026-08-28T19:27:54.471,IMU-2,0x29,-1.69,179.94,76.69,3,3,0,3
2026-08-28T19:27:54.568,IMU-1,0x28,-1.56,-179.56,251.25,3,3,1,3
2026-08-28T19:27:54.571,IMU-2,0x29,-1.69,179.94,76.69,3,3,0,3
2026-08-28T19:27:54.668,IMU-1,0x28,-1.56,-179.56,251.25,3,3,1,3
2026-08-28T19:27:54.671,IMU-2,0x29,-1.69,179.94,76.69,3,3,0,3
2026-08-28T19:27:54.768,IMU-1,0x28,-1.56,-179.56,251.25,3,3,1,3
2026-08-28T19:27:54.772,IMU-2,0x29,-1.69,179.94,76.69,3,3,0,3
2026-08-28T19:27:54.868,IMU-1,0x28,-1.56,-179.56,251.25,3,3,1,3
2026-08-28T19:27:54.871,IMU-2,0x29,-1.69,179.94,76.69,3,3,0,3
2026-08-28T19:27:54.968,IMU-1,0x28,-1.56,-179.56,251.25,3,3,1,3
2026-08-28T19:27:54.970,IMU-2,0x29,-1.69,179.94,76.69,3,3,0,3
2026-08-28T19:27:55.068,IMU-1,0x28,-1.62,-179.56,251.25,3,3,1,3
2026-08-28T19:27:55.070,IMU-2,0x29,-1.69,179.94,76.69,3,3,0,3
2026-08-28T19:27:55.169,IMU-1,0x28,-1.62,-179.56,251.25,3,3,1,3
2026-08-28T19:27:55.170,IMU-2,0x29,-1.69,179.94,76.69,3,3,0,3
2026-08-28T19:27:55.269,IMU-1,0x28,-1.62,-179.56,251.25,3,3,1,3
2026-08-28T19:27:55.271,IMU-2,0x29,-1.69,179.94,76.69,3,3,0,3
2026-08-28T19:27:55.369,IMU-1,0x28,-1.62,-179.56,251.25,3,3,1,3
2026-08-28T19:27:55.371,IMU-2,0x29,-1.69,179.94,76.69,3,3,0,3
2026-08-28T19:27:55.469,IMU-1,0x28,-1.62,-179.62,251.25,3,3,1,3
2026-08-28T19:27:55.471,IMU-2,0x29,-1.69,179.94,76.69,3,3,0,3
2026-08-28T19:27:55.570,IMU-1,0x28,-1.62,-179.56,251.25,3,3,1,3
2026-08-28T19:27:55.571,IMU-2,0x29,-1.69,179.94,76.69,3,3,0,3
2026-08-28T19:27:55.670,IMU-1,0x28,-1.62,-179.62,251.25,3,3,1,3
2026-08-28T19:27:55.671,IMU-2,0x29,-1.69,179.94,76.69,3,3,0,3
2026-08-28T19:27:55.770,IMU-1,0x28,-1.62,-179.62,251.25,3,3,1,3
2026-08-28T19:27:55.772,IMU-2,0x29,-1.69,179.94,76.69,3,3,0,3
2026-08-28T19:27:55.870,IMU-1,0x28,-1.62,-179.62,251.25,3,3,1,3
2026-08-28T19:27:55.872,IMU-2,0x29,-1.69,179.94,76.69,3,3,0,3
2026-08-28T19:27:55.970,IMU-1,0x28,-1.62,-179.62,251.25,3,3,1,3
2026-08-28T19:27:55.972,IMU-2,0x29,-1.69,179.94,76.69,3,3,0,3
2026-08-28T19:27:56.070,IMU-1,0x28,-1.62,-179.62,251.25,3,3,1,3
2026-08-28T19:27:56.072,IMU-2,0x29,-1.69,179.94,76.69,3,3,0,3
2026-08-28T19:27:56.170,IMU-1,0x28,-1.62,-179.62,251.25,3,3,1,3
2026-08-28T19:27:56.172,IMU-2,0x29,-1.69,179.94,76.69,3,3,0,3
2026-08-28T19:27:56.270,IMU-1,0x28,-1.62,-179.62,251.25,3,3,1,3
2026-08-28T19:27:56.272,IMU-2,0x29,-1.69,179.94,76.69,3,3,0,3
2026-08-28T19:27:56.370,IMU-1,0x28,-1.62,-179.62,251.25,3,3,1,3
2026-08-28T19:27:56.372,IMU-2,0x29,-1.69,179.94,76.69,3,3,0,3
2026-08-28T19:27:56.470,IMU-1,0x28,-1.62,-179.62,251.25,3,3,1,3
2026-08-28T19:27:56.473,IMU-2,0x29,-1.69,179.94,76.69,3,3,0,3
2026-08-28T19:27:56.570,IMU-1,0x28,-1.62,-179.62,251.25,3,3,1,3
2026-08-28T19:27:56.573,IMU-2,0x29,-1.69,179.94,76.69,3,3,0,3
2026-08-28T19:27:56.671,IMU-1,0x28,-1.62,-179.62,251.25,3,3,1,3
2026-08-28T19:27:56.673,IMU-2,0x29,-1.69,179.94,76.69,3,3,0,3
2026-08-28T19:27:56.772,IMU-1,0x28,-1.62,-179.62,251.25,3,3,1,3
2026-08-28T19:27:56.775,IMU-2,0x29,-1.69,179.94,76.69,3,3,0,3
2026-08-28T19:27:56.871,IMU-1,0x28,-1.62,-179.62,251.25,3,3,1,3
2026-08-28T19:27:56.874,IMU-2,0x29,-1.69,179.94,76.69,3,3,0,3
2026-08-28T19:27:56.971,IMU-1,0x28,-1.62,-179.62,251.25,3,3,1,3
2026-08-28T19:27:56.974,IMU-2,0x29,-1.69,179.94,76.69,3,3,0,3
2026-08-28T19:27:57.071,IMU-1,0x28,-1.62,-179.62,251.25,3,3,1,3
2026-08-28T19:27:57.074,IMU-2,0x29,-1.69,179.94,76.69,3,3,0,3
2026-08-28T19:27:57.171,IMU-1,0x28,-1.62,-179.62,251.25,3,3,1,3
2026-08-28T19:27:57.174,IMU-2,0x29,-1.69,179.94,76.69,3,3,0,3
2026-08-28T19:27:57.270,IMU-1,0x28,-1.62,-179.62,251.25,3,3,1,3
2026-08-28T19:27:57.273,IMU-2,0x29,-1.69,179.94,76.69,3,3,0,3
2026-08-28T19:27:57.370,IMU-1,0x28,-1.62,-179.62,251.25,3,3,1,3
2026-08-28T19:27:57.373,IMU-2,0x29,-1.69,179.94,76.69,3,3,0,3
2026-08-28T19:27:57.470,IMU-1,0x28,-1.62,-179.62,251.25,3,3,1,3
2026-08-28T19:27:57.471,IMU-2,0x29,-1.69,179.94,76.69,3,3,0,3
2026-08-28T19:27:57.570,IMU-1,0x28,-1.62,-179.62,251.25,3,3,1,3
2026-08-28T19:27:57.571,IMU-2,0x29,-1.69,179.94,76.69,3,3,0,3
2026-08-28T19:27:57.670,IMU-1,0x28,-1.62,-179.62,251.25,3,3,1,3
2026-08-28T19:27:57.671,IMU-2,0x29,-1.69,179.94,76.69,3,3,0,3
2026-08-28T19:27:57.770,IMU-1,0x28,-1.62,-179.62,251.25,3,3,1,3
2026-08-28T19:27:57.772,IMU-2,0x29,-1.69,179.94,76.69,3,3,0,3
2026-08-28T19:27:57.870,IMU-1,0x28,-1.62,-179.62,251.25,3,3,1,3
2026-08-28T19:27:57.871,IMU-2,0x29,-1.69,179.94,76.69,3,3,0,3
2026-08-28T19:27:57.970,IMU-1,0x28,-1.62,-179.62,251.25,3,3,1,3
2026-08-28T19:27:57.971,IMU-2,0x29,-1.69,179.94,76.69,3,3,0,3
2026-08-28T19:27:58.070,IMU-1,0x28,-1.62,-179.62,251.25,3,3,1,3
2026-08-28T19:27:58.071,IMU-2,0x29,-1.69,179.94,76.69,3,3,0,3
2026-08-28T19:27:58.170,IMU-1,0x28,-1.62,-179.62,251.25,3,3,1,3
2026-08-28T19:27:58.172,IMU-2,0x29,-1.69,179.94,76.69,3,3,0,3
2026-08-28T19:27:58.270,IMU-1,0x28,-1.62,-179.62,251.25,3,3,1,3
2026-08-28T19:27:58.272,IMU-2,0x29,-1.69,179.94,76.69,3,3,0,3
2026-08-28T19:27:58.370,IMU-1,0x28,-1.62,-179.62,251.25,3,3,1,3
2026-08-28T19:27:58.372,IMU-2,0x29,-1.69,179.94,76.69,3,3,0,3
2026-08-28T19:27:58.470,IMU-1,0x28,-1.62,-179.62,251.25,3,3,1,3
2026-08-28T19:27:58.472,IMU-2,0x29,-1.69,179.94,76.69,3,3,0,3
2026-08-28T19:27:58.570,IMU-1,0x28,-1.62,-179.62,251.25,3,3,1,3
2026-08-28T19:27:58.573,IMU-2,0x29,-1.69,179.94,76.69,3,3,0,3
2026-08-28T19:27:58.671,IMU-1,0x28,-1.62,-179.62,251.25,3,3,1,3
2026-08-28T19:27:58.673,IMU-2,0x29,-1.69,179.94,76.69,3,3,0,3
2026-08-28T19:27:58.771,IMU-1,0x28,-1.62,-179.62,251.25,3,3,1,3
2026-08-28T19:27:58.774,IMU-2,0x29,-1.69,179.94,76.69,3,3,0,3
2026-08-28T19:27:58.871,IMU-1,0x28,-1.62,-179.62,251.25,3,3,1,3
2026-08-28T19:27:58.874,IMU-2,0x29,-1.69,179.94,76.69,3,3,0,3
2026-08-28T19:27:58.971,IMU-1,0x28,-1.62,-179.62,251.25,3,3,1,3
2026-08-28T19:27:58.974,IMU-2,0x29,-1.69,179.94,76.69,3,3,0,3
2026-08-28T19:27:59.071,IMU-1,0x28,-1.62,-179.62,251.25,3,3,1,3
2026-08-28T19:27:59.074,IMU-2,0x29,-1.69,179.94,76.69,3,3,0,3
2026-08-28T19:27:59.172,IMU-1,0x28,-1.62,-179.62,251.25,3,3,1,3
2026-08-28T19:27:59.174,IMU-2,0x29,-1.69,179.94,76.69,3,3,0,3
2026-08-28T19:27:59.272,IMU-1,0x28,-1.62,-179.62,251.25,3,3,1,3
2026-08-28T19:27:59.274,IMU-2,0x29,-1.69,179.94,76.69,3,3,0,3
2026-08-28T19:27:59.372,IMU-1,0x28,-1.62,-179.62,251.25,3,3,1,3
2026-08-28T19:27:59.374,IMU-2,0x29,-1.69,179.94,76.69,3,3,0,3
2026-08-28T19:27:59.472,IMU-1,0x28,-1.62,-179.62,251.25,3,3,1,3
2026-08-28T19:27:59.474,IMU-2,0x29,-1.69,179.94,76.69,3,3,0,3
2026-08-28T19:27:59.572,IMU-1,0x28,-1.62,-179.62,251.25,3,3,1,3
2026-08-28T19:27:59.574,IMU-2,0x29,-1.69,179.94,76.69,3,3,0,3
2026-08-28T19:27:59.672,IMU-1,0x28,-1.62,-179.62,251.25,3,3,1,3
2026-08-28T19:27:59.674,IMU-2,0x29,-1.69,179.94,76.69,3,3,0,3
2026-08-28T19:27:59.773,IMU-1,0x28,-1.62,-179.62,251.25,3,3,1,3
2026-08-28T19:27:59.775,IMU-2,0x29,-1.69,179.94,76.69,3,3,0,3
2026-08-28T19:27:59.872,IMU-1,0x28,-1.62,-179.62,251.25,3,3,1,3
2026-08-28T19:27:59.874,IMU-2,0x29,-1.69,179.94,76.69,3,3,0,3
2026-08-28T19:27:59.972,IMU-1,0x28,-1.62,-179.62,251.25,3,3,1,3
2026-08-28T19:27:59.974,IMU-2,0x29,-1.69,179.94,76.69,3,3,0,3
2026-08-28T19:28:00.072,IMU-1,0x28,-1.62,-179.62,251.25,3,3,1,3
2026-08-28T19:28:00.074,IMU-2,0x29,-1.69,179.94,76.69,3,3,0,3
2026-08-28T19:28:00.173,IMU-1,0x28,-1.62,-179.62,251.25,3,3,1,3
2026-08-28T19:28:00.174,IMU-2,0x29,-1.69,179.94,76.69,3,3,0,3
2026-08-28T19:28:00.273,IMU-1,0x28,-1.62,-179.62,251.25,3,3,1,3
2026-08-28T19:28:00.274,IMU-2,0x29,-1.69,179.94,76.69,3,3,0,3
2026-08-28T19:28:00.373,IMU-1,0x28,-1.62,-179.62,251.25,3,3,1,3
2026-08-28T19:28:00.374,IMU-2,0x29,-1.69,179.94,76.69,3,3,0,3
2026-08-28T19:28:00.473,IMU-1,0x28,-1.62,-179.62,251.25,3,3,1,3
2026-08-28T19:28:00.474,IMU-2,0x29,-1.69,179.94,76.69,3,3,0,3
2026-08-28T19:28:00.573,IMU-1,0x28,-1.62,-179.62,251.25,3,3,1,3
2026-08-28T19:28:00.574,IMU-2,0x29,-1.69,179.94,76.69,3,3,0,3
2026-08-28T19:28:00.672,IMU-1,0x28,-1.62,-179.62,251.25,3,3,1,3
2026-08-28T19:28:00.674,IMU-2,0x29,-1.69,179.94,76.69,3,3,0,3
2026-08-28T19:28:00.773,IMU-1,0x28,-1.62,-179.62,251.25,3,3,1,3
2026-08-28T19:28:00.775,IMU-2,0x29,-1.69,179.94,76.69,3,3,0,3
2026-08-28T19:28:00.872,IMU-1,0x28,-1.62,-179.62,251.25,3,3,1,3
2026-08-28T19:28:00.874,IMU-2,0x29,-1.69,179.94,76.69,3,3,0,3
2026-08-28T19:28:00.972,IMU-1,0x28,-1.62,-179.62,251.25,3,3,1,3
2026-08-28T19:28:00.974,IMU-2,0x29,-1.69,179.94,76.69,3,3,0,3
2026-08-28T19:28:01.072,IMU-1,0x28,-1.62,-179.62,251.25,3,3,1,3
2026-08-28T19:28:01.075,IMU-2,0x29,-1.69,179.94,76.69,3,3,0,3
2026-08-28T19:28:01.172,IMU-1,0x28,-1.62,-179.62,251.25,3,3,1,3
2026-08-28T19:28:01.175,IMU-2,0x29,-1.69,179.94,76.69,3,3,0,3
2026-08-28T19:28:01.272,IMU-1,0x28,-1.62,-179.62,251.25,3,3,1,3
2026-08-28T19:28:01.275,IMU-2,0x29,-1.69,179.94,76.69,3,3,0,3
2026-08-28T19:28:01.372,IMU-1,0x28,-1.62,-179.62,251.25,3,3,1,3
2026-08-28T19:28:01.375,IMU-2,0x29,-1.69,179.94,76.69,3,3,0,3
2026-08-28T19:28:01.472,IMU-1,0x28,-1.62,-179.62,251.25,3,3,1,3
2026-08-28T19:28:01.475,IMU-2,0x29,-1.69,179.94,76.69,3,3,0,3
2026-08-28T19:28:01.572,IMU-1,0x28,-1.62,-179.62,251.25,3,3,1,3
2026-08-28T19:28:01.575,IMU-2,0x29,-1.69,179.94,76.69,3,3,0,3
2026-08-28T19:28:01.672,IMU-1,0x28,-1.62,-179.62,251.25,3,3,1,3
2026-08-28T19:28:01.675,IMU-2,0x29,-1.69,179.94,76.69,3,3,0,3
2026-08-28T19:28:01.772,IMU-1,0x28,-1.62,-179.62,251.25,3,3,1,3
2026-08-28T19:28:01.776,IMU-2,0x29,-1.69,179.94,76.69,3,3,0,3
2026-08-28T19:28:01.872,IMU-1,0x28,-1.62,-179.62,251.25,3,3,1,3
2026-08-28T19:28:01.875,IMU-2,0x29,-1.69,179.94,76.69,3,3,0,3
2026-08-28T19:28:01.972,IMU-1,0x28,-1.62,-179.62,251.25,3,3,1,3
2026-08-28T19:28:01.975,IMU-2,0x29,-1.69,179.94,76.69,3,3,0,3
2026-08-28T19:28:02.072,IMU-1,0x28,-1.62,-179.62,251.25,3,3,1,3
2026-08-28T19:28:02.075,IMU-2,0x29,-1.69,179.94,76.69,3,3,0,3
2026-08-28T19:28:02.173,IMU-1,0x28,-1.62,-179.62,251.25,3,3,1,3
2026-08-28T19:28:02.175,IMU-2,0x29,-1.69,179.94,76.69,3,3,0,3
2026-08-28T19:28:02.273,IMU-1,0x28,-1.62,-179.62,251.25,3,3,1,3
2026-08-28T19:28:02.275,IMU-2,0x29,-1.69,179.94,76.69,3,3,0,3
2026-08-28T19:28:02.373,IMU-1,0x28,-1.62,-179.62,251.25,3,3,1,3
2026-08-28T19:28:02.375,IMU-2,0x29,-1.69,179.94,76.69,3,3,0,3
2026-08-28T19:28:02.473,IMU-1,0x28,-1.62,-179.62,251.25,3,3,1,3
2026-08-28T19:28:02.475,IMU-2,0x29,-1.69,179.94,76.69,3,3,0,3
2026-08-28T19:28:02.574,IMU-1,0x28,-1.62,-179.62,251.25,3,3,1,3
2026-08-28T19:28:02.575,IMU-2,0x29,-1.69,179.94,76.69,3,3,0,3
2026-08-28T19:28:02.674,IMU-1,0x28,-1.62,-179.62,251.25,3,3,1,3
2026-08-28T19:28:02.675,IMU-2,0x29,-1.69,179.94,76.69,3,3,0,3
2026-08-28T19:28:02.774,IMU-1,0x28,-1.62,-179.62,251.25,3,3,1,3
2026-08-28T19:28:02.776,IMU-2,0x29,-1.69,179.94,76.69,3,3,0,3
2026-08-28T19:28:02.874,IMU-1,0x28,-1.62,-179.62,251.25,3,3,1,3
2026-08-28T19:28:02.876,IMU-2,0x29,-1.69,179.94,76.69,3,3,0,3
2026-08-28T19:28:02.974,IMU-1,0x28,-1.62,-179.62,251.25,3,3,1,3
2026-08-28T19:28:02.976,IMU-2,0x29,-1.69,179.94,76.69,3,3,0,3
2026-08-28T19:28:03.074,IMU-1,0x28,-1.62,-179.62,251.25,3,3,1,3
2026-08-28T19:28:03.076,IMU-2,0x29,-1.69,179.94,76.69,3,3,0,3
2026-08-28T19:28:03.174,IMU-1,0x28,-1.62,-179.62,251.25,3,3,1,3
2026-08-28T19:28:03.176,IMU-2,0x29,-1.69,179.94,76.69,3,3,0,3
2026-08-28T19:28:03.274,IMU-1,0x28,-1.62,-179.62,251.25,3,3,1,3
2026-08-28T19:28:03.276,IMU-2,0x29,-1.69,179.94,76.69,3,3,0,3
2026-08-28T19:28:03.374,IMU-1,0x28,-1.62,-179.62,251.25,3,3,1,3
2026-08-28T19:28:03.376,IMU-2,0x29,-1.69,179.94,76.69,3,3,0,3
2026-08-28T19:28:03.474,IMU-1,0x28,-1.62,-179.62,251.25,3,3,1,3
2026-08-28T19:28:03.476,IMU-2,0x29,-1.69,179.94,76.69,3,3,0,3
2026-08-28T19:28:03.575,IMU-1,0x28,-1.62,-179.62,251.25,3,3,1,3
2026-08-28T19:28:03.577,IMU-2,0x29,-1.69,179.94,76.69,3,3,0,3
2026-08-28T19:28:03.675,IMU-1,0x28,-1.62,-179.62,251.25,3,3,1,3
2026-08-28T19:28:03.677,IMU-2,0x29,-1.69,179.94,76.69,3,3,0,3
2026-08-28T19:28:03.776,IMU-1,0x28,-1.62,-179.62,251.25,3,3,1,3
2026-08-28T19:28:03.778,IMU-2,0x29,-1.69,179.94,76.69,3,3,0,3
2026-08-28T19:28:03.875,IMU-1,0x28,-1.62,-179.62,251.25,3,3,1,3
2026-08-28T19:28:03.877,IMU-2,0x29,-1.69,179.94,76.69,3,3,0,3
2026-08-28T19:28:03.975,IMU-1,0x28,-1.62,-179.62,251.25,3,3,1,3
2026-08-28T19:28:03.978,IMU-2,0x29,-1.69,179.94,76.69,3,3,0,3
2026-08-28T19:28:04.075,IMU-1,0x28,-1.62,-179.62,251.25,3,3,1,3
2026-08-28T19:28:04.078,IMU-2,0x29,-1.69,179.94,76.69,3,3,0,3
2026-08-28T19:28:04.174,IMU-1,0x28,-1.62,-179.62,251.25,3,3,1,3
2026-08-28T19:28:04.177,IMU-2,0x29,-1.69,179.94,76.69,3,3,0,3
2026-08-28T19:28:04.274,IMU-1,0x28,-1.62,-179.62,251.25,3,3,1,3
2026-08-28T19:28:04.277,IMU-2,0x29,-1.69,179.94,76.69,3,3,0,3
2026-08-28T19:28:04.374,IMU-1,0x28,-1.62,-179.62,251.25,3,3,1,3
2026-08-28T19:28:04.377,IMU-2,0x29,-1.69,179.94,76.69,3,3,0,3
2026-08-28T19:28:04.474,IMU-1,0x28,-1.62,-179.62,251.25,3,3,1,3
2026-08-28T19:28:04.476,IMU-2,0x29,-1.69,179.94,76.69,3,3,0,3
2026-08-28T19:28:04.574,IMU-1,0x28,-1.62,-179.62,251.25,3,3,1,3
2026-08-28T19:28:04.576,IMU-2,0x29,-1.69,179.94,76.69,3,3,0,3
2026-08-28T19:28:04.674,IMU-1,0x28,-1.62,-179.62,251.25,3,3,1,3
2026-08-28T19:28:04.675,IMU-2,0x29,-1.69,179.94,76.69,3,3,0,3
2026-08-28T19:28:04.774,IMU-1,0x28,-1.62,-179.62,251.25,3,3,1,3
2026-08-28T19:28:04.776,IMU-2,0x29,-1.69,179.94,76.69,3,3,0,3
2026-08-28T19:28:04.874,IMU-1,0x28,-1.62,-179.62,251.25,3,3,1,3
2026-08-28T19:28:04.875,IMU-2,0x29,-1.69,179.94,76.69,3,3,0,3
2026-08-28T19:28:04.974,IMU-1,0x28,-1.62,-179.62,251.25,3,3,1,3
2026-08-28T19:28:04.975,IMU-2,0x29,-1.69,179.94,76.69,3,3,0,3
2026-08-28T19:28:05.074,IMU-1,0x28,-1.62,-179.62,251.25,3,3,1,3
2026-08-28T19:28:05.075,IMU-2,0x29,-1.69,179.94,76.69,3,3,0,3
2026-08-28T19:28:05.174,IMU-1,0x28,-1.62,-179.62,251.25,3,3,1,3
2026-08-28T19:28:05.175,IMU-2,0x29,-1.69,179.94,76.69,3,3,0,3
2026-08-28T19:28:05.274,IMU-1,0x28,-1.62,-179.62,251.25,3,3,1,3
2026-08-28T19:28:05.275,IMU-2,0x29,-1.69,179.94,76.69,3,3,0,3
2026-08-28T19:28:05.374,IMU-1,0x28,-1.62,-179.62,251.25,3,3,1,3
2026-08-28T19:28:05.375,IMU-2,0x29,-1.69,179.94,76.69,3,3,0,3
2026-08-28T19:28:05.474,IMU-1,0x28,-1.62,-179.62,251.25,3,3,1,3
2026-08-28T19:28:05.476,IMU-2,0x29,-1.69,179.94,76.69,3,3,0,3
2026-08-28T19:28:05.574,IMU-1,0x28,-1.62,-179.62,251.25,3,3,1,3
2026-08-28T19:28:05.576,IMU-2,0x29,-1.69,179.94,76.69,3,3,0,3
2026-08-28T19:28:05.675,IMU-1,0x28,-1.62,-179.62,251.25,3,3,1,3
2026-08-28T19:28:05.677,IMU-2,0x29,-1.69,179.94,76.69,3,3,0,3
2026-08-28T19:28:05.775,IMU-1,0x28,-1.62,-179.62,251.25,3,3,1,3
2026-08-28T19:28:05.778,IMU-2,0x29,-1.69,179.94,76.69,3,3,0,3
2026-08-28T19:28:05.875,IMU-1,0x28,-1.62,-179.62,251.25,3,3,1,3
2026-08-28T19:28:05.877,IMU-2,0x29,-1.69,179.94,76.69,3,3,0,3
2026-08-28T19:28:05.975,IMU-1,0x28,-1.62,-179.62,251.25,3,3,1,3
2026-08-28T19:28:05.978,IMU-2,0x29,-1.69,179.94,76.69,3,3,0,3
2026-08-28T19:28:06.076,IMU-1,0x28,-1.62,-179.62,251.25,3,3,1,3
2026-08-28T19:28:06.078,IMU-2,0x29,-1.69,179.94,76.69,3,3,0,3
2026-08-28T19:28:06.176,IMU-1,0x28,-1.62,-179.62,251.25,3,3,1,3
2026-08-28T19:28:06.178,IMU-2,0x29,-1.69,179.94,76.69,3,3,0,3
2026-08-28T19:28:06.276,IMU-1,0x28,-1.62,-179.62,251.25,3,3,1,3
2026-08-28T19:28:06.279,IMU-2,0x29,-1.69,179.94,76.69,3,3,0,3
2026-08-28T19:28:06.376,IMU-1,0x28,-1.62,-179.62,251.25,3,3,1,3
2026-08-28T19:28:06.379,IMU-2,0x29,-1.69,179.94,76.69,3,3,0,3
2026-08-28T19:28:06.476,IMU-1,0x28,-1.62,-179.62,251.25,3,3,1,3
2026-08-28T19:28:06.479,IMU-2,0x29,-1.69,179.94,76.69,3,3,0,3
2026-08-28T19:28:06.576,IMU-1,0x28,-1.62,-179.62,251.25,3,3,1,3
2026-08-28T19:28:06.579,IMU-2,0x29,-1.69,179.94,76.69,3,3,0,3
2026-08-28T19:28:06.676,IMU-1,0x28,-1.62,-179.62,251.25,3,3,1,3
2026-08-28T19:28:06.679,IMU-2,0x29,-1.69,179.94,76.69,3,3,0,3
2026-08-28T19:28:06.777,IMU-1,0x28,-1.62,-179.62,251.25,3,3,1,3
2026-08-28T19:28:06.781,IMU-2,0x29,-1.69,179.94,76.69,3,3,0,3
2026-08-28T19:28:06.876,IMU-1,0x28,-1.62,-179.62,251.25,3,3,1,3
2026-08-28T19:28:06.879,IMU-2,0x29,-1.69,179.94,76.69,3,3,0,3
2026-08-28T19:28:06.976,IMU-1,0x28,-1.62,-179.62,251.25,3,3,1,3
2026-08-28T19:28:06.979,IMU-2,0x29,-1.69,179.94,76.69,3,3,0,3
2026-08-28T19:28:07.077,IMU-1,0x28,-1.62,-179.62,251.25,3,3,1,3
2026-08-28T19:28:07.079,IMU-2,0x29,-1.69,179.94,76.69,3,3,0,3
2026-08-28T19:28:07.177,IMU-1,0x28,-1.62,-179.62,251.25,3,3,1,3
2026-08-28T19:28:07.179,IMU-2,0x29,-1.69,179.94,76.69,3,3,0,3
2026-08-28T19:28:07.277,IMU-1,0x28,-1.62,-179.62,251.25,3,3,1,3
2026-08-28T19:28:07.279,IMU-2,0x29,-1.69,179.94,76.69,3,3,0,3
2026-08-28T19:28:07.377,IMU-1,0x28,-1.62,-179.62,251.25,3,3,1,3
2026-08-28T19:28:07.378,IMU-2,0x29,-1.69,179.94,76.69,3,3,0,3
2026-08-28T19:28:07.477,IMU-1,0x28,-1.62,-179.62,251.25,3,3,1,3
2026-08-28T19:28:07.478,IMU-2,0x29,-1.69,179.94,76.69,3,3,0,3
2026-08-28T19:28:07.577,IMU-1,0x28,-1.62,-179.62,251.25,3,3,1,3
2026-08-28T19:28:07.578,IMU-2,0x29,-1.69,179.94,76.69,3,3,0,3
2026-08-28T19:28:07.676,IMU-1,0x28,-1.62,-179.62,251.25,3,3,1,3
2026-08-28T19:28:07.678,IMU-2,0x29,-1.69,179.94,76.69,3,3,0,3
2026-08-28T19:28:07.777,IMU-1,0x28,-1.62,-179.62,251.25,3,3,1,3
2026-08-28T19:28:07.779,IMU-2,0x29,-1.69,179.94,76.69,3,3,0,3
2026-08-28T19:28:07.876,IMU-1,0x28,-1.62,-179.62,251.25,3,3,1,3
2026-08-28T19:28:07.878,IMU-2,0x29,-1.69,179.94,76.69,3,3,0,3
2026-08-28T19:28:07.975,IMU-1,0x28,-1.62,-179.62,251.25,3,3,1,3
2026-08-28T19:28:07.977,IMU-2,0x29,-1.69,179.94,76.69,3,3,0,3
2026-08-28T19:28:08.076,IMU-1,0x28,-1.62,-179.62,251.25,3,3,1,3
2026-08-28T19:28:08.078,IMU-2,0x29,-1.69,179.94,76.69,3,3,0,3
2026-08-28T19:28:08.176,IMU-1,0x28,-1.62,-179.62,251.25,3,3,1,3
2026-08-28T19:28:08.178,IMU-2,0x29,-1.69,179.94,76.69,3,3,0,3
2026-08-28T19:28:08.276,IMU-1,0x28,-1.62,-179.62,251.25,3,3,1,3
2026-08-28T19:28:08.278,IMU-2,0x29,-1.69,179.94,76.69,3,3,0,3
2026-08-28T19:28:08.376,IMU-1,0x28,-1.62,-179.62,251.25,3,3,1,3
2026-08-28T19:28:08.379,IMU-2,0x29,-1.69,179.94,76.69,3,3,0,3
2026-08-28T19:28:08.476,IMU-1,0x28,-1.62,-179.62,251.25,3,3,1,3
2026-08-28T19:28:08.479,IMU-2,0x29,-1.69,179.94,76.69,3,3,0,3
2026-08-28T19:28:08.576,IMU-1,0x28,-1.62,-179.62,251.25,3,3,1,3
2026-08-28T19:28:08.579,IMU-2,0x29,-1.69,179.94,76.69,3,3,0,3
2026-08-28T19:28:08.676,IMU-1,0x28,-1.62,-179.62,251.25,3,3,1,3
2026-08-28T19:28:08.679,IMU-2,0x29,-1.69,179.94,76.69,3,3,0,3
2026-08-28T19:28:08.776,IMU-1,0x28,-1.62,-179.62,251.25,3,3,1,3
2026-08-28T19:28:08.780,IMU-2,0x29,-1.69,179.94,76.69,3,3,0,3
2026-08-28T19:28:08.876,IMU-1,0x28,-1.62,-179.62,251.25,3,3,1,3
2026-08-28T19:28:08.879,IMU-2,0x29,-1.69,179.94,76.69,3,3,0,3
2026-08-28T19:28:08.976,IMU-1,0x28,-1.62,-179.62,251.25,3,3,1,3
2026-08-28T19:28:08.979,IMU-2,0x29,-1.69,179.94,76.69,3,3,0,3
2026-08-28T19:28:09.076,IMU-1,0x28,-1.62,-179.62,251.25,3,3,1,3
2026-08-28T19:28:09.079,IMU-2,0x29,-1.69,179.94,76.69,3,3,0,3
2026-08-28T19:28:09.177,IMU-1,0x28,-1.62,-179.62,251.25,3,3,1,3
2026-08-28T19:28:09.180,IMU-2,0x29,-1.69,179.94,76.69,3,3,0,3
2026-08-28T19:28:09.277,IMU-1,0x28,-1.62,-179.62,251.25,3,3,1,3
2026-08-28T19:28:09.280,IMU-2,0x29,-1.69,179.94,76.69,3,3,0,3
2026-08-28T19:28:09.377,IMU-1,0x28,-1.62,-179.62,251.25,3,3,1,3
2026-08-28T19:28:09.380,IMU-2,0x29,-1.69,179.94,76.69,3,3,0,3
2026-08-28T19:28:09.477,IMU-1,0x28,-1.62,-179.62,251.25,3,3,1,3
2026-08-28T19:28:09.480,IMU-2,0x29,-1.69,179.94,76.69,3,3,0,3
2026-08-28T19:28:09.577,IMU-1,0x28,-1.62,-179.62,251.25,3,3,1,3
2026-08-28T19:28:09.580,IMU-2,0x29,-1.69,179.94,76.69,3,3,0,3
2026-08-28T19:28:09.678,IMU-1,0x28,-1.62,-179.62,251.25,3,3,1,3
2026-08-28T19:28:09.680,IMU-2,0x29,-1.69,179.94,76.69,3,3,0,3
2026-08-28T19:28:09.778,IMU-1,0x28,-1.62,-179.62,251.25,3,3,1,3
2026-08-28T19:28:09.781,IMU-2,0x29,-1.69,179.94,76.69,3,3,0,3
2026-08-28T19:28:09.878,IMU-1,0x28,-1.62,-179.62,251.25,3,3,1,3
2026-08-28T19:28:09.880,IMU-2,0x29,-1.69,179.94,76.69,3,3,0,3
2026-08-28T19:28:09.978,IMU-1,0x28,-1.62,-179.62,251.25,3,3,1,3
2026-08-28T19:28:09.980,IMU-2,0x29,-1.69,179.94,76.69,3,3,0,3
2026-08-28T19:28:10.078,IMU-1,0x28,-1.62,-179.62,251.25,3,3,1,3
2026-08-28T19:28:10.079,IMU-2,0x29,-1.69,179.94,76.69,3,3,0,3
2026-08-28T19:28:10.177,IMU-1,0x28,-1.81,-179.75,252.38,3,3,1,3
2026-08-28T19:28:10.178,IMU-2,0x29,-1.38,-179.31,77.81,3,3,0,3
2026-08-28T19:28:10.277,IMU-1,0x28,-1.69,156.62,255.25,3,3,1,3
2026-08-28T19:28:10.279,IMU-2,0x29,-1.19,-153.75,80.75,3,3,0,3
2026-08-28T19:28:10.377,IMU-1,0x28,-2.12,147.0,256.31,3,3,1,3
2026-08-28T19:28:10.379,IMU-2,0x29,-0.62,-146.5,81.44,3,3,0,3
2026-08-28T19:28:10.477,IMU-1,0x28,-2.75,143.38,254.5,3,3,1,3
2026-08-28T19:28:10.479,IMU-2,0x29,0.12,-143.06,79.69,3,3,0,3
2026-08-28T19:28:10.577,IMU-1,0x28,-3.31,135.06,60.88,3,3,1,3
2026-08-28T19:28:10.579,IMU-2,0x29,1.12,-135.0,252.44,3,3,0,3
2026-08-28T19:28:10.677,IMU-1,0x28,-3.62,125.5,63.25,3,3,1,3
2026-08-28T19:28:10.679,IMU-2,0x29,1.56,-125.62,253.31,3,3,0,3
2026-08-28T19:28:10.778,IMU-1,0x28,-4.62,114.56,65.31,3,3,1,3
2026-08-28T19:28:10.780,IMU-2,0x29,2.75,-114.56,254.88,3,3,0,3
2026-08-28T19:28:10.877,IMU-1,0x28,-5.69,103.88,65.19,3,3,1,3
2026-08-28T19:28:10.879,IMU-2,0x29,4.12,-103.75,254.62,3,3,0,3
2026-08-28T19:28:10.977,IMU-1,0x28,-5.88,105.81,62.19,3,3,1,3
2026-08-28T19:28:10.979,IMU-2,0x29,4.38,-105.69,251.44,3,3,0,3
2026-08-28T19:28:11.077,IMU-1,0x28,-5.19,105.19,63.69,3,3,1,3
2026-08-28T19:28:11.079,IMU-2,0x29,3.69,-104.94,253.0,3,3,0,3
2026-08-28T19:28:11.177,IMU-1,0x28,-4.81,109.12,63.25,3,3,1,3
2026-08-28T19:28:11.179,IMU-2,0x29,3.31,-108.25,253.38,3,3,0,3
2026-08-28T19:28:11.277,IMU-1,0x28,-5.56,127.38,55.38,3,3,1,3
2026-08-28T19:28:11.279,IMU-2,0x29,3.56,-125.75,248.19,3,3,0,3
2026-08-28T19:28:11.378,IMU-1,0x28,-8.62,153.5,243.5,3,3,1,3
2026-08-28T19:28:11.379,IMU-2,0x29,5.88,-151.69,71.44,3,3,0,3
2026-08-28T19:28:11.478,IMU-1,0x28,-14.19,-174.88,243.62,3,3,1,3
2026-08-28T19:28:11.479,IMU-2,0x29,10.44,177.5,71.62,3,3,0,3
2026-08-28T19:28:11.578,IMU-1,0x28,-10.38,-144.81,244.75,3,3,1,3
2026-08-28T19:28:11.579,IMU-2,0x29,6.31,147.62,73.0,3,3,0,3
2026-08-28T19:28:11.678,IMU-1,0x28,-7.69,-117.94,84.31,3,3,1,3
2026-08-28T19:28:11.679,IMU-2,0x29,3.88,121.5,264.56,3,3,0,3
2026-08-28T19:28:11.778,IMU-1,0x28,-7.88,-110.94,83.94,3,3,1,3
2026-08-28T19:28:11.780,IMU-2,0x29,4.19,114.75,265.19,2,3,0,3
2026-08-28T19:28:11.878,IMU-1,0x28,-7.56,-106.19,82.25,3,3,1,3
2026-08-28T19:28:11.879,IMU-2,0x29,3.94,110.12,264.12,2,3,0,3
2026-08-28T19:28:11.978,IMU-1,0x28,-7.44,-104.06,81.12,3,3,1,3
2026-08-28T19:28:11.979,IMU-2,0x29,3.81,108.06,263.0,2,3,0,3
2026-08-28T19:28:12.078,IMU-1,0x28,-7.25,-103.31,80.81,3,3,1,3
2026-08-28T19:28:12.079,IMU-2,0x29,3.69,107.25,262.56,2,3,0,3
2026-08-28T19:28:12.178,IMU-1,0x28,-7.12,-104.0,80.75,3,3,1,3
2026-08-28T19:28:12.179,IMU-2,0x29,3.56,107.81,262.44,2,3,0,3
2026-08-28T19:28:12.278,IMU-1,0x28,-6.56,-109.56,81.12,3,3,1,3
2026-08-28T19:28:12.280,IMU-2,0x29,2.94,113.25,262.19,2,3,0,3
2026-08-28T19:28:12.378,IMU-1,0x28,-5.69,-135.06,87.81,3,3,1,3
2026-08-28T19:28:12.380,IMU-2,0x29,1.94,138.5,79.88,2,3,0,3
2026-08-28T19:28:12.478,IMU-1,0x28,-6.81,-164.88,254.75,3,3,1,3
2026-08-28T19:28:12.480,IMU-2,0x29,3.25,168.56,82.56,2,3,0,3
2026-08-28T19:28:12.579,IMU-1,0x28,-9.94,178.62,258.0,3,3,1,3
2026-08-28T19:28:12.580,IMU-2,0x29,6.75,-174.94,85.75,2,3,0,3
2026-08-28T19:28:12.679,IMU-1,0x28,-9.31,177.44,258.0,3,3,1,3
2026-08-28T19:28:12.680,IMU-2,0x29,6.12,-173.81,85.75,2,3,0,3
2026-08-28T19:28:12.780,IMU-1,0x28,-9.0,174.5,258.31,3,3,1,3
2026-08-28T19:28:12.782,IMU-2,0x29,5.88,-170.94,86.0,3,3,0,3
2026-08-28T19:28:12.879,IMU-1,0x28,-7.81,158.5,258.19,3,3,1,3
2026-08-28T19:28:12.881,IMU-2,0x29,5.12,-155.56,85.62,3,3,0,3
2026-08-28T19:28:12.979,IMU-1,0x28,-7.56,139.69,257.38,3,3,1,3
2026-08-28T19:28:12.982,IMU-2,0x29,5.5,-132.56,249.5,3,3,0,3
2026-08-28T19:28:13.080,IMU-1,0x28,-7.25,116.44,57.94,3,3,1,3
2026-08-28T19:28:13.082,IMU-2,0x29,5.81,-112.62,248.56,3,3,0,3
2026-08-28T19:28:13.180,IMU-1,0x28,-7.31,101.81,55.94,3,3,1,3
2026-08-28T19:28:13.182,IMU-2,0x29,6.12,-100.56,245.0,3,3,0,3
2026-08-28T19:28:13.280,IMU-1,0x28,-7.0,100.12,56.06,3,3,1,3
2026-08-28T19:28:13.283,IMU-2,0x29,5.94,-98.69,245.5,3,3,0,3
2026-08-28T19:28:13.380,IMU-1,0x28,-5.94,115.38,53.81,3,3,1,3
2026-08-28T19:28:13.383,IMU-2,0x29,4.5,-114.88,244.19,3,3,0,3
2026-08-28T19:28:13.481,IMU-1,0x28,-6.06,152.38,243.31,3,3,1,3
2026-08-28T19:28:13.483,IMU-2,0x29,3.75,-152.5,70.75,3,3,0,3
2026-08-28T19:28:13.580,IMU-1,0x28,-6.88,-178.94,242.44,3,3,1,3
2026-08-28T19:28:13.583,IMU-2,0x29,3.88,-179.44,70.12,3,3,0,3
2026-08-28T19:28:13.680,IMU-1,0x28,-5.31,-178.69,243.06,3,3,1,3
2026-08-28T19:28:13.683,IMU-2,0x29,2.12,-179.69,70.81,3,3,0,3
2026-08-28T19:28:13.782,IMU-1,0x28,-2.88,-179.38,247.0,3,3,1,3
2026-08-28T19:28:13.785,IMU-2,0x29,-0.12,-178.81,74.62,3,3,0,3
2026-08-28T19:28:13.881,IMU-1,0x28,-1.69,-178.88,246.44,3,3,1,3
2026-08-28T19:28:13.884,IMU-2,0x29,-1.38,-179.31,73.94,3,3,0,3
2026-08-28T19:28:13.981,IMU-1,0x28,-1.62,-178.94,246.44,3,3,1,3
2026-08-28T19:28:13.984,IMU-2,0x29,-1.38,-179.38,74.0,3,3,0,3
2026-08-28T19:28:14.081,IMU-1,0x28,-1.62,-178.94,246.75,3,3,1,3
2026-08-28T19:28:14.084,IMU-2,0x29,-1.38,-179.56,74.19,3,3,0,3
2026-08-28T19:28:14.181,IMU-1,0x28,-1.62,-178.94,246.88,3,3,1,3
2026-08-28T19:28:14.184,IMU-2,0x29,-1.44,-179.69,74.19,3,3,0,3
2026-08-28T19:28:14.281,IMU-1,0x28,-1.62,-178.94,247.12,3,3,1,3
2026-08-28T19:28:14.284,IMU-2,0x29,-1.44,-179.75,74.31,3,3,0,3
2026-08-28T19:28:14.381,IMU-1,0x28,-1.62,-178.94,247.25,3,3,1,3
2026-08-28T19:28:14.384,IMU-2,0x29,-1.44,-179.88,74.38,3,3,0,3
2026-08-28T19:28:14.481,IMU-1,0x28,-1.62,-178.94,247.5,3,3,1,3
2026-08-28T19:28:14.483,IMU-2,0x29,-1.44,-179.94,74.38,3,3,0,3
2026-08-28T19:28:14.581,IMU-1,0x28,-1.62,-178.94,247.75,3,3,1,3
2026-08-28T19:28:14.583,IMU-2,0x29,-1.44,179.94,74.5,3,3,0,3
2026-08-28T19:28:14.681,IMU-1,0x28,-1.62,-178.94,247.88,3,3,1,3
2026-08-28T19:28:14.682,IMU-2,0x29,-1.44,179.88,74.5,3,3,0,3
2026-08-28T19:28:14.781,IMU-1,0x28,-1.62,-178.94,247.94,3,3,1,3
2026-08-28T19:28:14.783,IMU-2,0x29,-1.5,179.81,74.5,3,3,0,3
2026-08-28T19:28:14.880,IMU-1,0x28,-1.62,-178.94,248.06,3,3,1,3
2026-08-28T19:28:14.881,IMU-2,0x29,-1.5,179.75,74.56,3,3,0,3
2026-08-28T19:28:14.980,IMU-1,0x28,-1.62,-178.94,248.12,3,3,1,3
2026-08-28T19:28:14.981,IMU-2,0x29,-1.5,179.75,74.56,3,3,0,3
2026-08-28T19:28:15.080,IMU-1,0x28,-1.62,-178.94,248.25,3,3,1,3
2026-08-28T19:28:15.081,IMU-2,0x29,-1.5,179.69,74.62,3,3,0,3
2026-08-28T19:28:15.180,IMU-1,0x28,-1.62,-178.94,248.25,3,3,1,3
2026-08-28T19:28:15.182,IMU-2,0x29,-1.5,179.69,74.62,3,3,0,3
2026-08-28T19:28:15.280,IMU-1,0x28,-1.62,-178.94,248.25,3,3,1,3
2026-08-28T19:28:15.282,IMU-2,0x29,-1.5,179.62,74.62,3,3,0,3
2026-08-28T19:28:15.380,IMU-1,0x28,-1.62,-178.94,248.25,3,3,1,3
2026-08-28T19:28:15.382,IMU-2,0x29,-1.5,179.56,74.62,3,3,0,3
2026-08-28T19:28:15.480,IMU-1,0x28,-1.62,-178.94,248.25,3,3,1,3
2026-08-28T19:28:15.483,IMU-2,0x29,-1.5,179.56,74.62,3,3,0,3
2026-08-28T19:28:15.580,IMU-1,0x28,-1.62,-178.94,248.25,3,3,1,3
2026-08-28T19:28:15.583,IMU-2,0x29,-1.5,179.56,74.62,3,3,0,3
2026-08-28T19:28:15.680,IMU-1,0x28,-1.62,-178.94,248.25,3,3,1,3
2026-08-28T19:28:15.683,IMU-2,0x29,-1.5,179.56,74.62,3,3,0,3
2026-08-28T19:28:15.781,IMU-1,0x28,-1.62,-178.94,248.25,3,3,1,3
2026-08-28T19:28:15.784,IMU-2,0x29,-1.5,179.56,74.62,3,3,0,3
2026-08-28T19:28:15.880,IMU-1,0x28,-1.62,-178.94,248.25,3,3,1,3
2026-08-28T19:28:15.883,IMU-2,0x29,-1.5,179.56,74.62,3,3,0,3
2026-08-28T19:28:15.980,IMU-1,0x28,-1.62,-178.94,248.25,3,3,1,3
2026-08-28T19:28:15.983,IMU-2,0x29,-1.5,179.56,74.62,3,3,0,3
2026-08-28T19:28:16.081,IMU-1,0x28,-1.62,-178.94,248.25,3,3,1,3
2026-08-28T19:28:16.084,IMU-2,0x29,-1.5,179.56,74.62,3,3,0,3
2026-08-28T19:28:16.181,IMU-1,0x28,-1.62,-178.94,248.25,3,3,1,3
2026-08-28T19:28:16.184,IMU-2,0x29,-1.5,179.56,74.62,3,3,0,3
2026-08-28T19:28:16.281,IMU-1,0x28,-1.62,-178.94,248.25,3,3,1,3
2026-08-28T19:28:16.284,IMU-2,0x29,-1.5,179.56,74.62,3,3,0,3
2026-08-28T19:28:16.381,IMU-1,0x28,-1.62,-178.94,248.25,3,3,1,3
2026-08-28T19:28:16.384,IMU-2,0x29,-1.5,179.56,74.62,3,3,0,3
2026-08-28T19:28:16.482,IMU-1,0x28,-1.62,-178.94,248.25,3,3,1,3
2026-08-28T19:28:16.485,IMU-2,0x29,-1.5,179.56,74.62,3,3,0,3
2026-08-28T19:28:16.582,IMU-1,0x28,-1.62,-178.94,248.25,3,3,1,3
2026-08-28T19:28:16.584,IMU-2,0x29,-1.5,179.56,74.62,3,3,0,3
2026-08-28T19:28:16.682,IMU-1,0x28,-1.62,-178.94,248.25,3,3,1,3
2026-08-28T19:28:16.684,IMU-2,0x29,-1.5,179.56,74.62,3,3,0,3
2026-08-28T19:28:16.783,IMU-1,0x28,-1.62,-178.94,248.25,3,3,1,3
2026-08-28T19:28:16.786,IMU-2,0x29,-1.5,179.56,74.62,3,3,0,3
2026-08-28T19:28:16.882,IMU-1,0x28,-1.62,-178.94,248.25,3,3,1,3
2026-08-28T19:28:16.884,IMU-2,0x29,-1.5,179.56,74.62,3,3,0,3
2026-08-28T19:28:16.982,IMU-1,0x28,-1.62,-178.94,248.25,3,3,1,3
2026-08-28T19:28:16.984,IMU-2,0x29,-1.5,179.56,74.62,3,3,0,3
2026-08-28T19:28:17.082,IMU-1,0x28,-1.62,-178.94,248.25,3,3,1,3
2026-08-28T19:28:17.084,IMU-2,0x29,-1.5,179.56,74.62,3,3,0,3
2026-08-28T19:28:17.182,IMU-1,0x28,-1.62,-178.94,248.25,3,3,1,3
2026-08-28T19:28:17.184,IMU-2,0x29,-1.5,179.56,74.62,3,3,0,3
2026-08-28T19:28:17.283,IMU-1,0x28,-1.62,-178.94,248.25,3,3,1,3
2026-08-28T19:28:17.284,IMU-2,0x29,-1.5,179.56,74.62,3,3,0,3
2026-08-28T19:28:17.383,IMU-1,0x28,-1.62,-178.94,248.25,3,3,1,3
2026-08-28T19:28:17.384,IMU-2,0x29,-1.5,179.56,74.62,3,3,0,3
2026-08-28T19:28:17.483,IMU-1,0x28,-1.62,-178.94,248.25,3,3,1,3
2026-08-28T19:28:17.484,IMU-2,0x29,-1.5,179.56,74.62,3,3,0,3
2026-08-28T19:28:17.583,IMU-1,0x28,-1.62,-178.94,248.25,3,3,1,3
2026-08-28T19:28:17.584,IMU-2,0x29,-1.5,179.56,74.62,3,3,0,3
2026-08-28T19:28:17.683,IMU-1,0x28,-1.62,-178.94,248.25,3,3,1,3
2026-08-28T19:28:17.684,IMU-2,0x29,-1.5,179.56,74.62,3,3,0,3
2026-08-28T19:28:17.783,IMU-1,0x28,-1.62,-178.94,248.25,3,3,1,3
2026-08-28T19:28:17.785,IMU-2,0x29,-1.5,179.56,74.62,3,3,0,3
2026-08-28T19:28:17.882,IMU-1,0x28,-1.62,-178.94,248.25,3,3,1,3
2026-08-28T19:28:17.885,IMU-2,0x29,-1.5,179.56,74.62,3,3,0,3
2026-08-28T19:28:17.982,IMU-1,0x28,-1.62,-178.94,248.25,3,3,1,3
2026-08-28T19:28:17.985,IMU-2,0x29,-1.5,179.56,74.62,3,3,0,3
2026-08-28T19:28:18.082,IMU-1,0x28,-1.62,-178.94,248.25,3,3,1,3
2026-08-28T19:28:18.085,IMU-2,0x29,-1.5,179.56,74.62,3,3,0,3
2026-08-28T19:28:18.182,IMU-1,0x28,-1.62,-178.94,248.25,3,3,1,3
2026-08-28T19:28:18.185,IMU-2,0x29,-1.5,179.56,74.62,3,3,0,3
2026-08-28T19:28:18.282,IMU-1,0x28,-1.62,-178.94,248.25,3,3,1,3
2026-08-28T19:28:18.285,IMU-2,0x29,-1.5,179.56,74.62,3,3,0,3
2026-08-28T19:28:18.382,IMU-1,0x28,-1.62,-178.94,248.25,3,3,1,3
2026-08-28T19:28:18.385,IMU-2,0x29,-1.5,179.56,74.62,3,3,0,3
2026-08-28T19:28:18.482,IMU-1,0x28,-1.62,-178.94,248.25,3,3,1,3
2026-08-28T19:28:18.485,IMU-2,0x29,-1.5,179.56,74.62,3,3,0,3
2026-08-28T19:28:18.582,IMU-1,0x28,-1.62,-178.94,248.25,3,3,1,3
2026-08-28T19:28:18.585,IMU-2,0x29,-1.5,179.56,74.62,3,3,0,3
2026-08-28T19:28:18.682,IMU-1,0x28,-1.62,-178.94,248.25,3,3,1,3
2026-08-28T19:28:18.685,IMU-2,0x29,-1.5,179.56,74.62,3,3,0,3
2026-08-28T19:28:18.782,IMU-1,0x28,-1.62,-178.94,248.25,3,3,1,3
2026-08-28T19:28:18.786,IMU-2,0x29,-1.5,179.56,74.62,3,3,0,3
2026-08-28T19:28:18.882,IMU-1,0x28,-1.62,-178.94,248.25,3,3,1,3
2026-08-28T19:28:18.885,IMU-2,0x29,-1.5,179.56,74.62,3,3,0,3
2026-08-28T19:28:18.982,IMU-1,0x28,-1.62,-178.94,248.25,3,3,1,3
2026-08-28T19:28:18.984,IMU-2,0x29,-1.5,179.56,74.62,3,3,0,3
2026-08-28T19:28:19.082,IMU-1,0x28,-1.62,-178.94,248.25,3,3,1,3
2026-08-28T19:28:19.084,IMU-2,0x29,-1.5,179.56,74.62,3,3,0,3
2026-08-28T19:28:19.182,IMU-1,0x28,-1.62,-178.94,248.25,3,3,1,3
2026-08-28T19:28:19.184,IMU-2,0x29,-1.5,179.56,74.62,3,3,0,3
2026-08-28T19:28:19.282,IMU-1,0x28,-1.62,-178.94,248.25,3,3,1,3
2026-08-28T19:28:19.284,IMU-2,0x29,-1.5,179.56,74.62,3,3,0,3
2026-08-28T19:28:19.383,IMU-1,0x28,-1.62,-178.94,248.25,3,3,1,3
2026-08-28T19:28:19.384,IMU-2,0x29,-1.5,179.56,74.62,3,3,0,3
2026-08-28T19:28:19.483,IMU-1,0x28,-1.62,-178.94,248.25,3,3,1,3
2026-08-28T19:28:19.484,IMU-2,0x29,-1.5,179.56,74.62,3,3,0,3
2026-08-28T19:28:19.583,IMU-1,0x28,-1.62,-178.94,248.25,3,3,1,3
2026-08-28T19:28:19.585,IMU-2,0x29,-1.5,179.56,74.62,3,3,0,3
2026-08-28T19:28:19.683,IMU-1,0x28,-1.62,-178.94,248.25,3,3,1,3
2026-08-28T19:28:19.685,IMU-2,0x29,-1.5,179.56,74.62,3,3,0,3
