timestamp,sensor_name,address,roll_deg,pitch_deg,yaw_deg,cal_system,cal_gyro,cal_accel,cal_mag
2026-09-03T00:50:37.056,IMU-1,0x28,-1.06,179.5,317.0,0,3,0,0
2026-09-03T00:50:37.060,IMU-2,0x29,0.0,0.0,0.0,0,0,0,0
2026-09-03T00:50:37.156,IMU-1,0x28,-1.06,179.5,317.0,0,3,0,0
2026-09-03T00:50:37.157,IMU-2,0x29,-2.0,177.94,269.88,0,0,0,0
2026-09-03T00:50:37.256,IMU-1,0x28,-1.06,179.5,317.0,0,3,0,0
2026-09-03T00:50:37.257,IMU-2,0x29,-2.0,177.94,269.88,0,0,0,0
2026-09-03T00:50:37.356,IMU-1,0x28,-1.06,179.5,317.0,0,3,0,0
2026-09-03T00:50:37.357,IMU-2,0x29,-2.0,177.94,269.88,0,0,0,0
2026-09-03T00:50:37.456,IMU-1,0x28,-1.06,179.5,317.0,0,3,0,0
2026-09-03T00:50:37.458,IMU-2,0x29,-2.0,177.94,269.88,0,0,0,0
2026-09-03T00:50:37.556,IMU-1,0x28,-1.06,179.5,317.0,0,3,0,0
2026-09-03T00:50:37.558,IMU-2,0x29,-2.0,177.94,269.88,0,0,0,0
2026-09-03T00:50:37.657,IMU-1,0x28,-1.06,179.5,317.0,0,3,0,0
2026-09-03T00:50:37.658,IMU-2,0x29,-2.0,177.94,269.88,0,0,0,0
2026-09-03T00:50:37.757,IMU-1,0x28,-1.06,179.5,317.0,0,3,0,0
2026-09-03T00:50:37.758,IMU-2,0x29,-2.0,177.94,269.88,0,0,0,0
2026-09-03T00:50:37.857,IMU-1,0x28,-1.06,179.5,317.0,0,3,0,0
2026-09-03T00:50:37.859,IMU-2,0x29,-1.94,177.94,269.88,0,0,0,0
2026-09-03T00:50:37.958,IMU-1,0x28,-1.06,179.5,317.0,0,3,0,0
2026-09-03T00:50:37.960,IMU-2,0x29,-1.94,177.94,269.88,0,3,0,0
2026-09-03T00:50:38.057,IMU-1,0x28,-1.06,179.5,317.0,0,3,0,0
2026-09-03T00:50:38.059,IMU-2,0x29,-1.94,177.94,269.88,0,3,0,0
2026-09-03T00:50:38.157,IMU-1,0x28,-1.06,179.5,317.0,0,3,0,0
2026-09-03T00:50:38.159,IMU-2,0x29,-1.94,177.94,269.88,0,3,0,0
2026-09-03T00:50:38.256,IMU-1,0x28,-1.06,179.5,317.0,0,3,0,0
2026-09-03T00:50:38.259,IMU-2,0x29,-1.94,177.94,269.88,0,3,0,0
2026-09-03T00:50:38.356,IMU-1,0x28,-1.06,179.5,317.0,0,3,0,0
2026-09-03T00:50:38.359,IMU-2,0x29,-1.94,177.94,269.88,0,3,0,0
2026-09-03T00:50:38.456,IMU-1,0x28,-1.06,179.5,317.0,0,3,0,0
2026-09-03T00:50:38.459,IMU-2,0x29,-1.94,177.94,269.88,0,3,0,0
2026-09-03T00:50:38.556,IMU-1,0x28,-1.06,179.5,317.0,0,3,0,0
2026-09-03T00:50:38.559,IMU-2,0x29,-1.94,177.94,269.88,0,3,0,0
2026-09-03T00:50:38.656,IMU-1,0x28,-1.06,179.5,317.0,0,3,0,0
2026-09-03T00:50:38.659,IMU-2,0x29,-1.94,177.94,269.88,0,3,0,0
2026-09-03T00:50:38.756,IMU-1,0x28,-1.06,179.5,317.0,0,3,0,0
2026-09-03T00:50:38.759,IMU-2,0x29,-1.94,177.94,269.88,0,3,0,0
2026-09-03T00:50:38.856,IMU-1,0x28,-1.06,179.5,317.0,0,3,0,0
2026-09-03T00:50:38.859,IMU-2,0x29,-1.94,177.94,269.88,0,3,0,0
2026-09-03T00:50:38.957,IMU-1,0x28,-1.06,179.5,317.0,0,3,0,0
2026-09-03T00:50:38.960,IMU-2,0x29,-1.94,177.94,269.88,0,3,0,0
2026-09-03T00:50:39.056,IMU-1,0x28,-1.06,179.5,317.0,0,3,0,0
2026-09-03T00:50:39.059,IMU-2,0x29,-1.94,177.94,269.88,0,3,0,0
2026-09-03T00:50:39.156,IMU-1,0x28,-1.06,179.5,317.0,0,3,0,0
2026-09-03T00:50:39.159,IMU-2,0x29,-1.94,177.94,269.88,0,3,0,0
2026-09-03T00:50:39.256,IMU-1,0x28,-1.06,179.5,317.0,0,3,0,0
2026-09-03T00:50:39.259,IMU-2,0x29,-1.94,177.94,269.88,0,3,0,0
2026-09-03T00:50:39.356,IMU-1,0x28,-1.06,179.5,317.0,0,3,0,0
2026-09-03T00:50:39.358,IMU-2,0x29,-1.94,177.94,269.88,0,3,0,0
2026-09-03T00:50:39.456,IMU-1,0x28,-1.06,179.5,317.0,0,3,0,0
2026-09-03T00:50:39.458,IMU-2,0x29,-1.94,177.94,269.88,0,3,0,0
2026-09-03T00:50:39.556,IMU-1,0x28,-1.06,179.5,317.0,0,3,0,0
2026-09-03T00:50:39.558,IMU-2,0x29,-1.94,177.94,269.88,0,3,0,0
2026-09-03T00:50:39.656,IMU-1,0x28,-1.06,179.5,317.0,0,3,0,0
2026-09-03T00:50:39.658,IMU-2,0x29,-1.94,177.94,269.88,0,3,0,0
2026-09-03T00:50:39.757,IMU-1,0x28,-1.06,179.5,317.0,0,3,0,0
2026-09-03T00:50:39.758,IMU-2,0x29,-1.94,177.94,269.88,0,3,0,0
2026-09-03T00:50:39.857,IMU-1,0x28,-1.06,179.5,317.0,0,3,0,0
2026-09-03T00:50:39.858,IMU-2,0x29,-1.94,177.94,269.88,0,3,0,0
2026-09-03T00:50:39.957,IMU-1,0x28,-1.06,179.5,317.0,0,3,0,0
2026-09-03T00:50:39.959,IMU-2,0x29,-1.94,177.94,269.88,0,3,0,0
2026-09-03T00:50:40.057,IMU-1,0x28,-1.06,179.5,317.0,0,3,0,0
2026-09-03T00:50:40.058,IMU-2,0x29,-1.94,177.94,269.88,0,3,0,0
2026-09-03T00:50:40.157,IMU-1,0x28,-1.06,179.5,317.0,0,3,0,0
2026-09-03T00:50:40.158,IMU-2,0x29,-1.94,177.94,269.88,0,3,0,0
2026-09-03T00:50:40.257,IMU-1,0x28,-1.06,179.5,317.0,0,3,0,0
2026-09-03T00:50:40.259,IMU-2,0x29,-1.94,177.94,269.88,0,3,0,0
2026-09-03T00:50:40.357,IMU-1,0x28,-1.06,179.5,317.0,0,3,0,0
2026-09-03T00:50:40.359,IMU-2,0x29,-1.94,177.94,269.88,0,3,0,0
2026-09-03T00:50:40.458,IMU-1,0x28,-1.06,179.5,317.0,0,3,0,0
2026-09-03T00:50:40.459,IMU-2,0x29,-1.94,177.94,269.88,0,3,0,0
2026-09-03T00:50:40.558,IMU-1,0x28,-1.06,179.5,317.0,0,3,0,0
2026-09-03T00:50:40.560,IMU-2,0x29,-1.94,177.94,269.88,0,3,0,0
2026-09-03T00:50:40.658,IMU-1,0x28,-1.06,179.5,317.0,0,3,0,0
2026-09-03T00:50:40.660,IMU-2,0x29,-1.94,177.94,269.88,0,3,0,0
2026-09-03T00:50:40.758,IMU-1,0x28,-1.06,179.5,317.0,0,3,0,0
2026-09-03T00:50:40.760,IMU-2,0x29,-1.94,177.94,269.88,0,3,0,0
2026-09-03T00:50:40.859,IMU-1,0x28,-1.06,179.5,317.0,0,3,0,0
2026-09-03T00:50:40.861,IMU-2,0x29,-1.94,177.94,269.88,0,3,0,0
2026-09-03T00:50:40.959,IMU-1,0x28,-1.06,179.5,317.0,0,3,0,0
2026-09-03T00:50:40.962,IMU-2,0x29,-1.94,177.94,269.88,0,3,0,0
2026-09-03T00:50:41.059,IMU-1,0x28,-1.06,179.5,317.0,0,3,0,0
2026-09-03T00:50:41.062,IMU-2,0x29,-1.94,177.94,269.88,0,3,0,0
2026-09-03T00:50:41.159,IMU-1,0x28,-1.06,179.5,317.0,0,3,0,0
2026-09-03T00:50:41.162,IMU-2,0x29,-1.94,177.94,269.88,0,3,0,0
2026-09-03T00:50:41.259,IMU-1,0x28,-1.06,179.5,317.0,0,3,0,0
2026-09-03T00:50:41.262,IMU-2,0x29,-1.94,177.94,269.88,0,3,0,0
2026-09-03T00:50:41.359,IMU-1,0x28,-1.06,179.5,317.0,0,3,0,0
2026-09-03T00:50:41.362,IMU-2,0x29,-1.94,177.94,269.88,0,3,0,0
2026-09-03T00:50:41.459,IMU-1,0x28,-1.06,179.5,317.0,0,3,0,0
2026-09-03T00:50:41.462,IMU-2,0x29,-1.94,177.94,269.88,0,3,0,0
2026-09-03T00:50:41.559,IMU-1,0x28,-1.06,179.5,317.0,0,3,0,0
2026-09-03T00:50:41.562,IMU-2,0x29,-1.94,177.94,269.88,0,3,0,0
2026-09-03T00:50:41.659,IMU-1,0x28,-1.06,179.5,317.0,0,3,0,0
2026-09-03T00:50:41.662,IMU-2,0x29,-1.94,177.94,269.88,0,3,0,0
2026-09-03T00:50:41.759,IMU-1,0x28,-1.06,179.5,317.0,0,3,0,0
2026-09-03T00:50:41.762,IMU-2,0x29,-1.94,177.94,269.88,0,3,0,0
2026-09-03T00:50:41.859,IMU-1,0x28,-1.06,179.5,317.0,0,3,0,0
2026-09-03T00:50:41.863,IMU-2,0x29,-1.94,177.94,269.88,0,3,0,0
2026-09-03T00:50:41.960,IMU-1,0x28,-1.06,179.5,317.0,0,3,0,0
2026-09-03T00:50:41.964,IMU-2,0x29,-1.94,177.94,269.88,0,3,0,0
2026-09-03T00:50:42.060,IMU-1,0x28,-1.06,179.5,317.0,0,3,0,0
2026-09-03T00:50:42.062,IMU-2,0x29,-1.94,177.94,269.88,0,3,0,0
2026-09-03T00:50:42.160,IMU-1,0x28,-1.06,179.5,317.0,0,3,0,0
2026-09-03T00:50:42.162,IMU-2,0x29,-1.94,177.94,269.88,0,3,0,0
2026-09-03T00:50:42.260,IMU-1,0x28,-1.06,179.5,317.0,0,3,0,0
2026-09-03T00:50:42.261,IMU-2,0x29,-1.94,177.94,269.88,0,3,0,0
2026-09-03T00:50:42.360,IMU-1,0x28,-1.06,179.5,317.0,0,3,0,0
2026-09-03T00:50:42.361,IMU-2,0x29,-1.94,177.94,269.88,0,3,0,0
2026-09-03T00:50:42.459,IMU-1,0x28,-1.06,179.5,317.0,0,3,0,0
2026-09-03T00:50:42.461,IMU-2,0x29,-1.94,177.94,269.88,0,3,0,0
2026-09-03T00:50:42.559,IMU-1,0x28,-1.06,179.5,317.0,0,3,0,0
2026-09-03T00:50:42.561,IMU-2,0x29,-1.94,177.94,269.88,0,3,0,0
2026-09-03T00:50:42.659,IMU-1,0x28,-1.06,179.5,317.0,0,3,0,0
2026-09-03T00:50:42.660,IMU-2,0x29,-1.94,177.94,269.88,0,3,0,0
2026-09-03T00:50:42.759,IMU-1,0x28,-1.06,179.5,317.0,0,3,0,0
2026-09-03T00:50:42.760,IMU-2,0x29,-1.94,177.94,269.88,0,3,0,0
2026-09-03T00:50:42.859,IMU-1,0x28,-1.06,179.5,317.0,0,3,0,0
2026-09-03T00:50:42.861,IMU-2,0x29,-1.94,177.94,269.88,0,3,0,0
2026-09-03T00:50:42.959,IMU-1,0x28,-1.06,179.5,317.0,0,3,0,0
2026-09-03T00:50:42.961,IMU-2,0x29,-1.94,177.94,269.88,0,3,0,0
2026-09-03T00:50:43.059,IMU-1,0x28,-1.06,179.5,317.0,0,3,0,0
2026-09-03T00:50:43.061,IMU-2,0x29,-1.94,177.94,269.88,0,3,0,0
2026-09-03T00:50:43.159,IMU-1,0x28,-1.06,179.5,317.0,0,3,0,0
2026-09-03T00:50:43.161,IMU-2,0x29,-1.94,177.94,269.88,0,3,0,0
2026-09-03T00:50:43.259,IMU-1,0x28,-1.06,179.5,317.0,0,3,0,0
2026-09-03T00:50:43.261,IMU-2,0x29,-1.94,177.94,269.88,0,3,0,0
2026-09-03T00:50:43.359,IMU-1,0x28,-1.06,179.5,317.0,0,3,0,0
2026-09-03T00:50:43.362,IMU-2,0x29,-1.94,177.94,269.88,0,3,0,0
2026-09-03T00:50:43.459,IMU-1,0x28,-1.06,179.5,317.0,0,3,0,0
2026-09-03T00:50:43.462,IMU-2,0x29,-1.94,177.94,269.88,0,3,0,0
2026-09-03T00:50:43.559,IMU-1,0x28,-1.06,179.5,317.0,0,3,0,0
2026-09-03T00:50:43.562,IMU-2,0x29,-1.94,177.94,269.88,0,3,0,0
2026-09-03T00:50:43.659,IMU-1,0x28,-1.06,179.5,317.0,0,3,0,0
2026-09-03T00:50:43.662,IMU-2,0x29,-1.94,177.94,269.88,0,3,0,0
2026-09-03T00:50:43.759,IMU-1,0x28,-1.06,179.5,317.0,0,3,0,0
2026-09-03T00:50:43.763,IMU-2,0x29,-1.94,177.94,269.88,0,3,0,0
2026-09-03T00:50:43.860,IMU-1,0x28,-1.06,179.5,317.0,0,3,0,0
2026-09-03T00:50:43.863,IMU-2,0x29,-1.94,177.94,269.88,0,3,0,0
2026-09-03T00:50:43.960,IMU-1,0x28,-1.06,179.5,317.0,0,3,0,0
2026-09-03T00:50:43.964,IMU-2,0x29,-1.94,177.94,269.88,0,3,0,0
2026-09-03T00:50:44.060,IMU-1,0x28,-1.06,179.5,317.0,0,3,0,0
2026-09-03T00:50:44.063,IMU-2,0x29,-1.94,177.94,269.88,0,3,0,0
2026-09-03T00:50:44.160,IMU-1,0x28,-1.06,179.5,317.0,0,3,0,0
2026-09-03T00:50:44.163,IMU-2,0x29,-1.94,177.94,269.88,0,3,0,0
2026-09-03T00:50:44.261,IMU-1,0x28,-1.06,179.5,317.0,0,3,0,0
2026-09-03T00:50:44.264,IMU-2,0x29,-1.94,177.94,269.88,0,3,0,0
2026-09-03T00:50:44.361,IMU-1,0x28,-1.06,179.5,317.0,0,3,0,0
2026-09-03T00:50:44.364,IMU-2,0x29,-1.94,177.94,269.88,0,3,0,0
2026-09-03T00:50:44.461,IMU-1,0x28,-1.06,179.5,317.0,0,3,0,0
2026-09-03T00:50:44.464,IMU-2,0x29,-1.94,177.94,269.88,0,3,0,0
2026-09-03T00:50:44.561,IMU-1,0x28,-1.06,179.5,317.0,0,3,0,0
2026-09-03T00:50:44.564,IMU-2,0x29,-1.94,177.94,269.88,0,3,0,0
2026-09-03T00:50:44.661,IMU-1,0x28,-1.06,179.5,317.0,0,3,0,0
2026-09-03T00:50:44.664,IMU-2,0x29,-1.94,177.94,269.88,0,3,0,0
2026-09-03T00:50:44.761,IMU-1,0x28,-1.06,179.5,317.0,0,3,0,0
2026-09-03T00:50:44.764,IMU-2,0x29,-1.94,177.94,269.88,0,3,0,0
2026-09-03T00:50:44.861,IMU-1,0x28,-1.06,179.5,317.0,0,3,0,0
2026-09-03T00:50:44.864,IMU-2,0x29,-1.94,177.94,269.88,0,3,0,0
2026-09-03T00:50:44.962,IMU-1,0x28,-1.06,179.5,317.0,0,3,0,0
2026-09-03T00:50:44.966,IMU-2,0x29,-1.94,177.94,269.88,0,3,0,0
2026-09-03T00:50:45.061,IMU-1,0x28,-1.06,179.5,317.0,0,3,0,0
2026-09-03T00:50:45.063,IMU-2,0x29,-1.94,177.94,269.88,0,3,0,0
2026-09-03T00:50:45.162,IMU-1,0x28,-1.06,179.5,317.0,0,3,0,0
2026-09-03T00:50:45.163,IMU-2,0x29,-1.94,177.94,269.88,0,3,0,0
2026-09-03T00:50:45.262,IMU-1,0x28,-1.06,179.5,317.0,0,3,0,0
2026-09-03T00:50:45.263,IMU-2,0x29,-1.94,177.94,269.88,0,3,0,0
2026-09-03T00:50:45.362,IMU-1,0x28,-1.06,179.5,317.0,0,3,0,0
2026-09-03T00:50:45.363,IMU-2,0x29,-1.94,177.94,269.88,0,3,0,0
2026-09-03T00:50:45.462,IMU-1,0x28,-1.06,179.5,317.0,0,3,0,0
2026-09-03T00:50:45.463,IMU-2,0x29,-1.94,177.94,269.88,0,3,0,0
2026-09-03T00:50:45.561,IMU-1,0x28,-1.06,179.5,317.0,0,3,0,0
2026-09-03T00:50:45.563,IMU-2,0x29,-1.94,177.94,269.88,0,3,0,0
2026-09-03T00:50:45.661,IMU-1,0x28,-1.06,179.5,317.0,0,3,0,0
2026-09-03T00:50:45.663,IMU-2,0x29,-1.94,177.94,269.88,0,3,0,0
2026-09-03T00:50:45.760,IMU-1,0x28,-1.06,179.5,317.0,0,3,0,0
2026-09-03T00:50:45.763,IMU-2,0x29,-1.94,177.94,269.88,0,3,0,0
2026-09-03T00:50:45.860,IMU-1,0x28,-1.06,179.5,317.0,0,3,0,0
2026-09-03T00:50:45.863,IMU-2,0x29,-1.94,177.94,269.88,0,3,0,0
2026-09-03T00:50:45.961,IMU-1,0x28,-1.06,179.5,317.0,0,3,0,0
2026-09-03T00:50:45.964,IMU-2,0x29,-1.94,177.94,269.88,0,3,0,0
2026-09-03T00:50:46.060,IMU-1,0x28,-1.06,179.5,317.0,0,3,0,0
2026-09-03T00:50:46.063,IMU-2,0x29,-1.94,177.94,269.88,0,3,0,0
2026-09-03T00:50:46.160,IMU-1,0x28,-1.06,179.5,317.0,0,3,0,0
2026-09-03T00:50:46.163,IMU-2,0x29,-1.94,177.94,269.88,0,3,0,0
2026-09-03T00:50:46.261,IMU-1,0x28,-1.06,179.5,317.0,0,3,0,0
2026-09-03T00:50:46.264,IMU-2,0x29,-1.94,177.94,269.88,0,3,0,0
2026-09-03T00:50:46.362,IMU-1,0x28,-1.06,179.5,317.0,0,3,0,0
2026-09-03T00:50:46.365,IMU-2,0x29,-1.94,177.94,269.88,0,3,0,0
2026-09-03T00:50:46.461,IMU-1,0x28,-1.06,179.5,317.0,0,3,0,0
2026-09-03T00:50:46.464,IMU-2,0x29,-1.94,177.94,269.88,0,3,0,0
2026-09-03T00:50:46.561,IMU-1,0x28,-1.06,179.5,317.0,0,3,0,0
2026-09-03T00:50:46.564,IMU-2,0x29,-1.94,177.94,269.88,0,3,0,0
2026-09-03T00:50:46.661,IMU-1,0x28,-1.06,179.5,317.0,0,3,0,0
2026-09-03T00:50:46.664,IMU-2,0x29,-1.94,177.94,269.88,0,3,0,0
2026-09-03T00:50:46.761,IMU-1,0x28,-1.06,179.5,317.0,0,3,0,0
2026-09-03T00:50:46.764,IMU-2,0x29,-1.94,177.94,269.88,0,3,0,0
2026-09-03T00:50:46.861,IMU-1,0x28,-1.06,179.5,317.0,0,3,0,0
2026-09-03T00:50:46.864,IMU-2,0x29,-1.94,177.94,269.88,0,3,0,0
2026-09-03T00:50:46.962,IMU-1,0x28,-1.06,179.5,317.0,0,3,0,0
2026-09-03T00:50:46.966,IMU-2,0x29,-1.94,177.94,269.88,0,3,0,0
2026-09-03T00:50:47.062,IMU-1,0x28,-1.06,179.5,317.0,0,3,0,0
2026-09-03T00:50:47.065,IMU-2,0x29,-1.94,177.94,269.88,0,3,0,0
2026-09-03T00:50:47.162,IMU-1,0x28,-1.06,179.5,317.0,0,3,0,0
2026-09-03T00:50:47.164,IMU-2,0x29,-1.94,177.94,269.88,0,3,0,0
2026-09-03T00:50:47.262,IMU-1,0x28,-1.06,179.5,317.0,0,3,0,0
2026-09-03T00:50:47.264,IMU-2,0x29,-1.94,177.94,269.88,0,3,0,0
2026-09-03T00:50:47.362,IMU-1,0x28,-1.06,179.5,317.0,0,3,0,0
2026-09-03T00:50:47.364,IMU-2,0x29,-1.94,177.94,269.88,0,3,0,0
2026-09-03T00:50:47.462,IMU-1,0x28,-1.06,179.5,317.0,0,3,0,0
2026-09-03T00:50:47.464,IMU-2,0x29,-1.94,177.94,269.88,0,3,0,0
2026-09-03T00:50:47.563,IMU-1,0x28,-1.06,179.5,317.0,0,3,0,0
2026-09-03T00:50:47.564,IMU-2,0x29,-1.94,177.94,269.88,0,3,0,0
2026-09-03T00:50:47.663,IMU-1,0x28,-1.06,179.5,317.0,0,3,0,0
2026-09-03T00:50:47.664,IMU-2,0x29,-1.94,177.94,269.88,0,3,0,0
2026-09-03T00:50:47.763,IMU-1,0x28,-1.06,179.5,317.0,0,3,0,0
2026-09-03T00:50:47.764,IMU-2,0x29,-1.94,177.94,269.88,0,3,0,0
2026-09-03T00:50:47.863,IMU-1,0x28,-1.06,179.5,317.0,0,3,0,0
2026-09-03T00:50:47.864,IMU-2,0x29,-1.94,177.94,269.88,0,3,0,0
2026-09-03T00:50:47.964,IMU-1,0x28,-1.06,179.5,317.0,0,3,0,0
2026-09-03T00:50:47.966,IMU-2,0x29,-1.94,177.94,269.88,0,3,0,0
2026-09-03T00:50:48.063,IMU-1,0x28,-1.06,179.5,317.0,0,3,0,0
2026-09-03T00:50:48.065,IMU-2,0x29,-1.94,177.94,269.88,0,3,0,0
2026-09-03T00:50:48.163,IMU-1,0x28,-1.06,179.5,317.0,0,3,0,0
2026-09-03T00:50:48.165,IMU-2,0x29,-1.94,177.94,269.88,0,3,0,0
2026-09-03T00:50:48.263,IMU-1,0x28,-1.06,179.5,317.0,0,3,0,0
2026-09-03T00:50:48.265,IMU-2,0x29,-1.94,177.94,269.88,0,3,0,0
2026-09-03T00:50:48.363,IMU-1,0x28,-1.06,179.5,317.0,0,3,0,0
2026-09-03T00:50:48.365,IMU-2,0x29,-1.94,177.94,269.88,0,3,0,0
2026-09-03T00:50:48.463,IMU-1,0x28,-1.06,179.5,317.0,0,3,0,0
2026-09-03T00:50:48.465,IMU-2,0x29,-1.94,177.94,269.88,0,3,0,0
2026-09-03T00:50:48.564,IMU-1,0x28,-1.06,179.5,317.0,0,3,0,0
2026-09-03T00:50:48.566,IMU-2,0x29,-1.94,177.94,269.88,0,3,0,0
2026-09-03T00:50:48.664,IMU-1,0x28,-1.06,179.5,317.0,0,3,0,0
2026-09-03T00:50:48.666,IMU-2,0x29,-1.94,177.94,269.88,0,3,0,0
2026-09-03T00:50:48.764,IMU-1,0x28,-1.06,179.5,317.0,0,3,0,0
2026-09-03T00:50:48.766,IMU-2,0x29,-1.94,177.94,269.88,0,3,0,0
2026-09-03T00:50:48.864,IMU-1,0x28,-1.06,179.5,317.0,0,3,0,0
2026-09-03T00:50:48.866,IMU-2,0x29,-1.94,177.94,269.88,0,3,0,0
2026-09-03T00:50:48.964,IMU-1,0x28,-1.06,179.5,317.0,0,3,0,0
2026-09-03T00:50:48.967,IMU-2,0x29,-1.94,177.94,269.88,0,3,0,0
2026-09-03T00:50:49.063,IMU-1,0x28,-1.06,179.5,317.0,0,3,0,0
2026-09-03T00:50:49.066,IMU-2,0x29,-1.94,177.94,269.88,0,3,0,0
2026-09-03T00:50:49.163,IMU-1,0x28,-1.06,179.5,317.0,0,3,0,0
2026-09-03T00:50:49.165,IMU-2,0x29,-1.94,177.94,269.88,0,3,0,0
2026-09-03T00:50:49.262,IMU-1,0x28,-1.06,179.5,317.0,0,3,0,0
2026-09-03T00:50:49.264,IMU-2,0x29,-1.94,177.94,269.88,0,3,0,0
2026-09-03T00:50:49.362,IMU-1,0x28,-1.06,179.5,317.0,0,3,0,0
2026-09-03T00:50:49.364,IMU-2,0x29,-1.94,177.94,269.88,0,3,0,0
2026-09-03T00:50:49.462,IMU-1,0x28,-1.06,179.5,317.0,0,3,0,0
2026-09-03T00:50:49.464,IMU-2,0x29,-1.94,177.94,269.88,0,3,0,0
2026-09-03T00:50:49.563,IMU-1,0x28,-1.06,179.5,317.0,0,3,0,0
2026-09-03T00:50:49.564,IMU-2,0x29,-1.94,177.94,269.88,0,3,0,0
2026-09-03T00:50:49.663,IMU-1,0x28,-1.06,179.5,317.0,0,3,0,0
2026-09-03T00:50:49.664,IMU-2,0x29,-1.94,177.94,269.88,0,3,0,0
2026-09-03T00:50:49.763,IMU-1,0x28,-1.06,179.5,317.0,0,3,0,0
2026-09-03T00:50:49.764,IMU-2,0x29,-1.94,177.94,269.88,0,3,0,0
2026-09-03T00:50:49.863,IMU-1,0x28,-1.06,179.5,317.0,0,3,0,0
2026-09-03T00:50:49.864,IMU-2,0x29,-1.94,177.94,269.88,0,3,0,0
2026-09-03T00:50:49.963,IMU-1,0x28,-1.06,179.5,317.0,0,3,0,0
2026-09-03T00:50:49.965,IMU-2,0x29,-1.94,177.94,269.88,0,3,0,0
2026-09-03T00:50:50.063,IMU-1,0x28,-1.06,179.5,317.0,0,3,0,0
2026-09-03T00:50:50.064,IMU-2,0x29,-1.94,177.94,269.88,0,3,0,0
2026-09-03T00:50:50.163,IMU-1,0x28,-1.06,179.5,317.0,0,3,0,0
2026-09-03T00:50:50.165,IMU-2,0x29,-1.94,177.94,269.88,0,3,0,0
2026-09-03T00:50:50.263,IMU-1,0x28,-1.06,179.5,317.0,0,3,0,0
2026-09-03T00:50:50.265,IMU-2,0x29,-1.94,177.94,269.88,0,3,0,0
2026-09-03T00:50:50.363,IMU-1,0x28,-1.06,179.5,317.0,0,3,0,0
2026-09-03T00:50:50.365,IMU-2,0x29,-1.94,177.94,269.88,0,3,0,0
2026-09-03T00:50:50.464,IMU-1,0x28,-1.06,179.5,317.0,0,3,0,0
2026-09-03T00:50:50.465,IMU-2,0x29,-1.94,177.94,269.88,0,3,0,0
2026-09-03T00:50:50.564,IMU-1,0x28,-1.06,179.5,317.0,0,3,0,0
2026-09-03T00:50:50.566,IMU-2,0x29,-1.94,177.94,269.88,0,3,0,0
2026-09-03T00:50:50.664,IMU-1,0x28,-1.06,179.5,317.0,0,3,0,0
2026-09-03T00:50:50.666,IMU-2,0x29,-1.94,177.94,269.88,0,3,0,0
2026-09-03T00:50:50.764,IMU-1,0x28,-1.06,179.5,317.0,0,3,0,0
2026-09-03T00:50:50.766,IMU-2,0x29,-1.94,177.94,269.88,0,3,0,0
2026-09-03T00:50:50.865,IMU-1,0x28,-1.06,179.5,317.0,0,3,0,0
2026-09-03T00:50:50.866,IMU-2,0x29,-1.94,177.94,269.88,0,3,0,0
2026-09-03T00:50:50.965,IMU-1,0x28,-1.06,179.5,317.0,0,3,0,0
2026-09-03T00:50:50.967,IMU-2,0x29,-1.94,177.94,269.88,0,3,0,0
2026-09-03T00:50:51.065,IMU-1,0x28,-1.06,179.5,317.0,0,3,0,0
2026-09-03T00:50:51.067,IMU-2,0x29,-1.94,177.94,269.88,0,3,0,0
2026-09-03T00:50:51.165,IMU-1,0x28,-1.06,179.5,317.0,0,3,0,0
2026-09-03T00:50:51.168,IMU-2,0x29,-1.94,177.94,269.88,0,3,0,0
2026-09-03T00:50:51.265,IMU-1,0x28,-1.06,179.5,317.0,0,3,0,0
2026-09-03T00:50:51.268,IMU-2,0x29,-1.94,177.94,269.88,0,3,0,0
2026-09-03T00:50:51.365,IMU-1,0x28,-1.06,179.5,317.0,0,3,0,0
2026-09-03T00:50:51.368,IMU-2,0x29,-1.94,177.94,269.88,0,3,0,0
2026-09-03T00:50:51.465,IMU-1,0x28,-1.06,179.5,317.0,0,3,0,0
2026-09-03T00:50:51.468,IMU-2,0x29,-1.94,177.94,269.88,0,3,0,0
2026-09-03T00:50:51.565,IMU-1,0x28,-1.06,179.5,317.0,0,3,0,0
2026-09-03T00:50:51.568,IMU-2,0x29,-1.94,177.94,269.88,0,3,0,0
2026-09-03T00:50:51.666,IMU-1,0x28,-1.06,179.5,317.0,0,3,0,0
2026-09-03T00:50:51.669,IMU-2,0x29,-1.94,177.94,269.88,0,3,0,0
2026-09-03T00:50:51.766,IMU-1,0x28,-1.06,179.5,317.0,0,3,0,0
2026-09-03T00:50:51.769,IMU-2,0x29,-1.94,177.94,269.88,0,3,0,0
2026-09-03T00:50:51.866,IMU-1,0x28,-1.06,179.5,317.0,0,3,0,0
2026-09-03T00:50:51.869,IMU-2,0x29,-1.94,177.94,269.88,0,3,0,0
2026-09-03T00:50:51.967,IMU-1,0x28,-1.06,179.5,317.0,0,3,0,0
2026-09-03T00:50:51.970,IMU-2,0x29,-1.94,177.94,269.88,0,3,0,0
2026-09-03T00:50:52.066,IMU-1,0x28,-1.06,179.5,317.0,0,3,0,0
2026-09-03T00:50:52.069,IMU-2,0x29,-1.94,177.94,269.88,0,3,0,0
2026-09-03T00:50:52.166,IMU-1,0x28,-1.06,179.5,317.0,0,3,0,0
2026-09-03T00:50:52.169,IMU-2,0x29,-1.94,177.94,269.88,0,3,0,0
2026-09-03T00:50:52.266,IMU-1,0x28,-1.06,179.5,317.0,0,3,0,0
2026-09-03T00:50:52.269,IMU-2,0x29,-1.94,177.94,269.88,0,3,0,0
2026-09-03T00:50:52.366,IMU-1,0x28,-1.06,179.5,317.0,0,3,0,0
2026-09-03T00:50:52.369,IMU-2,0x29,-1.94,177.94,269.88,0,3,0,0
2026-09-03T00:50:52.466,IMU-1,0x28,-1.06,179.5,317.0,0,3,0,0
2026-09-03T00:50:52.469,IMU-2,0x29,-1.94,177.94,269.88,0,3,0,0
2026-09-03T00:50:52.565,IMU-1,0x28,-1.06,179.5,317.0,0,3,0,0
2026-09-03T00:50:52.567,IMU-2,0x29,-1.94,177.94,269.88,0,3,0,0
2026-09-03T00:50:52.665,IMU-1,0x28,-1.06,179.5,317.0,0,3,0,0
2026-09-03T00:50:52.666,IMU-2,0x29,-1.94,177.94,269.88,0,3,0,0
2026-09-03T00:50:52.765,IMU-1,0x28,-1.06,179.5,317.0,0,3,0,0
2026-09-03T00:50:52.766,IMU-2,0x29,-1.94,177.94,269.88,0,3,0,0
2026-09-03T00:50:52.865,IMU-1,0x28,-1.06,179.5,317.0,0,3,0,0
2026-09-03T00:50:52.866,IMU-2,0x29,-1.94,177.94,269.88,0,3,0,0
2026-09-03T00:50:52.965,IMU-1,0x28,-1.06,179.5,317.0,0,3,0,0
2026-09-03T00:50:52.967,IMU-2,0x29,-1.94,177.94,269.88,0,3,0,0
2026-09-03T00:50:53.065,IMU-1,0x28,-1.06,179.5,317.0,0,3,0,0
2026-09-03T00:50:53.066,IMU-2,0x29,-1.94,177.94,269.88,0,3,0,0
2026-09-03T00:50:53.165,IMU-1,0x28,-1.06,179.5,317.0,0,3,0,0
2026-09-03T00:50:53.167,IMU-2,0x29,-1.94,177.94,269.88,0,3,0,0
2026-09-03T00:50:53.265,IMU-1,0x28,-1.06,179.5,317.0,0,3,0,0
2026-09-03T00:50:53.267,IMU-2,0x29,-1.94,177.94,269.88,0,3,0,0
2026-09-03T00:50:53.365,IMU-1,0x28,-1.06,179.5,317.0,0,3,0,0
2026-09-03T00:50:53.367,IMU-2,0x29,-1.94,177.94,269.88,0,3,0,0
2026-09-03T00:50:53.465,IMU-1,0x28,-1.06,179.5,317.0,0,3,0,0
2026-09-03T00:50:53.467,IMU-2,0x29,-1.94,177.94,269.88,0,3,0,0
2026-09-03T00:50:53.565,IMU-1,0x28,-1.06,179.5,317.0,0,3,0,0
2026-09-03T00:50:53.568,IMU-2,0x29,-1.94,177.94,269.88,0,3,0,0
2026-09-03T00:50:53.665,IMU-1,0x28,-1.06,179.5,317.0,0,3,0,0
2026-09-03T00:50:53.668,IMU-2,0x29,-1.94,177.94,269.88,0,3,0,0
2026-09-03T00:50:53.765,IMU-1,0x28,-1.06,179.5,317.0,0,3,0,0
2026-09-03T00:50:53.768,IMU-2,0x29,-1.94,177.94,269.88,0,3,0,0
2026-09-03T00:50:53.866,IMU-1,0x28,-1.06,179.5,317.0,0,3,0,0
2026-09-03T00:50:53.869,IMU-2,0x29,-1.94,177.94,269.88,0,3,0,0
2026-09-03T00:50:53.966,IMU-1,0x28,-1.06,179.5,317.0,0,3,0,0
2026-09-03T00:50:53.970,IMU-2,0x29,-1.94,177.94,269.88,0,3,0,0
2026-09-03T00:50:54.066,IMU-1,0x28,-1.06,179.5,317.0,0,3,0,0
2026-09-03T00:50:54.069,IMU-2,0x29,-1.94,177.94,269.88,0,3,0,0
2026-09-03T00:50:54.166,IMU-1,0x28,-1.06,179.5,317.0,0,3,0,0
2026-09-03T00:50:54.169,IMU-2,0x29,-1.94,177.94,269.88,0,3,0,0
2026-09-03T00:50:54.266,IMU-1,0x28,-1.06,179.5,317.0,0,3,0,0
2026-09-03T00:50:54.269,IMU-2,0x29,-1.94,177.94,269.88,0,3,0,0
2026-09-03T00:50:54.367,IMU-1,0x28,-1.06,179.5,317.0,0,3,0,0
2026-09-03T00:50:54.370,IMU-2,0x29,-1.94,177.94,269.88,0,3,0,0
2026-09-03T00:50:54.467,IMU-1,0x28,-1.06,179.5,317.0,0,3,0,0
2026-09-03T00:50:54.470,IMU-2,0x29,-1.94,177.94,269.88,0,3,0,0
2026-09-03T00:50:54.567,IMU-1,0x28,-1.06,179.5,317.0,0,3,0,0
2026-09-03T00:50:54.570,IMU-2,0x29,-1.94,177.94,269.88,0,3,0,0
2026-09-03T00:50:54.667,IMU-1,0x28,-1.06,179.5,317.0,0,3,0,0
2026-09-03T00:50:54.670,IMU-2,0x29,-1.94,177.94,269.88,0,3,0,0
2026-09-03T00:50:54.767,IMU-1,0x28,-1.06,179.5,317.0,0,3,0,0
2026-09-03T00:50:54.770,IMU-2,0x29,-1.94,177.94,269.88,0,3,0,0
2026-09-03T00:50:54.867,IMU-1,0x28,-1.06,179.5,317.0,0,3,0,0
2026-09-03T00:50:54.870,IMU-2,0x29,-1.94,177.94,269.88,0,3,0,0
2026-09-03T00:50:54.968,IMU-1,0x28,-1.06,179.5,317.0,0,3,0,0
2026-09-03T00:50:54.972,IMU-2,0x29,-1.94,177.94,269.88,0,3,0,0
2026-09-03T00:50:55.067,IMU-1,0x28,-1.06,179.5,317.0,0,3,0,0
2026-09-03T00:50:55.069,IMU-2,0x29,-1.94,177.94,269.88,0,3,0,0
2026-09-03T00:50:55.167,IMU-1,0x28,-1.06,179.5,317.0,0,3,0,0
2026-09-03T00:50:55.168,IMU-2,0x29,-1.94,177.94,269.88,0,3,0,0
2026-09-03T00:50:55.266,IMU-1,0x28,-1.06,179.5,317.0,0,3,0,0
2026-09-03T00:50:55.268,IMU-2,0x29,-1.94,177.94,269.88,0,3,0,0
2026-09-03T00:50:55.366,IMU-1,0x28,-1.06,179.5,317.0,0,3,0,0
2026-09-03T00:50:55.368,IMU-2,0x29,-1.94,177.94,269.88,0,3,0,0
2026-09-03T00:50:55.466,IMU-1,0x28,-1.06,179.5,317.0,0,3,0,0
2026-09-03T00:50:55.468,IMU-2,0x29,-1.94,177.94,269.88,0,3,0,0
2026-09-03T00:50:55.566,IMU-1,0x28,-1.06,179.5,317.0,0,3,0,0
2026-09-03T00:50:55.568,IMU-2,0x29,-1.94,177.94,269.88,0,3,0,0
2026-09-03T00:50:55.666,IMU-1,0x28,-1.06,179.5,317.0,0,3,0,0
2026-09-03T00:50:55.668,IMU-2,0x29,-1.94,177.94,269.88,0,3,0,0
2026-09-03T00:50:55.766,IMU-1,0x28,-1.06,179.5,317.0,0,3,0,0
2026-09-03T00:50:55.768,IMU-2,0x29,-1.94,177.94,269.88,0,3,0,0
2026-09-03T00:50:55.867,IMU-1,0x28,-1.06,179.5,317.0,0,3,0,0
2026-09-03T00:50:55.869,IMU-2,0x29,-1.94,177.94,269.88,0,3,0,0
2026-09-03T00:50:55.967,IMU-1,0x28,-1.06,179.5,317.0,0,3,0,0
2026-09-03T00:50:55.970,IMU-2,0x29,-1.94,177.94,269.88,0,3,0,0
2026-09-03T00:50:56.067,IMU-1,0x28,-1.06,179.5,317.0,0,3,0,0
2026-09-03T00:50:56.069,IMU-2,0x29,-1.94,177.94,269.88,0,3,0,0
2026-09-03T00:50:56.167,IMU-1,0x28,-1.06,179.5,317.0,0,3,0,0
2026-09-03T00:50:56.169,IMU-2,0x29,-1.94,177.94,269.88,0,3,0,0
2026-09-03T00:50:56.267,IMU-1,0x28,-1.06,179.5,317.0,0,3,0,0
2026-09-03T00:50:56.269,IMU-2,0x29,-1.94,177.94,269.88,0,3,0,0
2026-09-03T00:50:56.367,IMU-1,0x28,-1.06,179.5,317.0,0,3,0,0
2026-09-03T00:50:56.370,IMU-2,0x29,-1.94,177.94,269.88,0,3,0,0
2026-09-03T00:50:56.467,IMU-1,0x28,-1.06,179.5,317.0,0,3,0,0
2026-09-03T00:50:56.470,IMU-2,0x29,-1.94,177.94,269.88,0,3,0,0
2026-09-03T00:50:56.567,IMU-1,0x28,-1.06,179.5,317.0,0,3,0,0
2026-09-03T00:50:56.570,IMU-2,0x29,-1.94,177.94,269.88,0,3,0,0
2026-09-03T00:50:56.667,IMU-1,0x28,-1.06,179.5,317.0,0,3,0,0
2026-09-03T00:50:56.670,IMU-2,0x29,-2.0,177.94,269.88,0,3,0,0
2026-09-03T00:50:56.767,IMU-1,0x28,-1.06,179.5,317.0,0,3,0,0
2026-09-03T00:50:56.770,IMU-2,0x29,-2.0,177.94,269.88,0,3,0,0
2026-09-03T00:50:56.867,IMU-1,0x28,-1.06,179.5,317.0,0,3,0,0
2026-09-03T00:50:56.870,IMU-2,0x29,-2.0,177.94,269.88,0,3,0,0
2026-09-03T00:50:56.968,IMU-1,0x28,-1.06,179.5,317.0,0,3,0,0
2026-09-03T00:50:56.971,IMU-2,0x29,-2.0,177.94,269.88,0,3,0,0
2026-09-03T00:50:57.067,IMU-1,0x28,-1.06,179.5,317.0,0,3,0,0
2026-09-03T00:50:57.070,IMU-2,0x29,-2.0,177.94,269.88,0,3,0,0
2026-09-03T00:50:57.167,IMU-1,0x28,-1.06,179.5,317.0,0,3,0,0
2026-09-03T00:50:57.170,IMU-2,0x29,-2.0,177.94,269.88,0,3,0,0
2026-09-03T00:50:57.268,IMU-1,0x28,-1.06,179.5,317.0,0,3,0,0
2026-09-03T00:50:57.271,IMU-2,0x29,-2.0,177.94,269.88,0,3,0,0
2026-09-03T00:50:57.368,IMU-1,0x28,-1.06,179.5,317.0,0,3,0,0
2026-09-03T00:50:57.371,IMU-2,0x29,-2.0,177.94,269.88,0,3,0,0
2026-09-03T00:50:57.468,IMU-1,0x28,-1.06,179.5,317.0,0,3,0,0
2026-09-03T00:50:57.471,IMU-2,0x29,-2.0,177.94,269.88,0,3,0,0
2026-09-03T00:50:57.568,IMU-1,0x28,-1.06,179.5,317.0,0,3,0,0
2026-09-03T00:50:57.571,IMU-2,0x29,-2.0,177.94,269.88,0,3,0,0
2026-09-03T00:50:57.669,IMU-1,0x28,-1.06,179.5,317.0,0,3,0,0
2026-09-03T00:50:57.671,IMU-2,0x29,-2.0,177.94,269.88,0,3,0,0
2026-09-03T00:50:57.769,IMU-1,0x28,-1.06,179.5,317.0,0,3,0,0
2026-09-03T00:50:57.771,IMU-2,0x29,-2.0,177.94,269.88,0,3,0,0
2026-09-03T00:50:57.869,IMU-1,0x28,-1.06,179.5,317.0,0,3,0,0
2026-09-03T00:50:57.871,IMU-2,0x29,-2.0,177.94,269.88,0,3,0,0
2026-09-03T00:50:57.970,IMU-1,0x28,-1.06,179.5,317.0,0,3,0,0
2026-09-03T00:50:57.972,IMU-2,0x29,-2.0,177.94,269.88,0,3,0,0
2026-09-03T00:50:58.069,IMU-1,0x28,-1.06,179.5,317.0,0,3,0,0
2026-09-03T00:50:58.071,IMU-2,0x29,-2.0,177.94,269.88,0,3,0,0
2026-09-03T00:50:58.169,IMU-1,0x28,-1.06,179.5,317.0,0,3,0,0
2026-09-03T00:50:58.171,IMU-2,0x29,-2.0,177.94,269.88,0,3,0,0
2026-09-03T00:50:58.269,IMU-1,0x28,-1.06,179.5,317.0,0,3,0,0
2026-09-03T00:50:58.271,IMU-2,0x29,-2.0,177.94,269.88,0,3,0,0
2026-09-03T00:50:58.369,IMU-1,0x28,-1.06,179.5,317.0,0,3,0,0
2026-09-03T00:50:58.371,IMU-2,0x29,-2.0,177.94,269.88,0,3,0,0
2026-09-03T00:50:58.469,IMU-1,0x28,-1.06,179.5,317.0,0,3,0,0
2026-09-03T00:50:58.471,IMU-2,0x29,-2.0,177.94,269.88,0,3,0,0
2026-09-03T00:50:58.570,IMU-1,0x28,-1.06,179.5,317.0,0,3,0,0
2026-09-03T00:50:58.571,IMU-2,0x29,-2.0,177.94,269.88,0,3,0,0
2026-09-03T00:50:58.670,IMU-1,0x28,-1.06,179.5,317.0,0,3,0,0
2026-09-03T00:50:58.671,IMU-2,0x29,-2.0,177.94,269.88,0,3,0,0
2026-09-03T00:50:58.770,IMU-1,0x28,-1.06,179.5,317.0,0,3,0,0
2026-09-03T00:50:58.771,IMU-2,0x29,-2.0,177.94,269.88,0,3,0,0
2026-09-03T00:50:58.870,IMU-1,0x28,-1.06,179.5,317.0,0,3,0,0
2026-09-03T00:50:58.872,IMU-2,0x29,-2.0,177.94,269.88,0,3,0,0
2026-09-03T00:50:58.971,IMU-1,0x28,-1.06,179.5,317.0,0,3,0,0
2026-09-03T00:50:58.973,IMU-2,0x29,-2.0,177.94,269.88,0,3,0,0
2026-09-03T00:50:59.070,IMU-1,0x28,-1.06,179.5,317.0,0,3,0,0
2026-09-03T00:50:59.072,IMU-2,0x29,-2.0,177.94,269.88,0,3,0,0
2026-09-03T00:50:59.170,IMU-1,0x28,-1.06,179.5,317.0,0,3,0,0
2026-09-03T00:50:59.172,IMU-2,0x29,-2.0,177.94,269.88,0,3,0,0
2026-09-03T00:50:59.270,IMU-1,0x28,-1.06,179.5,317.0,0,3,0,0
2026-09-03T00:50:59.273,IMU-2,0x29,-2.0,177.94,269.88,0,3,0,0
2026-09-03T00:50:59.369,IMU-1,0x28,-1.06,179.5,317.0,0,3,0,0
2026-09-03T00:50:59.372,IMU-2,0x29,-2.0,177.94,269.88,0,3,0,0
2026-09-03T00:50:59.469,IMU-1,0x28,-1.06,179.5,317.0,0,3,0,0
2026-09-03T00:50:59.472,IMU-2,0x29,-2.0,177.94,269.88,0,3,0,0
2026-09-03T00:50:59.569,IMU-1,0x28,-1.06,179.5,317.0,0,3,0,0
2026-09-03T00:50:59.571,IMU-2,0x29,-2.0,177.94,269.88,0,3,0,0
2026-09-03T00:50:59.669,IMU-1,0x28,-1.06,179.5,317.0,0,3,0,0
2026-09-03T00:50:59.672,IMU-2,0x29,-2.0,177.94,269.88,0,3,0,0
2026-09-03T00:50:59.769,IMU-1,0x28,-1.06,179.5,317.0,0,3,0,0
2026-09-03T00:50:59.772,IMU-2,0x29,-2.0,177.94,269.88,0,3,0,0
2026-09-03T00:50:59.869,IMU-1,0x28,-1.06,179.5,317.0,0,3,0,0
2026-09-03T00:50:59.871,IMU-2,0x29,-2.0,177.94,269.88,0,3,0,0
2026-09-03T00:50:59.969,IMU-1,0x28,-1.06,179.5,317.0,0,3,0,0
2026-09-03T00:50:59.973,IMU-2,0x29,-2.0,177.94,269.88,0,3,0,0
2026-09-03T00:51:00.069,IMU-1,0x28,-1.06,179.5,317.0,0,3,0,0
2026-09-03T00:51:00.071,IMU-2,0x29,-2.0,177.94,269.88,0,3,0,0
2026-09-03T00:51:00.169,IMU-1,0x28,-1.06,179.5,317.0,0,3,0,0
2026-09-03T00:51:00.170,IMU-2,0x29,-2.0,177.94,269.88,0,3,0,0
2026-09-03T00:51:00.269,IMU-1,0x28,-1.06,179.5,317.0,0,3,0,0
2026-09-03T00:51:00.270,IMU-2,0x29,-2.0,177.94,269.88,0,3,0,0
2026-09-03T00:51:00.369,IMU-1,0x28,-1.06,179.5,317.0,0,3,0,0
2026-09-03T00:51:00.370,IMU-2,0x29,-2.0,177.94,269.88,0,3,0,0
2026-09-03T00:51:00.469,IMU-1,0x28,-1.06,179.5,317.0,0,3,0,0
2026-09-03T00:51:00.470,IMU-2,0x29,-2.0,177.94,269.88,0,3,0,0
2026-09-03T00:51:00.569,IMU-1,0x28,-1.06,179.5,317.0,0,3,0,0
2026-09-03T00:51:00.571,IMU-2,0x29,-2.0,177.94,269.88,0,3,0,0
2026-09-03T00:51:00.669,IMU-1,0x28,-1.06,179.5,317.0,0,3,0,0
2026-09-03T00:51:00.671,IMU-2,0x29,-2.0,177.94,269.88,0,3,0,0
2026-09-03T00:51:00.770,IMU-1,0x28,-1.06,179.5,317.0,0,3,0,0
2026-09-03T00:51:00.771,IMU-2,0x29,-2.0,177.94,269.88,0,3,0,0
2026-09-03T00:51:00.870,IMU-1,0x28,-1.06,179.5,317.0,0,3,0,0
2026-09-03T00:51:00.871,IMU-2,0x29,-2.0,177.94,269.88,0,3,0,0
2026-09-03T00:51:00.971,IMU-1,0x28,-1.06,179.5,317.0,0,3,0,0
2026-09-03T00:51:00.972,IMU-2,0x29,-2.0,177.94,269.88,0,3,0,0
2026-09-03T00:51:01.070,IMU-1,0x28,-1.06,179.5,317.0,0,3,0,0
2026-09-03T00:51:01.072,IMU-2,0x29,-2.0,177.94,269.88,0,3,0,0
2026-09-03T00:51:01.170,IMU-1,0x28,-1.06,179.5,317.0,0,3,0,0
2026-09-03T00:51:01.172,IMU-2,0x29,-2.0,177.94,269.88,0,3,0,0
2026-09-03T00:51:01.271,IMU-1,0x28,-1.06,179.5,317.0,0,3,0,0
2026-09-03T00:51:01.273,IMU-2,0x29,-2.0,177.94,269.88,0,3,0,0
2026-09-03T00:51:01.371,IMU-1,0x28,-1.06,179.5,317.0,0,3,0,0
2026-09-03T00:51:01.373,IMU-2,0x29,-2.0,177.94,269.88,0,3,0,0
2026-09-03T00:51:01.471,IMU-1,0x28,-1.06,179.5,317.0,0,3,0,0
2026-09-03T00:51:01.473,IMU-2,0x29,-2.0,177.94,269.88,0,3,0,0
2026-09-03T00:51:01.571,IMU-1,0x28,-1.06,179.5,317.0,0,3,0,0
2026-09-03T00:51:01.574,IMU-2,0x29,-2.0,177.94,269.88,0,3,0,0
2026-09-03T00:51:01.671,IMU-1,0x28,-1.06,179.5,317.0,0,3,0,0
2026-09-03T00:51:01.674,IMU-2,0x29,-2.0,177.94,269.88,0,3,0,0
2026-09-03T00:51:01.771,IMU-1,0x28,-1.06,179.5,317.0,0,3,0,0
2026-09-03T00:51:01.774,IMU-2,0x29,-2.0,177.94,269.88,0,3,0,0
2026-09-03T00:51:01.871,IMU-1,0x28,-1.06,179.5,317.0,0,3,0,0
2026-09-03T00:51:01.874,IMU-2,0x29,-2.0,177.94,269.88,0,3,0,0
2026-09-03T00:51:01.972,IMU-1,0x28,-1.06,179.5,317.0,0,3,0,0
2026-09-03T00:51:01.976,IMU-2,0x29,-2.0,177.94,269.88,0,3,0,0
2026-09-03T00:51:02.072,IMU-1,0x28,-1.06,179.5,317.0,0,3,0,0
2026-09-03T00:51:02.074,IMU-2,0x29,-2.0,177.94,269.88,0,3,0,0
2026-09-03T00:51:02.172,IMU-1,0x28,-1.06,179.5,317.0,0,3,0,0
2026-09-03T00:51:02.174,IMU-2,0x29,-2.0,177.94,269.88,0,3,0,0
2026-09-03T00:51:02.272,IMU-1,0x28,-1.06,179.5,317.0,0,3,0,0
2026-09-03T00:51:02.274,IMU-2,0x29,-2.0,177.94,269.88,0,3,0,0
2026-09-03T00:51:02.372,IMU-1,0x28,-1.06,179.5,317.0,0,3,0,0
2026-09-03T00:51:02.373,IMU-2,0x29,-2.0,177.94,269.88,0,3,0,0
2026-09-03T00:51:02.472,IMU-1,0x28,-1.06,179.5,317.0,0,3,0,0
2026-09-03T00:51:02.473,IMU-2,0x29,-2.0,177.94,269.88,0,3,0,0
2026-09-03T00:51:02.572,IMU-1,0x28,-1.06,179.5,317.0,0,3,0,0
2026-09-03T00:51:02.573,IMU-2,0x29,-2.0,177.94,269.88,0,3,0,0
2026-09-03T00:51:02.672,IMU-1,0x28,-1.06,179.5,317.0,0,3,0,0
2026-09-03T00:51:02.673,IMU-2,0x29,-2.0,177.94,269.88,0,3,0,0
2026-09-03T00:51:02.772,IMU-1,0x28,-1.06,179.5,317.0,0,3,0,0
2026-09-03T00:51:02.773,IMU-2,0x29,-2.0,177.94,269.88,0,3,0,0
2026-09-03T00:51:02.871,IMU-1,0x28,-1.06,179.5,317.0,0,3,0,0
2026-09-03T00:51:02.873,IMU-2,0x29,-2.0,177.94,269.88,0,3,0,0
2026-09-03T00:51:02.972,IMU-1,0x28,-1.06,179.5,317.0,0,3,0,0
2026-09-03T00:51:02.974,IMU-2,0x29,-2.0,177.94,269.88,0,3,0,0
2026-09-03T00:51:03.071,IMU-1,0x28,-1.06,179.5,317.0,0,3,0,0
2026-09-03T00:51:03.072,IMU-2,0x29,-2.0,177.94,269.88,0,3,0,0
2026-09-03T00:51:03.171,IMU-1,0x28,-1.06,179.5,317.0,0,3,0,0
2026-09-03T00:51:03.172,IMU-2,0x29,-2.0,177.94,269.88,0,3,0,0
2026-09-03T00:51:03.271,IMU-1,0x28,-1.06,179.5,317.0,0,3,0,0
2026-09-03T00:51:03.272,IMU-2,0x29,-2.0,177.94,269.88,0,3,0,0
2026-09-03T00:51:03.371,IMU-1,0x28,-1.06,179.5,317.0,0,3,0,0
2026-09-03T00:51:03.372,IMU-2,0x29,-2.0,177.94,269.88,0,3,0,0
2026-09-03T00:51:03.471,IMU-1,0x28,-1.06,179.5,317.0,0,3,0,0
2026-09-03T00:51:03.473,IMU-2,0x29,-2.0,177.94,269.88,0,3,0,0
2026-09-03T00:51:03.571,IMU-1,0x28,-1.06,179.5,317.0,0,3,0,0
2026-09-03T00:51:03.573,IMU-2,0x29,-2.0,177.94,269.88,0,3,0,0
2026-09-03T00:51:03.671,IMU-1,0x28,-1.06,179.5,317.0,0,3,0,0
2026-09-03T00:51:03.673,IMU-2,0x29,-2.0,177.94,269.88,0,3,0,0
2026-09-03T00:51:03.771,IMU-1,0x28,-1.06,179.5,317.0,0,3,0,0
2026-09-03T00:51:03.774,IMU-2,0x29,-2.0,177.94,269.88,0,3,0,0
2026-09-03T00:51:03.871,IMU-1,0x28,-1.06,179.5,317.0,0,3,0,0
2026-09-03T00:51:03.874,IMU-2,0x29,-2.0,177.94,269.88,0,3,0,0
2026-09-03T00:51:03.972,IMU-1,0x28,-1.06,179.5,317.0,0,3,0,0
2026-09-03T00:51:03.975,IMU-2,0x29,-2.0,177.94,269.88,0,3,0,0
2026-09-03T00:51:04.071,IMU-1,0x28,-1.06,179.5,317.0,0,3,0,0
2026-09-03T00:51:04.074,IMU-2,0x29,-2.0,177.94,269.88,0,3,0,0
2026-09-03T00:51:04.172,IMU-1,0x28,-1.06,179.5,317.0,0,3,0,0
2026-09-03T00:51:04.175,IMU-2,0x29,-2.0,177.94,269.88,0,3,0,0
2026-09-03T00:51:04.272,IMU-1,0x28,-1.06,179.5,317.0,0,3,0,0
2026-09-03T00:51:04.275,IMU-2,0x29,-2.0,177.94,269.88,0,3,0,0
2026-09-03T00:51:04.372,IMU-1,0x28,-1.06,179.5,317.0,0,3,0,0
2026-09-03T00:51:04.375,IMU-2,0x29,-2.0,177.94,269.88,0,3,0,0
2026-09-03T00:51:04.472,IMU-1,0x28,-1.06,179.5,317.0,0,3,0,0
2026-09-03T00:51:04.475,IMU-2,0x29,-2.0,177.94,269.88,0,3,0,0
2026-09-03T00:51:04.572,IMU-1,0x28,-1.06,179.5,317.0,0,3,0,0
2026-09-03T00:51:04.575,IMU-2,0x29,-2.0,177.94,269.88,0,3,0,0
2026-09-03T00:51:04.673,IMU-1,0x28,-1.06,179.5,317.0,0,3,0,0
2026-09-03T00:51:04.676,IMU-2,0x29,-2.0,177.94,269.88,0,3,0,0
2026-09-03T00:51:04.773,IMU-1,0x28,-1.06,179.5,317.0,0,3,0,0
2026-09-03T00:51:04.776,IMU-2,0x29,-2.0,177.94,269.88,0,3,0,0
2026-09-03T00:51:04.873,IMU-1,0x28,-1.06,179.5,317.0,0,3,0,0
2026-09-03T00:51:04.876,IMU-2,0x29,-2.0,177.94,269.88,0,3,0,0
2026-09-03T00:51:04.974,IMU-1,0x28,-1.06,179.5,317.0,0,3,0,0
2026-09-03T00:51:04.978,IMU-2,0x29,-2.0,177.94,269.88,0,3,0,0
2026-09-03T00:51:05.073,IMU-1,0x28,-1.06,179.5,317.0,0,3,0,0
2026-09-03T00:51:05.076,IMU-2,0x29,-2.0,177.94,269.88,0,3,0,0
2026-09-03T00:51:05.173,IMU-1,0x28,-1.06,179.5,317.0,0,3,0,0
2026-09-03T00:51:05.176,IMU-2,0x29,-2.0,177.94,269.88,0,3,0,0
2026-09-03T00:51:05.273,IMU-1,0x28,-1.06,179.5,317.0,0,3,0,0
2026-09-03T00:51:05.276,IMU-2,0x29,-2.0,177.94,269.88,0,3,0,0
2026-09-03T00:51:05.373,IMU-1,0x28,-1.06,179.5,317.0,0,3,0,0
2026-09-03T00:51:05.376,IMU-2,0x29,-2.0,177.94,269.88,0,3,0,0
2026-09-03T00:51:05.474,IMU-1,0x28,-1.06,179.5,317.0,0,3,0,0
2026-09-03T00:51:05.476,IMU-2,0x29,-2.0,177.94,269.88,0,3,0,0
2026-09-03T00:51:05.574,IMU-1,0x28,-1.06,179.5,317.0,0,3,0,0
2026-09-03T00:51:05.575,IMU-2,0x29,-2.0,177.94,269.88,0,3,0,0
2026-09-03T00:51:05.674,IMU-1,0x28,-1.06,179.5,317.0,0,3,0,0
2026-09-03T00:51:05.675,IMU-2,0x29,-2.0,177.94,269.88,0,3,0,0
2026-09-03T00:51:05.774,IMU-1,0x28,-1.06,179.5,317.0,0,3,0,0
2026-09-03T00:51:05.775,IMU-2,0x29,-2.0,177.94,269.88,0,3,0,0
2026-09-03T00:51:05.874,IMU-1,0x28,-1.06,179.5,317.0,0,3,0,0
2026-09-03T00:51:05.875,IMU-2,0x29,-2.0,177.94,269.88,0,3,0,0
2026-09-03T00:51:05.975,IMU-1,0x28,-1.06,179.5,317.0,0,3,0,0
2026-09-03T00:51:05.977,IMU-2,0x29,-2.0,177.94,269.88,0,3,0,0
2026-09-03T00:51:06.074,IMU-1,0x28,-1.06,179.5,317.0,0,3,0,0
2026-09-03T00:51:06.075,IMU-2,0x29,-2.0,177.94,269.88,0,3,0,0
2026-09-03T00:51:06.174,IMU-1,0x28,-1.06,179.5,317.0,0,3,0,0
2026-09-03T00:51:06.175,IMU-2,0x29,-2.0,177.94,269.88,0,3,0,0
2026-09-03T00:51:06.273,IMU-1,0x28,-1.06,179.5,317.0,0,3,0,0
2026-09-03T00:51:06.275,IMU-2,0x29,-2.0,177.94,269.88,0,3,0,0
2026-09-03T00:51:06.373,IMU-1,0x28,-1.06,179.5,317.0,0,3,0,0
2026-09-03T00:51:06.375,IMU-2,0x29,-2.0,177.94,269.88,0,3,0,0
2026-09-03T00:51:06.473,IMU-1,0x28,-1.06,179.5,317.0,0,3,0,0
2026-09-03T00:51:06.475,IMU-2,0x29,-2.0,177.94,269.88,0,3,0,0
2026-09-03T00:51:06.573,IMU-1,0x28,-1.06,179.5,317.0,0,3,0,0
2026-09-03T00:51:06.576,IMU-2,0x29,-2.0,177.94,269.88,0,3,0,0
2026-09-03T00:51:06.673,IMU-1,0x28,-1.06,179.44,318.44,0,3,0,0
2026-09-03T00:51:06.676,IMU-2,0x29,-2.06,178.06,271.31,0,3,0,0
2026-09-03T00:51:06.773,IMU-1,0x28,-1.0,178.38,318.62,0,3,0,0
2026-09-03T00:51:06.776,IMU-2,0x29,-2.06,179.12,271.44,0,3,0,0
2026-09-03T00:51:06.873,IMU-1,0x28,-1.06,179.62,316.81,0,3,0,0
2026-09-03T00:51:06.876,IMU-2,0x29,-1.94,177.94,269.62,0,3,0,0
2026-09-03T00:51:06.973,IMU-1,0x28,-1.06,179.62,316.81,0,3,0,0
2026-09-03T00:51:06.977,IMU-2,0x29,-1.94,177.94,269.62,0,3,0,0
2026-09-03T00:51:07.073,IMU-1,0x28,-1.12,178.0,318.19,0,3,0,0
2026-09-03T00:51:07.076,IMU-2,0x29,-2.0,178.94,270.81,0,3,0,0
2026-09-03T00:51:07.173,IMU-1,0x28,-1.06,158.75,319.88,0,3,0,0
2026-09-03T00:51:07.176,IMU-2,0x29,-1.69,-163.56,272.44,0,3,0,0
2026-09-03T00:51:07.273,IMU-1,0x28,-0.69,140.5,319.69,0,3,0,0
2026-09-03T00:51:07.276,IMU-2,0x29,-1.62,-143.94,272.31,0,3,0,0
2026-09-03T00:51:07.373,IMU-1,0x28,-0.5,136.62,317.56,0,3,0,0
2026-09-03T00:51:07.376,IMU-2,0x29,-1.56,-139.31,270.38,0,3,0,0
2026-09-03T00:51:07.473,IMU-1,0x28,-0.44,135.69,316.44,0,3,0,0
2026-09-03T00:51:07.476,IMU-2,0x29,-1.44,-138.5,269.0,0,3,0,0
2026-09-03T00:51:07.573,IMU-1,0x28,-0.44,134.0,135.25,0,3,0,0
2026-09-03T00:51:07.575,IMU-2,0x29,-1.5,-136.75,269.06,0,3,0,0
2026-09-03T00:51:07.674,IMU-1,0x28,-0.44,132.62,135.06,0,3,0,0
2026-09-03T00:51:07.675,IMU-2,0x29,-1.5,-135.12,268.81,0,3,0,0
2026-09-03T00:51:07.774,IMU-1,0x28,-0.44,130.88,135.38,0,3,0,0
2026-09-03T00:51:07.775,IMU-2,0x29,-1.56,-133.31,93.31,0,3,0,0
2026-09-03T00:51:07.874,IMU-1,0x28,-0.44,129.44,135.56,0,3,0,0
2026-09-03T00:51:07.875,IMU-2,0x29,-1.56,-131.75,93.5,0,3,0,0
2026-09-03T00:51:07.975,IMU-1,0x28,-0.38,125.81,136.5,0,3,0,0
2026-09-03T00:51:07.977,IMU-2,0x29,-1.56,-128.31,94.0,0,3,0,0
2026-09-03T00:51:08.074,IMU-1,0x28,-0.38,125.44,136.5,0,3,0,0
2026-09-03T00:51:08.075,IMU-2,0x29,-1.56,-127.81,93.94,0,3,0,0
2026-09-03T00:51:08.174,IMU-1,0x28,-0.38,126.0,136.38,0,3,0,0
2026-09-03T00:51:08.175,IMU-2,0x29,-1.62,-128.44,93.94,0,3,0,0
2026-09-03T00:51:08.274,IMU-1,0x28,-0.44,127.06,136.19,0,3,0,0
2026-09-03T00:51:08.275,IMU-2,0x29,-1.62,-129.5,93.88,0,3,0,0
2026-09-03T00:51:08.374,IMU-1,0x28,-0.44,128.25,135.94,0,3,0,0
2026-09-03T00:51:08.375,IMU-2,0x29,-1.62,-130.62,93.88,0,3,0,0
2026-09-03T00:51:08.474,IMU-1,0x28,-0.5,128.19,135.88,0,3,0,0
2026-09-03T00:51:08.475,IMU-2,0x29,-1.62,-130.44,93.88,0,3,0,0
2026-09-03T00:51:08.574,IMU-1,0x28,-0.5,128.62,135.81,0,3,0,0
2026-09-03T00:51:08.576,IMU-2,0x29,-1.62,-130.88,93.94,0,3,0,0
2026-09-03T00:51:08.674,IMU-1,0x28,-0.5,128.44,135.81,0,3,0,0
2026-09-03T00:51:08.676,IMU-2,0x29,-1.62,-130.62,93.94,0,3,0,0
2026-09-03T00:51:08.774,IMU-1,0x28,-0.5,127.62,136.12,0,3,0,0
2026-09-03T00:51:08.776,IMU-2,0x29,-1.69,-129.88,94.19,0,3,0,0
2026-09-03T00:51:08.874,IMU-1,0x28,-0.88,138.75,315.44,0,3,0,0
2026-09-03T00:51:08.877,IMU-2,0x29,-1.5,-139.94,267.94,0,3,0,0
2026-09-03T00:51:08.975,IMU-1,0x28,-3.31,141.94,316.0,0,3,1,0
2026-09-03T00:51:08.977,IMU-2,0x29,0.75,-145.38,268.44,0,3,0,0
2026-09-03T00:51:09.074,IMU-1,0x28,-3.75,137.81,316.38,0,3,1,0
2026-09-03T00:51:09.077,IMU-2,0x29,1.31,-140.0,269.0,0,3,0,0
2026-09-03T00:51:09.174,IMU-1,0x28,-3.31,134.0,127.38,0,3,1,0
2026-09-03T00:51:09.177,IMU-2,0x29,1.0,-136.25,269.19,0,3,0,0
2026-09-03T00:51:09.274,IMU-1,0x28,-3.5,127.88,127.94,0,3,1,0
2026-09-03T00:51:09.277,IMU-2,0x29,1.31,-130.12,85.75,0,3,0,0
2026-09-03T00:51:09.374,IMU-1,0x28,-3.69,123.0,127.88,0,3,1,0
2026-09-03T00:51:09.377,IMU-2,0x29,1.75,-125.31,85.0,0,3,0,0
2026-09-03T00:51:09.474,IMU-1,0x28,-2.94,121.88,129.25,0,3,1,0
2026-09-03T00:51:09.477,IMU-2,0x29,1.0,-124.19,86.19,0,3,0,0
2026-09-03T00:51:09.574,IMU-1,0x28,-3.44,117.62,125.88,0,3,1,0
2026-09-03T00:51:09.577,IMU-2,0x29,1.88,-120.0,81.88,0,3,0,0
2026-09-03T00:51:09.675,IMU-1,0x28,-0.62,118.19,129.75,0,3,1,0
2026-09-03T00:51:09.677,IMU-2,0x29,-0.75,-120.62,85.38,0,3,0,0
2026-09-03T00:51:09.775,IMU-1,0x28,3.88,114.62,143.69,0,3,1,0
2026-09-03T00:51:09.778,IMU-2,0x29,-5.69,-116.69,99.69,0,3,0,0
2026-09-03T00:51:09.875,IMU-1,0x28,7.94,118.19,155.81,0,3,1,0
2026-09-03T00:51:09.878,IMU-2,0x29,-10.19,-119.69,112.62,0,3,0,0
2026-09-03T00:51:09.975,IMU-1,0x28,8.62,123.5,163.06,0,3,1,0
2026-09-03T00:51:09.979,IMU-2,0x29,-11.44,-124.94,121.44,0,3,0,0
2026-09-03T00:51:10.075,IMU-1,0x28,10.81,125.5,168.25,0,3,1,0
2026-09-03T00:51:10.078,IMU-2,0x29,-13.56,-126.75,126.75,0,3,0,0
2026-09-03T00:51:10.175,IMU-1,0x28,12.62,119.25,167.94,0,3,1,0
2026-09-03T00:51:10.177,IMU-2,0x29,-15.38,-121.25,125.94,0,3,0,0
2026-09-03T00:51:10.275,IMU-1,0x28,11.75,109.81,159.88,0,3,1,0
2026-09-03T00:51:10.276,IMU-2,0x29,-13.88,-111.56,116.0,0,3,0,0
2026-09-03T00:51:10.375,IMU-1,0x28,15.31,108.62,165.31,0,3,1,0
2026-09-03T00:51:10.376,IMU-2,0x29,-17.31,-110.12,120.75,0,3,0,0
2026-09-03T00:51:10.475,IMU-1,0x28,16.19,108.44,166.88,0,3,1,0
2026-09-03T00:51:10.476,IMU-2,0x29,-18.5,-110.0,122.75,0,3,0,0
2026-09-03T00:51:10.575,IMU-1,0x28,15.5,109.12,165.88,0,3,1,0
2026-09-03T00:51:10.577,IMU-2,0x29,-17.81,-110.62,121.88,0,3,0,0
2026-09-03T00:51:10.675,IMU-1,0x28,15.31,109.88,165.25,0,3,1,0
2026-09-03T00:51:10.677,IMU-2,0x29,-17.62,-111.31,121.25,0,3,0,0
2026-09-03T00:51:10.775,IMU-1,0x28,15.44,110.12,165.44,0,3,1,0
2026-09-03T00:51:10.777,IMU-2,0x29,-17.81,-111.44,121.56,0,3,0,0
2026-09-03T00:51:10.875,IMU-1,0x28,15.31,110.19,165.31,0,3,1,0
2026-09-03T00:51:10.877,IMU-2,0x29,-17.75,-111.38,121.5,0,3,0,0
2026-09-03T00:51:10.976,IMU-1,0x28,15.19,110.75,165.19,0,3,1,1
2026-09-03T00:51:10.978,IMU-2,0x29,-17.69,-111.88,121.5,0,3,0,1
2026-09-03T00:51:11.076,IMU-1,0x28,14.69,111.0,164.31,0,3,1,1
2026-09-03T00:51:11.077,IMU-2,0x29,-17.25,-112.12,120.75,0,3,0,1
2026-09-03T00:51:11.176,IMU-1,0x28,14.81,111.31,164.56,0,3,1,1
2026-09-03T00:51:11.178,IMU-2,0x29,-17.38,-112.38,121.0,0,3,0,1
2026-09-03T00:51:11.276,IMU-1,0x28,14.69,111.44,164.19,0,3,1,1
2026-09-03T00:51:11.278,IMU-2,0x29,-17.38,-112.44,120.81,0,3,0,1
2026-09-03T00:51:11.376,IMU-1,0x28,15.12,111.31,164.88,0,3,1,1
2026-09-03T00:51:11.378,IMU-2,0x29,-17.81,-112.38,121.5,0,3,0,1
2026-09-03T00:51:11.476,IMU-1,0x28,15.06,112.56,164.94,0,3,1,1
2026-09-03T00:51:11.478,IMU-2,0x29,-17.81,-113.38,121.62,0,3,0,1
2026-09-03T00:51:11.576,IMU-1,0x28,14.5,112.94,164.25,0,3,1,1
2026-09-03T00:51:11.578,IMU-2,0x29,-17.31,-113.75,121.12,0,3,0,1
2026-09-03T00:51:11.676,IMU-1,0x28,15.38,112.75,165.44,0,3,1,1
2026-09-03T00:51:11.677,IMU-2,0x29,-18.25,-113.56,122.31,0,3,0,1
2026-09-03T00:51:11.776,IMU-1,0x28,15.69,113.25,166.25,0,3,1,1
2026-09-03T00:51:11.777,IMU-2,0x29,-18.56,-114.06,123.19,0,3,0,1
2026-09-03T00:51:11.876,IMU-1,0x28,16.44,114.38,167.81,0,3,1,1
2026-09-03T00:51:11.878,IMU-2,0x29,-19.31,-115.12,124.81,0,3,0,1
2026-09-03T00:51:11.977,IMU-1,0x28,18.12,118.31,173.06,0,3,0,1
2026-09-03T00:51:11.979,IMU-2,0x29,-21.06,-118.81,130.19,0,3,1,1
2026-09-03T00:51:12.076,IMU-1,0x28,20.0,124.0,179.75,0,3,0,1
2026-09-03T00:51:12.078,IMU-2,0x29,-23.06,-124.31,137.44,0,3,1,1
2026-09-03T00:51:12.176,IMU-1,0x28,21.38,127.5,186.31,0,3,0,1
2026-09-03T00:51:12.178,IMU-2,0x29,-24.62,-127.56,144.19,0,3,1,1
2026-09-03T00:51:12.276,IMU-1,0x28,21.5,129.94,188.38,0,3,0,1
2026-09-03T00:51:12.278,IMU-2,0x29,-24.75,-130.0,146.5,0,3,1,1
2026-09-03T00:51:12.376,IMU-1,0x28,22.31,131.62,192.06,0,3,0,1
2026-09-03T00:51:12.378,IMU-2,0x29,-25.69,-131.5,150.44,0,3,1,1
2026-09-03T00:51:12.476,IMU-1,0x28,23.44,135.38,200.06,0,3,0,1
2026-09-03T00:51:12.478,IMU-2,0x29,-26.94,-135.31,158.88,0,3,1,1
2026-09-03T00:51:12.576,IMU-1,0x28,24.5,142.5,321.62,0,3,0,1
2026-09-03T00:51:12.578,IMU-2,0x29,-28.44,-141.94,174.88,0,3,1,1
2026-09-03T00:51:12.677,IMU-1,0x28,26.31,147.69,323.31,0,3,0,1
2026-09-03T00:51:12.678,IMU-2,0x29,-30.38,-147.0,273.75,0,3,1,1
2026-09-03T00:51:12.777,IMU-1,0x28,27.88,152.25,322.94,0,3,0,1
2026-09-03T00:51:12.778,IMU-2,0x29,-31.94,-151.56,273.44,0,3,1,1
2026-09-03T00:51:12.877,IMU-1,0x28,26.38,153.25,323.12,0,3,0,1
2026-09-03T00:51:12.878,IMU-2,0x29,-30.5,-152.69,273.69,0,3,1,1
2026-09-03T00:51:12.977,IMU-1,0x28,26.81,153.88,323.38,0,3,0,1
2026-09-03T00:51:12.979,IMU-2,0x29,-30.94,-153.31,274.0,0,3,1,1
2026-09-03T00:51:13.077,IMU-1,0x28,27.0,154.5,323.56,0,3,0,1
2026-09-03T00:51:13.078,IMU-2,0x29,-31.12,-153.88,274.12,0,3,1,1
2026-09-03T00:51:13.177,IMU-1,0x28,26.44,154.94,323.38,0,3,0,1
2026-09-03T00:51:13.178,IMU-2,0x29,-30.56,-154.44,274.0,0,3,1,1
2026-09-03T00:51:13.277,IMU-1,0x28,25.75,156.25,323.31,0,3,0,1
2026-09-03T00:51:13.278,IMU-2,0x29,-29.94,-155.81,274.0,0,3,1,1
2026-09-03T00:51:13.377,IMU-1,0x28,25.31,158.0,323.44,0,3,0,1
2026-09-03T00:51:13.378,IMU-2,0x29,-29.5,-157.56,274.19,0,3,1,1
2026-09-03T00:51:13.477,IMU-1,0x28,23.5,158.81,323.12,0,3,0,1
2026-09-03T00:51:13.479,IMU-2,0x29,-27.81,-158.44,273.94,0,3,1,1
2026-09-03T00:51:13.577,IMU-1,0x28,23.44,158.88,322.88,0,3,0,1
2026-09-03T00:51:13.579,IMU-2,0x29,-27.81,-158.38,273.69,0,3,1,1
2026-09-03T00:51:13.677,IMU-1,0x28,24.31,158.88,323.19,0,3,0,1
2026-09-03T00:51:13.679,IMU-2,0x29,-28.69,-158.31,274.0,0,3,1,1
2026-09-03T00:51:13.777,IMU-1,0x28,24.12,158.81,323.31,0,3,0,1
2026-09-03T00:51:13.779,IMU-2,0x29,-28.31,-158.38,274.12,0,3,1,1
2026-09-03T00:51:13.877,IMU-1,0x28,23.44,158.75,323.25,0,3,0,1
2026-09-03T00:51:13.879,IMU-2,0x29,-27.69,-158.31,274.12,0,3,1,1
2026-09-03T00:51:13.978,IMU-1,0x28,21.19,159.12,323.25,0,3,0,1
2026-09-03T00:51:13.980,IMU-2,0x29,-25.19,-158.69,274.25,0,3,1,1
2026-09-03T00:51:14.077,IMU-1,0x28,20.19,159.25,323.12,0,3,0,1
2026-09-03T00:51:14.079,IMU-2,0x29,-24.31,-158.88,274.19,0,3,1,1
2026-09-03T00:51:14.177,IMU-1,0x28,21.0,159.19,323.19,0,3,0,1
2026-09-03T00:51:14.179,IMU-2,0x29,-25.12,-158.81,274.19,0,3,1,1
2026-09-03T00:51:14.277,IMU-1,0x28,21.75,159.56,323.56,0,3,0,1
2026-09-03T00:51:14.279,IMU-2,0x29,-25.75,-159.19,274.5,0,3,1,1
2026-09-03T00:51:14.377,IMU-1,0x28,24.81,158.62,324.81,0,3,0,1
2026-09-03T00:51:14.379,IMU-2,0x29,-28.81,-158.0,275.56,0,3,1,1
2026-09-03T00:51:14.478,IMU-1,0x28,27.25,159.62,324.88,0,3,0,1
2026-09-03T00:51:14.479,IMU-2,0x29,-31.44,-158.94,275.56,0,3,1,1
2026-09-03T00:51:14.578,IMU-1,0x28,26.31,159.94,324.56,0,3,0,1
2026-09-03T00:51:14.579,IMU-2,0x29,-30.56,-159.31,275.38,0,3,1,1
2026-09-03T00:51:14.678,IMU-1,0x28,26.5,159.88,324.5,0,3,0,1
2026-09-03T00:51:14.679,IMU-2,0x29,-30.69,-159.31,275.25,0,3,1,1
2026-09-03T00:51:14.778,IMU-1,0x28,26.94,159.81,324.56,0,3,0,1
2026-09-03T00:51:14.780,IMU-2,0x29,-31.12,-159.19,275.25,0,3,1,1
2026-09-03T00:51:14.878,IMU-1,0x28,27.06,160.38,324.69,0,3,0,1
2026-09-03T00:51:14.880,IMU-2,0x29,-31.25,-159.75,275.38,0,3,1,1
2026-09-03T00:51:14.979,IMU-1,0x28,27.5,160.5,324.75,0,3,0,1
2026-09-03T00:51:14.981,IMU-2,0x29,-31.62,-159.94,275.44,0,3,1,1
2026-09-03T00:51:15.079,IMU-1,0x28,27.5,160.56,324.81,0,3,0,1
2026-09-03T00:51:15.080,IMU-2,0x29,-31.62,-160.0,275.5,0,3,1,1
2026-09-03T00:51:15.179,IMU-1,0x28,27.62,160.69,324.75,0,3,0,1
2026-09-03T00:51:15.180,IMU-2,0x29,-31.81,-160.12,275.44,0,3,1,1
2026-09-03T00:51:15.279,IMU-1,0x28,27.69,160.81,324.69,0,3,0,1
2026-09-03T00:51:15.280,IMU-2,0x29,-31.81,-160.25,275.31,0,3,1,1
2026-09-03T00:51:15.379,IMU-1,0x28,27.81,160.88,324.69,0,3,0,1
2026-09-03T00:51:15.381,IMU-2,0x29,-31.94,-160.31,275.31,0,3,1,1
2026-09-03T00:51:15.479,IMU-1,0x28,28.0,160.69,324.75,0,3,0,1
2026-09-03T00:51:15.481,IMU-2,0x29,-32.06,-160.19,275.38,0,3,1,1
2026-09-03T00:51:15.580,IMU-1,0x28,28.12,160.75,324.75,0,3,0,1
2026-09-03T00:51:15.581,IMU-2,0x29,-32.19,-160.19,275.38,0,3,1,1
2026-09-03T00:51:15.680,IMU-1,0x28,28.56,160.94,324.75,0,3,0,1
2026-09-03T00:51:15.681,IMU-2,0x29,-32.62,-160.5,275.38,0,3,1,1
2026-09-03T00:51:15.780,IMU-1,0x28,29.0,161.12,324.81,0,3,0,1
2026-09-03T00:51:15.781,IMU-2,0x29,-33.06,-160.62,275.44,0,3,1,1
2026-09-03T00:51:15.880,IMU-1,0x28,30.69,161.44,324.88,0,3,0,1
2026-09-03T00:51:15.882,IMU-2,0x29,-34.75,-160.94,275.5,0,3,1,1
2026-09-03T00:51:15.981,IMU-1,0x28,32.12,162.44,325.5,0,3,0,1
2026-09-03T00:51:15.983,IMU-2,0x29,-36.31,-161.94,276.0,0,3,0,1
2026-09-03T00:51:16.080,IMU-1,0x28,35.44,163.75,326.44,0,3,0,1
2026-09-03T00:51:16.081,IMU-2,0x29,-39.81,-163.0,276.81,0,3,0,1
2026-09-03T00:51:16.180,IMU-1,0x28,39.88,164.31,327.62,0,3,0,1
2026-09-03T00:51:16.182,IMU-2,0x29,-44.38,-163.5,245.62,0,3,0,1
2026-09-03T00:51:16.280,IMU-1,0x28,43.56,164.81,298.81,0,3,0,1
2026-09-03T00:51:16.282,IMU-2,0x29,-48.06,-163.62,251.25,0,3,0,1
2026-09-03T00:51:16.380,IMU-1,0x28,46.88,163.62,300.81,0,3,0,1
2026-09-03T00:51:16.382,IMU-2,0x29,-50.94,-162.62,252.88,0,3,0,1
2026-09-03T00:51:16.480,IMU-1,0x28,45.69,165.06,301.81,0,3,0,1
2026-09-03T00:51:16.482,IMU-2,0x29,-49.62,-164.31,253.94,0,3,0,1
2026-09-03T00:51:16.580,IMU-1,0x28,45.44,166.31,303.25,0,3,0,1
2026-09-03T00:51:16.582,IMU-2,0x29,-49.31,-165.69,255.31,0,3,0,1
2026-09-03T00:51:16.680,IMU-1,0x28,44.81,167.25,304.12,0,3,0,1
2026-09-03T00:51:16.682,IMU-2,0x29,-48.75,-166.44,255.88,0,3,0,1
2026-09-03T00:51:16.780,IMU-1,0x28,45.0,167.19,304.06,0,3,0,1
2026-09-03T00:51:16.783,IMU-2,0x29,-48.88,-166.25,255.69,0,3,0,1
2026-09-03T00:51:16.880,IMU-1,0x28,44.62,167.44,304.19,0,3,0,1
2026-09-03T00:51:16.883,IMU-2,0x29,-48.44,-166.62,255.81,0,3,0,1
2026-09-03T00:51:16.981,IMU-1,0x28,44.81,167.0,303.69,0,3,0,1
2026-09-03T00:51:16.984,IMU-2,0x29,-48.69,-166.19,255.38,0,3,0,1
2026-09-03T00:51:17.080,IMU-1,0x28,44.56,167.62,304.31,0,3,0,1
2026-09-03T00:51:17.082,IMU-2,0x29,-48.44,-166.81,256.0,0,3,0,1
2026-09-03T00:51:17.179,IMU-1,0x28,44.31,167.56,304.0,0,3,0,1
2026-09-03T00:51:17.182,IMU-2,0x29,-48.19,-166.81,255.62,0,3,0,1
2026-09-03T00:51:17.279,IMU-1,0x28,44.25,167.5,303.94,0,3,0,1
2026-09-03T00:51:17.282,IMU-2,0x29,-48.12,-166.75,255.62,0,3,0,1
2026-09-03T00:51:17.379,IMU-1,0x28,44.25,167.81,304.56,0,3,0,1
2026-09-03T00:51:17.382,IMU-2,0x29,-48.12,-167.06,256.25,0,3,0,1
2026-09-03T00:51:17.479,IMU-1,0x28,44.19,168.38,305.44,0,3,0,1
2026-09-03T00:51:17.482,IMU-2,0x29,-48.06,-167.62,256.94,0,3,0,1
2026-09-03T00:51:17.579,IMU-1,0x28,44.12,168.12,305.19,0,3,0,1
2026-09-03T00:51:17.582,IMU-2,0x29,-48.06,-167.31,256.75,0,3,0,1
2026-09-03T00:51:17.679,IMU-1,0x28,44.19,168.38,305.75,0,3,0,1
2026-09-03T00:51:17.682,IMU-2,0x29,-48.19,-167.62,257.38,0,3,0,1
2026-09-03T00:51:17.780,IMU-1,0x28,44.12,168.75,306.19,0,3,0,1
2026-09-03T00:51:17.782,IMU-2,0x29,-48.06,-168.12,257.94,0,3,0,1
2026-09-03T00:51:17.880,IMU-1,0x28,44.0,168.25,305.44,0,3,0,1
2026-09-03T00:51:17.882,IMU-2,0x29,-48.12,-167.88,257.62,0,3,0,1
2026-09-03T00:51:17.980,IMU-1,0x28,44.31,168.88,306.38,0,3,0,1
2026-09-03T00:51:17.983,IMU-2,0x29,-48.38,-168.38,258.25,0,3,0,1
2026-09-03T00:51:18.080,IMU-1,0x28,43.62,168.81,328.88,0,3,0,1
2026-09-03T00:51:18.081,IMU-2,0x29,-47.69,-168.56,258.31,0,3,0,1
2026-09-03T00:51:18.180,IMU-1,0x28,44.0,169.56,307.75,0,3,0,1
2026-09-03T00:51:18.181,IMU-2,0x29,-48.19,-169.31,259.94,0,3,0,1
2026-09-03T00:51:18.280,IMU-1,0x28,45.38,171.25,312.0,0,3,0,1
2026-09-03T00:51:18.281,IMU-2,0x29,-49.69,-171.19,264.12,0,3,0,1
2026-09-03T00:51:18.380,IMU-1,0x28,47.81,174.44,319.75,0,3,0,1
2026-09-03T00:51:18.381,IMU-2,0x29,-52.19,-174.38,270.88,0,3,0,1
2026-09-03T00:51:18.480,IMU-1,0x28,53.0,172.19,320.5,0,3,0,1
2026-09-03T00:51:18.481,IMU-2,0x29,-57.69,-171.75,271.31,0,3,0,1
2026-09-03T00:51:18.580,IMU-1,0x28,57.75,172.25,323.56,0,3,0,1
2026-09-03T00:51:18.582,IMU-2,0x29,-62.31,-171.75,273.81,0,3,0,1
2026-09-03T00:51:18.680,IMU-1,0x28,58.88,171.88,323.94,0,3,0,1
2026-09-03T00:51:18.682,IMU-2,0x29,-63.38,-171.44,274.31,0,3,0,1
2026-09-03T00:51:18.781,IMU-1,0x28,61.06,171.38,323.56,0,3,0,1
2026-09-03T00:51:18.782,IMU-2,0x29,-65.62,-170.94,273.88,0,3,0,1
2026-09-03T00:51:18.881,IMU-1,0x28,63.62,169.0,322.25,0,3,0,1
2026-09-03T00:51:18.882,IMU-2,0x29,-68.06,-168.38,272.62,0,3,0,1
2026-09-03T00:51:18.982,IMU-1,0x28,63.06,169.0,322.81,0,3,0,1
2026-09-03T00:51:18.983,IMU-2,0x29,-67.5,-168.25,273.12,0,3,0,1
2026-09-03T00:51:19.081,IMU-1,0x28,62.81,169.56,323.75,0,3,0,1
2026-09-03T00:51:19.083,IMU-2,0x29,-67.38,-168.62,273.88,0,3,0,1
2026-09-03T00:51:19.181,IMU-1,0x28,63.38,169.0,323.75,0,3,0,1
2026-09-03T00:51:19.183,IMU-2,0x29,-68.06,-168.19,274.06,0,3,0,1
2026-09-03T00:51:19.282,IMU-1,0x28,64.12,168.81,324.12,0,3,0,1
2026-09-03T00:51:19.284,IMU-2,0x29,-68.88,-168.0,274.44,0,3,0,1
2026-09-03T00:51:19.382,IMU-1,0x28,63.56,168.75,324.12,0,3,0,1
2026-09-03T00:51:19.384,IMU-2,0x29,-68.25,-167.94,274.44,0,3,0,1
2026-09-03T00:51:19.482,IMU-1,0x28,62.75,168.31,323.38,0,3,0,1
2026-09-03T00:51:19.484,IMU-2,0x29,-67.44,-167.5,273.69,0,3,0,1
2026-09-03T00:51:19.582,IMU-1,0x28,61.75,167.5,322.19,0,3,0,1
2026-09-03T00:51:19.584,IMU-2,0x29,-66.56,-166.44,272.69,0,3,0,1
2026-09-03T00:51:19.681,IMU-1,0x28,61.75,167.0,321.94,0,3,0,1
2026-09-03T00:51:19.684,IMU-2,0x29,-66.56,-165.94,272.5,0,3,0,1
2026-09-03T00:51:19.782,IMU-1,0x28,61.94,166.62,322.19,0,3,0,1
2026-09-03T00:51:19.785,IMU-2,0x29,-66.69,-165.5,272.69,0,3,0,1
2026-09-03T00:51:19.882,IMU-1,0x28,61.94,166.25,322.06,0,3,0,1
2026-09-03T00:51:19.885,IMU-2,0x29,-66.69,-165.06,272.62,0,3,0,1
2026-09-03T00:51:19.983,IMU-1,0x28,60.88,165.62,320.56,0,3,1,1
2026-09-03T00:51:19.986,IMU-2,0x29,-65.75,-164.5,271.38,0,3,0,1
2026-09-03T00:51:20.082,IMU-1,0x28,56.5,164.62,315.94,0,3,1,1
2026-09-03T00:51:20.085,IMU-2,0x29,-61.44,-163.5,267.25,0,3,0,1
2026-09-03T00:51:20.183,IMU-1,0x28,50.19,165.88,310.44,0,3,1,1
2026-09-03T00:51:20.186,IMU-2,0x29,-55.06,-165.0,262.31,0,3,0,1
2026-09-03T00:51:20.283,IMU-1,0x28,42.81,166.75,330.06,0,3,1,1
2026-09-03T00:51:20.286,IMU-2,0x29,-47.5,-166.38,255.38,0,3,0,1
2026-09-03T00:51:20.383,IMU-1,0x28,38.19,165.06,328.88,0,3,1,1
2026-09-03T00:51:20.386,IMU-2,0x29,-42.69,-164.69,278.69,0,3,0,1
2026-09-03T00:51:20.482,IMU-1,0x28,36.31,165.56,327.75,0,3,1,1
2026-09-03T00:51:20.485,IMU-2,0x29,-40.75,-165.25,277.69,0,3,0,1
2026-09-03T00:51:20.581,IMU-1,0x28,34.81,165.56,327.38,0,3,1,1
2026-09-03T00:51:20.584,IMU-2,0x29,-39.19,-165.31,277.31,0,3,0,1
2026-09-03T00:51:20.682,IMU-1,0x28,32.0,165.25,326.88,0,3,1,1
2026-09-03T00:51:20.684,IMU-2,0x29,-36.44,-165.0,277.0,0,3,0,1
2026-09-03T00:51:20.781,IMU-1,0x28,28.62,165.0,264.56,0,3,1,1
2026-09-03T00:51:20.783,IMU-2,0x29,-33.0,-164.75,277.31,0,3,0,1
2026-09-03T00:51:20.881,IMU-1,0x28,23.62,165.94,264.75,0,3,1,1
2026-09-03T00:51:20.883,IMU-2,0x29,-28.25,-165.62,94.06,0,3,0,1
2026-09-03T00:51:20.982,IMU-1,0x28,15.12,166.5,263.88,0,3,1,2
2026-09-03T00:51:20.984,IMU-2,0x29,-19.75,-166.44,93.62,0,3,0,2
2026-09-03T00:51:21.082,IMU-1,0x28,12.44,166.12,263.62,0,3,1,2
2026-09-03T00:51:21.083,IMU-2,0x29,-17.19,-166.06,93.12,0,3,0,2
2026-09-03T00:51:21.182,IMU-1,0x28,12.12,166.88,263.31,0,3,1,2
2026-09-03T00:51:21.183,IMU-2,0x29,-16.81,-166.81,92.75,0,3,0,2
2026-09-03T00:51:21.282,IMU-1,0x28,8.94,167.44,263.75,0,3,1,2
2026-09-03T00:51:21.283,IMU-2,0x29,-13.5,-167.44,93.12,0,3,0,2
2026-09-03T00:51:21.382,IMU-1,0x28,6.56,168.0,263.69,0,3,1,2
2026-09-03T00:51:21.383,IMU-2,0x29,-11.12,-168.0,93.06,0,3,0,2
2026-09-03T00:51:21.482,IMU-1,0x28,6.12,168.38,263.56,0,3,1,2
2026-09-03T00:51:21.483,IMU-2,0x29,-10.69,-168.38,92.81,0,3,0,2
2026-09-03T00:51:21.582,IMU-1,0x28,6.06,168.44,263.62,0,3,1,2
2026-09-03T00:51:21.583,IMU-2,0x29,-10.5,-168.44,92.69,0,3,0,2
2026-09-03T00:51:21.682,IMU-1,0x28,6.06,168.81,263.94,0,3,1,2
2026-09-03T00:51:21.684,IMU-2,0x29,-10.5,-168.69,92.94,0,3,0,2
2026-09-03T00:51:21.782,IMU-1,0x28,5.69,169.0,264.06,0,3,1,2
2026-09-03T00:51:21.784,IMU-2,0x29,-10.12,-168.88,93.12,0,3,0,2
2026-09-03T00:51:21.882,IMU-1,0x28,5.75,169.12,264.38,0,3,1,2
2026-09-03T00:51:21.884,IMU-2,0x29,-10.06,-168.94,93.31,0,3,0,2
2026-09-03T00:51:21.983,IMU-1,0x28,5.69,169.44,264.5,3,3,1,2
2026-09-03T00:51:21.985,IMU-2,0x29,-10.0,-169.12,93.44,3,3,0,2
2026-09-03T00:51:22.083,IMU-1,0x28,5.75,169.5,264.62,3,3,1,2
2026-09-03T00:51:22.085,IMU-2,0x29,-10.0,-169.19,93.5,3,3,0,2
2026-09-03T00:51:22.183,IMU-1,0x28,5.88,169.75,264.75,3,3,1,2
2026-09-03T00:51:22.185,IMU-2,0x29,-10.12,-169.38,93.56,3,3,0,2
2026-09-03T00:51:22.283,IMU-1,0x28,5.88,169.75,264.88,3,3,1,2
2026-09-03T00:51:22.286,IMU-2,0x29,-10.0,-169.31,93.62,3,3,0,2
2026-09-03T00:51:22.383,IMU-1,0x28,5.94,169.75,264.94,3,3,1,2
2026-09-03T00:51:22.386,IMU-2,0x29,-10.12,-169.25,93.69,3,3,0,2
2026-09-03T00:51:22.484,IMU-1,0x28,5.88,169.81,265.0,3,3,1,2
2026-09-03T00:51:22.486,IMU-2,0x29,-10.0,-169.31,93.75,3,3,0,2
2026-09-03T00:51:22.584,IMU-1,0x28,5.88,169.88,265.06,3,3,1,2
2026-09-03T00:51:22.587,IMU-2,0x29,-10.0,-169.31,93.88,3,3,0,2
2026-09-03T00:51:22.684,IMU-1,0x28,5.81,169.94,265.19,3,3,1,2
2026-09-03T00:51:22.687,IMU-2,0x29,-9.88,-169.38,94.0,3,3,0,2
2026-09-03T00:51:22.784,IMU-1,0x28,5.25,170.25,265.25,3,3,1,2
2026-09-03T00:51:22.787,IMU-2,0x29,-9.25,-169.62,94.12,3,3,0,2
2026-09-03T00:51:22.884,IMU-1,0x28,4.12,170.81,265.0,3,3,1,2
2026-09-03T00:51:22.887,IMU-2,0x29,-8.12,-170.19,93.88,3,3,0,2
2026-09-03T00:51:22.985,IMU-1,0x28,1.69,171.06,264.75,3,3,3,2
2026-09-03T00:51:22.989,IMU-2,0x29,-5.62,-170.5,93.81,3,3,0,2
2026-09-03T00:51:23.084,IMU-1,0x28,-0.12,171.75,264.88,3,3,3,2
2026-09-03T00:51:23.087,IMU-2,0x29,-3.69,-171.19,93.94,3,3,0,2
2026-09-03T00:51:23.184,IMU-1,0x28,-2.88,173.19,264.69,3,3,3,2
2026-09-03T00:51:23.187,IMU-2,0x29,-0.94,-172.69,93.88,3,3,0,2
2026-09-03T00:51:23.285,IMU-1,0x28,-5.25,173.69,264.88,3,3,3,2
2026-09-03T00:51:23.288,IMU-2,0x29,1.31,-173.19,94.25,3,3,0,2
2026-09-03T00:51:23.385,IMU-1,0x28,-4.38,173.62,264.75,3,3,3,2
2026-09-03T00:51:23.388,IMU-2,0x29,0.44,-173.12,94.06,3,3,0,2
2026-09-03T00:51:23.485,IMU-1,0x28,-4.38,173.75,264.81,3,3,3,2
2026-09-03T00:51:23.488,IMU-2,0x29,0.44,-173.19,94.12,3,3,0,2
2026-09-03T00:51:23.584,IMU-1,0x28,-5.0,174.0,264.88,3,3,3,2
2026-09-03T00:51:23.586,IMU-2,0x29,1.06,-173.44,94.19,3,3,0,2
2026-09-03T00:51:23.685,IMU-1,0x28,-4.81,174.0,264.94,3,3,3,2
2026-09-03T00:51:23.686,IMU-2,0x29,0.88,-173.44,94.25,3,3,0,2
2026-09-03T00:51:23.783,IMU-1,0x28,-5.19,174.06,264.94,3,3,3,2
2026-09-03T00:51:23.785,IMU-2,0x29,1.31,-173.5,94.31,3,3,0,2
2026-09-03T00:51:23.883,IMU-1,0x28,-5.19,174.06,265.0,3,3,3,2
2026-09-03T00:51:23.885,IMU-2,0x29,1.31,-173.38,94.38,3,3,0,2
2026-09-03T00:51:23.984,IMU-1,0x28,-5.25,174.06,265.06,3,3,3,2
2026-09-03T00:51:23.986,IMU-2,0x29,1.38,-173.38,94.38,3,3,0,2
2026-09-03T00:51:24.083,IMU-1,0x28,-5.12,174.06,265.0,3,3,3,2
2026-09-03T00:51:24.085,IMU-2,0x29,1.31,-173.25,94.31,3,3,0,2
2026-09-03T00:51:24.184,IMU-1,0x28,-5.38,174.06,265.12,3,3,3,2
2026-09-03T00:51:24.185,IMU-2,0x29,1.5,-173.31,94.5,3,3,0,2
2026-09-03T00:51:24.284,IMU-1,0x28,-5.38,174.06,265.12,3,3,3,2
2026-09-03T00:51:24.285,IMU-2,0x29,1.56,-173.25,94.5,3,3,0,2
2026-09-03T00:51:24.384,IMU-1,0x28,-5.56,174.0,265.25,3,3,3,2
2026-09-03T00:51:24.385,IMU-2,0x29,1.75,-173.12,94.56,3,3,0,2
2026-09-03T00:51:24.484,IMU-1,0x28,-5.56,174.12,265.19,3,3,3,2
2026-09-03T00:51:24.486,IMU-2,0x29,1.69,-173.19,94.56,3,3,0,2
2026-09-03T00:51:24.584,IMU-1,0x28,-5.81,174.44,265.56,3,3,3,2
2026-09-03T00:51:24.586,IMU-2,0x29,2.0,-173.5,94.94,3,3,0,2
2026-09-03T00:51:24.684,IMU-1,0x28,-5.69,174.5,265.5,3,3,3,2
2026-09-03T00:51:24.686,IMU-2,0x29,1.88,-173.56,94.81,3,3,0,2
2026-09-03T00:51:24.784,IMU-1,0x28,-5.62,174.5,265.56,3,3,3,2
2026-09-03T00:51:24.785,IMU-2,0x29,1.81,-173.56,94.94,3,3,0,2
2026-09-03T00:51:24.884,IMU-1,0x28,-5.88,174.56,265.69,3,3,3,2
2026-09-03T00:51:24.886,IMU-2,0x29,2.0,-173.56,95.0,3,3,0,2
2026-09-03T00:51:24.984,IMU-1,0x28,-5.81,174.5,265.69,3,3,3,2
2026-09-03T00:51:24.988,IMU-2,0x29,2.0,-173.5,95.06,3,3,0,2
2026-09-03T00:51:25.084,IMU-1,0x28,-5.75,174.5,265.75,3,3,3,2
2026-09-03T00:51:25.087,IMU-2,0x29,1.94,-173.44,95.06,3,3,0,2
2026-09-03T00:51:25.184,IMU-1,0x28,-5.56,174.62,265.81,3,3,3,2
2026-09-03T00:51:25.186,IMU-2,0x29,1.69,-173.5,95.12,3,3,0,2
2026-09-03T00:51:25.284,IMU-1,0x28,-5.69,174.69,265.88,3,3,3,2
2026-09-03T00:51:25.286,IMU-2,0x29,1.81,-173.56,95.19,3,3,0,2
2026-09-03T00:51:25.384,IMU-1,0x28,-5.25,174.38,265.75,3,3,3,2
2026-09-03T00:51:25.386,IMU-2,0x29,1.5,-173.31,95.12,3,3,0,2
2026-09-03T00:51:25.485,IMU-1,0x28,-5.25,174.31,265.88,3,3,3,2
2026-09-03T00:51:25.486,IMU-2,0x29,1.44,-173.19,95.31,3,3,0,2
2026-09-03T00:51:25.585,IMU-1,0x28,-5.0,174.19,265.88,3,3,3,2
2026-09-03T00:51:25.586,IMU-2,0x29,1.19,-173.06,95.25,3,3,0,2
2026-09-03T00:51:25.685,IMU-1,0x28,-4.88,174.19,266.12,3,3,3,2
2026-09-03T00:51:25.688,IMU-2,0x29,1.12,-173.0,95.44,3,3,0,2
2026-09-03T00:51:25.785,IMU-1,0x28,-4.75,174.12,266.0,3,3,3,2
2026-09-03T00:51:25.788,IMU-2,0x29,1.0,-173.0,95.38,3,3,0,2
2026-09-03T00:51:25.885,IMU-1,0x28,-4.69,174.12,266.06,3,3,3,2
2026-09-03T00:51:25.886,IMU-2,0x29,0.94,-172.94,95.38,3,3,0,2
2026-09-03T00:51:25.985,IMU-1,0x28,-4.38,174.31,266.25,3,3,3,2
2026-09-03T00:51:25.987,IMU-2,0x29,0.56,-173.12,95.62,3,3,0,2
2026-09-03T00:51:26.085,IMU-1,0x28,-4.19,174.56,266.44,3,3,3,2
2026-09-03T00:51:26.086,IMU-2,0x29,0.38,-173.44,95.81,3,3,0,2
2026-09-03T00:51:26.185,IMU-1,0x28,-3.88,174.62,266.38,3,3,3,2
2026-09-03T00:51:26.186,IMU-2,0x29,0.12,-173.44,95.69,3,3,0,2
2026-09-03T00:51:26.285,IMU-1,0x28,-3.62,174.69,266.38,3,3,3,2
2026-09-03T00:51:26.286,IMU-2,0x29,-0.06,-173.5,95.69,3,3,0,2
2026-09-03T00:51:26.385,IMU-1,0x28,-3.56,174.69,266.38,3,3,3,2
2026-09-03T00:51:26.386,IMU-2,0x29,-0.12,-173.5,95.69,3,3,0,2
2026-09-03T00:51:26.485,IMU-1,0x28,-3.31,174.62,266.38,3,3,3,2
2026-09-03T00:51:26.487,IMU-2,0x29,-0.44,-173.38,95.69,3,3,0,2
2026-09-03T00:51:26.585,IMU-1,0x28,-3.5,174.81,266.56,3,3,3,2
2026-09-03T00:51:26.587,IMU-2,0x29,-0.19,-173.5,95.81,3,3,0,2
2026-09-03T00:51:26.685,IMU-1,0x28,-3.25,174.75,266.5,3,3,3,2
2026-09-03T00:51:26.687,IMU-2,0x29,-0.5,-173.44,95.75,3,3,0,2
2026-09-03T00:51:26.787,IMU-1,0x28,-3.31,174.81,266.69,3,3,3,2
2026-09-03T00:51:26.788,IMU-2,0x29,-0.44,-173.56,95.94,3,3,0,2
2026-09-03T00:51:26.885,IMU-1,0x28,-3.19,174.81,266.56,3,3,3,2
2026-09-03T00:51:26.887,IMU-2,0x29,-0.5,-173.56,95.88,3,3,0,2
2026-09-03T00:51:26.986,IMU-1,0x28,-3.31,174.75,266.62,3,3,3,2
2026-09-03T00:51:26.988,IMU-2,0x29,-0.5,-173.44,95.88,3,3,0,2
2026-09-03T00:51:27.085,IMU-1,0x28,-3.25,174.94,266.75,3,3,3,2
2026-09-03T00:51:27.087,IMU-2,0x29,-0.38,-173.5,96.0,3,3,0,2
2026-09-03T00:51:27.185,IMU-1,0x28,-3.38,175.0,266.81,3,3,3,2
2026-09-03T00:51:27.187,IMU-2,0x29,-0.31,-173.69,96.12,3,3,0,2
2026-09-03T00:51:27.286,IMU-1,0x28,-3.69,175.06,266.94,3,3,3,2
2026-09-03T00:51:27.287,IMU-2,0x29,-0.06,-173.75,96.19,3,3,0,2
2026-09-03T00:51:27.386,IMU-1,0x28,-3.88,175.19,267.0,3,3,3,2
2026-09-03T00:51:27.387,IMU-2,0x29,0.06,-173.88,96.31,3,3,0,2
2026-09-03T00:51:27.486,IMU-1,0x28,-5.19,175.38,266.62,3,3,3,2
2026-09-03T00:51:27.487,IMU-2,0x29,1.5,-174.06,95.94,3,3,0,2
2026-09-03T00:51:27.586,IMU-1,0x28,-11.06,176.0,265.5,3,3,3,2
2026-09-03T00:51:27.587,IMU-2,0x29,7.38,-174.94,95.0,3,3,0,2
2026-09-03T00:51:27.686,IMU-1,0x28,-19.19,176.88,263.06,3,3,3,2
2026-09-03T00:51:27.687,IMU-2,0x29,15.56,-176.06,92.69,3,3,0,2
2026-09-03T00:51:27.786,IMU-1,0x28,-22.19,177.62,264.56,3,3,3,2
2026-09-03T00:51:27.787,IMU-2,0x29,18.38,-176.81,94.12,3,3,0,2
2026-09-03T00:51:27.886,IMU-1,0x28,-22.06,177.31,263.88,3,3,3,2
2026-09-03T00:51:27.888,IMU-2,0x29,18.25,-176.56,93.38,3,3,0,2
2026-09-03T00:51:27.987,IMU-1,0x28,-23.81,178.0,264.38,3,3,3,2
2026-09-03T00:51:27.988,IMU-2,0x29,19.94,-177.31,93.69,3,3,0,2
2026-09-03T00:51:28.086,IMU-1,0x28,-27.88,179.0,263.75,3,3,3,2
2026-09-03T00:51:28.088,IMU-2,0x29,24.0,-178.44,93.19,3,3,0,2
2026-09-03T00:51:28.186,IMU-1,0x28,-30.31,179.62,263.38,3,3,3,2
2026-09-03T00:51:28.188,IMU-2,0x29,26.5,-179.12,92.94,3,3,0,2
2026-09-03T00:51:28.286,IMU-1,0x28,-30.19,179.5,263.56,3,3,3,2
2026-09-03T00:51:28.288,IMU-2,0x29,26.38,-179.0,92.94,3,3,0,2
2026-09-03T00:51:28.386,IMU-1,0x28,-30.06,179.5,263.88,3,3,3,2
2026-09-03T00:51:28.388,IMU-2,0x29,26.25,-178.94,93.06,3,3,0,2
2026-09-03T00:51:28.486,IMU-1,0x28,-30.0,179.94,263.75,3,3,3,2
2026-09-03T00:51:28.488,IMU-2,0x29,26.19,-179.25,92.94,3,3,0,2
2026-09-03T00:51:28.586,IMU-1,0x28,-29.94,-179.81,263.81,3,3,3,2
2026-09-03T00:51:28.588,IMU-2,0x29,26.12,-179.44,92.88,3,3,0,2
2026-09-03T00:51:28.686,IMU-1,0x28,-29.88,-179.62,264.06,3,3,3,2
2026-09-03T00:51:28.688,IMU-2,0x29,26.0,-179.44,93.0,3,3,0,2
2026-09-03T00:51:28.787,IMU-1,0x28,-30.19,-179.88,264.12,3,3,3,2
2026-09-03T00:51:28.788,IMU-2,0x29,26.31,-179.25,92.75,3,3,0,2
2026-09-03T00:51:28.887,IMU-1,0x28,-31.12,-179.56,263.81,3,3,3,2
2026-09-03T00:51:28.888,IMU-2,0x29,27.31,-179.56,92.38,3,3,0,2
2026-09-03T00:51:28.987,IMU-1,0x28,-32.69,-179.88,263.69,3,3,3,2
2026-09-03T00:51:28.989,IMU-2,0x29,29.19,-179.25,92.19,3,3,0,2
2026-09-03T00:51:29.087,IMU-1,0x28,-35.5,-179.88,263.19,3,3,3,2
2026-09-03T00:51:29.088,IMU-2,0x29,31.75,-179.38,91.75,3,3,0,2
2026-09-03T00:51:29.187,IMU-1,0x28,-37.12,179.62,262.44,3,3,3,2
2026-09-03T00:51:29.188,IMU-2,0x29,33.5,-179.0,90.94,3,3,0,2
2026-09-03T00:51:29.287,IMU-1,0x28,-38.81,179.75,261.88,3,3,3,2
2026-09-03T00:51:29.288,IMU-2,0x29,35.12,-179.12,90.44,3,3,0,2
2026-09-03T00:51:29.387,IMU-1,0x28,-39.5,179.69,261.5,3,3,3,2
2026-09-03T00:51:29.388,IMU-2,0x29,35.81,-179.19,90.06,3,3,0,2
2026-09-03T00:51:29.487,IMU-1,0x28,-40.56,-179.75,261.94,3,3,3,2
2026-09-03T00:51:29.489,IMU-2,0x29,36.94,-179.69,90.56,3,3,0,2
2026-09-03T00:51:29.587,IMU-1,0x28,-41.62,-179.94,262.44,3,3,3,2
2026-09-03T00:51:29.589,IMU-2,0x29,38.0,-179.5,91.06,3,3,0,2
2026-09-03T00:51:29.687,IMU-1,0x28,-41.5,-179.56,262.81,3,3,3,2
2026-09-03T00:51:29.689,IMU-2,0x29,37.81,-179.75,91.38,3,3,0,2
2026-09-03T00:51:29.787,IMU-1,0x28,-41.44,-179.62,262.88,3,3,3,2
2026-09-03T00:51:29.789,IMU-2,0x29,37.75,-179.62,91.44,3,3,0,2
2026-09-03T00:51:29.887,IMU-1,0x28,-41.38,-179.69,262.81,3,3,3,2
2026-09-03T00:51:29.890,IMU-2,0x29,37.69,-179.5,91.38,3,3,0,2
2026-09-03T00:51:29.988,IMU-1,0x28,-41.19,-179.56,262.81,3,3,3,2
2026-09-03T00:51:29.991,IMU-2,0x29,37.44,-179.56,91.38,3,3,1,2
2026-09-03T00:51:30.087,IMU-1,0x28,-41.19,-179.69,262.75,3,3,3,2
2026-09-03T00:51:30.090,IMU-2,0x29,37.38,-179.44,91.25,3,3,1,2
2026-09-03T00:51:30.187,IMU-1,0x28,-41.0,-179.62,262.75,3,3,3,2
2026-09-03T00:51:30.190,IMU-2,0x29,37.19,-179.44,91.25,3,3,1,2
2026-09-03T00:51:30.287,IMU-1,0x28,-40.75,-179.62,262.88,3,3,3,2
2026-09-03T00:51:30.290,IMU-2,0x29,36.94,-179.38,91.38,3,3,1,2
2026-09-03T00:51:30.387,IMU-1,0x28,-40.62,-179.56,262.81,3,3,3,2
2026-09-03T00:51:30.390,IMU-2,0x29,36.75,-179.44,91.31,3,3,1,2
2026-09-03T00:51:30.488,IMU-1,0x28,-40.38,-179.25,262.69,3,3,3,2
2026-09-03T00:51:30.491,IMU-2,0x29,36.5,-179.69,91.19,3,3,1,2
2026-09-03T00:51:30.588,IMU-1,0x28,-40.12,-179.0,262.69,3,3,3,2
2026-09-03T00:51:30.591,IMU-2,0x29,36.25,-179.88,91.19,3,3,1,2
2026-09-03T00:51:30.688,IMU-1,0x28,-40.0,-179.25,262.75,3,3,3,2
2026-09-03T00:51:30.691,IMU-2,0x29,36.06,-179.62,91.19,3,3,1,2
2026-09-03T00:51:30.788,IMU-1,0x28,-39.75,-179.62,263.12,3,3,3,2
2026-09-03T00:51:30.791,IMU-2,0x29,35.75,-179.25,91.5,3,3,1,2
2026-09-03T00:51:30.888,IMU-1,0x28,-38.81,-179.88,263.62,3,3,3,2
2026-09-03T00:51:30.890,IMU-2,0x29,34.81,-178.94,92.0,3,3,1,2
2026-09-03T00:51:30.988,IMU-1,0x28,-37.62,179.81,263.62,3,3,3,2
2026-09-03T00:51:30.992,IMU-2,0x29,33.62,-178.56,91.94,3,3,1,2
2026-09-03T00:51:31.088,IMU-1,0x28,-35.19,-179.69,263.81,3,3,3,2
2026-09-03T00:51:31.091,IMU-2,0x29,31.31,-178.81,92.12,3,3,1,2
2026-09-03T00:51:31.188,IMU-1,0x28,-32.0,-179.75,263.06,3,3,3,2
2026-09-03T00:51:31.190,IMU-2,0x29,28.12,-178.81,91.38,3,3,1,2
2026-09-03T00:51:31.288,IMU-1,0x28,-28.69,-179.88,262.69,3,3,3,2
2026-09-03T00:51:31.290,IMU-2,0x29,24.75,-178.56,90.94,3,3,1,2
2026-09-03T00:51:31.388,IMU-1,0x28,-24.88,179.94,263.5,3,3,3,2
2026-09-03T00:51:31.390,IMU-2,0x29,21.0,-178.38,91.62,3,3,1,2
2026-09-03T00:51:31.488,IMU-1,0x28,-22.69,-179.75,264.88,3,3,3,2
2026-09-03T00:51:31.490,IMU-2,0x29,19.0,-178.5,92.75,3,3,1,2
2026-09-03T00:51:31.588,IMU-1,0x28,-21.12,-179.75,266.25,3,3,3,2
2026-09-03T00:51:31.590,IMU-2,0x29,17.38,-178.44,94.06,3,3,1,2
2026-09-03T00:51:31.688,IMU-1,0x28,-16.81,-179.44,268.38,3,3,3,2
2026-09-03T00:51:31.690,IMU-2,0x29,13.0,-178.56,96.0,3,3,1,2
2026-09-03T00:51:31.788,IMU-1,0x28,-12.75,-179.31,269.62,3,3,3,2
2026-09-03T00:51:31.790,IMU-2,0x29,8.94,-178.56,97.0,3,3,1,2
2026-09-03T00:51:31.888,IMU-1,0x28,-11.25,-179.38,269.75,3,3,3,2
2026-09-03T00:51:31.890,IMU-2,0x29,7.44,-178.5,97.0,3,3,1,2
2026-09-03T00:51:31.989,IMU-1,0x28,-10.56,-179.38,269.38,3,3,3,2
2026-09-03T00:51:31.991,IMU-2,0x29,6.75,-178.44,96.62,3,3,1,2
2026-09-03T00:51:32.089,IMU-1,0x28,-10.06,-179.38,269.12,3,3,3,2
2026-09-03T00:51:32.090,IMU-2,0x29,6.31,-178.44,96.31,3,3,1,2
2026-09-03T00:51:32.189,IMU-1,0x28,-9.94,-179.38,269.06,3,3,3,2
2026-09-03T00:51:32.191,IMU-2,0x29,6.12,-178.5,96.38,3,3,1,2
2026-09-03T00:51:32.289,IMU-1,0x28,-9.81,-179.38,269.06,3,3,3,2
2026-09-03T00:51:32.291,IMU-2,0x29,6.0,-178.5,96.44,3,3,1,2
2026-09-03T00:51:32.389,IMU-1,0x28,-10.0,-179.38,269.06,3,3,3,2
2026-09-03T00:51:32.391,IMU-2,0x29,6.19,-178.5,96.44,3,3,1,2
2026-09-03T00:51:32.490,IMU-1,0x28,-9.94,-179.38,269.06,3,3,3,2
2026-09-03T00:51:32.492,IMU-2,0x29,6.19,-178.5,96.44,3,3,1,2
2026-09-03T00:51:32.590,IMU-1,0x28,-9.94,-179.38,269.06,3,3,3,2
2026-09-03T00:51:32.592,IMU-2,0x29,6.12,-178.56,96.38,3,3,1,2
2026-09-03T00:51:32.690,IMU-1,0x28,-9.88,-179.38,269.06,3,3,3,2
2026-09-03T00:51:32.692,IMU-2,0x29,6.06,-178.56,96.38,3,3,1,2
2026-09-03T00:51:32.790,IMU-1,0x28,-9.88,-179.38,269.06,3,3,3,2
2026-09-03T00:51:32.793,IMU-2,0x29,6.06,-178.56,96.38,3,3,1,2
2026-09-03T00:51:32.890,IMU-1,0x28,-9.88,-179.38,269.0,3,3,3,2
2026-09-03T00:51:32.893,IMU-2,0x29,6.12,-178.56,96.38,3,3,1,2
2026-09-03T00:51:32.991,IMU-1,0x28,-9.81,-179.38,269.0,3,3,3,2
2026-09-03T00:51:32.994,IMU-2,0x29,6.06,-178.56,96.38,3,3,1,2
2026-09-03T00:51:33.091,IMU-1,0x28,-9.81,-179.38,269.0,3,3,3,2
2026-09-03T00:51:33.094,IMU-2,0x29,6.0,-178.56,96.38,3,3,1,2
2026-09-03T00:51:33.191,IMU-1,0x28,-9.81,-179.38,269.0,3,3,3,2
2026-09-03T00:51:33.194,IMU-2,0x29,6.06,-178.56,96.31,3,3,1,2
2026-09-03T00:51:33.291,IMU-1,0x28,-9.94,-179.38,268.94,3,3,3,2
2026-09-03T00:51:33.294,IMU-2,0x29,6.19,-178.56,96.25,3,3,1,2
2026-09-03T00:51:33.391,IMU-1,0x28,-9.94,-179.38,268.88,3,3,3,2
2026-09-03T00:51:33.394,IMU-2,0x29,6.19,-178.56,96.25,3,3,1,2
2026-09-03T00:51:33.491,IMU-1,0x28,-10.0,-179.44,268.81,3,3,3,2
2026-09-03T00:51:33.494,IMU-2,0x29,6.25,-178.56,96.19,3,3,1,2
2026-09-03T00:51:33.591,IMU-1,0x28,-10.06,-179.44,268.69,3,3,3,2
2026-09-03T00:51:33.594,IMU-2,0x29,6.25,-178.56,96.06,3,3,1,2
2026-09-03T00:51:33.691,IMU-1,0x28,-9.88,-179.44,268.69,3,3,3,2
2026-09-03T00:51:33.694,IMU-2,0x29,6.12,-178.56,96.06,3,3,1,2
2026-09-03T00:51:33.791,IMU-1,0x28,-9.81,-179.44,268.69,3,3,3,2
2026-09-03T00:51:33.794,IMU-2,0x29,6.06,-178.56,96.06,3,3,1,2
2026-09-03T00:51:33.891,IMU-1,0x28,-9.62,-179.44,268.69,3,3,3,2
2026-09-03T00:51:33.894,IMU-2,0x29,5.88,-178.56,96.06,3,3,1,2
2026-09-03T00:51:33.992,IMU-1,0x28,-9.81,-179.44,268.69,3,3,3,2
2026-09-03T00:51:33.996,IMU-2,0x29,6.06,-178.56,96.06,3,3,1,2
2026-09-03T00:51:34.091,IMU-1,0x28,-9.81,-179.44,268.62,3,3,3,2
2026-09-03T00:51:34.093,IMU-2,0x29,6.06,-178.56,96.0,3,3,1,2
2026-09-03T00:51:34.191,IMU-1,0x28,-9.5,-179.44,268.69,3,3,3,2
2026-09-03T00:51:34.193,IMU-2,0x29,5.75,-178.56,96.06,3,3,1,2
2026-09-03T00:51:34.291,IMU-1,0x28,-9.62,-179.56,268.19,3,3,3,2
2026-09-03T00:51:34.293,IMU-2,0x29,5.75,-178.0,95.56,3,3,1,2
2026-09-03T00:51:34.391,IMU-1,0x28,-6.31,167.31,270.81,3,3,3,2
2026-09-03T00:51:34.393,IMU-2,0x29,2.69,-163.75,98.31,3,3,1,2
2026-09-03T00:51:34.491,IMU-1,0x28,-3.0,134.62,91.56,3,3,3,2
2026-09-03T00:51:34.492,IMU-2,0x29,0.25,-131.56,286.88,3,3,1,2
2026-09-03T00:51:34.591,IMU-1,0x28,-6.0,158.44,294.75,3,3,3,2
2026-09-03T00:51:34.592,IMU-2,0x29,2.69,-157.06,121.69,3,3,1,2
2026-09-03T00:51:34.690,IMU-1,0x28,-3.12,164.94,294.12,3,3,3,2
2026-09-03T00:51:34.692,IMU-2,0x29,-0.62,-162.31,119.69,3,3,1,2
2026-09-03T00:51:34.790,IMU-1,0x28,1.75,168.62,293.44,3,3,3,2
2026-09-03T00:51:34.792,IMU-2,0x29,-5.75,-165.44,118.88,3,3,1,2
2026-09-03T00:51:34.890,IMU-1,0x28,9.62,170.88,289.25,3,3,3,2
2026-09-03T00:51:34.892,IMU-2,0x29,-13.75,-167.94,114.31,3,3,1,2
2026-09-03T00:51:34.991,IMU-1,0x28,17.75,176.06,282.06,3,3,3,2
2026-09-03T00:51:34.993,IMU-2,0x29,-21.88,-173.19,107.44,2,3,1,2
2026-09-03T00:51:35.090,IMU-1,0x28,25.69,176.5,279.44,3,3,3,2
2026-09-03T00:51:35.093,IMU-2,0x29,-29.0,-173.44,104.31,2,3,1,2
2026-09-03T00:51:35.190,IMU-1,0x28,32.56,173.75,281.06,3,3,3,2
2026-09-03T00:51:35.193,IMU-2,0x29,-35.94,-170.25,105.88,2,3,1,2
2026-09-03T00:51:35.291,IMU-1,0x28,36.56,172.81,280.25,3,3,3,2
2026-09-03T00:51:35.293,IMU-2,0x29,-40.12,-168.88,105.06,2,3,1,2
2026-09-03T00:51:35.391,IMU-1,0x28,38.12,173.25,279.19,3,3,3,2
2026-09-03T00:51:35.393,IMU-2,0x29,-41.81,-169.38,104.12,2,3,1,2
2026-09-03T00:51:35.491,IMU-1,0x28,39.12,173.56,278.38,3,3,3,2
2026-09-03T00:51:35.494,IMU-2,0x29,-42.81,-169.75,103.69,2,3,1,2
2026-09-03T00:51:35.591,IMU-1,0x28,40.38,173.25,278.06,3,3,3,2
2026-09-03T00:51:35.594,IMU-2,0x29,-43.88,-169.62,103.31,2,3,1,2
2026-09-03T00:51:35.691,IMU-1,0x28,43.5,172.12,277.75,3,3,3,2
2026-09-03T00:51:35.694,IMU-2,0x29,-47.0,-168.19,81.5,2,3,1,2
2026-09-03T00:51:35.791,IMU-1,0x28,44.25,172.44,277.0,3,3,3,2
2026-09-03T00:51:35.794,IMU-2,0x29,-47.75,-168.5,81.81,2,3,1,2
2026-09-03T00:51:35.891,IMU-1,0x28,42.94,173.19,276.75,3,3,3,2
2026-09-03T00:51:35.894,IMU-2,0x29,-46.5,-169.38,82.31,2,3,1,2
2026-09-03T00:51:35.992,IMU-1,0x28,41.88,173.69,276.5,3,3,3,3
2026-09-03T00:51:35.995,IMU-2,0x29,-45.44,-170.44,83.12,3,3,1,3
2026-09-03T00:51:36.092,IMU-1,0x28,41.44,173.75,276.25,3,3,3,3
2026-09-03T00:51:36.095,IMU-2,0x29,-45.06,-170.62,82.94,3,3,1,3
2026-09-03T00:51:36.192,IMU-1,0x28,41.44,173.69,276.0,3,3,3,3
2026-09-03T00:51:36.194,IMU-2,0x29,-45.06,-170.69,82.81,3,3,1,3
2026-09-03T00:51:36.292,IMU-1,0x28,41.81,173.75,275.69,3,3,3,3
2026-09-03T00:51:36.294,IMU-2,0x29,-45.44,-170.81,83.0,3,3,1,3
2026-09-03T00:51:36.392,IMU-1,0x28,41.88,173.88,275.56,3,3,3,3
2026-09-03T00:51:36.394,IMU-2,0x29,-45.5,-171.12,83.5,3,3,1,3
2026-09-03T00:51:36.493,IMU-1,0x28,41.0,174.31,275.5,3,3,3,3
2026-09-03T00:51:36.496,IMU-2,0x29,-44.69,-171.62,83.94,3,3,1,3
2026-09-03T00:51:36.593,IMU-1,0x28,41.25,174.44,275.38,3,3,3,3
2026-09-03T00:51:36.596,IMU-2,0x29,-45.0,-171.75,84.31,3,3,1,3
2026-09-03T00:51:36.693,IMU-1,0x28,41.5,174.44,275.19,3,3,3,3
2026-09-03T00:51:36.694,IMU-2,0x29,-45.25,-171.81,84.38,3,3,1,3
2026-09-03T00:51:36.793,IMU-1,0x28,42.19,174.69,274.75,3,3,3,3
2026-09-03T00:51:36.795,IMU-2,0x29,-45.94,-172.19,85.0,3,3,1,3
2026-09-03T00:51:36.893,IMU-1,0x28,42.0,174.75,274.69,3,3,3,3
2026-09-03T00:51:36.895,IMU-2,0x29,-45.75,-172.38,85.19,3,3,1,3
2026-09-03T00:51:36.994,IMU-1,0x28,41.5,174.94,274.75,3,3,3,3
2026-09-03T00:51:36.996,IMU-2,0x29,-45.31,-172.62,85.44,3,3,3,3
2026-09-03T00:51:37.093,IMU-1,0x28,41.5,175.0,274.69,3,3,3,3
2026-09-03T00:51:37.094,IMU-2,0x29,-45.31,-172.75,85.56,3,3,3,3
2026-09-03T00:51:37.193,IMU-1,0x28,41.56,174.88,274.62,3,3,3,3
2026-09-03T00:51:37.195,IMU-2,0x29,-45.38,-172.62,85.25,3,3,3,3
2026-09-03T00:51:37.293,IMU-1,0x28,42.0,174.75,274.56,3,3,3,3
2026-09-03T00:51:37.295,IMU-2,0x29,-45.81,-172.56,85.31,3,3,3,3
2026-09-03T00:51:37.393,IMU-1,0x28,41.94,174.62,274.56,3,3,3,3
2026-09-03T00:51:37.395,IMU-2,0x29,-45.75,-172.44,85.0,3,3,3,3
2026-09-03T00:51:37.493,IMU-1,0x28,42.25,174.62,274.5,3,3,3,3
2026-09-03T00:51:37.495,IMU-2,0x29,-46.06,-172.5,85.19,3,3,3,3
2026-09-03T00:51:37.593,IMU-1,0x28,42.62,174.5,274.56,3,3,3,3
2026-09-03T00:51:37.594,IMU-2,0x29,-46.44,-172.5,85.38,3,3,3,3
2026-09-03T00:51:37.693,IMU-1,0x28,42.88,174.44,274.62,3,3,3,3
2026-09-03T00:51:37.694,IMU-2,0x29,-46.62,-172.38,85.38,3,3,3,3
2026-09-03T00:51:37.793,IMU-1,0x28,42.88,174.56,274.56,3,3,3,3
2026-09-03T00:51:37.795,IMU-2,0x29,-46.69,-172.69,85.81,3,3,3,3
2026-09-03T00:51:37.892,IMU-1,0x28,43.31,175.25,274.62,3,3,3,3
2026-09-03T00:51:37.894,IMU-2,0x29,-47.06,-173.31,87.25,3,3,3,3
2026-09-03T00:51:37.993,IMU-1,0x28,43.88,175.44,274.62,3,3,3,3
2026-09-03T00:51:37.995,IMU-2,0x29,-47.62,-173.5,87.81,3,3,3,3
2026-09-03T00:51:38.092,IMU-1,0x28,44.56,175.56,274.12,3,3,3,3
2026-09-03T00:51:38.094,IMU-2,0x29,-48.38,-173.69,87.88,3,3,3,3
2026-09-03T00:51:38.192,IMU-1,0x28,44.25,175.56,273.75,3,3,3,3
2026-09-03T00:51:38.194,IMU-2,0x29,-48.06,-173.81,87.5,3,3,3,3
2026-09-03T00:51:38.292,IMU-1,0x28,44.38,175.44,273.81,3,3,3,3
2026-09-03T00:51:38.294,IMU-2,0x29,-48.12,-173.75,87.5,3,3,3,3
2026-09-03T00:51:38.392,IMU-1,0x28,44.62,175.19,274.12,3,3,3,3
2026-09-03T00:51:38.394,IMU-2,0x29,-48.44,-173.5,87.44,3,3,3,3
2026-09-03T00:51:38.492,IMU-1,0x28,44.81,175.62,265.19,3,3,3,3
2026-09-03T00:51:38.494,IMU-2,0x29,-48.62,-173.94,88.06,3,3,3,3
2026-09-03T00:51:38.592,IMU-1,0x28,47.25,176.88,267.62,3,3,3,3
2026-09-03T00:51:38.594,IMU-2,0x29,-50.88,-175.31,90.56,3,3,3,3
2026-09-03T00:51:38.692,IMU-1,0x28,50.81,177.44,267.75,3,3,3,3
2026-09-03T00:51:38.694,IMU-2,0x29,-54.31,-176.06,90.88,3,3,3,3
2026-09-03T00:51:38.793,IMU-1,0x28,52.81,178.12,269.19,3,3,3,3
2026-09-03T00:51:38.794,IMU-2,0x29,-56.31,-176.69,92.38,3,3,3,3
2026-09-03T00:51:38.893,IMU-1,0x28,55.25,179.38,271.75,3,3,3,3
2026-09-03T00:51:38.894,IMU-2,0x29,-58.81,-178.06,95.31,3,3,3,3
2026-09-03T00:51:38.993,IMU-1,0x28,57.5,179.19,272.94,3,3,3,3
2026-09-03T00:51:38.995,IMU-2,0x29,-61.06,-177.5,96.44,3,3,3,3
2026-09-03T00:51:39.093,IMU-1,0x28,59.81,176.81,269.75,3,3,3,3
2026-09-03T00:51:39.094,IMU-2,0x29,-63.31,-175.06,93.62,3,3,3,3
2026-09-03T00:51:39.193,IMU-1,0x28,62.81,-177.81,272.81,3,3,3,3
2026-09-03T00:51:39.194,IMU-2,0x29,-66.25,178.88,96.81,3,3,3,3
2026-09-03T00:51:39.293,IMU-1,0x28,67.06,-165.12,278.88,3,3,3,3
2026-09-03T00:51:39.295,IMU-2,0x29,-70.25,164.25,102.94,3,3,3,3
2026-09-03T00:51:39.393,IMU-1,0x28,65.62,-161.12,273.31,3,3,3,3
2026-09-03T00:51:39.395,IMU-2,0x29,-68.88,158.44,98.81,3,3,3,3
2026-09-03T00:51:39.494,IMU-1,0x28,65.31,-155.06,278.31,3,3,3,3
2026-09-03T00:51:39.495,IMU-2,0x29,-67.94,152.12,103.0,3,3,3,3
2026-09-03T00:51:39.594,IMU-1,0x28,67.88,-158.31,273.38,3,3,3,3
2026-09-03T00:51:39.595,IMU-2,0x29,-70.75,154.75,98.25,3,3,3,3
2026-09-03T00:51:39.694,IMU-1,0x28,69.31,-153.75,273.25,3,3,3,3
2026-09-03T00:51:39.696,IMU-2,0x29,-71.88,149.06,98.19,3,3,3,3
2026-09-03T00:51:39.794,IMU-1,0x28,68.12,-152.44,270.38,3,3,3,3
2026-09-03T00:51:39.796,IMU-2,0x29,-70.44,147.69,95.56,3,3,3,3
2026-09-03T00:51:39.894,IMU-1,0x28,66.69,-152.0,271.38,3,3,3,3
2026-09-03T00:51:39.896,IMU-2,0x29,-69.06,147.69,96.44,3,3,3,3
2026-09-03T00:51:39.995,IMU-1,0x28,66.69,-156.31,269.25,3,3,3,3
2026-09-03T00:51:39.997,IMU-2,0x29,-69.25,152.44,93.94,2,3,3,3
2026-09-03T00:51:40.095,IMU-1,0x28,67.44,-158.81,268.56,3,3,3,3
2026-09-03T00:51:40.096,IMU-2,0x29,-70.12,154.94,93.06,2,3,3,3
2026-09-03T00:51:40.195,IMU-1,0x28,66.19,-158.88,270.69,3,3,3,3
2026-09-03T00:51:40.196,IMU-2,0x29,-69.0,155.38,95.5,2,3,3,3
2026-09-03T00:51:40.294,IMU-1,0x28,64.75,-159.88,272.31,3,3,3,3
2026-09-03T00:51:40.296,IMU-2,0x29,-67.75,156.94,97.0,2,3,3,3
2026-09-03T00:51:40.395,IMU-1,0x28,65.0,-159.75,272.31,3,3,3,3
2026-09-03T00:51:40.396,IMU-2,0x29,-68.06,156.75,97.38,2,3,3,3
2026-09-03T00:51:40.493,IMU-1,0x28,65.06,-158.94,272.69,3,3,3,3
2026-09-03T00:51:40.495,IMU-2,0x29,-68.06,155.81,97.81,2,3,3,3
2026-09-03T00:51:40.594,IMU-1,0x28,64.88,-160.31,272.5,3,3,3,3
2026-09-03T00:51:40.595,IMU-2,0x29,-67.94,157.25,98.0,2,3,3,3
2026-09-03T00:51:40.694,IMU-1,0x28,64.69,-161.19,272.62,3,3,3,3
2026-09-03T00:51:40.695,IMU-2,0x29,-67.88,158.25,98.38,2,3,3,3
2026-09-03T00:51:40.795,IMU-1,0x28,64.62,-160.0,273.5,3,3,3,3
2026-09-03T00:51:40.797,IMU-2,0x29,-67.75,157.12,99.12,2,3,3,3
2026-09-03T00:51:40.895,IMU-1,0x28,66.38,-160.56,271.62,3,3,3,3
2026-09-03T00:51:40.897,IMU-2,0x29,-69.44,157.25,97.5,2,3,3,3
2026-09-03T00:51:40.994,IMU-1,0x28,66.31,-161.0,271.62,3,3,3,3
2026-09-03T00:51:40.996,IMU-2,0x29,-69.5,157.75,97.5,3,3,3,3
2026-09-03T00:51:41.095,IMU-1,0x28,64.44,-162.81,272.62,3,3,3,3
2026-09-03T00:51:41.097,IMU-2,0x29,-67.81,160.25,98.62,3,3,3,3
2026-09-03T00:51:41.194,IMU-1,0x28,64.62,-163.56,271.88,3,3,3,3
2026-09-03T00:51:41.195,IMU-2,0x29,-67.88,161.38,98.0,3,3,3,3
2026-09-03T00:51:41.294,IMU-1,0x28,64.69,-162.88,272.56,3,3,3,3
2026-09-03T00:51:41.295,IMU-2,0x29,-68.0,160.31,98.69,3,3,3,3
2026-09-03T00:51:41.394,IMU-1,0x28,64.69,-162.62,273.06,3,3,3,3
2026-09-03T00:51:41.396,IMU-2,0x29,-67.94,160.25,99.31,3,3,3,3
2026-09-03T00:51:41.494,IMU-1,0x28,65.69,-160.19,274.0,3,3,3,3
2026-09-03T00:51:41.496,IMU-2,0x29,-68.88,157.31,100.19,3,3,3,3
2026-09-03T00:51:41.594,IMU-1,0x28,65.12,-159.06,274.94,3,3,3,3
2026-09-03T00:51:41.596,IMU-2,0x29,-68.44,156.0,101.0,3,3,3,3
2026-09-03T00:51:41.694,IMU-1,0x28,64.06,-162.38,272.62,3,3,3,3
2026-09-03T00:51:41.696,IMU-2,0x29,-67.38,159.69,99.06,3,3,3,3
2026-09-03T00:51:41.794,IMU-1,0x28,63.44,-163.94,271.88,3,3,3,3
2026-09-03T00:51:41.796,IMU-2,0x29,-66.81,161.5,98.38,3,3,3,3
2026-09-03T00:51:41.894,IMU-1,0x28,63.62,-164.75,271.25,3,3,3,3
2026-09-03T00:51:41.896,IMU-2,0x29,-67.0,162.44,97.75,3,3,3,3
2026-09-03T00:51:41.995,IMU-1,0x28,64.56,-164.69,270.75,3,3,3,3
2026-09-03T00:51:41.997,IMU-2,0x29,-67.94,162.19,97.31,3,3,3,3
2026-09-03T00:51:42.094,IMU-1,0x28,64.62,-164.0,271.44,3,3,3,3
2026-09-03T00:51:42.096,IMU-2,0x29,-68.06,161.31,97.94,3,3,3,3
2026-09-03T00:51:42.195,IMU-1,0x28,64.12,-164.31,271.94,3,3,3,3
2026-09-03T00:51:42.196,IMU-2,0x29,-67.56,161.75,98.44,3,3,3,3
2026-09-03T00:51:42.295,IMU-1,0x28,64.12,-165.5,271.06,3,3,3,3
2026-09-03T00:51:42.296,IMU-2,0x29,-67.62,163.06,97.62,3,3,3,3
2026-09-03T00:51:42.395,IMU-1,0x28,64.06,-165.75,271.0,3,3,3,3
2026-09-03T00:51:42.396,IMU-2,0x29,-67.62,163.44,97.5,3,3,3,3
2026-09-03T00:51:42.495,IMU-1,0x28,64.19,-166.12,270.69,3,3,3,3
2026-09-03T00:51:42.496,IMU-2,0x29,-67.75,163.81,97.25,3,3,3,3
2026-09-03T00:51:42.595,IMU-1,0x28,64.62,-166.0,270.5,3,3,3,3
2026-09-03T00:51:42.597,IMU-2,0x29,-68.19,163.5,97.06,3,3,3,3
2026-09-03T00:51:42.695,IMU-1,0x28,64.5,-166.44,270.38,3,3,3,3
2026-09-03T00:51:42.697,IMU-2,0x29,-68.06,164.06,96.94,3,3,3,3
2026-09-03T00:51:42.795,IMU-1,0x28,64.62,-165.38,271.19,3,3,3,3
2026-09-03T00:51:42.797,IMU-2,0x29,-68.25,162.81,97.62,3,3,3,3
2026-09-03T00:51:42.895,IMU-1,0x28,65.19,-164.38,271.69,3,3,3,3
2026-09-03T00:51:42.897,IMU-2,0x29,-68.81,161.5,98.19,3,3,3,3
2026-09-03T00:51:42.996,IMU-1,0x28,65.56,-163.12,272.56,3,3,3,3
2026-09-03T00:51:42.998,IMU-2,0x29,-69.12,160.0,99.0,3,3,3,3
2026-09-03T00:51:43.095,IMU-1,0x28,64.94,-163.12,272.94,3,3,3,3
2026-09-03T00:51:43.097,IMU-2,0x29,-68.44,160.31,99.25,3,3,3,3
2026-09-03T00:51:43.195,IMU-1,0x28,64.94,-165.88,270.94,3,3,3,3
2026-09-03T00:51:43.198,IMU-2,0x29,-68.56,163.25,97.44,3,3,3,3
2026-09-03T00:51:43.295,IMU-1,0x28,65.31,-164.75,271.38,3,3,3,3
2026-09-03T00:51:43.298,IMU-2,0x29,-68.88,161.81,98.0,3,3,3,3
2026-09-03T00:51:43.395,IMU-1,0x28,65.56,-165.06,271.12,3,3,3,3
2026-09-03T00:51:43.398,IMU-2,0x29,-69.12,162.12,97.69,3,3,3,3
2026-09-03T00:51:43.495,IMU-1,0x28,65.56,-164.5,271.62,3,3,3,3
2026-09-03T00:51:43.499,IMU-2,0x29,-69.25,161.31,98.25,3,3,3,3
2026-09-03T00:51:43.595,IMU-1,0x28,65.0,-165.44,271.44,3,3,3,3
2026-09-03T00:51:43.599,IMU-2,0x29,-68.75,162.56,97.94,3,3,3,3
2026-09-03T00:51:43.696,IMU-1,0x28,65.69,-167.81,268.69,3,3,3,3
2026-09-03T00:51:43.699,IMU-2,0x29,-69.44,165.0,95.38,3,3,3,3
2026-09-03T00:51:43.796,IMU-1,0x28,65.69,-166.69,269.31,3,3,3,3
2026-09-03T00:51:43.799,IMU-2,0x29,-69.38,163.62,96.06,3,3,3,3
2026-09-03T00:51:43.896,IMU-1,0x28,65.69,-165.62,270.0,3,3,3,3
2026-09-03T00:51:43.899,IMU-2,0x29,-69.31,162.44,96.69,3,3,3,3
2026-09-03T00:51:43.996,IMU-1,0x28,65.56,-164.56,270.75,3,3,3,3
2026-09-03T00:51:44.001,IMU-2,0x29,-69.12,161.25,97.38,3,3,3,3
2026-09-03T00:51:44.096,IMU-1,0x28,65.88,-164.56,270.38,3,3,3,3
2026-09-03T00:51:44.099,IMU-2,0x29,-69.44,161.12,97.06,3,3,3,3
2026-09-03T00:51:44.196,IMU-1,0x28,65.69,-165.19,270.12,3,3,3,3
2026-09-03T00:51:44.199,IMU-2,0x29,-69.31,161.81,96.88,3,3,3,3
2026-09-03T00:51:44.296,IMU-1,0x28,65.44,-165.06,270.5,3,3,3,3
2026-09-03T00:51:44.299,IMU-2,0x29,-69.06,161.75,97.19,3,3,3,3
2026-09-03T00:51:44.396,IMU-1,0x28,65.38,-165.25,270.25,3,3,3,3
2026-09-03T00:51:44.399,IMU-2,0x29,-69.06,161.88,96.94,3,3,3,3
2026-09-03T00:51:44.496,IMU-1,0x28,65.5,-164.69,270.5,3,3,3,3
2026-09-03T00:51:44.498,IMU-2,0x29,-69.12,161.19,97.19,3,3,3,3
2026-09-03T00:51:44.596,IMU-1,0x28,65.69,-164.88,270.25,3,3,3,3
2026-09-03T00:51:44.598,IMU-2,0x29,-69.31,161.38,97.0,3,3,3,3
2026-09-03T00:51:44.696,IMU-1,0x28,65.56,-165.31,270.06,3,3,3,3
2026-09-03T00:51:44.698,IMU-2,0x29,-69.25,161.81,96.75,3,3,3,3
2026-09-03T00:51:44.796,IMU-1,0x28,65.19,-165.69,270.06,3,3,3,3
2026-09-03T00:51:44.798,IMU-2,0x29,-68.94,162.38,96.75,3,3,3,3
2026-09-03T00:51:44.896,IMU-1,0x28,65.12,-166.75,269.31,3,3,3,3
2026-09-03T00:51:44.898,IMU-2,0x29,-68.88,163.69,95.94,3,3,3,3
2026-09-03T00:51:44.997,IMU-1,0x28,64.75,-167.38,269.12,3,3,3,2
2026-09-03T00:51:44.999,IMU-2,0x29,-68.56,164.56,95.75,3,3,3,2
2026-09-03T00:51:45.096,IMU-1,0x28,64.0,-167.62,269.25,3,3,3,2
2026-09-03T00:51:45.098,IMU-2,0x29,-67.88,164.94,95.88,3,3,3,2
2026-09-03T00:51:45.196,IMU-1,0x28,63.94,-167.38,269.38,3,3,3,2
2026-09-03T00:51:45.198,IMU-2,0x29,-67.75,164.75,96.0,3,3,3,2
2026-09-03T00:51:45.297,IMU-1,0x28,64.06,-167.25,269.25,3,3,3,2
2026-09-03T00:51:45.298,IMU-2,0x29,-67.88,164.62,95.88,3,3,3,2
2026-09-03T00:51:45.397,IMU-1,0x28,64.25,-166.94,269.25,3,3,3,2
2026-09-03T00:51:45.398,IMU-2,0x29,-68.06,164.12,95.81,3,3,3,2
2026-09-03T00:51:45.497,IMU-1,0x28,64.25,-167.5,268.88,3,3,3,2
2026-09-03T00:51:45.498,IMU-2,0x29,-68.06,164.75,95.56,3,3,3,2
2026-09-03T00:51:45.597,IMU-1,0x28,63.94,-168.25,268.62,3,3,3,2
2026-09-03T00:51:45.599,IMU-2,0x29,-67.81,165.75,95.19,3,3,3,2
2026-09-03T00:51:45.697,IMU-1,0x28,63.62,-168.69,268.5,3,3,3,2
2026-09-03T00:51:45.699,IMU-2,0x29,-67.5,166.44,95.0,3,3,3,2
2026-09-03T00:51:45.797,IMU-1,0x28,63.25,-168.62,268.75,3,3,3,2
2026-09-03T00:51:45.799,IMU-2,0x29,-67.12,166.5,95.19,3,3,3,2
2026-09-03T00:51:45.897,IMU-1,0x28,63.31,-168.56,268.88,3,3,3,2
2026-09-03T00:51:45.899,IMU-2,0x29,-67.19,166.38,95.38,3,3,3,2
2026-09-03T00:51:45.997,IMU-1,0x28,63.38,-169.25,268.44,3,3,3,2
2026-09-03T00:51:46.000,IMU-2,0x29,-67.31,167.25,94.94,3,3,3,2
2026-09-03T00:51:46.097,IMU-1,0x28,62.94,-169.56,268.5,3,3,3,2
2026-09-03T00:51:46.100,IMU-2,0x29,-67.06,167.62,94.94,3,3,3,2
2026-09-03T00:51:46.197,IMU-1,0x28,61.19,-171.56,266.75,3,3,3,2
2026-09-03T00:51:46.200,IMU-2,0x29,-65.5,169.88,93.44,3,3,3,2
2026-09-03T00:51:46.297,IMU-1,0x28,54.44,-176.0,262.38,3,3,3,2
2026-09-03T00:51:46.300,IMU-2,0x29,-59.0,175.38,89.19,3,3,3,2
2026-09-03T00:51:46.397,IMU-1,0x28,40.06,177.19,255.56,3,3,3,2
2026-09-03T00:51:46.401,IMU-2,0x29,-42.88,-176.19,83.31,3,3,3,2
2026-09-03T00:51:46.498,IMU-1,0x28,21.56,169.38,257.69,3,3,3,2
2026-09-03T00:51:46.501,IMU-2,0x29,-24.56,-168.62,86.62,3,3,3,2
2026-09-03T00:51:46.598,IMU-1,0x28,7.81,164.81,260.31,3,3,3,2
2026-09-03T00:51:46.601,IMU-2,0x29,-11.38,-163.88,89.19,3,3,3,2
2026-09-03T00:51:46.697,IMU-1,0x28,-2.5,163.0,261.62,3,3,3,2
2026-09-03T00:51:46.701,IMU-2,0x29,-1.12,-162.38,91.0,3,3,3,2
2026-09-03T00:51:46.797,IMU-1,0x28,-14.0,160.5,265.19,3,3,3,2
2026-09-03T00:51:46.801,IMU-2,0x29,10.25,-160.19,94.88,3,3,3,2
2026-09-03T00:51:46.898,IMU-1,0x28,-16.88,159.94,265.5,3,3,3,2
2026-09-03T00:51:46.901,IMU-2,0x29,12.19,-159.88,95.06,3,3,3,2
2026-09-03T00:51:46.998,IMU-1,0x28,-15.19,161.12,266.56,3,3,3,3
2026-09-03T00:51:47.002,IMU-2,0x29,10.69,-160.88,96.19,3,3,3,3
2026-09-03T00:51:47.098,IMU-1,0x28,-16.44,161.31,267.12,3,3,3,3
2026-09-03T00:51:47.101,IMU-2,0x29,11.88,-161.06,96.62,3,3,3,3
2026-09-03T00:51:47.198,IMU-1,0x28,-16.12,161.81,266.81,3,3,3,3
2026-09-03T00:51:47.201,IMU-2,0x29,11.62,-161.5,96.44,3,3,3,3
2026-09-03T00:51:47.298,IMU-1,0x28,-16.5,162.06,266.69,3,3,3,3
2026-09-03T00:51:47.299,IMU-2,0x29,12.19,-161.62,96.38,3,3,3,3
2026-09-03T00:51:47.398,IMU-1,0x28,-16.69,161.5,265.81,3,3,3,3
2026-09-03T00:51:47.400,IMU-2,0x29,12.5,-160.94,95.5,3,3,3,3
2026-09-03T00:51:47.498,IMU-1,0x28,-16.56,160.56,265.44,3,3,3,3
2026-09-03T00:51:47.500,IMU-2,0x29,12.56,-159.88,95.19,3,3,3,3
2026-09-03T00:51:47.598,IMU-1,0x28,-14.75,157.69,264.38,3,3,3,3
2026-09-03T00:51:47.600,IMU-2,0x29,10.81,-156.88,93.0,3,3,3,3
2026-09-03T00:51:47.698,IMU-1,0x28,-12.31,155.5,264.19,3,3,3,3
2026-09-03T00:51:47.700,IMU-2,0x29,8.44,-154.81,92.44,3,3,3,3
2026-09-03T00:51:47.798,IMU-1,0x28,-11.94,154.81,263.94,3,3,3,3
2026-09-03T00:51:47.800,IMU-2,0x29,8.31,-154.06,91.75,3,3,3,3
2026-09-03T00:51:47.898,IMU-1,0x28,-12.62,154.38,263.19,3,3,3,3
2026-09-03T00:51:47.900,IMU-2,0x29,9.0,-153.56,90.69,3,3,3,3
2026-09-03T00:51:47.999,IMU-1,0x28,-11.88,151.88,262.31,3,3,3,3
2026-09-03T00:51:48.001,IMU-2,0x29,8.25,-151.12,89.38,3,3,3,3
2026-09-03T00:51:48.098,IMU-1,0x28,-10.31,149.69,261.88,3,3,3,3
2026-09-03T00:51:48.100,IMU-2,0x29,6.75,-148.75,88.69,3,3,3,3
2026-09-03T00:51:48.198,IMU-1,0x28,-8.25,146.38,260.75,3,3,3,3
2026-09-03T00:51:48.200,IMU-2,0x29,4.69,-145.38,87.25,3,3,3,3
2026-09-03T00:51:48.298,IMU-1,0x28,-5.62,142.94,259.69,3,3,3,3
2026-09-03T00:51:48.300,IMU-2,0x29,2.12,-141.25,86.06,3,3,3,3
2026-09-03T00:51:48.399,IMU-1,0x28,-2.0,138.62,259.56,3,3,3,3
2026-09-03T00:51:48.401,IMU-2,0x29,-1.25,-137.5,85.94,3,3,3,3
2026-09-03T00:51:48.499,IMU-1,0x28,-0.38,136.62,259.31,3,3,3,3
2026-09-03T00:51:48.501,IMU-2,0x29,-2.5,-135.69,85.38,3,3,3,3
2026-09-03T00:51:48.599,IMU-1,0x28,-0.81,135.88,259.12,3,3,3,3
2026-09-03T00:51:48.601,IMU-2,0x29,-2.12,-134.88,271.12,3,3,3,3
2026-09-03T00:51:48.699,IMU-1,0x28,-1.0,138.06,259.81,3,3,3,3
2026-09-03T00:51:48.701,IMU-2,0x29,-1.94,-137.0,85.75,3,3,3,3
2026-09-03T00:51:48.799,IMU-1,0x28,-1.75,141.56,260.75,3,3,3,3
2026-09-03T00:51:48.801,IMU-2,0x29,-1.38,-140.31,86.62,3,3,3,3
2026-09-03T00:51:48.899,IMU-1,0x28,-1.75,145.75,262.88,3,3,3,3
2026-09-03T00:51:48.902,IMU-2,0x29,-1.5,-144.38,88.88,3,3,3,3
2026-09-03T00:51:48.999,IMU-1,0x28,-1.94,148.81,263.94,3,3,3,3
2026-09-03T00:51:49.003,IMU-2,0x29,-1.44,-147.38,89.75,3,3,3,3
2026-09-03T00:51:49.099,IMU-1,0x28,-1.69,151.94,265.06,3,3,3,3
2026-09-03T00:51:49.102,IMU-2,0x29,-1.75,-150.31,90.88,3,3,3,3
2026-09-03T00:51:49.199,IMU-1,0x28,0.19,159.94,268.19,3,3,3,3
2026-09-03T00:51:49.202,IMU-2,0x29,-3.88,-157.75,93.94,3,3,3,3
2026-09-03T00:51:49.299,IMU-1,0x28,7.06,175.19,274.94,3,3,3,3
2026-09-03T00:51:49.302,IMU-2,0x29,-11.06,-171.94,100.62,3,3,3,3
2026-09-03T00:51:49.399,IMU-1,0x28,13.44,-173.75,281.25,3,3,3,3
2026-09-03T00:51:49.402,IMU-2,0x29,-17.31,177.44,106.94,3,3,3,3
2026-09-03T00:51:49.499,IMU-1,0x28,16.94,-167.62,285.62,3,3,3,3
2026-09-03T00:51:49.502,IMU-2,0x29,-20.81,171.75,111.12,3,3,3,3
2026-09-03T00:51:49.600,IMU-1,0x28,23.5,-163.38,288.31,3,3,3,3
2026-09-03T00:51:49.603,IMU-2,0x29,-27.31,167.62,113.81,3,3,3,3
2026-09-03T00:51:49.700,IMU-1,0x28,31.12,-160.12,290.12,3,3,3,3
2026-09-03T00:51:49.703,IMU-2,0x29,-35.19,164.5,115.69,3,3,3,3
2026-09-03T00:51:49.800,IMU-1,0x28,31.31,-158.0,289.62,3,3,3,3
2026-09-03T00:51:49.803,IMU-2,0x29,-35.94,162.38,115.25,3,3,3,3
2026-09-03T00:51:49.900,IMU-1,0x28,27.69,-155.88,287.69,3,3,3,3
2026-09-03T00:51:49.903,IMU-2,0x29,-32.38,160.0,113.56,3,3,3,3
2026-09-03T00:51:50.001,IMU-1,0x28,26.31,-154.94,286.81,3,3,3,3
2026-09-03T00:51:50.005,IMU-2,0x29,-30.94,158.81,112.56,3,3,3,3
2026-09-03T00:51:50.101,IMU-1,0x28,24.75,-154.75,286.75,3,3,3,3
2026-09-03T00:51:50.104,IMU-2,0x29,-29.06,158.56,112.56,3,3,3,3
2026-09-03T00:51:50.201,IMU-1,0x28,22.19,-153.31,286.0,3,3,3,3
2026-09-03T00:51:50.204,IMU-2,0x29,-26.38,156.81,111.69,3,3,3,3
2026-09-03T00:51:50.301,IMU-1,0x28,15.94,-150.81,282.12,3,3,3,3
2026-09-03T00:51:50.304,IMU-2,0x29,-20.19,154.12,107.88,3,3,3,3
2026-09-03T00:51:50.402,IMU-1,0x28,14.19,-150.44,281.62,3,3,3,3
2026-09-03T00:51:50.404,IMU-2,0x29,-18.44,153.75,107.31,3,3,3,3
2026-09-03T00:51:50.502,IMU-1,0x28,14.12,-151.06,281.75,3,3,3,3
2026-09-03T00:51:50.504,IMU-2,0x29,-18.31,154.38,106.94,3,3,3,3
2026-09-03T00:51:50.602,IMU-1,0x28,14.06,-151.19,282.0,3,3,3,3
2026-09-03T00:51:50.603,IMU-2,0x29,-18.19,154.5,106.88,3,3,3,3
2026-09-03T00:51:50.702,IMU-1,0x28,13.44,-151.56,281.75,3,3,3,3
2026-09-03T00:51:50.703,IMU-2,0x29,-17.38,154.69,106.38,3,3,3,3
2026-09-03T00:51:50.802,IMU-1,0x28,13.56,-151.75,281.94,3,3,3,3
2026-09-03T00:51:50.803,IMU-2,0x29,-17.38,154.81,106.25,3,3,3,3
2026-09-03T00:51:50.902,IMU-1,0x28,13.94,-151.88,282.06,3,3,3,3
2026-09-03T00:51:50.903,IMU-2,0x29,-17.69,154.88,106.12,3,3,3,3
2026-09-03T00:51:51.003,IMU-1,0x28,13.62,-152.25,281.69,3,3,3,3
2026-09-03T00:51:51.005,IMU-2,0x29,-17.25,155.19,105.56,3,3,3,3
2026-09-03T00:51:51.102,IMU-1,0x28,13.44,-152.62,281.56,3,3,3,3
2026-09-03T00:51:51.103,IMU-2,0x29,-16.94,155.5,105.44,3,3,3,3
2026-09-03T00:51:51.202,IMU-1,0x28,13.44,-153.38,281.5,3,3,3,3
2026-09-03T00:51:51.203,IMU-2,0x29,-16.88,156.12,105.19,3,3,3,3
2026-09-03T00:51:51.302,IMU-1,0x28,13.25,-153.94,281.56,3,3,3,3
2026-09-03T00:51:51.304,IMU-2,0x29,-16.62,156.62,105.06,3,3,3,3
2026-09-03T00:51:51.402,IMU-1,0x28,13.0,-154.56,280.94,3,3,3,3
2026-09-03T00:51:51.404,IMU-2,0x29,-16.38,157.31,104.44,3,3,3,3
2026-09-03T00:51:51.501,IMU-1,0x28,12.62,-155.56,280.31,3,3,3,3
2026-09-03T00:51:51.503,IMU-2,0x29,-16.0,158.12,103.81,3,3,3,3
2026-09-03T00:51:51.602,IMU-1,0x28,10.94,-156.94,279.44,3,3,3,3
2026-09-03T00:51:51.604,IMU-2,0x29,-14.25,159.56,102.94,3,3,3,3
2026-09-03T00:51:51.701,IMU-1,0x28,11.25,-156.81,279.75,3,3,3,3
2026-09-03T00:51:51.702,IMU-2,0x29,-14.56,159.5,103.25,3,3,3,3
2026-09-03T00:51:51.801,IMU-1,0x28,10.5,-157.31,279.69,3,3,3,3
2026-09-03T00:51:51.802,IMU-2,0x29,-13.75,159.88,103.19,3,3,3,3
2026-09-03T00:51:51.901,IMU-1,0x28,10.06,-157.69,279.69,3,3,3,3
2026-09-03T00:51:51.902,IMU-2,0x29,-13.31,160.25,103.19,3,3,3,3
2026-09-03T00:51:52.002,IMU-1,0x28,8.94,-158.56,279.31,3,3,3,3
2026-09-03T00:51:52.004,IMU-2,0x29,-12.19,161.0,102.88,3,3,3,3
2026-09-03T00:51:52.101,IMU-1,0x28,7.88,-160.56,278.38,3,3,3,3
2026-09-03T00:51:52.102,IMU-2,0x29,-11.12,162.88,102.0,3,3,3,3
2026-09-03T00:51:52.201,IMU-1,0x28,8.0,-162.38,276.75,3,3,3,3
2026-09-03T00:51:52.203,IMU-2,0x29,-11.0,164.81,100.38,3,3,3,3
2026-09-03T00:51:52.301,IMU-1,0x28,7.75,-163.38,276.38,3,3,3,3
2026-09-03T00:51:52.303,IMU-2,0x29,-10.81,165.81,99.94,3,3,3,3
2026-09-03T00:51:52.401,IMU-1,0x28,5.88,-165.94,275.31,3,3,3,3
2026-09-03T00:51:52.403,IMU-2,0x29,-8.81,168.38,98.56,3,3,3,3
2026-09-03T00:51:52.501,IMU-1,0x28,2.44,-170.06,273.56,3,3,3,3
2026-09-03T00:51:52.503,IMU-2,0x29,-5.31,172.38,96.88,3,3,3,3
2026-09-03T00:51:52.601,IMU-1,0x28,-2.44,-175.19,271.06,3,3,3,3
2026-09-03T00:51:52.603,IMU-2,0x29,-0.31,177.38,94.38,3,3,3,3
2026-09-03T00:51:52.701,IMU-1,0x28,-1.75,-177.62,270.06,3,3,3,3
2026-09-03T00:51:52.703,IMU-2,0x29,-0.94,179.75,93.25,3,3,3,3
2026-09-03T00:51:52.801,IMU-1,0x28,-3.94,178.19,267.62,3,3,3,3
2026-09-03T00:51:52.803,IMU-2,0x29,1.19,-176.25,90.88,3,3,3,3
2026-09-03T00:51:52.901,IMU-1,0x28,-6.69,175.44,266.62,3,3,3,3
2026-09-03T00:51:52.903,IMU-2,0x29,4.06,-173.5,89.88,3,3,3,3
2026-09-03T00:51:53.002,IMU-1,0x28,-7.25,172.38,266.44,3,3,3,3
2026-09-03T00:51:53.004,IMU-2,0x29,4.69,-170.44,89.5,3,3,3,3
2026-09-03T00:51:53.102,IMU-1,0x28,-7.31,172.38,266.31,3,3,3,3
2026-09-03T00:51:53.103,IMU-2,0x29,4.75,-170.44,89.38,3,3,3,3
2026-09-03T00:51:53.202,IMU-1,0x28,-6.81,172.06,265.88,3,3,3,3
2026-09-03T00:51:53.204,IMU-2,0x29,4.25,-170.25,88.81,3,3,3,3
2026-09-03T00:51:53.302,IMU-1,0x28,-6.38,168.31,265.38,3,3,3,3
2026-09-03T00:51:53.304,IMU-2,0x29,3.88,-166.81,88.31,3,3,3,3
2026-09-03T00:51:53.403,IMU-1,0x28,-5.94,162.31,266.12,3,3,3,3
2026-09-03T00:51:53.404,IMU-2,0x29,3.62,-160.25,89.12,3,3,3,3
2026-09-03T00:51:53.503,IMU-1,0x28,-5.56,160.56,267.44,3,3,3,3
2026-09-03T00:51:53.504,IMU-2,0x29,3.25,-158.75,90.19,3,3,3,3
2026-09-03T00:51:53.603,IMU-1,0x28,-5.12,164.69,263.56,3,3,3,3
2026-09-03T00:51:53.605,IMU-2,0x29,2.75,-163.19,86.0,3,3,3,3
2026-09-03T00:51:53.703,IMU-1,0x28,-5.06,169.0,260.0,3,3,3,3
2026-09-03T00:51:53.705,IMU-2,0x29,2.62,-167.31,82.56,3,3,3,3
2026-09-03T00:51:53.803,IMU-1,0x28,-5.25,175.88,260.88,3,3,3,3
2026-09-03T00:51:53.805,IMU-2,0x29,2.62,-173.94,83.44,3,3,3,3
2026-09-03T00:51:53.904,IMU-1,0x28,-4.0,176.0,261.75,3,3,3,3
2026-09-03T00:51:53.905,IMU-2,0x29,1.31,-173.69,84.25,3,3,3,3
2026-09-03T00:51:54.004,IMU-1,0x28,-3.38,-179.81,263.69,3,3,3,3
2026-09-03T00:51:54.006,IMU-2,0x29,0.56,-177.75,86.25,3,3,3,3
2026-09-03T00:51:54.104,IMU-1,0x28,-1.44,-179.0,264.06,3,3,3,3
2026-09-03T00:51:54.105,IMU-2,0x29,-1.25,-178.19,86.38,3,3,3,3
2026-09-03T00:51:54.204,IMU-1,0x28,-1.19,-178.94,263.25,3,3,3,3
2026-09-03T00:51:54.205,IMU-2,0x29,-1.44,-178.25,85.31,3,3,3,3
2026-09-03T00:51:54.304,IMU-1,0x28,-1.19,-179.0,262.38,3,3,3,3
2026-09-03T00:51:54.306,IMU-2,0x29,-1.5,-178.25,84.56,3,3,3,3
2026-09-03T00:51:54.404,IMU-1,0x28,-0.88,-179.75,262.56,3,3,3,3
2026-09-03T00:51:54.405,IMU-2,0x29,-1.81,-177.5,84.75,3,3,3,3
2026-09-03T00:51:54.504,IMU-1,0x28,-0.88,-179.75,263.0,3,3,3,3
2026-09-03T00:51:54.506,IMU-2,0x29,-1.81,-177.44,85.19,3,3,3,3
2026-09-03T00:51:54.604,IMU-1,0x28,-0.88,-179.69,263.25,3,3,3,3
2026-09-03T00:51:54.605,IMU-2,0x29,-1.81,-177.56,85.44,3,3,3,3
2026-09-03T00:51:54.703,IMU-1,0x28,-0.88,-179.81,263.25,3,3,3,3
2026-09-03T00:51:54.705,IMU-2,0x29,-1.81,-177.5,85.5,3,3,3,3
2026-09-03T00:51:54.803,IMU-1,0x28,-0.88,-179.81,263.31,3,3,3,3
2026-09-03T00:51:54.805,IMU-2,0x29,-1.81,-177.5,85.5,3,3,3,3
2026-09-03T00:51:54.903,IMU-1,0x28,-0.88,-179.81,263.38,3,3,3,3
2026-09-03T00:51:54.904,IMU-2,0x29,-1.81,-177.56,85.5,3,3,3,3
2026-09-03T00:51:55.003,IMU-1,0x28,-0.81,-179.81,263.38,3,3,3,3
2026-09-03T00:51:55.005,IMU-2,0x29,-1.81,-177.62,85.5,3,3,3,3
2026-09-03T00:51:55.103,IMU-1,0x28,-0.81,-179.81,263.44,3,3,3,3
2026-09-03T00:51:55.104,IMU-2,0x29,-1.81,-177.62,85.5,3,3,3,3
2026-09-03T00:51:55.203,IMU-1,0x28,-0.81,-179.81,263.44,3,3,3,3
2026-09-03T00:51:55.204,IMU-2,0x29,-1.88,-177.69,85.5,3,3,3,3
2026-09-03T00:51:55.303,IMU-1,0x28,-0.81,-179.75,263.44,3,3,3,3
2026-09-03T00:51:55.304,IMU-2,0x29,-1.88,-177.69,85.5,3,3,3,3
2026-09-03T00:51:55.403,IMU-1,0x28,-0.81,-179.81,263.44,3,3,3,3
2026-09-03T00:51:55.404,IMU-2,0x29,-1.88,-177.69,85.5,3,3,3,3
2026-09-03T00:51:55.503,IMU-1,0x28,-0.81,-179.81,263.44,3,3,3,3
2026-09-03T00:51:55.504,IMU-2,0x29,-1.88,-177.62,85.5,3,3,3,3
2026-09-03T00:51:55.603,IMU-1,0x28,-0.81,-179.81,263.44,3,3,3,3
2026-09-03T00:51:55.605,IMU-2,0x29,-1.88,-177.69,85.5,3,3,3,3
2026-09-03T00:51:55.703,IMU-1,0x28,-0.81,-179.88,263.44,3,3,3,3
2026-09-03T00:51:55.705,IMU-2,0x29,-1.94,-177.69,85.5,3,3,3,3
2026-09-03T00:51:55.803,IMU-1,0x28,-0.81,-179.81,263.44,3,3,3,3
2026-09-03T00:51:55.805,IMU-2,0x29,-1.94,-177.69,85.5,3,3,3,3
2026-09-03T00:51:55.903,IMU-1,0x28,-0.81,-179.81,263.44,3,3,3,3
2026-09-03T00:51:55.905,IMU-2,0x29,-1.94,-177.75,85.5,3,3,3,3
2026-09-03T00:51:56.004,IMU-1,0x28,-0.81,-179.81,263.44,3,3,3,3
2026-09-03T00:51:56.006,IMU-2,0x29,-1.94,-177.75,85.5,3,3,3,3
2026-09-03T00:51:56.103,IMU-1,0x28,-0.81,-179.81,263.44,3,3,3,3
2026-09-03T00:51:56.105,IMU-2,0x29,-1.94,-177.75,85.5,3,3,3,3
2026-09-03T00:51:56.203,IMU-1,0x28,-0.81,-179.81,263.44,3,3,3,3
2026-09-03T00:51:56.205,IMU-2,0x29,-1.94,-177.81,85.5,3,3,3,3
2026-09-03T00:51:56.304,IMU-1,0x28,-0.81,-179.81,263.44,3,3,3,3
2026-09-03T00:51:56.305,IMU-2,0x29,-1.94,-177.81,85.5,3,3,3,3
2026-09-03T00:51:56.404,IMU-1,0x28,-0.81,-179.81,263.44,3,3,3,3
2026-09-03T00:51:56.406,IMU-2,0x29,-1.94,-177.81,85.5,3,3,3,3
2026-09-03T00:51:56.504,IMU-1,0x28,-0.81,-179.81,263.44,3,3,3,3
2026-09-03T00:51:56.506,IMU-2,0x29,-1.94,-177.81,85.5,3,3,3,3
2026-09-03T00:51:56.604,IMU-1,0x28,-0.81,-179.81,263.44,3,3,3,3
2026-09-03T00:51:56.606,IMU-2,0x29,-1.94,-177.81,85.5,3,3,3,3
2026-09-03T00:51:56.704,IMU-1,0x28,-0.81,-179.81,263.44,3,3,3,3
2026-09-03T00:51:56.707,IMU-2,0x29,-1.94,-177.88,85.5,3,3,3,3
2026-09-03T00:51:56.805,IMU-1,0x28,-0.81,-179.81,263.44,3,3,3,3
2026-09-03T00:51:56.807,IMU-2,0x29,-1.94,-177.88,85.5,3,3,3,3
2026-09-03T00:51:56.905,IMU-1,0x28,-0.81,-179.81,263.44,3,3,3,3
2026-09-03T00:51:56.907,IMU-2,0x29,-1.94,-177.81,85.5,3,3,3,3
2026-09-03T00:51:57.005,IMU-1,0x28,-0.81,-179.81,263.44,3,3,3,3
2026-09-03T00:51:57.008,IMU-2,0x29,-1.94,-177.81,85.5,3,3,3,3
2026-09-03T00:51:57.105,IMU-1,0x28,-0.81,-179.81,263.44,3,3,3,3
2026-09-03T00:51:57.108,IMU-2,0x29,-1.94,-177.81,85.5,3,3,3,3
2026-09-03T00:51:57.205,IMU-1,0x28,-0.81,-179.81,263.44,3,3,3,3
2026-09-03T00:51:57.208,IMU-2,0x29,-1.94,-177.81,85.5,3,3,3,3
2026-09-03T00:51:57.306,IMU-1,0x28,-0.81,-179.81,263.44,3,3,3,3
2026-09-03T00:51:57.309,IMU-2,0x29,-1.94,-177.81,85.5,3,3,3,3
2026-09-03T00:51:57.406,IMU-1,0x28,-0.81,-179.81,263.44,3,3,3,3
2026-09-03T00:51:57.409,IMU-2,0x29,-1.94,-177.81,85.5,3,3,3,3
2026-09-03T00:51:57.506,IMU-1,0x28,-0.81,-179.81,263.44,3,3,3,3
2026-09-03T00:51:57.509,IMU-2,0x29,-1.94,-177.81,85.5,3,3,3,3
2026-09-03T00:51:57.606,IMU-1,0x28,-0.81,-179.81,263.44,3,3,3,3
2026-09-03T00:51:57.609,IMU-2,0x29,-1.94,-177.81,85.5,3,3,3,3
2026-09-03T00:51:57.706,IMU-1,0x28,-0.81,-179.81,263.44,3,3,3,3
2026-09-03T00:51:57.709,IMU-2,0x29,-1.94,-177.81,85.5,3,3,3,3
2026-09-03T00:51:57.806,IMU-1,0x28,-0.81,-179.81,263.44,3,3,3,3
2026-09-03T00:51:57.809,IMU-2,0x29,-1.94,-177.81,85.5,3,3,3,3
2026-09-03T00:51:57.906,IMU-1,0x28,-0.81,-179.81,263.44,3,3,3,3
2026-09-03T00:51:57.909,IMU-2,0x29,-1.94,-177.81,85.5,3,3,3,3
2026-09-03T00:51:58.007,IMU-1,0x28,-0.81,-179.81,263.44,3,3,3,3
2026-09-03T00:51:58.011,IMU-2,0x29,-1.94,-177.81,85.5,3,3,3,3
2026-09-03T00:51:58.106,IMU-1,0x28,-0.81,-179.81,263.44,3,3,3,3
2026-09-03T00:51:58.109,IMU-2,0x29,-1.94,-177.81,85.5,3,3,3,3
2026-09-03T00:51:58.206,IMU-1,0x28,-0.81,-179.81,263.44,3,3,3,3
2026-09-03T00:51:58.209,IMU-2,0x29,-1.94,-177.81,85.5,3,3,3,3
2026-09-03T00:51:58.306,IMU-1,0x28,-0.81,-179.81,263.44,3,3,3,3
2026-09-03T00:51:58.309,IMU-2,0x29,-1.94,-177.81,85.5,3,3,3,3
2026-09-03T00:51:58.406,IMU-1,0x28,-0.81,-179.81,263.44,3,3,3,3
2026-09-03T00:51:58.408,IMU-2,0x29,-1.94,-177.81,85.5,3,3,3,3
2026-09-03T00:51:58.506,IMU-1,0x28,-0.81,-179.81,263.44,3,3,3,3
2026-09-03T00:51:58.507,IMU-2,0x29,-1.94,-177.81,85.5,3,3,3,3
2026-09-03T00:51:58.606,IMU-1,0x28,-0.81,-179.81,263.44,3,3,3,3
2026-09-03T00:51:58.607,IMU-2,0x29,-1.94,-177.81,85.5,3,3,3,3
2026-09-03T00:51:58.705,IMU-1,0x28,-0.81,-179.81,263.44,3,3,3,3
2026-09-03T00:51:58.707,IMU-2,0x29,-1.94,-177.81,85.5,3,3,3,3
2026-09-03T00:51:58.805,IMU-1,0x28,-0.81,-179.81,263.44,3,3,3,3
2026-09-03T00:51:58.806,IMU-2,0x29,-1.94,-177.81,85.5,3,3,3,3
2026-09-03T00:51:58.905,IMU-1,0x28,-0.81,-179.81,263.44,3,3,3,3
2026-09-03T00:51:58.907,IMU-2,0x29,-1.94,-177.81,85.5,3,3,3,3
2026-09-03T00:51:59.005,IMU-1,0x28,-0.81,-179.81,263.44,3,3,3,3
2026-09-03T00:51:59.008,IMU-2,0x29,-1.94,-177.81,85.5,3,3,3,3
2026-09-03T00:51:59.105,IMU-1,0x28,-0.81,-179.81,263.44,3,3,3,3
2026-09-03T00:51:59.107,IMU-2,0x29,-1.94,-177.81,85.5,3,3,3,3
2026-09-03T00:51:59.205,IMU-1,0x28,-0.81,-179.81,263.44,3,3,3,3
2026-09-03T00:51:59.207,IMU-2,0x29,-1.94,-177.81,85.5,3,3,3,3
2026-09-03T00:51:59.305,IMU-1,0x28,-0.81,-179.81,263.44,3,3,3,3
2026-09-03T00:51:59.308,IMU-2,0x29,-1.94,-177.81,85.5,3,3,3,3
2026-09-03T00:51:59.405,IMU-1,0x28,-0.81,-179.81,263.44,3,3,3,3
2026-09-03T00:51:59.408,IMU-2,0x29,-1.94,-177.81,85.5,3,3,3,3
2026-09-03T00:51:59.505,IMU-1,0x28,-0.81,-179.81,263.44,3,3,3,3
2026-09-03T00:51:59.508,IMU-2,0x29,-1.94,-177.81,85.5,3,3,3,3
2026-09-03T00:51:59.605,IMU-1,0x28,-0.81,-179.81,263.44,3,3,3,3
2026-09-03T00:51:59.608,IMU-2,0x29,-1.94,-177.81,85.5,3,3,3,3
2026-09-03T00:51:59.705,IMU-1,0x28,-0.81,-179.81,263.44,3,3,3,3
2026-09-03T00:51:59.708,IMU-2,0x29,-1.94,-177.81,85.5,3,3,3,3
2026-09-03T00:51:59.806,IMU-1,0x28,-0.81,-179.81,263.44,3,3,3,3
2026-09-03T00:51:59.809,IMU-2,0x29,-1.94,-177.81,85.5,3,3,3,3
2026-09-03T00:51:59.906,IMU-1,0x28,-0.81,-179.81,263.44,3,3,3,3
2026-09-03T00:51:59.909,IMU-2,0x29,-1.94,-177.81,85.5,3,3,3,3
2026-09-03T00:52:00.006,IMU-1,0x28,-0.81,-179.81,263.44,3,3,3,3
2026-09-03T00:52:00.011,IMU-2,0x29,-1.94,-177.81,85.5,3,3,3,3
2026-09-03T00:52:00.106,IMU-1,0x28,-0.81,-179.81,263.44,3,3,3,3
2026-09-03T00:52:00.109,IMU-2,0x29,-1.94,-177.81,85.5,3,3,3,3
2026-09-03T00:52:00.206,IMU-1,0x28,-0.81,-179.81,263.44,3,3,3,3
2026-09-03T00:52:00.209,IMU-2,0x29,-1.94,-177.81,85.5,3,3,3,3
2026-09-03T00:52:00.307,IMU-1,0x28,-0.81,-179.81,263.44,3,3,3,3
2026-09-03T00:52:00.310,IMU-2,0x29,-1.94,-177.81,85.5,3,3,3,3
2026-09-03T00:52:00.407,IMU-1,0x28,-0.81,-179.81,263.44,3,3,3,3
2026-09-03T00:52:00.410,IMU-2,0x29,-1.94,-177.81,85.5,3,3,3,3
2026-09-03T00:52:00.507,IMU-1,0x28,-0.81,-179.81,263.44,3,3,3,3
2026-09-03T00:52:00.510,IMU-2,0x29,-1.94,-177.81,85.5,3,3,3,3
2026-09-03T00:52:00.607,IMU-1,0x28,-0.81,-179.81,263.44,3,3,3,3
2026-09-03T00:52:00.610,IMU-2,0x29,-1.94,-177.81,85.5,3,3,3,3
2026-09-03T00:52:00.708,IMU-1,0x28,-0.81,-179.81,263.44,3,3,3,3
2026-09-03T00:52:00.710,IMU-2,0x29,-1.94,-177.81,85.5,3,3,3,3
2026-09-03T00:52:00.808,IMU-1,0x28,-0.81,-179.81,263.44,3,3,3,3
2026-09-03T00:52:00.809,IMU-2,0x29,-1.94,-177.81,85.5,3,3,3,3
2026-09-03T00:52:00.908,IMU-1,0x28,-0.81,-179.81,263.44,3,3,3,3
2026-09-03T00:52:00.909,IMU-2,0x29,-1.94,-177.81,85.5,3,3,3,3
2026-09-03T00:52:01.009,IMU-1,0x28,-0.81,-179.81,263.44,3,3,3,3
2026-09-03T00:52:01.011,IMU-2,0x29,-1.94,-177.81,85.5,3,3,3,3
2026-09-03T00:52:01.108,IMU-1,0x28,-0.81,-179.81,263.44,3,3,3,3
2026-09-03T00:52:01.109,IMU-2,0x29,-1.94,-177.81,85.5,3,3,3,3
2026-09-03T00:52:01.208,IMU-1,0x28,-0.81,-179.81,263.44,3,3,3,3
2026-09-03T00:52:01.209,IMU-2,0x29,-1.94,-177.81,85.5,3,3,3,3
2026-09-03T00:52:01.308,IMU-1,0x28,-0.81,-179.81,263.44,3,3,3,3
2026-09-03T00:52:01.309,IMU-2,0x29,-1.94,-177.81,85.5,3,3,3,3
2026-09-03T00:52:01.408,IMU-1,0x28,-0.81,-179.81,263.44,3,3,3,3
2026-09-03T00:52:01.409,IMU-2,0x29,-1.94,-177.81,85.5,3,3,3,3
2026-09-03T00:52:01.508,IMU-1,0x28,-0.81,-179.81,263.44,3,3,3,3
2026-09-03T00:52:01.509,IMU-2,0x29,-1.94,-177.81,85.5,3,3,3,3
2026-09-03T00:52:01.608,IMU-1,0x28,-0.81,-179.81,263.44,3,3,3,3
2026-09-03T00:52:01.610,IMU-2,0x29,-1.94,-177.81,85.5,3,3,3,3
2026-09-03T00:52:01.708,IMU-1,0x28,-0.81,-179.81,263.44,3,3,3,3
2026-09-03T00:52:01.710,IMU-2,0x29,-1.94,-177.81,85.5,3,3,3,3
2026-09-03T00:52:01.808,IMU-1,0x28,-0.81,-179.81,263.44,3,3,3,3
2026-09-03T00:52:01.810,IMU-2,0x29,-1.94,-177.81,85.5,3,3,3,3
2026-09-03T00:52:01.908,IMU-1,0x28,-0.81,-179.81,263.44,3,3,3,3
2026-09-03T00:52:01.910,IMU-2,0x29,-1.94,-177.81,85.5,3,3,3,3
2026-09-03T00:52:02.009,IMU-1,0x28,-0.81,-179.81,263.44,3,3,3,3
2026-09-03T00:52:02.011,IMU-2,0x29,-1.94,-177.81,85.5,3,3,3,3
2026-09-03T00:52:02.108,IMU-1,0x28,-0.81,-179.81,263.44,3,3,3,3
2026-09-03T00:52:02.110,IMU-2,0x29,-1.94,-177.81,85.5,3,3,3,3
2026-09-03T00:52:02.208,IMU-1,0x28,-0.81,-179.81,263.44,3,3,3,3
2026-09-03T00:52:02.211,IMU-2,0x29,-1.94,-177.81,85.5,3,3,3,3
2026-09-03T00:52:02.307,IMU-1,0x28,-0.81,-179.81,263.44,3,3,3,3
2026-09-03T00:52:02.310,IMU-2,0x29,-1.94,-177.81,85.5,3,3,3,3
2026-09-03T00:52:02.407,IMU-1,0x28,-0.81,-179.81,263.44,3,3,3,3
2026-09-03T00:52:02.410,IMU-2,0x29,-1.94,-177.81,85.5,3,3,3,3
2026-09-03T00:52:02.507,IMU-1,0x28,-0.81,-179.81,263.44,3,3,3,3
2026-09-03T00:52:02.510,IMU-2,0x29,-1.94,-177.81,85.5,3,3,3,3
2026-09-03T00:52:02.607,IMU-1,0x28,-0.81,-179.81,263.44,3,3,3,3
2026-09-03T00:52:02.610,IMU-2,0x29,-1.94,-177.81,85.5,3,3,3,3
2026-09-03T00:52:02.707,IMU-1,0x28,-0.81,-179.81,263.44,3,3,3,3
2026-09-03T00:52:02.710,IMU-2,0x29,-1.94,-177.81,85.5,3,3,3,3
2026-09-03T00:52:02.807,IMU-1,0x28,-0.81,-179.81,263.44,3,3,3,3
2026-09-03T00:52:02.810,IMU-2,0x29,-1.94,-177.81,85.5,3,3,3,3
2026-09-03T00:52:02.907,IMU-1,0x28,-0.81,-179.81,263.44,3,3,3,3
2026-09-03T00:52:02.910,IMU-2,0x29,-1.94,-177.81,85.5,3,3,3,3
2026-09-03T00:52:03.008,IMU-1,0x28,-0.81,-179.81,263.44,3,3,3,3
2026-09-03T00:52:03.012,IMU-2,0x29,-1.94,-177.81,85.5,3,3,3,3
2026-09-03T00:52:03.108,IMU-1,0x28,-0.81,-179.81,263.44,3,3,3,3
2026-09-03T00:52:03.110,IMU-2,0x29,-1.94,-177.81,85.5,3,3,3,3
2026-09-03T00:52:03.208,IMU-1,0x28,-0.81,-179.81,263.44,3,3,3,3
2026-09-03T00:52:03.209,IMU-2,0x29,-1.94,-177.81,85.5,3,3,3,3
2026-09-03T00:52:03.308,IMU-1,0x28,-0.81,-179.81,263.44,3,3,3,3
2026-09-03T00:52:03.309,IMU-2,0x29,-1.94,-177.81,85.5,3,3,3,3
2026-09-03T00:52:03.408,IMU-1,0x28,-0.81,-179.81,263.44,3,3,3,3
2026-09-03T00:52:03.409,IMU-2,0x29,-1.94,-177.81,85.5,3,3,3,3
2026-09-03T00:52:03.508,IMU-1,0x28,-0.81,-179.81,263.44,3,3,3,3
2026-09-03T00:52:03.510,IMU-2,0x29,-1.94,-177.81,85.5,3,3,3,3
2026-09-03T00:52:03.608,IMU-1,0x28,-0.81,-179.81,263.44,3,3,3,3
2026-09-03T00:52:03.610,IMU-2,0x29,-1.94,-177.81,85.5,3,3,3,3
2026-09-03T00:52:03.709,IMU-1,0x28,-0.81,-179.81,263.44,3,3,3,3
2026-09-03T00:52:03.710,IMU-2,0x29,-1.94,-177.81,85.5,3,3,3,3
2026-09-03T00:52:03.809,IMU-1,0x28,-0.81,-179.81,263.44,3,3,3,3
2026-09-03T00:52:03.810,IMU-2,0x29,-1.94,-177.81,85.5,3,3,3,3
2026-09-03T00:52:03.909,IMU-1,0x28,-0.81,-179.81,263.44,3,3,3,3
2026-09-03T00:52:03.911,IMU-2,0x29,-1.94,-177.81,85.5,3,3,3,3
2026-09-03T00:52:04.010,IMU-1,0x28,-0.81,-179.81,263.44,3,3,3,3
2026-09-03T00:52:04.012,IMU-2,0x29,-1.94,-177.81,85.5,3,3,3,3
2026-09-03T00:52:04.109,IMU-1,0x28,-0.81,-179.81,263.44,3,3,3,3
2026-09-03T00:52:04.111,IMU-2,0x29,-1.94,-177.81,85.5,3,3,3,3
2026-09-03T00:52:04.210,IMU-1,0x28,-0.81,-179.81,263.44,3,3,3,3
2026-09-03T00:52:04.211,IMU-2,0x29,-1.94,-177.81,85.5,3,3,3,3
2026-09-03T00:52:04.309,IMU-1,0x28,-0.81,-179.81,263.44,3,3,3,3
2026-09-03T00:52:04.311,IMU-2,0x29,-1.94,-177.81,85.5,3,3,3,3
2026-09-03T00:52:04.409,IMU-1,0x28,-0.81,-179.81,263.44,3,3,3,3
2026-09-03T00:52:04.411,IMU-2,0x29,-1.94,-177.81,85.5,3,3,3,3
2026-09-03T00:52:04.509,IMU-1,0x28,-0.81,-179.81,263.44,3,3,3,3
2026-09-03T00:52:04.511,IMU-2,0x29,-1.94,-177.81,85.5,3,3,3,3
2026-09-03T00:52:04.608,IMU-1,0x28,-0.81,-179.81,263.44,3,3,3,3
2026-09-03T00:52:04.611,IMU-2,0x29,-1.94,-177.81,85.5,3,3,3,3
2026-09-03T00:52:04.709,IMU-1,0x28,-0.81,-179.81,263.44,3,3,3,3
2026-09-03T00:52:04.712,IMU-2,0x29,-1.94,-177.81,85.5,3,3,3,3
2026-09-03T00:52:04.809,IMU-1,0x28,-0.81,-179.81,263.44,3,3,3,3
2026-09-03T00:52:04.812,IMU-2,0x29,-1.94,-177.81,85.5,3,3,3,3
2026-09-03T00:52:04.909,IMU-1,0x28,-0.81,-179.81,263.44,3,3,3,3
2026-09-03T00:52:04.912,IMU-2,0x29,-2.0,-177.75,85.5,3,3,3,3
2026-09-03T00:52:05.009,IMU-1,0x28,-0.81,-179.81,263.44,3,3,3,3
2026-09-03T00:52:05.013,IMU-2,0x29,-2.0,-177.75,85.5,3,3,3,3
2026-09-03T00:52:05.109,IMU-1,0x28,-0.81,-179.81,263.44,3,3,3,3
2026-09-03T00:52:05.112,IMU-2,0x29,-2.0,-177.75,85.5,3,3,3,3
2026-09-03T00:52:05.209,IMU-1,0x28,-0.81,-179.81,263.44,3,3,3,3
2026-09-03T00:52:05.212,IMU-2,0x29,-2.0,-177.75,85.5,3,3,3,3
2026-09-03T00:52:05.309,IMU-1,0x28,-0.81,-179.81,263.44,3,3,3,3
2026-09-03T00:52:05.312,IMU-2,0x29,-2.0,-177.75,85.5,3,3,3,3
2026-09-03T00:52:05.409,IMU-1,0x28,-0.81,-179.81,263.44,3,3,3,3
2026-09-03T00:52:05.412,IMU-2,0x29,-2.0,-177.75,85.5,3,3,3,3
2026-09-03T00:52:05.509,IMU-1,0x28,-0.81,-179.81,263.44,3,3,3,3
2026-09-03T00:52:05.512,IMU-2,0x29,-2.0,-177.75,85.5,3,3,3,3
2026-09-03T00:52:05.609,IMU-1,0x28,-0.81,-179.81,263.44,3,3,3,3
2026-09-03T00:52:05.611,IMU-2,0x29,-2.0,-177.75,85.5,3,3,3,3
2026-09-03T00:52:05.709,IMU-1,0x28,-0.81,-179.81,263.44,3,3,3,3
2026-09-03T00:52:05.711,IMU-2,0x29,-2.0,-177.75,85.5,3,3,3,3
2026-09-03T00:52:05.809,IMU-1,0x28,-0.81,-179.81,263.44,3,3,3,3
2026-09-03T00:52:05.811,IMU-2,0x29,-2.0,-177.75,85.5,3,3,3,3
2026-09-03T00:52:05.909,IMU-1,0x28,-0.81,-179.81,263.44,3,3,3,3
2026-09-03T00:52:05.911,IMU-2,0x29,-2.0,-177.75,85.5,3,3,3,3
2026-09-03T00:52:06.010,IMU-1,0x28,-0.81,-179.81,263.44,3,3,3,3
2026-09-03T00:52:06.012,IMU-2,0x29,-2.0,-177.75,85.5,3,3,3,3
2026-09-03T00:52:06.109,IMU-1,0x28,-0.81,-179.81,263.44,3,3,3,3
2026-09-03T00:52:06.111,IMU-2,0x29,-2.0,-177.75,85.5,3,3,3,3
2026-09-03T00:52:06.209,IMU-1,0x28,-0.81,-179.81,263.44,3,3,3,3
2026-09-03T00:52:06.211,IMU-2,0x29,-2.0,-177.75,85.5,3,3,3,3
2026-09-03T00:52:06.310,IMU-1,0x28,-0.81,-179.81,263.44,3,3,3,3
2026-09-03T00:52:06.311,IMU-2,0x29,-2.0,-177.75,85.5,3,3,3,3
2026-09-03T00:52:06.410,IMU-1,0x28,-0.81,-179.81,263.44,3,3,3,3
2026-09-03T00:52:06.411,IMU-2,0x29,-2.0,-177.75,85.5,3,3,3,3
2026-09-03T00:52:06.510,IMU-1,0x28,-0.81,-179.81,263.44,3,3,3,3
2026-09-03T00:52:06.511,IMU-2,0x29,-2.0,-177.75,85.5,3,3,3,3
2026-09-03T00:52:06.610,IMU-1,0x28,-0.81,-179.81,263.44,3,3,3,3
2026-09-03T00:52:06.612,IMU-2,0x29,-2.0,-177.75,85.5,3,3,3,3
2026-09-03T00:52:06.710,IMU-1,0x28,-0.81,-179.81,263.44,3,3,3,3
2026-09-03T00:52:06.712,IMU-2,0x29,-2.0,-177.75,85.5,3,3,3,3
2026-09-03T00:52:06.810,IMU-1,0x28,-0.81,-179.81,263.44,3,3,3,3
2026-09-03T00:52:06.812,IMU-2,0x29,-2.0,-177.75,85.5,3,3,3,3
2026-09-03T00:52:06.910,IMU-1,0x28,-0.81,-179.81,263.44,3,3,3,3
2026-09-03T00:52:06.913,IMU-2,0x29,-2.0,-177.75,85.5,3,3,3,3
2026-09-03T00:52:07.011,IMU-1,0x28,-0.81,-179.81,263.44,3,3,3,3
2026-09-03T00:52:07.014,IMU-2,0x29,-2.0,-177.75,85.5,3,3,3,3
2026-09-03T00:52:07.111,IMU-1,0x28,-0.81,-179.81,263.44,3,3,3,3
2026-09-03T00:52:07.113,IMU-2,0x29,-2.0,-177.75,85.5,3,3,3,3
2026-09-03T00:52:07.211,IMU-1,0x28,-0.81,-179.81,263.44,3,3,3,3
2026-09-03T00:52:07.214,IMU-2,0x29,-2.0,-177.75,85.5,3,3,3,3
2026-09-03T00:52:07.311,IMU-1,0x28,-0.81,-179.81,263.44,3,3,3,3
2026-09-03T00:52:07.314,IMU-2,0x29,-2.0,-177.75,85.5,3,3,3,3
2026-09-03T00:52:07.411,IMU-1,0x28,-0.81,-179.81,263.44,3,3,3,3
2026-09-03T00:52:07.414,IMU-2,0x29,-2.0,-177.75,85.5,3,3,3,3
2026-09-03T00:52:07.512,IMU-1,0x28,-0.81,-179.81,263.44,3,3,3,3
2026-09-03T00:52:07.515,IMU-2,0x29,-2.0,-177.75,85.5,3,3,3,3
2026-09-03T00:52:07.612,IMU-1,0x28,-0.81,-179.81,263.44,3,3,3,3
2026-09-03T00:52:07.615,IMU-2,0x29,-2.0,-177.75,85.5,3,3,3,3
2026-09-03T00:52:07.712,IMU-1,0x28,-0.81,-179.81,263.44,3,3,3,3
2026-09-03T00:52:07.715,IMU-2,0x29,-2.0,-177.75,85.5,3,3,3,3
2026-09-03T00:52:07.812,IMU-1,0x28,-0.81,-179.81,263.44,3,3,3,3
2026-09-03T00:52:07.814,IMU-2,0x29,-2.0,-177.75,85.5,3,3,3,3
2026-09-03T00:52:07.912,IMU-1,0x28,-0.81,-179.81,263.44,3,3,3,3
2026-09-03T00:52:07.914,IMU-2,0x29,-2.0,-177.75,85.5,3,3,3,3
2026-09-03T00:52:08.013,IMU-1,0x28,-0.81,-179.81,263.44,3,3,3,3
2026-09-03T00:52:08.017,IMU-2,0x29,-2.0,-177.75,85.5,3,3,3,3
2026-09-03T00:52:08.112,IMU-1,0x28,-0.81,-179.81,263.44,3,3,3,3
2026-09-03T00:52:08.114,IMU-2,0x29,-2.0,-177.75,85.5,3,3,3,3
2026-09-03T00:52:08.212,IMU-1,0x28,-0.81,-179.81,263.44,3,3,3,3
2026-09-03T00:52:08.214,IMU-2,0x29,-2.0,-177.75,85.5,3,3,3,3
2026-09-03T00:52:08.312,IMU-1,0x28,-0.81,-179.81,263.44,3,3,3,3
2026-09-03T00:52:08.314,IMU-2,0x29,-2.0,-177.75,85.5,3,3,3,3
2026-09-03T00:52:08.412,IMU-1,0x28,-0.81,-179.81,263.44,3,3,3,3
2026-09-03T00:52:08.414,IMU-2,0x29,-2.0,-177.75,85.5,3,3,3,3
2026-09-03T00:52:08.512,IMU-1,0x28,-0.81,-179.81,263.44,3,3,3,3
2026-09-03T00:52:08.514,IMU-2,0x29,-2.0,-177.75,85.5,3,3,3,3
2026-09-03T00:52:08.612,IMU-1,0x28,-0.81,-179.81,263.44,3,3,3,3
2026-09-03T00:52:08.614,IMU-2,0x29,-2.0,-177.75,85.5,3,3,3,3
2026-09-03T00:52:08.713,IMU-1,0x28,-0.81,-179.81,263.44,3,3,3,3
2026-09-03T00:52:08.714,IMU-2,0x29,-2.0,-177.75,85.5,3,3,3,3
2026-09-03T00:52:08.812,IMU-1,0x28,-0.81,-179.81,263.44,3,3,3,3
2026-09-03T00:52:08.814,IMU-2,0x29,-2.0,-177.75,85.5,3,3,3,3
2026-09-03T00:52:08.912,IMU-1,0x28,-0.81,-179.81,263.44,3,3,3,3
2026-09-03T00:52:08.914,IMU-2,0x29,-2.0,-177.75,85.5,3,3,3,3
2026-09-03T00:52:09.013,IMU-1,0x28,-0.81,-179.81,263.44,3,3,3,3
2026-09-03T00:52:09.015,IMU-2,0x29,-2.0,-177.75,85.5,3,3,3,3
2026-09-03T00:52:09.112,IMU-1,0x28,-0.81,-179.81,263.44,3,3,3,3
2026-09-03T00:52:09.113,IMU-2,0x29,-2.0,-177.75,85.5,3,3,3,3
2026-09-03T00:52:09.211,IMU-1,0x28,-0.81,-179.81,263.44,3,3,3,3
2026-09-03T00:52:09.214,IMU-2,0x29,-2.0,-177.75,85.5,3,3,3,3
2026-09-03T00:52:09.311,IMU-1,0x28,-0.81,-179.81,263.44,3,3,3,3
2026-09-03T00:52:09.314,IMU-2,0x29,-2.0,-177.75,85.5,3,3,3,3
2026-09-03T00:52:09.411,IMU-1,0x28,-0.81,-179.81,263.44,3,3,3,3
2026-09-03T00:52:09.414,IMU-2,0x29,-2.0,-177.75,85.5,3,3,3,3
2026-09-03T00:52:09.511,IMU-1,0x28,-0.81,-179.81,263.44,3,3,3,3
2026-09-03T00:52:09.514,IMU-2,0x29,-2.0,-177.75,85.5,3,3,3,3
2026-09-03T00:52:09.611,IMU-1,0x28,-0.81,-179.81,263.44,3,3,3,3
2026-09-03T00:52:09.614,IMU-2,0x29,-2.0,-177.75,85.5,3,3,3,3
2026-09-03T00:52:09.712,IMU-1,0x28,-0.81,-179.81,263.44,3,3,3,3
2026-09-03T00:52:09.715,IMU-2,0x29,-2.0,-177.75,85.5,3,3,3,3
2026-09-03T00:52:09.812,IMU-1,0x28,-0.81,-179.81,263.44,3,3,3,3
2026-09-03T00:52:09.815,IMU-2,0x29,-2.0,-177.75,85.5,3,3,3,3
2026-09-03T00:52:09.912,IMU-1,0x28,-0.81,-179.81,263.44,3,3,3,3
2026-09-03T00:52:09.915,IMU-2,0x29,-2.0,-177.75,85.5,3,3,3,3
2026-09-03T00:52:10.012,IMU-1,0x28,-0.81,-179.81,263.44,3,3,3,3
2026-09-03T00:52:10.016,IMU-2,0x29,-2.0,-177.75,85.5,3,3,3,3
2026-09-03T00:52:10.112,IMU-1,0x28,-0.81,-179.81,263.44,3,3,3,3
2026-09-03T00:52:10.115,IMU-2,0x29,-2.0,-177.75,85.5,3,3,3,3
2026-09-03T00:52:10.212,IMU-1,0x28,-0.81,-179.81,263.44,3,3,3,3
2026-09-03T00:52:10.215,IMU-2,0x29,-2.0,-177.75,85.5,3,3,3,3
2026-09-03T00:52:10.312,IMU-1,0x28,-0.81,-179.81,263.44,3,3,3,3
2026-09-03T00:52:10.315,IMU-2,0x29,-2.0,-177.75,85.5,3,3,3,3
2026-09-03T00:52:10.412,IMU-1,0x28,-0.81,-179.81,263.44,3,3,3,3
2026-09-03T00:52:10.415,IMU-2,0x29,-2.0,-177.75,85.5,3,3,3,3
2026-09-03T00:52:10.512,IMU-1,0x28,-0.81,-179.81,263.44,3,3,3,3
2026-09-03T00:52:10.515,IMU-2,0x29,-2.0,-177.75,85.5,3,3,3,3
2026-09-03T00:52:10.613,IMU-1,0x28,-0.81,-179.81,263.44,3,3,3,3
2026-09-03T00:52:10.616,IMU-2,0x29,-2.0,-177.75,85.5,3,3,3,3
2026-09-03T00:52:10.713,IMU-1,0x28,-0.81,-179.81,263.44,3,3,3,3
2026-09-03T00:52:10.716,IMU-2,0x29,-2.0,-177.75,85.5,3,3,3,3
2026-09-03T00:52:10.813,IMU-1,0x28,-0.81,-179.81,263.44,3,3,3,3
2026-09-03T00:52:10.815,IMU-2,0x29,-2.0,-177.75,85.5,3,3,3,3
2026-09-03T00:52:10.913,IMU-1,0x28,-0.81,-179.81,263.44,3,3,3,3
2026-09-03T00:52:10.915,IMU-2,0x29,-2.0,-177.75,85.5,3,3,3,3
2026-09-03T00:52:11.014,IMU-1,0x28,-0.81,-179.81,263.44,3,3,3,3
2026-09-03T00:52:11.017,IMU-2,0x29,-2.0,-177.75,85.5,3,3,3,3
2026-09-03T00:52:11.114,IMU-1,0x28,-0.81,-179.81,263.44,3,3,3,3
2026-09-03T00:52:11.115,IMU-2,0x29,-2.0,-177.75,85.5,3,3,3,3
2026-09-03T00:52:11.214,IMU-1,0x28,-0.81,-179.81,263.44,3,3,3,3
2026-09-03T00:52:11.215,IMU-2,0x29,-2.0,-177.75,85.5,3,3,3,3
2026-09-03T00:52:11.314,IMU-1,0x28,-0.81,-179.81,263.44,3,3,3,3
2026-09-03T00:52:11.315,IMU-2,0x29,-2.0,-177.75,85.5,3,3,3,3
2026-09-03T00:52:11.414,IMU-1,0x28,-0.81,-179.81,263.44,3,3,3,3
2026-09-03T00:52:11.416,IMU-2,0x29,-2.0,-177.75,85.5,3,3,3,3
2026-09-03T00:52:11.514,IMU-1,0x28,-0.81,-179.81,263.44,3,3,3,3
2026-09-03T00:52:11.516,IMU-2,0x29,-2.0,-177.75,85.5,3,3,3,3
2026-09-03T00:52:11.614,IMU-1,0x28,-0.81,-179.81,263.44,3,3,3,3
2026-09-03T00:52:11.616,IMU-2,0x29,-2.0,-177.75,85.5,3,3,3,3
2026-09-03T00:52:11.714,IMU-1,0x28,-0.81,-179.81,263.44,3,3,3,3
2026-09-03T00:52:11.716,IMU-2,0x29,-2.0,-177.75,85.5,3,3,3,3
2026-09-03T00:52:11.814,IMU-1,0x28,-0.81,-179.81,263.44,3,3,3,3
2026-09-03T00:52:11.816,IMU-2,0x29,-2.0,-177.75,85.5,3,3,3,3
2026-09-03T00:52:11.914,IMU-1,0x28,-0.81,-179.81,263.44,3,3,3,3
2026-09-03T00:52:11.916,IMU-2,0x29,-2.0,-177.75,85.5,3,3,3,3
2026-09-03T00:52:12.015,IMU-1,0x28,-0.81,-179.81,263.44,3,3,3,3
2026-09-03T00:52:12.017,IMU-2,0x29,-2.0,-177.75,85.5,3,3,3,3
2026-09-03T00:52:12.115,IMU-1,0x28,-0.81,-179.81,263.44,3,3,3,3
2026-09-03T00:52:12.116,IMU-2,0x29,-2.0,-177.75,85.5,3,3,3,3
2026-09-03T00:52:12.215,IMU-1,0x28,-0.81,-179.81,263.44,3,3,3,3
2026-09-03T00:52:12.217,IMU-2,0x29,-2.0,-177.75,85.5,3,3,3,3
2026-09-03T00:52:12.315,IMU-1,0x28,-0.81,-179.81,263.44,3,3,3,3
2026-09-03T00:52:12.317,IMU-2,0x29,-2.0,-177.75,85.5,3,3,3,3
2026-09-03T00:52:12.415,IMU-1,0x28,-0.81,-179.81,263.44,3,3,3,3
2026-09-03T00:52:12.417,IMU-2,0x29,-2.0,-177.75,85.5,3,3,3,3
2026-09-03T00:52:12.515,IMU-1,0x28,-0.81,-179.81,263.44,3,3,3,3
2026-09-03T00:52:12.517,IMU-2,0x29,-2.0,-177.75,85.5,3,3,3,3
2026-09-03T00:52:12.614,IMU-1,0x28,-0.81,-179.81,263.44,3,3,3,3
2026-09-03T00:52:12.617,IMU-2,0x29,-2.0,-177.75,85.5,3,3,3,3
2026-09-03T00:52:12.714,IMU-1,0x28,-0.81,-179.81,263.44,3,3,3,3
2026-09-03T00:52:12.717,IMU-2,0x29,-2.0,-177.75,85.5,3,3,3,3
2026-09-03T00:52:12.815,IMU-1,0x28,-0.81,-179.81,263.44,3,3,3,3
2026-09-03T00:52:12.818,IMU-2,0x29,-2.0,-177.75,85.5,3,3,3,3
2026-09-03T00:52:12.914,IMU-1,0x28,-0.81,-179.81,263.44,3,3,3,3
2026-09-03T00:52:12.917,IMU-2,0x29,-2.0,-177.75,85.5,3,3,3,3
2026-09-03T00:52:13.014,IMU-1,0x28,-0.81,-179.81,263.44,3,3,3,3
2026-09-03T00:52:13.018,IMU-2,0x29,-2.0,-177.75,85.5,3,3,3,3
2026-09-03T00:52:13.114,IMU-1,0x28,-0.81,-179.81,263.44,3,3,3,3
2026-09-03T00:52:13.117,IMU-2,0x29,-2.0,-177.75,85.5,3,3,3,3
2026-09-03T00:52:13.214,IMU-1,0x28,-0.81,-179.81,263.44,3,3,3,3
2026-09-03T00:52:13.217,IMU-2,0x29,-2.0,-177.75,85.5,3,3,3,3
2026-09-03T00:52:13.314,IMU-1,0x28,-0.81,-179.81,263.44,3,3,3,3
2026-09-03T00:52:13.316,IMU-2,0x29,-2.0,-177.75,85.5,3,3,3,3
2026-09-03T00:52:13.414,IMU-1,0x28,-0.81,-179.81,263.44,3,3,3,3
2026-09-03T00:52:13.415,IMU-2,0x29,-2.0,-177.75,85.5,3,3,3,3
2026-09-03T00:52:13.514,IMU-1,0x28,-0.81,-179.81,263.44,3,3,3,3
2026-09-03T00:52:13.515,IMU-2,0x29,-2.0,-177.75,85.5,3,3,3,3
2026-09-03T00:52:13.614,IMU-1,0x28,-0.81,-179.81,263.44,3,3,3,3
2026-09-03T00:52:13.615,IMU-2,0x29,-2.0,-177.75,85.5,3,3,3,3
2026-09-03T00:52:13.714,IMU-1,0x28,-0.81,-179.81,263.44,3,3,3,3
2026-09-03T00:52:13.716,IMU-2,0x29,-2.0,-177.75,85.5,3,3,3,3
2026-09-03T00:52:13.814,IMU-1,0x28,-0.81,-179.81,263.44,3,3,3,3
2026-09-03T00:52:13.816,IMU-2,0x29,-2.0,-177.75,85.5,3,3,3,3
2026-09-03T00:52:13.914,IMU-1,0x28,-0.81,-179.81,263.44,3,3,3,3
2026-09-03T00:52:13.916,IMU-2,0x29,-2.0,-177.75,85.5,3,3,3,3
2026-09-03T00:52:14.015,IMU-1,0x28,-0.81,-179.81,263.44,3,3,3,3
2026-09-03T00:52:14.017,IMU-2,0x29,-2.0,-177.75,85.5,3,3,3,3
2026-09-03T00:52:14.115,IMU-1,0x28,-0.81,-179.81,263.44,3,3,3,3
2026-09-03T00:52:14.116,IMU-2,0x29,-2.0,-177.75,85.5,3,3,3,3
2026-09-03T00:52:14.215,IMU-1,0x28,-0.81,-179.81,263.44,3,3,3,3
2026-09-03T00:52:14.216,IMU-2,0x29,-2.0,-177.75,85.5,3,3,3,3
2026-09-03T00:52:14.315,IMU-1,0x28,-0.81,-179.81,263.44,3,3,3,3
2026-09-03T00:52:14.317,IMU-2,0x29,-2.0,-177.75,85.5,3,3,3,3
2026-09-03T00:52:14.415,IMU-1,0x28,-0.81,-179.81,263.44,3,3,3,3
2026-09-03T00:52:14.417,IMU-2,0x29,-2.0,-177.75,85.5,3,3,3,3
2026-09-03T00:52:14.516,IMU-1,0x28,-0.81,-179.81,263.44,3,3,3,3
2026-09-03T00:52:14.517,IMU-2,0x29,-2.0,-177.75,85.5,3,3,3,3
2026-09-03T00:52:14.616,IMU-1,0x28,-0.81,-179.81,263.44,3,3,3,3
2026-09-03T00:52:14.618,IMU-2,0x29,-2.0,-177.75,85.5,3,3,3,3
2026-09-03T00:52:14.716,IMU-1,0x28,-0.81,-179.81,263.44,3,3,3,3
2026-09-03T00:52:14.718,IMU-2,0x29,-2.0,-177.75,85.5,3,3,3,3
2026-09-03T00:52:14.816,IMU-1,0x28,-0.81,-179.81,263.44,3,3,3,3
2026-09-03T00:52:14.818,IMU-2,0x29,-2.0,-177.75,85.5,3,3,3,3
2026-09-03T00:52:14.916,IMU-1,0x28,-0.81,-179.81,263.44,3,3,3,3
2026-09-03T00:52:14.919,IMU-2,0x29,-2.0,-177.75,85.5,3,3,3,3
2026-09-03T00:52:15.017,IMU-1,0x28,-0.81,-179.81,263.44,3,3,3,3
2026-09-03T00:52:15.020,IMU-2,0x29,-2.0,-177.75,85.5,3,3,3,3
2026-09-03T00:52:15.116,IMU-1,0x28,-0.81,-179.81,263.44,3,3,3,3
2026-09-03T00:52:15.119,IMU-2,0x29,-2.0,-177.75,85.5,3,3,3,3
2026-09-03T00:52:15.217,IMU-1,0x28,-0.81,-179.81,263.44,3,3,3,3
2026-09-03T00:52:15.220,IMU-2,0x29,-2.0,-177.75,85.5,3,3,3,3
2026-09-03T00:52:15.317,IMU-1,0x28,-0.81,-179.81,263.44,3,3,3,3
2026-09-03T00:52:15.320,IMU-2,0x29,-2.0,-177.75,85.5,3,3,3,3
2026-09-03T00:52:15.417,IMU-1,0x28,-0.81,-179.81,263.44,3,3,3,3
2026-09-03T00:52:15.420,IMU-2,0x29,-2.0,-177.75,85.5,3,3,3,3
2026-09-03T00:52:15.517,IMU-1,0x28,-0.81,-179.81,263.44,3,3,3,3
2026-09-03T00:52:15.520,IMU-2,0x29,-2.0,-177.75,85.5,3,3,3,3
2026-09-03T00:52:15.617,IMU-1,0x28,-0.81,-179.81,263.44,3,3,3,3
2026-09-03T00:52:15.620,IMU-2,0x29,-2.0,-177.75,85.5,3,3,3,3
2026-09-03T00:52:15.717,IMU-1,0x28,-0.81,-179.81,263.44,3,3,3,3
2026-09-03T00:52:15.720,IMU-2,0x29,-2.0,-177.75,85.5,3,3,3,3
2026-09-03T00:52:15.817,IMU-1,0x28,-0.81,-179.81,263.44,3,3,3,3
2026-09-03T00:52:15.820,IMU-2,0x29,-2.0,-177.75,85.5,3,3,3,3
2026-09-03T00:52:15.917,IMU-1,0x28,-0.81,-179.81,263.44,3,3,3,3
2026-09-03T00:52:15.920,IMU-2,0x29,-2.0,-177.75,85.5,3,3,3,3
2026-09-03T00:52:16.017,IMU-1,0x28,-0.81,-179.81,263.44,3,3,3,3
2026-09-03T00:52:16.021,IMU-2,0x29,-2.0,-177.75,85.5,3,3,3,3
2026-09-03T00:52:16.116,IMU-1,0x28,-0.81,-179.81,263.44,3,3,3,3
2026-09-03T00:52:16.118,IMU-2,0x29,-2.0,-177.75,85.5,3,3,3,3
2026-09-03T00:52:16.216,IMU-1,0x28,-0.81,-179.81,263.44,3,3,3,3
2026-09-03T00:52:16.217,IMU-2,0x29,-2.0,-177.75,85.5,3,3,3,3
2026-09-03T00:52:16.316,IMU-1,0x28,-0.81,-179.81,263.44,3,3,3,3
2026-09-03T00:52:16.317,IMU-2,0x29,-2.0,-177.75,85.5,3,3,3,3
2026-09-03T00:52:16.416,IMU-1,0x28,-0.81,-179.81,263.44,3,3,3,3
2026-09-03T00:52:16.417,IMU-2,0x29,-2.0,-177.75,85.5,3,3,3,3
2026-09-03T00:52:16.516,IMU-1,0x28,-0.81,-179.81,263.44,3,3,3,3
2026-09-03T00:52:16.517,IMU-2,0x29,-2.0,-177.75,85.5,3,3,3,3
2026-09-03T00:52:16.616,IMU-1,0x28,-0.81,-179.81,263.44,3,3,3,3
2026-09-03T00:52:16.617,IMU-2,0x29,-2.0,-177.75,85.5,3,3,3,3
2026-09-03T00:52:16.716,IMU-1,0x28,-0.81,-179.81,263.44,3,3,3,3
2026-09-03T00:52:16.717,IMU-2,0x29,-2.0,-177.75,85.5,3,3,3,3
2026-09-03T00:52:16.816,IMU-1,0x28,-0.81,-179.81,263.44,3,3,3,3
2026-09-03T00:52:16.818,IMU-2,0x29,-2.0,-177.75,85.5,3,3,3,3
2026-09-03T00:52:16.916,IMU-1,0x28,-0.81,-179.81,263.44,3,3,3,3
2026-09-03T00:52:16.918,IMU-2,0x29,-2.0,-177.75,85.5,3,3,3,3
2026-09-03T00:52:17.017,IMU-1,0x28,-0.81,-179.81,263.44,3,3,3,3
2026-09-03T00:52:17.019,IMU-2,0x29,-2.0,-177.75,85.5,3,3,3,3
2026-09-03T00:52:17.116,IMU-1,0x28,-0.81,-179.81,263.44,3,3,3,3
2026-09-03T00:52:17.118,IMU-2,0x29,-2.0,-177.75,85.5,3,3,3,3
2026-09-03T00:52:17.216,IMU-1,0x28,-0.81,-179.81,263.44,3,3,3,3
2026-09-03T00:52:17.219,IMU-2,0x29,-2.0,-177.75,85.5,3,3,3,3
2026-09-03T00:52:17.317,IMU-1,0x28,-0.81,-179.81,263.44,3,3,3,3
2026-09-03T00:52:17.319,IMU-2,0x29,-2.0,-177.75,85.5,3,3,3,3
2026-09-03T00:52:17.417,IMU-1,0x28,-0.81,-179.81,263.44,3,3,3,3
2026-09-03T00:52:17.419,IMU-2,0x29,-2.0,-177.75,85.5,3,3,3,3
2026-09-03T00:52:17.517,IMU-1,0x28,-0.81,-179.81,263.44,3,3,3,3
2026-09-03T00:52:17.520,IMU-2,0x29,-2.0,-177.75,85.5,3,3,3,3
2026-09-03T00:52:17.617,IMU-1,0x28,-0.81,-179.81,263.44,3,3,3,3
2026-09-03T00:52:17.620,IMU-2,0x29,-2.0,-177.75,85.5,3,3,3,3
2026-09-03T00:52:17.717,IMU-1,0x28,-0.81,-179.81,263.44,3,3,3,3
2026-09-03T00:52:17.720,IMU-2,0x29,-2.0,-177.75,85.5,3,3,3,3
2026-09-03T00:52:17.818,IMU-1,0x28,-0.81,-179.81,263.44,3,3,3,3
2026-09-03T00:52:17.821,IMU-2,0x29,-2.0,-177.75,85.5,3,3,3,3
2026-09-03T00:52:17.918,IMU-1,0x28,-0.81,-179.81,263.44,3,3,3,3
2026-09-03T00:52:17.921,IMU-2,0x29,-2.0,-177.75,85.5,3,3,3,3
2026-09-03T00:52:18.019,IMU-1,0x28,-0.81,-179.81,263.44,3,3,3,3
2026-09-03T00:52:18.022,IMU-2,0x29,-2.0,-177.75,85.5,3,3,3,3
2026-09-03T00:52:18.118,IMU-1,0x28,-0.81,-179.81,263.44,3,3,3,3
2026-09-03T00:52:18.121,IMU-2,0x29,-2.0,-177.75,85.5,3,3,3,3
2026-09-03T00:52:18.219,IMU-1,0x28,-0.81,-179.81,263.44,3,3,3,3
2026-09-03T00:52:18.222,IMU-2,0x29,-2.0,-177.75,85.5,3,3,3,3
2026-09-03T00:52:18.319,IMU-1,0x28,-0.81,-179.81,263.44,3,3,3,3
2026-09-03T00:52:18.322,IMU-2,0x29,-2.0,-177.75,85.5,3,3,3,3
2026-09-03T00:52:18.419,IMU-1,0x28,-0.81,-179.81,263.44,3,3,3,3
2026-09-03T00:52:18.422,IMU-2,0x29,-2.0,-177.75,85.5,3,3,3,3
2026-09-03T00:52:18.519,IMU-1,0x28,-0.81,-179.81,263.44,3,3,3,3
2026-09-03T00:52:18.522,IMU-2,0x29,-2.0,-177.75,85.5,3,3,3,3
2026-09-03T00:52:18.619,IMU-1,0x28,-0.81,-179.81,263.44,3,3,3,3
2026-09-03T00:52:18.622,IMU-2,0x29,-2.0,-177.75,85.5,3,3,3,3
2026-09-03T00:52:18.719,IMU-1,0x28,-0.81,-179.81,263.44,3,3,3,3
2026-09-03T00:52:18.722,IMU-2,0x29,-2.0,-177.75,85.5,3,3,3,3
2026-09-03T00:52:18.819,IMU-1,0x28,-0.81,-179.81,263.44,3,3,3,3
2026-09-03T00:52:18.822,IMU-2,0x29,-2.0,-177.75,85.5,3,3,3,3
2026-09-03T00:52:18.919,IMU-1,0x28,-0.81,-179.81,263.44,3,3,3,3
2026-09-03T00:52:18.922,IMU-2,0x29,-2.0,-177.75,85.5,3,3,3,3
2026-09-03T00:52:19.020,IMU-1,0x28,-0.81,-179.81,263.44,3,3,3,3
2026-09-03T00:52:19.024,IMU-2,0x29,-2.0,-177.75,85.5,3,3,3,3
2026-09-03T00:52:19.119,IMU-1,0x28,-0.81,-179.81,263.44,3,3,3,3
2026-09-03T00:52:19.121,IMU-2,0x29,-2.0,-177.75,85.5,3,3,3,3
2026-09-03T00:52:19.219,IMU-1,0x28,-0.81,-179.81,263.44,3,3,3,3
2026-09-03T00:52:19.221,IMU-2,0x29,-2.0,-177.75,85.5,3,3,3,3
2026-09-03T00:52:19.318,IMU-1,0x28,-0.81,-179.81,263.44,3,3,3,3
2026-09-03T00:52:19.319,IMU-2,0x29,-2.0,-177.75,85.5,3,3,3,3
2026-09-03T00:52:19.418,IMU-1,0x28,-0.81,-179.81,263.69,3,3,3,3
2026-09-03T00:52:19.419,IMU-2,0x29,-1.94,-177.75,85.75,3,3,3,3
2026-09-03T00:52:19.519,IMU-1,0x28,-0.81,-179.81,263.75,3,3,3,3
2026-09-03T00:52:19.520,IMU-2,0x29,-1.94,-177.75,85.81,3,3,3,3
2026-09-03T00:52:19.618,IMU-1,0x28,-0.81,-179.94,264.0,3,3,3,3
2026-09-03T00:52:19.619,IMU-2,0x29,-2.0,-177.62,86.0,3,3,3,3
2026-09-03T00:52:19.718,IMU-1,0x28,-0.62,177.25,266.19,3,3,3,3
2026-09-03T00:52:19.720,IMU-2,0x29,-2.06,-175.0,88.12,3,3,3,3
2026-09-03T00:52:19.818,IMU-1,0x28,-0.62,166.81,264.38,3,3,3,3
2026-09-03T00:52:19.819,IMU-2,0x29,-1.94,-165.06,86.31,3,3,3,3
2026-09-03T00:52:19.918,IMU-1,0x28,-0.5,153.88,262.62,3,3,3,3
2026-09-03T00:52:19.920,IMU-2,0x29,-1.75,-151.94,84.5,3,3,3,3
2026-09-03T00:52:20.019,IMU-1,0x28,-0.38,144.0,262.88,3,3,3,3
2026-09-03T00:52:20.021,IMU-2,0x29,-1.56,-142.31,84.69,3,3,3,3
2026-09-03T00:52:20.118,IMU-1,0x28,-0.19,136.81,262.81,3,3,3,3
2026-09-03T00:52:20.120,IMU-2,0x29,-1.56,-134.75,269.25,3,3,3,3
2026-09-03T00:52:20.218,IMU-1,0x28,-0.06,131.44,81.75,3,3,3,3
2026-09-03T00:52:20.220,IMU-2,0x29,-1.56,-129.69,268.31,3,3,3,3
2026-09-03T00:52:20.318,IMU-1,0x28,-0.06,129.38,80.94,3,3,3,3
2026-09-03T00:52:20.320,IMU-2,0x29,-1.56,-127.5,267.69,3,3,3,3
2026-09-03T00:52:20.418,IMU-1,0x28,-0.06,128.0,80.5,3,3,3,3
2026-09-03T00:52:20.420,IMU-2,0x29,-1.56,-126.0,267.31,3,3,3,3
2026-09-03T00:52:20.518,IMU-1,0x28,-0.06,127.75,80.0,3,3,3,3
2026-09-03T00:52:20.520,IMU-2,0x29,-1.56,-125.81,267.0,3,3,3,3
2026-09-03T00:52:20.618,IMU-1,0x28,-0.06,126.81,79.81,3,3,3,3
2026-09-03T00:52:20.620,IMU-2,0x29,-1.56,-124.75,266.88,3,3,3,3
2026-09-03T00:52:20.719,IMU-1,0x28,-0.12,127.31,79.69,3,3,3,3
2026-09-03T00:52:20.720,IMU-2,0x29,-1.56,-125.25,266.81,3,3,3,3
2026-09-03T00:52:20.819,IMU-1,0x28,-0.19,128.19,79.25,3,3,3,3
2026-09-03T00:52:20.820,IMU-2,0x29,-1.62,-126.06,266.69,3,3,3,3
2026-09-03T00:52:20.919,IMU-1,0x28,-0.19,128.31,79.12,3,3,3,3
2026-09-03T00:52:20.920,IMU-2,0x29,-1.62,-126.19,266.69,3,3,3,3
2026-09-03T00:52:21.019,IMU-1,0x28,-0.19,129.25,78.94,3,3,3,3
2026-09-03T00:52:21.021,IMU-2,0x29,-1.62,-127.12,266.75,3,3,3,3
2026-09-03T00:52:21.119,IMU-1,0x28,-0.25,129.75,78.81,3,3,3,3
2026-09-03T00:52:21.121,IMU-2,0x29,-1.69,-127.62,266.81,3,3,3,3
2026-09-03T00:52:21.220,IMU-1,0x28,-0.25,129.62,78.81,3,3,3,3
2026-09-03T00:52:21.221,IMU-2,0x29,-1.69,-127.5,266.75,3,3,3,3
2026-09-03T00:52:21.319,IMU-1,0x28,-0.25,129.56,78.69,3,3,3,3
2026-09-03T00:52:21.320,IMU-2,0x29,-1.69,-127.44,266.81,3,3,3,3
2026-09-03T00:52:21.419,IMU-1,0x28,-0.25,129.56,78.56,3,3,3,3
2026-09-03T00:52:21.420,IMU-2,0x29,-1.69,-127.44,266.88,3,3,3,3
2026-09-03T00:52:21.519,IMU-1,0x28,-0.25,129.75,78.56,3,3,3,3
2026-09-03T00:52:21.520,IMU-2,0x29,-1.75,-127.56,266.94,3,3,3,3
2026-09-03T00:52:21.619,IMU-1,0x28,-0.31,129.94,78.44,3,3,3,3
2026-09-03T00:52:21.621,IMU-2,0x29,-1.75,-127.69,266.81,3,3,3,3
2026-09-03T00:52:21.719,IMU-1,0x28,-0.31,130.06,78.31,3,3,3,3
2026-09-03T00:52:21.721,IMU-2,0x29,-1.75,-127.81,266.81,3,3,3,3
2026-09-03T00:52:21.819,IMU-1,0x28,-0.31,129.88,78.31,3,3,3,3
2026-09-03T00:52:21.821,IMU-2,0x29,-1.75,-127.69,266.81,3,3,3,3
2026-09-03T00:52:21.919,IMU-1,0x28,-0.31,130.06,78.31,3,3,3,3
2026-09-03T00:52:21.921,IMU-2,0x29,-1.75,-127.81,266.81,3,3,3,3
2026-09-03T00:52:22.020,IMU-1,0x28,-0.31,129.94,78.25,3,3,3,3
2026-09-03T00:52:22.022,IMU-2,0x29,-1.75,-127.69,266.81,3,3,3,3
2026-09-03T00:52:22.119,IMU-1,0x28,-0.38,129.56,78.25,3,3,3,3
2026-09-03T00:52:22.121,IMU-2,0x29,-1.75,-127.19,266.75,3,3,3,3
2026-09-03T00:52:22.219,IMU-1,0x28,-0.38,129.75,78.12,3,3,3,3
2026-09-03T00:52:22.222,IMU-2,0x29,-1.75,-127.38,266.69,3,3,3,3
2026-09-03T00:52:22.320,IMU-1,0x28,-0.38,129.62,78.12,3,3,3,3
2026-09-03T00:52:22.322,IMU-2,0x29,-1.75,-127.38,266.69,3,3,3,3
2026-09-03T00:52:22.420,IMU-1,0x28,-0.38,129.5,78.06,3,3,3,3
2026-09-03T00:52:22.422,IMU-2,0x29,-1.75,-127.25,266.69,3,3,3,3
2026-09-03T00:52:22.520,IMU-1,0x28,-0.44,130.19,78.0,3,3,3,3
2026-09-03T00:52:22.522,IMU-2,0x29,-1.75,-127.94,266.75,3,3,3,3
2026-09-03T00:52:22.620,IMU-1,0x28,-0.44,130.19,77.94,3,3,3,3
2026-09-03T00:52:22.623,IMU-2,0x29,-1.75,-127.88,266.69,3,3,3,3
2026-09-03T00:52:22.720,IMU-1,0x28,-0.44,130.06,77.94,3,3,3,3
2026-09-03T00:52:22.723,IMU-2,0x29,-1.75,-127.75,266.69,3,3,3,3
2026-09-03T00:52:22.820,IMU-1,0x28,-0.44,130.94,77.75,3,3,3,3
2026-09-03T00:52:22.823,IMU-2,0x29,-1.75,-128.38,266.69,3,3,3,3
2026-09-03T00:52:22.920,IMU-1,0x28,-0.62,137.31,258.25,3,3,3,3
2026-09-03T00:52:22.923,IMU-2,0x29,-1.81,-134.0,266.38,3,3,3,3
2026-09-03T00:52:23.020,IMU-1,0x28,-1.12,150.94,257.06,3,3,3,3
2026-09-03T00:52:23.024,IMU-2,0x29,-1.69,-147.25,80.25,3,3,3,3
2026-09-03T00:52:23.120,IMU-1,0x28,-1.81,156.94,256.56,3,3,3,3
2026-09-03T00:52:23.123,IMU-2,0x29,-1.25,-153.62,79.56,3,3,3,3
2026-09-03T00:52:23.220,IMU-1,0x28,-3.06,164.94,256.44,3,3,3,3
2026-09-03T00:52:23.223,IMU-2,0x29,-0.12,-161.62,79.5,3,3,3,3
2026-09-03T00:52:23.320,IMU-1,0x28,-2.69,169.69,256.69,3,3,3,3
2026-09-03T00:52:23.323,IMU-2,0x29,-0.62,-166.31,79.5,3,3,3,3
2026-09-03T00:52:23.420,IMU-1,0x28,-4.5,177.88,256.12,3,3,3,3
2026-09-03T00:52:23.423,IMU-2,0x29,0.94,-174.44,79.0,3,3,3,3
2026-09-03T00:52:23.520,IMU-1,0x28,-4.69,-177.12,255.31,3,3,3,3
2026-09-03T00:52:23.523,IMU-2,0x29,1.06,-179.31,78.06,3,3,3,3
2026-09-03T00:52:23.620,IMU-1,0x28,-3.5,-168.69,254.25,3,3,3,3
2026-09-03T00:52:23.623,IMU-2,0x29,-0.19,172.31,76.88,3,3,3,3
2026-09-03T00:52:23.720,IMU-1,0x28,-2.56,-160.25,254.19,3,3,3,3
2026-09-03T00:52:23.723,IMU-2,0x29,-1.25,164.06,77.0,3,3,3,3
2026-09-03T00:52:23.820,IMU-1,0x28,-2.0,-151.31,255.69,3,3,3,3
2026-09-03T00:52:23.823,IMU-2,0x29,-1.88,155.19,78.5,3,3,3,3
2026-09-03T00:52:23.921,IMU-1,0x28,-1.75,-146.94,257.12,3,3,3,3
2026-09-03T00:52:23.922,IMU-2,0x29,-2.12,150.75,80.19,3,3,3,3
2026-09-03T00:52:24.021,IMU-1,0x28,-1.69,-144.69,257.38,3,3,3,3
2026-09-03T00:52:24.024,IMU-2,0x29,-2.19,148.38,80.62,3,3,3,3
2026-09-03T00:52:24.121,IMU-1,0x28,-1.69,-143.06,258.5,3,3,3,3
2026-09-03T00:52:24.122,IMU-2,0x29,-2.19,146.81,82.19,3,3,3,3
2026-09-03T00:52:24.221,IMU-1,0x28,-1.62,-143.38,258.56,3,3,3,3
2026-09-03T00:52:24.222,IMU-2,0x29,-2.12,147.06,82.31,3,3,3,3
2026-09-03T00:52:24.321,IMU-1,0x28,-1.5,-143.5,258.62,3,3,3,3
2026-09-03T00:52:24.323,IMU-2,0x29,-2.12,147.0,82.62,3,3,3,3
2026-09-03T00:52:24.421,IMU-1,0x28,-1.44,-143.56,258.69,3,3,3,3
2026-09-03T00:52:24.423,IMU-2,0x29,-2.12,146.94,82.69,3,3,3,3
2026-09-03T00:52:24.522,IMU-1,0x28,-1.38,-143.69,258.75,3,3,3,3
2026-09-03T00:52:24.523,IMU-2,0x29,-2.12,146.94,82.88,3,3,3,3
2026-09-03T00:52:24.622,IMU-1,0x28,-1.31,-143.81,258.88,3,3,3,3
2026-09-03T00:52:24.623,IMU-2,0x29,-2.12,146.94,83.0,3,3,3,3
2026-09-03T00:52:24.722,IMU-1,0x28,-1.25,-143.88,258.88,3,3,3,3
2026-09-03T00:52:24.724,IMU-2,0x29,-2.06,146.94,83.12,3,3,3,3
2026-09-03T00:52:24.822,IMU-1,0x28,-1.19,-143.81,258.88,3,3,3,3
2026-09-03T00:52:24.824,IMU-2,0x29,-2.06,146.75,83.25,3,3,3,3
2026-09-03T00:52:24.922,IMU-1,0x28,-1.12,-143.81,259.0,3,3,3,3
2026-09-03T00:52:24.924,IMU-2,0x29,-2.06,146.69,83.25,3,3,3,3
2026-09-03T00:52:25.023,IMU-1,0x28,-1.12,-143.5,258.94,3,3,3,3
2026-09-03T00:52:25.025,IMU-2,0x29,-2.06,146.31,83.38,3,3,3,3
2026-09-03T00:52:25.123,IMU-1,0x28,-1.06,-143.38,259.0,3,3,3,3
2026-09-03T00:52:25.124,IMU-2,0x29,-2.06,146.12,83.38,3,3,3,3
2026-09-03T00:52:25.223,IMU-1,0x28,-1.06,-143.94,258.94,3,3,3,3
2026-09-03T00:52:25.225,IMU-2,0x29,-2.06,146.88,83.44,3,3,3,3
2026-09-03T00:52:25.323,IMU-1,0x28,-1.19,-150.88,260.75,3,3,3,3
2026-09-03T00:52:25.325,IMU-2,0x29,-1.88,154.88,85.38,3,3,3,3
2026-09-03T00:52:25.423,IMU-1,0x28,-1.44,-171.0,263.31,3,3,3,3
2026-09-03T00:52:25.425,IMU-2,0x29,-1.44,175.62,87.69,3,3,3,3
2026-09-03T00:52:25.523,IMU-1,0x28,-0.69,-179.81,264.19,3,3,3,3
2026-09-03T00:52:25.525,IMU-2,0x29,-2.0,-177.56,88.31,3,3,3,3
2026-09-03T00:52:25.623,IMU-1,0x28,-0.62,179.75,264.25,3,3,3,3
2026-09-03T00:52:25.626,IMU-2,0x29,-2.12,-177.12,88.12,3,3,3,3
2026-09-03T00:52:25.723,IMU-1,0x28,-0.75,-179.5,264.25,3,3,3,3
2026-09-03T00:52:25.726,IMU-2,0x29,-2.0,-177.88,88.0,3,3,3,3
2026-09-03T00:52:25.823,IMU-1,0x28,-0.81,-179.25,264.19,3,3,3,3
2026-09-03T00:52:25.826,IMU-2,0x29,-1.94,-178.12,87.75,3,3,3,3
2026-09-03T00:52:25.923,IMU-1,0x28,-0.81,-179.25,264.19,3,3,3,3
2026-09-03T00:52:25.926,IMU-2,0x29,-1.94,-178.19,87.62,3,3,3,3
2026-09-03T00:52:26.024,IMU-1,0x28,-0.81,-179.25,264.19,3,3,3,3
2026-09-03T00:52:26.028,IMU-2,0x29,-1.94,-178.19,87.62,3,3,3,3
2026-09-03T00:52:26.123,IMU-1,0x28,-0.81,-179.31,264.19,3,3,3,3
2026-09-03T00:52:26.126,IMU-2,0x29,-1.94,-178.19,87.5,3,3,3,3
2026-09-03T00:52:26.223,IMU-1,0x28,-0.81,-179.38,264.12,3,3,3,3
2026-09-03T00:52:26.226,IMU-2,0x29,-1.94,-178.12,87.5,3,3,3,3
2026-09-03T00:52:26.323,IMU-1,0x28,-0.81,-179.38,264.0,3,3,3,3
2026-09-03T00:52:26.326,IMU-2,0x29,-1.94,-178.19,87.44,3,3,3,3
2026-09-03T00:52:26.423,IMU-1,0x28,-0.81,-179.38,264.0,3,3,3,3
2026-09-03T00:52:26.426,IMU-2,0x29,-1.94,-178.19,87.31,3,3,3,3
2026-09-03T00:52:26.523,IMU-1,0x28,-0.81,-179.38,264.0,3,3,3,3
2026-09-03T00:52:26.525,IMU-2,0x29,-1.94,-178.19,87.31,3,3,3,3
2026-09-03T00:52:26.623,IMU-1,0x28,-0.81,-179.31,263.94,3,3,3,3
2026-09-03T00:52:26.624,IMU-2,0x29,-1.94,-178.25,87.19,3,3,3,3
2026-09-03T00:52:26.723,IMU-1,0x28,-0.81,-179.31,263.94,3,3,3,3
2026-09-03T00:52:26.724,IMU-2,0x29,-1.94,-178.25,87.12,3,3,3,3
2026-09-03T00:52:26.822,IMU-1,0x28,-0.81,-179.38,263.94,3,3,3,3
2026-09-03T00:52:26.824,IMU-2,0x29,-1.94,-178.25,87.12,3,3,3,3
2026-09-03T00:52:26.922,IMU-1,0x28,-0.81,-179.38,263.94,3,3,3,3
2026-09-03T00:52:26.924,IMU-2,0x29,-1.94,-178.31,87.12,3,3,3,3
2026-09-03T00:52:27.023,IMU-1,0x28,-0.81,-179.38,263.94,3,3,3,3
2026-09-03T00:52:27.025,IMU-2,0x29,-1.94,-178.31,87.12,3,3,3,3
2026-09-03T00:52:27.123,IMU-1,0x28,-0.81,-179.38,263.94,3,3,3,3
2026-09-03T00:52:27.124,IMU-2,0x29,-1.94,-178.31,87.12,3,3,3,3
2026-09-03T00:52:27.223,IMU-1,0x28,-0.81,-179.38,263.94,3,3,3,3
2026-09-03T00:52:27.224,IMU-2,0x29,-1.94,-178.31,87.12,3,3,3,3
2026-09-03T00:52:27.323,IMU-1,0x28,-0.81,-179.38,263.94,3,3,3,3
2026-09-03T00:52:27.324,IMU-2,0x29,-1.94,-178.31,87.12,3,3,3,3
2026-09-03T00:52:27.423,IMU-1,0x28,-0.81,-179.38,263.94,3,3,3,3
2026-09-03T00:52:27.424,IMU-2,0x29,-1.94,-178.31,87.12,3,3,3,3
2026-09-03T00:52:27.523,IMU-1,0x28,-0.81,-179.38,263.94,3,3,3,3
2026-09-03T00:52:27.525,IMU-2,0x29,-1.94,-178.31,87.12,3,3,3,3
2026-09-03T00:52:27.623,IMU-1,0x28,-0.81,-179.38,263.94,3,3,3,3
2026-09-03T00:52:27.625,IMU-2,0x29,-1.94,-178.31,87.12,3,3,3,3
2026-09-03T00:52:27.723,IMU-1,0x28,-0.81,-179.38,263.94,3,3,3,3
2026-09-03T00:52:27.725,IMU-2,0x29,-1.94,-178.31,87.12,3,3,3,3
2026-09-03T00:52:27.823,IMU-1,0x28,-0.81,-179.38,263.94,3,3,3,3
2026-09-03T00:52:27.825,IMU-2,0x29,-1.94,-178.31,87.12,3,3,3,3
2026-09-03T00:52:27.923,IMU-1,0x28,-0.81,-179.38,263.94,3,3,3,3
2026-09-03T00:52:27.926,IMU-2,0x29,-1.94,-178.31,87.12,3,3,3,3
2026-09-03T00:52:28.024,IMU-1,0x28,-0.81,-179.38,263.94,3,3,3,3
2026-09-03T00:52:28.027,IMU-2,0x29,-1.94,-178.31,87.12,3,3,3,3
2026-09-03T00:52:28.124,IMU-1,0x28,-0.81,-179.38,263.94,3,3,3,3
2026-09-03T00:52:28.126,IMU-2,0x29,-1.94,-178.31,87.12,3,3,3,3
2026-09-03T00:52:28.224,IMU-1,0x28,-0.81,-179.38,263.94,3,3,3,3
2026-09-03T00:52:28.227,IMU-2,0x29,-1.94,-178.31,87.12,3,3,3,3
2026-09-03T00:52:28.324,IMU-1,0x28,-0.81,-179.38,263.94,3,3,3,3
2026-09-03T00:52:28.327,IMU-2,0x29,-1.94,-178.31,87.12,3,3,3,3
2026-09-03T00:52:28.424,IMU-1,0x28,-0.81,-179.38,263.94,3,3,3,3
2026-09-03T00:52:28.427,IMU-2,0x29,-1.94,-178.31,87.12,3,3,3,3
2026-09-03T00:52:28.525,IMU-1,0x28,-0.81,-179.38,263.94,3,3,3,3
2026-09-03T00:52:28.528,IMU-2,0x29,-1.94,-178.31,87.12,3,3,3,3
2026-09-03T00:52:28.625,IMU-1,0x28,-0.81,-179.38,263.94,3,3,3,3
2026-09-03T00:52:28.628,IMU-2,0x29,-1.94,-178.31,87.12,3,3,3,3
2026-09-03T00:52:28.725,IMU-1,0x28,-0.81,-179.38,263.94,3,3,3,3
2026-09-03T00:52:28.728,IMU-2,0x29,-1.94,-178.31,87.12,3,3,3,3
2026-09-03T00:52:28.825,IMU-1,0x28,-0.81,-179.38,263.94,3,3,3,3
2026-09-03T00:52:28.828,IMU-2,0x29,-1.94,-178.31,87.12,3,3,3,3
2026-09-03T00:52:28.925,IMU-1,0x28,-0.81,-179.38,263.94,3,3,3,3
2026-09-03T00:52:28.928,IMU-2,0x29,-1.94,-178.31,87.12,3,3,3,3
2026-09-03T00:52:29.026,IMU-1,0x28,-0.81,-179.38,263.94,3,3,3,3
2026-09-03T00:52:29.030,IMU-2,0x29,-1.94,-178.31,87.12,3,3,3,3
2026-09-03T00:52:29.125,IMU-1,0x28,-0.75,-179.62,263.94,3,3,3,3
2026-09-03T00:52:29.128,IMU-2,0x29,-1.94,-178.25,87.12,3,3,3,3
2026-09-03T00:52:29.226,IMU-1,0x28,-0.81,-179.31,263.94,3,3,3,3
2026-09-03T00:52:29.229,IMU-2,0x29,-1.94,-178.38,87.12,3,3,3,3
2026-09-03T00:52:29.326,IMU-1,0x28,-0.81,-179.31,263.94,3,3,3,3
2026-09-03T00:52:29.327,IMU-2,0x29,-1.94,-178.31,87.12,3,3,3,3
2026-09-03T00:52:29.426,IMU-1,0x28,-0.81,-179.38,263.94,3,3,3,3
2026-09-03T00:52:29.428,IMU-2,0x29,-1.94,-178.31,87.12,3,3,3,3
2026-09-03T00:52:29.526,IMU-1,0x28,-0.81,-179.38,263.94,3,3,3,3
2026-09-03T00:52:29.528,IMU-2,0x29,-1.94,-178.31,87.12,3,3,3,3
2026-09-03T00:52:29.626,IMU-1,0x28,-0.81,-179.38,263.94,3,3,3,3
2026-09-03T00:52:29.627,IMU-2,0x29,-1.94,-178.38,87.12,3,3,3,3
2026-09-03T00:52:29.726,IMU-1,0x28,-0.81,-179.38,263.94,3,3,3,3
2026-09-03T00:52:29.727,IMU-2,0x29,-1.94,-178.38,87.12,3,3,3,3
2026-09-03T00:52:29.825,IMU-1,0x28,-0.81,-179.38,263.94,3,3,3,3
2026-09-03T00:52:29.827,IMU-2,0x29,-1.94,-178.38,87.12,3,3,3,3
2026-09-03T00:52:29.925,IMU-1,0x28,-0.81,-179.38,263.94,3,3,3,3
2026-09-03T00:52:29.927,IMU-2,0x29,-1.94,-178.38,87.12,3,3,3,3
2026-09-03T00:52:30.026,IMU-1,0x28,-0.81,-179.38,263.94,3,3,3,3
2026-09-03T00:52:30.028,IMU-2,0x29,-1.94,-178.38,87.12,3,3,3,3
2026-09-03T00:52:30.125,IMU-1,0x28,-0.81,-179.38,263.94,3,3,3,3
2026-09-03T00:52:30.126,IMU-2,0x29,-1.94,-178.38,87.12,3,3,3,3
2026-09-03T00:52:30.225,IMU-1,0x28,-0.81,-179.38,263.94,3,3,3,3
2026-09-03T00:52:30.227,IMU-2,0x29,-1.94,-178.38,87.12,3,3,3,3
2026-09-03T00:52:30.325,IMU-1,0x28,-0.81,-179.38,263.94,3,3,3,3
2026-09-03T00:52:30.327,IMU-2,0x29,-1.94,-178.38,87.12,3,3,3,3
2026-09-03T00:52:30.425,IMU-1,0x28,-0.81,-179.38,263.94,3,3,3,3
2026-09-03T00:52:30.427,IMU-2,0x29,-1.94,-178.38,87.12,3,3,3,3
2026-09-03T00:52:30.525,IMU-1,0x28,-0.81,-179.38,263.94,3,3,3,3
2026-09-03T00:52:30.527,IMU-2,0x29,-1.94,-178.38,87.12,3,3,3,3
2026-09-03T00:52:30.625,IMU-1,0x28,-0.81,-179.38,263.94,3,3,3,3
2026-09-03T00:52:30.628,IMU-2,0x29,-1.94,-178.38,87.12,3,3,3,3
2026-09-03T00:52:30.725,IMU-1,0x28,-0.81,-179.38,263.94,3,3,3,3
2026-09-03T00:52:30.728,IMU-2,0x29,-1.94,-178.38,87.12,3,3,3,3
2026-09-03T00:52:30.825,IMU-1,0x28,-0.81,-179.38,263.94,3,3,3,3
2026-09-03T00:52:30.828,IMU-2,0x29,-1.94,-178.38,87.12,3,3,3,3
2026-09-03T00:52:30.925,IMU-1,0x28,-0.81,-179.38,263.94,3,3,3,3
2026-09-03T00:52:30.928,IMU-2,0x29,-1.94,-178.38,87.12,3,3,3,3
2026-09-03T00:52:31.026,IMU-1,0x28,-0.81,-179.38,263.94,3,3,3,3
2026-09-03T00:52:31.029,IMU-2,0x29,-1.94,-178.38,87.12,3,3,3,3
2026-09-03T00:52:31.125,IMU-1,0x28,-0.81,-179.38,263.94,3,3,3,3
2026-09-03T00:52:31.128,IMU-2,0x29,-1.94,-178.38,87.12,3,3,3,3
2026-09-03T00:52:31.225,IMU-1,0x28,-0.81,-179.38,263.94,3,3,3,3
2026-09-03T00:52:31.228,IMU-2,0x29,-1.94,-178.38,87.12,3,3,3,3
2026-09-03T00:52:31.325,IMU-1,0x28,-0.81,-179.38,263.94,3,3,3,3
2026-09-03T00:52:31.328,IMU-2,0x29,-1.94,-178.38,87.12,3,3,3,3
2026-09-03T00:52:31.426,IMU-1,0x28,-0.81,-179.38,263.94,3,3,3,3
2026-09-03T00:52:31.429,IMU-2,0x29,-1.94,-178.38,87.12,3,3,3,3
2026-09-03T00:52:31.526,IMU-1,0x28,-0.81,-179.38,263.94,3,3,3,3
2026-09-03T00:52:31.529,IMU-2,0x29,-1.94,-178.38,87.12,3,3,3,3
2026-09-03T00:52:31.626,IMU-1,0x28,-0.81,-179.38,263.94,3,3,3,3
2026-09-03T00:52:31.629,IMU-2,0x29,-1.94,-178.38,87.12,3,3,3,3
2026-09-03T00:52:31.726,IMU-1,0x28,-0.81,-179.38,263.94,3,3,3,3
2026-09-03T00:52:31.729,IMU-2,0x29,-1.94,-178.38,87.12,3,3,3,3
2026-09-03T00:52:31.826,IMU-1,0x28,-0.81,-179.38,263.94,3,3,3,3
2026-09-03T00:52:31.830,IMU-2,0x29,-1.94,-178.38,87.12,3,3,3,3
2026-09-03T00:52:31.927,IMU-1,0x28,-0.81,-179.38,263.94,3,3,3,3
2026-09-03T00:52:31.930,IMU-2,0x29,-1.94,-178.38,87.12,3,3,3,3
2026-09-03T00:52:32.027,IMU-1,0x28,-0.81,-179.38,263.94,3,3,3,3
2026-09-03T00:52:32.031,IMU-2,0x29,-1.94,-178.38,87.12,3,3,3,3
2026-09-03T00:52:32.127,IMU-1,0x28,-0.81,-179.38,263.94,3,3,3,3
2026-09-03T00:52:32.130,IMU-2,0x29,-1.94,-178.38,87.12,3,3,3,3
2026-09-03T00:52:32.227,IMU-1,0x28,-0.81,-179.38,263.94,3,3,3,3
2026-09-03T00:52:32.230,IMU-2,0x29,-1.94,-178.38,87.12,3,3,3,3
2026-09-03T00:52:32.327,IMU-1,0x28,-0.81,-179.38,263.94,3,3,3,3
2026-09-03T00:52:32.329,IMU-2,0x29,-1.94,-178.38,87.12,3,3,3,3
2026-09-03T00:52:32.427,IMU-1,0x28,-0.81,-179.38,263.94,3,3,3,3
2026-09-03T00:52:32.429,IMU-2,0x29,-1.94,-178.38,87.12,3,3,3,3
2026-09-03T00:52:32.527,IMU-1,0x28,-0.81,-179.38,263.94,3,3,3,3
2026-09-03T00:52:32.529,IMU-2,0x29,-1.94,-178.38,87.12,3,3,3,3
2026-09-03T00:52:32.628,IMU-1,0x28,-0.81,-179.38,263.94,3,3,3,3
2026-09-03T00:52:32.629,IMU-2,0x29,-1.94,-178.38,87.12,3,3,3,3
2026-09-03T00:52:32.728,IMU-1,0x28,-0.81,-179.38,263.94,3,3,3,3
2026-09-03T00:52:32.729,IMU-2,0x29,-1.94,-178.38,87.12,3,3,3,3
2026-09-03T00:52:32.828,IMU-1,0x28,-0.81,-179.38,263.94,3,3,3,3
2026-09-03T00:52:32.829,IMU-2,0x29,-1.94,-178.38,87.12,3,3,3,3
2026-09-03T00:52:32.928,IMU-1,0x28,-0.81,-179.38,263.94,3,3,3,3
2026-09-03T00:52:32.929,IMU-2,0x29,-1.94,-178.38,87.12,3,3,3,3
2026-09-03T00:52:33.029,IMU-1,0x28,-0.81,-179.38,263.94,3,3,3,3
2026-09-03T00:52:33.031,IMU-2,0x29,-1.94,-178.38,87.12,3,3,3,3
2026-09-03T00:52:33.128,IMU-1,0x28,-0.81,-179.38,263.94,3,3,3,3
2026-09-03T00:52:33.130,IMU-2,0x29,-1.94,-178.38,87.12,3,3,3,3
2026-09-03T00:52:33.228,IMU-1,0x28,-0.81,-179.38,263.94,3,3,3,3
2026-09-03T00:52:33.230,IMU-2,0x29,-1.94,-178.38,87.12,3,3,3,3
2026-09-03T00:52:33.328,IMU-1,0x28,-0.81,-179.38,263.94,3,3,3,3
2026-09-03T00:52:33.330,IMU-2,0x29,-1.94,-178.38,87.12,3,3,3,3
2026-09-03T00:52:33.428,IMU-1,0x28,-0.81,-179.38,263.94,3,3,3,3
2026-09-03T00:52:33.429,IMU-2,0x29,-1.94,-178.38,87.12,3,3,3,3
2026-09-03T00:52:33.528,IMU-1,0x28,-0.81,-179.44,263.94,3,3,3,3
2026-09-03T00:52:33.530,IMU-2,0x29,-1.94,-178.31,87.12,3,3,3,3
2026-09-03T00:52:33.627,IMU-1,0x28,-0.81,-179.38,263.94,3,3,3,3
2026-09-03T00:52:33.629,IMU-2,0x29,-1.94,-178.44,87.12,3,3,3,3
2026-09-03T00:52:33.727,IMU-1,0x28,-0.81,-179.38,263.94,3,3,3,3
2026-09-03T00:52:33.728,IMU-2,0x29,-1.94,-178.38,87.12,3,3,3,3
2026-09-03T00:52:33.827,IMU-1,0x28,-0.81,-179.44,263.94,3,3,3,3
2026-09-03T00:52:33.828,IMU-2,0x29,-1.94,-178.44,87.12,3,3,3,3
2026-09-03T00:52:33.927,IMU-1,0x28,-0.81,-179.38,263.94,3,3,3,3
2026-09-03T00:52:33.928,IMU-2,0x29,-1.94,-178.44,87.12,3,3,3,3
2026-09-03T00:52:34.027,IMU-1,0x28,-0.81,-179.44,263.94,3,3,3,3
2026-09-03T00:52:34.029,IMU-2,0x29,-1.94,-178.44,87.12,3,3,3,3
2026-09-03T00:52:34.127,IMU-1,0x28,-0.81,-179.44,263.94,3,3,3,3
2026-09-03T00:52:34.129,IMU-2,0x29,-1.94,-178.44,87.12,3,3,3,3
2026-09-03T00:52:34.227,IMU-1,0x28,-0.81,-179.44,263.94,3,3,3,3
2026-09-03T00:52:34.228,IMU-2,0x29,-1.94,-178.44,87.12,3,3,3,3
2026-09-03T00:52:34.327,IMU-1,0x28,-0.81,-179.44,263.94,3,3,3,3
2026-09-03T00:52:34.329,IMU-2,0x29,-1.94,-178.44,87.12,3,3,3,3
2026-09-03T00:52:34.427,IMU-1,0x28,-0.81,-179.44,263.94,3,3,3,3
2026-09-03T00:52:34.429,IMU-2,0x29,-1.94,-178.44,87.12,3,3,3,3
2026-09-03T00:52:34.527,IMU-1,0x28,-0.81,-179.44,263.94,3,3,3,3
2026-09-03T00:52:34.529,IMU-2,0x29,-1.94,-178.44,87.12,3,3,3,3
2026-09-03T00:52:34.627,IMU-1,0x28,-0.81,-179.44,263.94,3,3,3,3
2026-09-03T00:52:34.629,IMU-2,0x29,-1.94,-178.5,87.12,3,3,3,3
2026-09-03T00:52:34.727,IMU-1,0x28,-0.81,-179.44,263.94,3,3,3,3
2026-09-03T00:52:34.729,IMU-2,0x29,-1.94,-178.5,87.12,3,3,3,3
2026-09-03T00:52:34.828,IMU-1,0x28,-0.81,-179.44,263.94,3,3,3,3
2026-09-03T00:52:34.829,IMU-2,0x29,-1.94,-178.5,87.12,3,3,3,3
2026-09-03T00:52:34.928,IMU-1,0x28,-0.81,-179.44,263.94,3,3,3,3
2026-09-03T00:52:34.929,IMU-2,0x29,-1.94,-178.5,87.12,3,3,3,3
2026-09-03T00:52:35.029,IMU-1,0x28,-0.81,-179.44,263.94,3,3,3,3
2026-09-03T00:52:35.031,IMU-2,0x29,-1.94,-178.5,87.12,3,3,3,3
2026-09-03T00:52:35.128,IMU-1,0x28,-0.81,-179.44,263.94,3,3,3,3
2026-09-03T00:52:35.130,IMU-2,0x29,-1.94,-178.5,87.12,3,3,3,3
2026-09-03T00:52:35.228,IMU-1,0x28,-0.81,-179.44,263.94,3,3,3,3
2026-09-03T00:52:35.230,IMU-2,0x29,-1.94,-178.5,87.12,3,3,3,3
2026-09-03T00:52:35.329,IMU-1,0x28,-0.81,-179.44,263.94,3,3,3,3
2026-09-03T00:52:35.330,IMU-2,0x29,-1.94,-178.5,87.12,3,3,3,3
2026-09-03T00:52:35.429,IMU-1,0x28,-0.81,-179.44,263.94,3,3,3,3
2026-09-03T00:52:35.430,IMU-2,0x29,-1.94,-178.5,87.12,3,3,3,3
2026-09-03T00:52:35.529,IMU-1,0x28,-0.81,-179.44,263.94,3,3,3,3
2026-09-03T00:52:35.531,IMU-2,0x29,-1.94,-178.5,87.12,3,3,3,3
2026-09-03T00:52:35.629,IMU-1,0x28,-0.81,-179.5,263.94,3,3,3,3
2026-09-03T00:52:35.631,IMU-2,0x29,-1.94,-178.5,87.12,3,3,3,3
2026-09-03T00:52:35.729,IMU-1,0x28,-0.81,-179.44,263.94,3,3,3,3
2026-09-03T00:52:35.732,IMU-2,0x29,-1.94,-178.5,87.12,3,3,3,3
2026-09-03T00:52:35.830,IMU-1,0x28,-0.81,-179.5,263.94,3,3,3,3
2026-09-03T00:52:35.832,IMU-2,0x29,-1.94,-178.5,87.12,3,3,3,3
2026-09-03T00:52:35.930,IMU-1,0x28,-0.81,-179.5,263.94,3,3,3,3
2026-09-03T00:52:35.932,IMU-2,0x29,-1.94,-178.5,87.12,3,3,3,3
2026-09-03T00:52:36.031,IMU-1,0x28,-0.81,-179.5,263.94,3,3,3,3
2026-09-03T00:52:36.033,IMU-2,0x29,-1.94,-178.5,87.12,3,3,3,3
2026-09-03T00:52:36.130,IMU-1,0x28,-0.81,-179.5,263.94,3,3,3,3
2026-09-03T00:52:36.133,IMU-2,0x29,-1.94,-178.5,87.12,3,3,3,3
2026-09-03T00:52:36.230,IMU-1,0x28,-0.81,-179.5,263.94,3,3,3,3
2026-09-03T00:52:36.233,IMU-2,0x29,-1.94,-178.5,87.12,3,3,3,3
2026-09-03T00:52:36.330,IMU-1,0x28,-0.81,-179.5,263.94,3,3,3,3
2026-09-03T00:52:36.333,IMU-2,0x29,-1.94,-178.5,87.12,3,3,3,3
2026-09-03T00:52:36.430,IMU-1,0x28,-0.81,-179.5,263.94,3,3,3,3
2026-09-03T00:52:36.433,IMU-2,0x29,-1.94,-178.5,87.12,3,3,3,3
2026-09-03T00:52:36.530,IMU-1,0x28,-0.81,-179.5,263.94,3,3,3,3
2026-09-03T00:52:36.533,IMU-2,0x29,-1.94,-178.5,87.12,3,3,3,3
2026-09-03T00:52:36.630,IMU-1,0x28,-0.81,-179.5,263.94,3,3,3,3
2026-09-03T00:52:36.633,IMU-2,0x29,-1.94,-178.5,87.12,3,3,3,3
2026-09-03T00:52:36.730,IMU-1,0x28,-0.81,-179.5,263.94,3,3,3,3
2026-09-03T00:52:36.733,IMU-2,0x29,-1.94,-178.5,87.12,3,3,3,3
2026-09-03T00:52:36.830,IMU-1,0x28,-0.81,-179.5,263.94,3,3,3,3
2026-09-03T00:52:36.833,IMU-2,0x29,-1.94,-178.5,87.12,3,3,3,3
2026-09-03T00:52:36.930,IMU-1,0x28,-0.81,-179.5,263.94,3,3,3,3
2026-09-03T00:52:36.933,IMU-2,0x29,-1.94,-178.5,87.12,3,3,3,3
2026-09-03T00:52:37.031,IMU-1,0x28,-0.81,-179.5,263.94,3,3,3,3
2026-09-03T00:52:37.035,IMU-2,0x29,-1.94,-178.5,87.12,3,3,3,3
2026-09-03T00:52:37.129,IMU-1,0x28,-0.81,-179.5,263.94,3,3,3,3
2026-09-03T00:52:37.131,IMU-2,0x29,-2.0,-178.5,87.12,3,3,3,3
2026-09-03T00:52:37.229,IMU-1,0x28,-0.81,-179.5,263.94,3,3,3,3
2026-09-03T00:52:37.230,IMU-2,0x29,-2.0,-178.5,87.12,3,3,3,3
2026-09-03T00:52:37.329,IMU-1,0x28,-0.81,-179.5,263.94,3,3,3,3
2026-09-03T00:52:37.330,IMU-2,0x29,-2.0,-178.5,87.12,3,3,3,3
2026-09-03T00:52:37.429,IMU-1,0x28,-0.81,-179.5,263.94,3,3,3,3
2026-09-03T00:52:37.430,IMU-2,0x29,-2.0,-178.5,87.12,3,3,3,3
2026-09-03T00:52:37.529,IMU-1,0x28,-0.81,-179.5,263.94,3,3,3,3
2026-09-03T00:52:37.531,IMU-2,0x29,-2.0,-178.5,87.12,3,3,3,3
2026-09-03T00:52:37.629,IMU-1,0x28,-0.81,-179.5,263.94,3,3,3,3
2026-09-03T00:52:37.631,IMU-2,0x29,-2.0,-178.5,87.12,3,3,3,3
2026-09-03T00:52:37.729,IMU-1,0x28,-0.81,-179.56,263.94,3,3,3,3
2026-09-03T00:52:37.731,IMU-2,0x29,-2.0,-178.5,87.12,3,3,3,3
2026-09-03T00:52:37.829,IMU-1,0x28,-0.81,-179.56,263.94,3,3,3,3
2026-09-03T00:52:37.831,IMU-2,0x29,-2.0,-178.5,87.12,3,3,3,3
2026-09-03T00:52:37.929,IMU-1,0x28,-0.81,-179.56,263.94,3,3,3,3
2026-09-03T00:52:37.931,IMU-2,0x29,-2.0,-178.5,87.12,3,3,3,3
2026-09-03T00:52:38.030,IMU-1,0x28,-0.81,-179.56,263.94,3,3,3,3
2026-09-03T00:52:38.032,IMU-2,0x29,-2.0,-178.5,87.12,3,3,3,3
2026-09-03T00:52:38.129,IMU-1,0x28,-0.81,-179.56,263.94,3,3,3,3
2026-09-03T00:52:38.132,IMU-2,0x29,-2.0,-178.5,87.12,3,3,3,3
2026-09-03T00:52:38.230,IMU-1,0x28,-0.81,-179.56,263.94,3,3,3,3
2026-09-03T00:52:38.232,IMU-2,0x29,-2.0,-178.5,87.12,3,3,3,3
2026-09-03T00:52:38.330,IMU-1,0x28,-0.81,-179.56,263.94,3,3,3,3
2026-09-03T00:52:38.332,IMU-2,0x29,-2.0,-178.5,87.12,3,3,3,3
2026-09-03T00:52:38.430,IMU-1,0x28,-0.81,-179.56,263.94,3,3,3,3
2026-09-03T00:52:38.433,IMU-2,0x29,-2.0,-178.5,87.12,3,3,3,3
2026-09-03T00:52:38.530,IMU-1,0x28,-0.81,-179.56,263.94,3,3,3,3
2026-09-03T00:52:38.533,IMU-2,0x29,-2.0,-178.5,87.12,3,3,3,3
2026-09-03T00:52:38.630,IMU-1,0x28,-0.81,-179.56,263.94,3,3,3,3
2026-09-03T00:52:38.633,IMU-2,0x29,-2.0,-178.5,87.12,3,3,3,3
2026-09-03T00:52:38.731,IMU-1,0x28,-0.81,-179.56,263.94,3,3,3,3
2026-09-03T00:52:38.734,IMU-2,0x29,-2.0,-178.5,87.12,3,3,3,3
2026-09-03T00:52:38.831,IMU-1,0x28,-0.81,-179.56,263.94,3,3,3,3
2026-09-03T00:52:38.834,IMU-2,0x29,-2.0,-178.5,87.12,3,3,3,3
2026-09-03T00:52:38.931,IMU-1,0x28,-0.81,-179.56,263.94,3,3,3,3
2026-09-03T00:52:38.934,IMU-2,0x29,-2.0,-178.5,87.12,3,3,3,3
2026-09-03T00:52:39.032,IMU-1,0x28,-0.81,-179.56,263.94,3,3,3,3
2026-09-03T00:52:39.035,IMU-2,0x29,-2.0,-178.5,87.12,3,3,3,3
2026-09-03T00:52:39.131,IMU-1,0x28,-0.81,-179.56,263.94,3,3,3,3
2026-09-03T00:52:39.135,IMU-2,0x29,-2.0,-178.5,87.12,3,3,3,3
2026-09-03T00:52:39.231,IMU-1,0x28,-0.81,-179.56,263.94,3,3,3,3
2026-09-03T00:52:39.234,IMU-2,0x29,-2.0,-178.5,87.12,3,3,3,3
2026-09-03T00:52:39.331,IMU-1,0x28,-0.81,-179.56,263.94,3,3,3,3
2026-09-03T00:52:39.334,IMU-2,0x29,-2.0,-178.5,87.12,3,3,3,3
2026-09-03T00:52:39.431,IMU-1,0x28,-0.81,-179.56,263.94,3,3,3,3
2026-09-03T00:52:39.434,IMU-2,0x29,-2.0,-178.5,87.12,3,3,3,3
2026-09-03T00:52:39.530,IMU-1,0x28,-0.81,-179.56,263.94,3,3,3,3
2026-09-03T00:52:39.533,IMU-2,0x29,-2.0,-178.5,87.12,3,3,3,3
2026-09-03T00:52:39.630,IMU-1,0x28,-0.81,-179.56,263.94,3,3,3,3
2026-09-03T00:52:39.633,IMU-2,0x29,-2.0,-178.5,87.12,3,3,3,3
2026-09-03T00:52:39.730,IMU-1,0x28,-0.81,-179.56,263.94,3,3,3,3
2026-09-03T00:52:39.732,IMU-2,0x29,-2.0,-178.5,87.12,3,3,3,3
2026-09-03T00:52:39.830,IMU-1,0x28,-0.81,-179.56,263.94,3,3,3,3
2026-09-03T00:52:39.832,IMU-2,0x29,-2.0,-178.5,87.12,3,3,3,3
2026-09-03T00:52:39.930,IMU-1,0x28,-0.81,-179.56,263.94,3,3,3,3
2026-09-03T00:52:39.932,IMU-2,0x29,-2.0,-178.5,87.12,3,3,3,3
2026-09-03T00:52:40.031,IMU-1,0x28,-0.81,-179.56,263.94,3,3,3,3
2026-09-03T00:52:40.033,IMU-2,0x29,-2.0,-178.5,87.12,3,3,3,3
2026-09-03T00:52:40.131,IMU-1,0x28,-0.81,-179.56,263.94,3,3,3,3
2026-09-03T00:52:40.132,IMU-2,0x29,-2.0,-178.5,87.12,3,3,3,3
2026-09-03T00:52:40.231,IMU-1,0x28,-0.81,-179.5,263.94,3,3,3,3
2026-09-03T00:52:40.232,IMU-2,0x29,-2.0,-178.5,87.12,3,3,3,3
2026-09-03T00:52:40.331,IMU-1,0x28,-0.81,-179.5,263.94,3,3,3,3
2026-09-03T00:52:40.332,IMU-2,0x29,-2.0,-178.56,87.12,3,3,3,3
2026-09-03T00:52:40.431,IMU-1,0x28,-0.81,-179.5,263.94,3,3,3,3
2026-09-03T00:52:40.432,IMU-2,0x29,-2.0,-178.56,87.12,3,3,3,3
2026-09-03T00:52:40.531,IMU-1,0x28,-0.81,-179.5,263.94,3,3,3,3
2026-09-03T00:52:40.533,IMU-2,0x29,-2.0,-178.56,87.12,3,3,3,3
2026-09-03T00:52:40.631,IMU-1,0x28,-0.81,-179.5,263.94,3,3,3,3
2026-09-03T00:52:40.633,IMU-2,0x29,-2.0,-178.56,87.12,3,3,3,3
2026-09-03T00:52:40.731,IMU-1,0x28,-0.81,-179.5,263.94,3,3,3,3
2026-09-03T00:52:40.733,IMU-2,0x29,-2.0,-178.56,87.12,3,3,3,3
2026-09-03T00:52:40.831,IMU-1,0x28,-0.81,-179.5,263.94,3,3,3,3
2026-09-03T00:52:40.833,IMU-2,0x29,-2.0,-178.56,87.12,3,3,3,3
2026-09-03T00:52:40.931,IMU-1,0x28,-0.81,-179.5,263.94,3,3,3,3
2026-09-03T00:52:40.934,IMU-2,0x29,-2.0,-178.56,87.12,3,3,3,3
2026-09-03T00:52:41.032,IMU-1,0x28,-0.81,-179.5,263.94,3,3,3,3
2026-09-03T00:52:41.035,IMU-2,0x29,-2.0,-178.56,87.12,3,3,3,3
2026-09-03T00:52:41.131,IMU-1,0x28,-0.81,-179.5,263.94,3,3,3,3
2026-09-03T00:52:41.134,IMU-2,0x29,-2.0,-178.56,87.12,3,3,3,3
2026-09-03T00:52:41.231,IMU-1,0x28,-0.81,-179.5,263.94,3,3,3,3
2026-09-03T00:52:41.234,IMU-2,0x29,-2.0,-178.56,87.12,3,3,3,3
2026-09-03T00:52:41.331,IMU-1,0x28,-0.81,-179.5,263.94,3,3,3,3
2026-09-03T00:52:41.334,IMU-2,0x29,-2.0,-178.56,87.12,3,3,3,3
2026-09-03T00:52:41.431,IMU-1,0x28,-0.81,-179.5,263.94,3,3,3,3
2026-09-03T00:52:41.434,IMU-2,0x29,-2.0,-178.56,87.12,3,3,3,3
2026-09-03T00:52:41.531,IMU-1,0x28,-0.81,-179.5,263.94,3,3,3,3
2026-09-03T00:52:41.534,IMU-2,0x29,-2.0,-178.56,87.12,3,3,3,3
2026-09-03T00:52:41.632,IMU-1,0x28,-0.81,-179.5,263.94,3,3,3,3
2026-09-03T00:52:41.635,IMU-2,0x29,-2.0,-178.56,87.12,3,3,3,3
2026-09-03T00:52:41.732,IMU-1,0x28,-0.81,-179.5,263.94,3,3,3,3
2026-09-03T00:52:41.735,IMU-2,0x29,-2.0,-178.56,87.12,3,3,3,3
2026-09-03T00:52:41.832,IMU-1,0x28,-0.81,-179.5,263.94,3,3,3,3
2026-09-03T00:52:41.835,IMU-2,0x29,-2.0,-178.56,87.12,3,3,3,3
2026-09-03T00:52:41.932,IMU-1,0x28,-0.81,-179.5,263.94,3,3,3,3
2026-09-03T00:52:41.935,IMU-2,0x29,-2.0,-178.56,87.12,3,3,3,3
2026-09-03T00:52:42.033,IMU-1,0x28,-0.81,-179.5,263.94,3,3,3,3
2026-09-03T00:52:42.037,IMU-2,0x29,-2.0,-178.56,87.12,3,3,3,3
2026-09-03T00:52:42.133,IMU-1,0x28,-0.81,-179.56,263.94,3,3,3,3
2026-09-03T00:52:42.136,IMU-2,0x29,-2.0,-178.56,87.12,3,3,3,3
2026-09-03T00:52:42.233,IMU-1,0x28,-0.81,-179.5,263.94,3,3,3,3
2026-09-03T00:52:42.236,IMU-2,0x29,-2.0,-178.56,87.12,3,3,3,3
2026-09-03T00:52:42.333,IMU-1,0x28,-0.81,-179.5,263.94,3,3,3,3
2026-09-03T00:52:42.336,IMU-2,0x29,-2.0,-178.56,87.12,3,3,3,3
2026-09-03T00:52:42.433,IMU-1,0x28,-0.81,-179.5,263.94,3,3,3,3
2026-09-03T00:52:42.436,IMU-2,0x29,-2.0,-178.56,87.12,3,3,3,3
2026-09-03T00:52:42.534,IMU-1,0x28,-0.81,-179.5,263.94,3,3,3,3
2026-09-03T00:52:42.536,IMU-2,0x29,-2.0,-178.56,87.12,3,3,3,3
2026-09-03T00:52:42.634,IMU-1,0x28,-0.81,-179.5,263.94,3,3,3,3
2026-09-03T00:52:42.636,IMU-2,0x29,-2.0,-178.56,87.12,3,3,3,3
2026-09-03T00:52:42.734,IMU-1,0x28,-0.81,-179.5,263.94,3,3,3,3
2026-09-03T00:52:42.735,IMU-2,0x29,-2.0,-178.56,87.12,3,3,3,3
2026-09-03T00:52:42.834,IMU-1,0x28,-0.81,-179.5,263.94,3,3,3,3
2026-09-03T00:52:42.835,IMU-2,0x29,-2.0,-178.56,87.12,3,3,3,3
2026-09-03T00:52:42.934,IMU-1,0x28,-0.81,-179.5,263.94,3,3,3,3
2026-09-03T00:52:42.935,IMU-2,0x29,-2.0,-178.56,87.12,3,3,3,3
2026-09-03T00:52:43.035,IMU-1,0x28,-0.81,-179.5,263.94,3,3,3,3
2026-09-03T00:52:43.037,IMU-2,0x29,-2.0,-178.56,87.12,3,3,3,3
2026-09-03T00:52:43.134,IMU-1,0x28,-0.81,-179.5,263.94,3,3,3,3
2026-09-03T00:52:43.135,IMU-2,0x29,-2.0,-178.56,87.12,3,3,3,3
2026-09-03T00:52:43.234,IMU-1,0x28,-0.81,-179.5,263.94,3,3,3,3
2026-09-03T00:52:43.235,IMU-2,0x29,-2.0,-178.56,87.12,3,3,3,3
2026-09-03T00:52:43.334,IMU-1,0x28,-0.81,-179.5,263.94,3,3,3,3
2026-09-03T00:52:43.336,IMU-2,0x29,-2.0,-178.56,87.12,3,3,3,3
2026-09-03T00:52:43.434,IMU-1,0x28,-0.81,-179.5,263.94,3,3,3,3
2026-09-03T00:52:43.436,IMU-2,0x29,-2.0,-178.56,87.12,3,3,3,3
2026-09-03T00:52:43.534,IMU-1,0x28,-0.81,-179.5,263.94,3,3,3,3
2026-09-03T00:52:43.536,IMU-2,0x29,-2.0,-178.56,87.12,3,3,3,3
2026-09-03T00:52:43.634,IMU-1,0x28,-0.81,-179.5,263.94,3,3,3,3
2026-09-03T00:52:43.636,IMU-2,0x29,-2.0,-178.56,87.12,3,3,3,3
2026-09-03T00:52:43.734,IMU-1,0x28,-0.81,-179.5,263.94,3,3,3,3
2026-09-03T00:52:43.736,IMU-2,0x29,-2.0,-178.56,87.12,3,3,3,3
2026-09-03T00:52:43.834,IMU-1,0x28,-0.81,-179.5,263.94,3,3,3,3
2026-09-03T00:52:43.837,IMU-2,0x29,-2.0,-178.56,87.12,3,3,3,3
2026-09-03T00:52:43.934,IMU-1,0x28,-0.81,-179.5,263.94,3,3,3,3
2026-09-03T00:52:43.937,IMU-2,0x29,-2.0,-178.56,87.12,3,3,3,3
2026-09-03T00:52:44.034,IMU-1,0x28,-0.81,-179.5,263.94,3,3,3,3
2026-09-03T00:52:44.038,IMU-2,0x29,-2.0,-178.62,87.12,3,3,3,3
2026-09-03T00:52:44.133,IMU-1,0x28,-0.81,-179.56,263.94,3,3,3,3
2026-09-03T00:52:44.136,IMU-2,0x29,-2.0,-178.56,87.12,3,3,3,3
2026-09-03T00:52:44.233,IMU-1,0x28,-0.81,-179.56,263.94,3,3,3,3
2026-09-03T00:52:44.234,IMU-2,0x29,-2.0,-178.56,87.12,3,3,3,3
2026-09-03T00:52:44.333,IMU-1,0x28,-0.81,-179.5,263.94,3,3,3,3
2026-09-03T00:52:44.336,IMU-2,0x29,-2.0,-178.56,87.12,3,3,3,3
2026-09-03T00:52:44.433,IMU-1,0x28,-0.81,-179.56,263.94,3,3,3,3
2026-09-03T00:52:44.436,IMU-2,0x29,-2.0,-178.56,87.12,3,3,3,3
2026-09-03T00:52:44.533,IMU-1,0x28,-0.81,-179.56,263.94,3,3,3,3
2026-09-03T00:52:44.536,IMU-2,0x29,-2.0,-178.56,87.12,3,3,3,3
2026-09-03T00:52:44.633,IMU-1,0x28,-0.81,-179.5,263.94,3,3,3,3
2026-09-03T00:52:44.636,IMU-2,0x29,-2.0,-178.56,87.12,3,3,3,3
2026-09-03T00:52:44.733,IMU-1,0x28,-0.81,-179.56,263.94,3,3,3,3
2026-09-03T00:52:44.736,IMU-2,0x29,-2.0,-178.5,87.12,3,3,3,3
2026-09-03T00:52:44.833,IMU-1,0x28,-0.81,-179.5,263.94,3,3,3,3
2026-09-03T00:52:44.835,IMU-2,0x29,-2.0,-178.56,87.12,3,3,3,3
2026-09-03T00:52:44.933,IMU-1,0x28,-0.81,-179.5,263.94,3,3,3,3
2026-09-03T00:52:44.935,IMU-2,0x29,-2.0,-178.56,87.12,3,3,3,3
2026-09-03T00:52:45.034,IMU-1,0x28,-0.81,-179.56,263.94,3,3,3,3
2026-09-03T00:52:45.037,IMU-2,0x29,-2.0,-178.5,87.12,3,3,3,3
2026-09-03T00:52:45.134,IMU-1,0x28,-0.81,-179.56,263.94,3,3,3,3
2026-09-03T00:52:45.135,IMU-2,0x29,-2.0,-178.5,87.12,3,3,3,3
2026-09-03T00:52:45.234,IMU-1,0x28,-0.81,-179.5,263.94,3,3,3,3
2026-09-03T00:52:45.235,IMU-2,0x29,-2.0,-178.56,87.12,3,3,3,3
2026-09-03T00:52:45.334,IMU-1,0x28,-0.81,-179.5,263.94,3,3,3,3
2026-09-03T00:52:45.336,IMU-2,0x29,-2.0,-178.56,87.12,3,3,3,3
2026-09-03T00:52:45.434,IMU-1,0x28,-0.81,-179.5,263.94,3,3,3,3
2026-09-03T00:52:45.436,IMU-2,0x29,-2.0,-178.5,87.12,3,3,3,3
2026-09-03T00:52:45.534,IMU-1,0x28,-0.81,-179.5,263.94,3,3,3,3
2026-09-03T00:52:45.536,IMU-2,0x29,-2.0,-178.5,87.12,3,3,3,3
2026-09-03T00:52:45.635,IMU-1,0x28,-0.81,-179.5,263.94,3,3,3,3
2026-09-03T00:52:45.636,IMU-2,0x29,-2.0,-178.5,87.12,3,3,3,3
2026-09-03T00:52:45.735,IMU-1,0x28,-0.81,-179.5,263.94,3,3,3,3
2026-09-03T00:52:45.736,IMU-2,0x29,-2.0,-178.5,87.12,3,3,3,3
2026-09-03T00:52:45.835,IMU-1,0x28,-0.81,-179.5,263.94,3,3,3,3
2026-09-03T00:52:45.837,IMU-2,0x29,-2.0,-178.5,87.12,3,3,3,3
2026-09-03T00:52:45.935,IMU-1,0x28,-0.81,-179.5,263.94,3,3,3,3
2026-09-03T00:52:45.937,IMU-2,0x29,-2.0,-178.5,87.12,3,3,3,3
2026-09-03T00:52:46.036,IMU-1,0x28,-0.81,-179.5,263.94,3,3,3,3
2026-09-03T00:52:46.038,IMU-2,0x29,-2.0,-178.5,87.12,3,3,3,3
2026-09-03T00:52:46.136,IMU-1,0x28,-0.81,-179.5,263.94,3,3,3,3
2026-09-03T00:52:46.138,IMU-2,0x29,-2.0,-178.5,87.12,3,3,3,3
2026-09-03T00:52:46.236,IMU-1,0x28,-0.81,-179.5,263.94,3,3,3,3
2026-09-03T00:52:46.238,IMU-2,0x29,-2.0,-178.5,87.12,3,3,3,3
2026-09-03T00:52:46.336,IMU-1,0x28,-0.81,-179.5,263.94,3,3,3,3
2026-09-03T00:52:46.338,IMU-2,0x29,-2.0,-178.5,87.12,3,3,3,3
2026-09-03T00:52:46.436,IMU-1,0x28,-0.81,-179.5,263.94,3,3,3,3
2026-09-03T00:52:46.438,IMU-2,0x29,-2.0,-178.5,87.12,3,3,3,3
2026-09-03T00:52:46.536,IMU-1,0x28,-0.81,-179.5,263.94,3,3,3,3
2026-09-03T00:52:46.539,IMU-2,0x29,-2.0,-178.5,87.12,3,3,3,3
2026-09-03T00:52:46.636,IMU-1,0x28,-0.81,-179.5,263.94,3,3,3,3
2026-09-03T00:52:46.639,IMU-2,0x29,-2.0,-178.5,87.12,3,3,3,3
2026-09-03T00:52:46.736,IMU-1,0x28,-0.81,-179.5,263.94,3,3,3,3
2026-09-03T00:52:46.739,IMU-2,0x29,-2.0,-178.5,87.12,3,3,3,3
2026-09-03T00:52:46.836,IMU-1,0x28,-0.81,-179.5,263.94,3,3,3,3
2026-09-03T00:52:46.839,IMU-2,0x29,-2.0,-178.5,87.12,3,3,3,3
2026-09-03T00:52:46.936,IMU-1,0x28,-0.81,-179.5,263.94,3,3,3,3
2026-09-03T00:52:46.938,IMU-2,0x29,-2.0,-178.5,87.12,3,3,3,3
2026-09-03T00:52:47.037,IMU-1,0x28,-0.81,-179.5,263.94,3,3,3,3
2026-09-03T00:52:47.041,IMU-2,0x29,-2.0,-178.5,87.12,3,3,3,3
2026-09-03T00:52:47.136,IMU-1,0x28,-0.81,-179.5,263.94,3,3,3,3
2026-09-03T00:52:47.138,IMU-2,0x29,-2.0,-178.5,87.12,3,3,3,3
2026-09-03T00:52:47.236,IMU-1,0x28,-0.81,-179.5,263.94,3,3,3,3
2026-09-03T00:52:47.238,IMU-2,0x29,-2.0,-178.5,87.12,3,3,3,3
2026-09-03T00:52:47.336,IMU-1,0x28,-0.81,-179.5,263.94,3,3,3,3
2026-09-03T00:52:47.338,IMU-2,0x29,-2.0,-178.5,87.12,3,3,3,3
2026-09-03T00:52:47.436,IMU-1,0x28,-0.81,-179.5,263.94,3,3,3,3
2026-09-03T00:52:47.438,IMU-2,0x29,-2.0,-178.5,87.12,3,3,3,3
2026-09-03T00:52:47.536,IMU-1,0x28,-0.81,-179.5,263.94,3,3,3,3
2026-09-03T00:52:47.538,IMU-2,0x29,-2.0,-178.5,87.12,3,3,3,3
2026-09-03T00:52:47.636,IMU-1,0x28,-0.81,-179.5,263.94,3,3,3,3
2026-09-03T00:52:47.637,IMU-2,0x29,-2.0,-178.5,87.12,3,3,3,3
2026-09-03T00:52:47.735,IMU-1,0x28,-0.81,-179.5,263.94,3,3,3,3
2026-09-03T00:52:47.737,IMU-2,0x29,-2.0,-178.5,87.12,3,3,3,3
2026-09-03T00:52:47.835,IMU-1,0x28,-0.81,-179.5,263.94,3,3,3,3
2026-09-03T00:52:47.837,IMU-2,0x29,-2.0,-178.5,87.12,3,3,3,3
2026-09-03T00:52:47.935,IMU-1,0x28,-0.81,-179.5,263.94,3,3,3,3
2026-09-03T00:52:47.937,IMU-2,0x29,-2.0,-178.5,87.12,3,3,3,3
2026-09-03T00:52:48.036,IMU-1,0x28,-0.81,-179.5,263.94,3,3,3,3
2026-09-03T00:52:48.038,IMU-2,0x29,-2.0,-178.5,87.12,3,3,3,3
2026-09-03T00:52:48.135,IMU-1,0x28,-0.81,-179.5,263.94,3,3,3,3
2026-09-03T00:52:48.137,IMU-2,0x29,-2.0,-178.5,87.12,3,3,3,3
2026-09-03T00:52:48.235,IMU-1,0x28,-0.81,-179.5,263.94,3,3,3,3
2026-09-03T00:52:48.237,IMU-2,0x29,-2.0,-178.5,87.12,3,3,3,3
2026-09-03T00:52:48.336,IMU-1,0x28,-0.81,-179.5,263.94,3,3,3,3
2026-09-03T00:52:48.338,IMU-2,0x29,-2.0,-178.5,87.12,3,3,3,3
2026-09-03T00:52:48.436,IMU-1,0x28,-0.81,-179.5,263.94,3,3,3,3
2026-09-03T00:52:48.438,IMU-2,0x29,-2.0,-178.5,87.12,3,3,3,3
2026-09-03T00:52:48.536,IMU-1,0x28,-0.81,-179.5,263.94,3,3,3,3
2026-09-03T00:52:48.538,IMU-2,0x29,-2.0,-178.5,87.12,3,3,3,3
2026-09-03T00:52:48.636,IMU-1,0x28,-0.81,-179.5,263.94,3,3,3,3
2026-09-03T00:52:48.638,IMU-2,0x29,-2.0,-178.56,87.12,3,3,3,3
2026-09-03T00:52:48.736,IMU-1,0x28,-0.81,-179.5,263.94,3,3,3,3
2026-09-03T00:52:48.739,IMU-2,0x29,-2.0,-178.5,87.12,3,3,3,3
2026-09-03T00:52:48.836,IMU-1,0x28,-0.81,-179.5,263.94,3,3,3,3
2026-09-03T00:52:48.839,IMU-2,0x29,-2.0,-178.56,87.12,3,3,3,3
2026-09-03T00:52:48.936,IMU-1,0x28,-0.81,-179.5,263.94,3,3,3,3
2026-09-03T00:52:48.939,IMU-2,0x29,-2.0,-178.56,87.12,3,3,3,3
2026-09-03T00:52:49.037,IMU-1,0x28,-0.81,-179.5,263.94,3,3,3,3
2026-09-03T00:52:49.040,IMU-2,0x29,-2.0,-178.56,87.12,3,3,3,3
2026-09-03T00:52:49.137,IMU-1,0x28,-0.81,-179.5,263.94,3,3,3,3
2026-09-03T00:52:49.140,IMU-2,0x29,-2.0,-178.56,87.12,3,3,3,3
2026-09-03T00:52:49.237,IMU-1,0x28,-0.81,-179.44,263.94,3,3,3,3
2026-09-03T00:52:49.240,IMU-2,0x29,-2.0,-178.56,87.12,3,3,3,3
2026-09-03T00:52:49.337,IMU-1,0x28,-0.81,-179.44,263.94,3,3,3,3
2026-09-03T00:52:49.340,IMU-2,0x29,-2.0,-178.56,87.12,3,3,3,3
2026-09-03T00:52:49.437,IMU-1,0x28,-0.81,-179.44,263.94,3,3,3,3
2026-09-03T00:52:49.440,IMU-2,0x29,-2.0,-178.56,87.12,3,3,3,3
2026-09-03T00:52:49.538,IMU-1,0x28,-0.81,-179.44,263.94,3,3,3,3
2026-09-03T00:52:49.541,IMU-2,0x29,-2.0,-178.56,87.12,3,3,3,3
2026-09-03T00:52:49.638,IMU-1,0x28,-0.81,-179.44,263.94,3,3,3,3
2026-09-03T00:52:49.641,IMU-2,0x29,-2.0,-178.56,87.12,3,3,3,3
2026-09-03T00:52:49.738,IMU-1,0x28,-0.81,-179.44,263.94,3,3,3,3
2026-09-03T00:52:49.741,IMU-2,0x29,-2.0,-178.56,87.12,3,3,3,3
2026-09-03T00:52:49.838,IMU-1,0x28,-0.81,-179.44,263.94,3,3,3,3
2026-09-03T00:52:49.841,IMU-2,0x29,-2.0,-178.56,87.12,3,3,3,3
2026-09-03T00:52:49.938,IMU-1,0x28,-0.81,-179.44,263.94,3,3,3,3
2026-09-03T00:52:49.941,IMU-2,0x29,-2.0,-178.56,87.12,3,3,3,3
2026-09-03T00:52:50.039,IMU-1,0x28,-0.81,-179.44,263.94,3,3,3,3
2026-09-03T00:52:50.043,IMU-2,0x29,-2.0,-178.56,87.12,3,3,3,3
2026-09-03T00:52:50.138,IMU-1,0x28,-0.81,-179.44,263.94,3,3,3,3
2026-09-03T00:52:50.141,IMU-2,0x29,-2.0,-178.56,87.12,3,3,3,3
2026-09-03T00:52:50.238,IMU-1,0x28,-0.81,-179.44,263.94,3,3,3,3
2026-09-03T00:52:50.241,IMU-2,0x29,-2.0,-178.56,87.12,3,3,3,3
2026-09-03T00:52:50.338,IMU-1,0x28,-0.81,-179.44,263.94,3,3,3,3
2026-09-03T00:52:50.341,IMU-2,0x29,-2.0,-178.56,87.12,3,3,3,3
2026-09-03T00:52:50.438,IMU-1,0x28,-0.81,-179.44,263.94,3,3,3,3
2026-09-03T00:52:50.440,IMU-2,0x29,-2.0,-178.56,87.12,3,3,3,3
2026-09-03T00:52:50.539,IMU-1,0x28,-0.81,-179.44,263.94,3,3,3,3
2026-09-03T00:52:50.540,IMU-2,0x29,-2.0,-178.56,87.12,3,3,3,3
2026-09-03T00:52:50.639,IMU-1,0x28,-0.81,-179.44,263.94,3,3,3,3
2026-09-03T00:52:50.640,IMU-2,0x29,-2.0,-178.56,87.12,3,3,3,3
2026-09-03T00:52:50.739,IMU-1,0x28,-0.75,-179.5,263.94,3,3,3,3
2026-09-03T00:52:50.740,IMU-2,0x29,-2.0,-178.56,87.12,3,3,3,3
2026-09-03T00:52:50.839,IMU-1,0x28,-0.75,-179.44,263.94,3,3,3,3
2026-09-03T00:52:50.840,IMU-2,0x29,-2.0,-178.62,87.12,3,3,3,3
2026-09-03T00:52:50.938,IMU-1,0x28,-0.75,-179.5,263.94,3,3,3,3
2026-09-03T00:52:50.940,IMU-2,0x29,-2.0,-178.56,87.12,3,3,3,3
2026-09-03T00:52:51.039,IMU-1,0x28,-0.75,-179.5,263.94,3,3,3,3
2026-09-03T00:52:51.041,IMU-2,0x29,-2.0,-178.5,87.12,3,3,3,3
2026-09-03T00:52:51.138,IMU-1,0x28,-0.75,-179.44,263.94,3,3,3,3
2026-09-03T00:52:51.140,IMU-2,0x29,-2.0,-178.56,87.12,3,3,3,3
2026-09-03T00:52:51.237,IMU-1,0x28,-0.75,-179.5,263.94,3,3,3,3
2026-09-03T00:52:51.240,IMU-2,0x29,-2.0,-178.5,87.12,3,3,3,3
2026-09-03T00:52:51.337,IMU-1,0x28,-0.75,-179.5,263.94,3,3,3,3
2026-09-03T00:52:51.340,IMU-2,0x29,-2.0,-178.5,87.12,3,3,3,3
2026-09-03T00:52:51.437,IMU-1,0x28,-0.75,-179.5,263.94,3,3,3,3
2026-09-03T00:52:51.440,IMU-2,0x29,-2.0,-178.56,87.12,3,3,3,3
2026-09-03T00:52:51.537,IMU-1,0x28,-0.75,-179.5,263.94,3,3,3,3
2026-09-03T00:52:51.540,IMU-2,0x29,-2.0,-178.5,87.12,3,3,3,3
2026-09-03T00:52:51.637,IMU-1,0x28,-0.75,-179.5,263.94,3,3,3,3
2026-09-03T00:52:51.640,IMU-2,0x29,-2.0,-178.5,87.12,3,3,3,3
2026-09-03T00:52:51.738,IMU-1,0x28,-0.75,-179.5,263.94,3,3,3,3
2026-09-03T00:52:51.741,IMU-2,0x29,-2.0,-178.5,87.12,3,3,3,3
2026-09-03T00:52:51.838,IMU-1,0x28,-0.75,-179.5,263.94,3,3,3,3
2026-09-03T00:52:51.841,IMU-2,0x29,-2.0,-178.5,87.12,3,3,3,3
2026-09-03T00:52:51.938,IMU-1,0x28,-0.75,-179.5,263.94,3,3,3,3
2026-09-03T00:52:51.941,IMU-2,0x29,-2.0,-178.5,87.12,3,3,3,3
2026-09-03T00:52:52.038,IMU-1,0x28,-0.75,-179.5,263.94,3,3,3,3
2026-09-03T00:52:52.042,IMU-2,0x29,-2.0,-178.5,87.12,3,3,3,3
2026-09-03T00:52:52.138,IMU-1,0x28,-0.75,-179.5,263.94,3,3,3,3
2026-09-03T00:52:52.141,IMU-2,0x29,-2.0,-178.5,87.12,3,3,3,3
2026-09-03T00:52:52.238,IMU-1,0x28,-0.69,-179.5,263.94,3,3,3,3
2026-09-03T00:52:52.240,IMU-2,0x29,-2.06,-178.5,87.12,3,3,3,3
2026-09-03T00:52:52.338,IMU-1,0x28,-0.75,-179.44,263.94,3,3,3,3
2026-09-03T00:52:52.341,IMU-2,0x29,-2.06,-178.5,87.12,3,3,3,3
2026-09-03T00:52:52.438,IMU-1,0x28,-0.69,-179.44,263.94,3,3,3,3
2026-09-03T00:52:52.440,IMU-2,0x29,-2.06,-178.5,87.12,3,3,3,3
2026-09-03T00:52:52.539,IMU-1,0x28,-0.69,-179.5,263.94,3,3,3,3
2026-09-03T00:52:52.540,IMU-2,0x29,-2.06,-178.5,87.12,3,3,3,3
2026-09-03T00:52:52.639,IMU-1,0x28,-0.69,-179.5,263.94,3,3,3,3
2026-09-03T00:52:52.640,IMU-2,0x29,-2.06,-178.5,87.12,3,3,3,3
2026-09-03T00:52:52.738,IMU-1,0x28,-0.69,-179.5,263.94,3,3,3,3
2026-09-03T00:52:52.740,IMU-2,0x29,-2.06,-178.5,87.12,3,3,3,3
2026-09-03T00:52:52.839,IMU-1,0x28,-0.69,-179.44,263.94,3,3,3,3
2026-09-03T00:52:52.841,IMU-2,0x29,-2.06,-178.5,87.12,3,3,3,3
2026-09-03T00:52:52.939,IMU-1,0x28,-0.69,-179.5,263.94,3,3,3,3
2026-09-03T00:52:52.941,IMU-2,0x29,-2.06,-178.5,87.12,3,3,3,3
2026-09-03T00:52:53.040,IMU-1,0x28,-0.69,-179.5,263.94,3,3,3,3
2026-09-03T00:52:53.042,IMU-2,0x29,-2.06,-178.5,87.12,3,3,3,3
2026-09-03T00:52:53.140,IMU-1,0x28,-0.69,-179.5,263.94,3,3,3,3
2026-09-03T00:52:53.141,IMU-2,0x29,-2.06,-178.5,87.12,3,3,3,3
2026-09-03T00:52:53.240,IMU-1,0x28,-0.69,-179.62,263.94,3,3,3,3
2026-09-03T00:52:53.241,IMU-2,0x29,-2.06,-178.38,87.12,3,3,3,3
2026-09-03T00:52:53.338,IMU-1,0x28,-0.69,-179.56,263.94,3,3,3,3
2026-09-03T00:52:53.340,IMU-2,0x29,-2.06,-178.44,87.12,3,3,3,3
2026-09-03T00:52:53.439,IMU-1,0x28,-0.56,178.12,263.44,3,3,3,3
2026-09-03T00:52:53.440,IMU-2,0x29,-2.19,-176.0,86.62,3,3,3,3
2026-09-03T00:52:53.539,IMU-1,0x28,-0.56,171.5,262.0,3,3,3,3
2026-09-03T00:52:53.541,IMU-2,0x29,-2.0,-169.62,85.19,3,3,3,3
2026-09-03T00:52:53.639,IMU-1,0x28,-0.5,164.56,260.94,3,3,3,3
2026-09-03T00:52:53.641,IMU-2,0x29,-1.94,-162.75,84.31,3,3,3,3
2026-09-03T00:52:53.739,IMU-1,0x28,-0.31,159.88,260.19,3,3,3,3
2026-09-03T00:52:53.741,IMU-2,0x29,-2.0,-158.81,83.62,3,3,3,3
2026-09-03T00:52:53.839,IMU-1,0x28,-0.31,157.88,259.56,3,3,3,3
2026-09-03T00:52:53.841,IMU-2,0x29,-1.88,-155.88,83.06,3,3,3,3
2026-09-03T00:52:53.939,IMU-1,0x28,-1.44,165.69,259.06,3,3,3,3
2026-09-03T00:52:53.942,IMU-2,0x29,-1.12,-162.69,82.62,3,3,3,3
2026-09-03T00:52:54.040,IMU-1,0x28,-2.5,176.06,258.81,3,3,3,3
2026-09-03T00:52:54.043,IMU-2,0x29,-0.19,-173.19,82.31,3,3,3,3
2026-09-03T00:52:54.139,IMU-1,0x28,-2.0,178.19,259.0,3,3,3,3
2026-09-03T00:52:54.142,IMU-2,0x29,-0.75,-175.31,82.38,3,3,3,3
2026-09-03T00:52:54.239,IMU-1,0x28,-1.62,179.5,258.81,3,3,3,3
2026-09-03T00:52:54.242,IMU-2,0x29,-1.12,-176.62,82.25,3,3,3,3
2026-09-03T00:52:54.339,IMU-1,0x28,-0.94,-179.38,258.62,3,3,3,3
2026-09-03T00:52:54.342,IMU-2,0x29,-1.81,-177.56,82.0,3,3,3,3
2026-09-03T00:52:54.439,IMU-1,0x28,-0.5,179.94,258.44,3,3,3,3
2026-09-03T00:52:54.442,IMU-2,0x29,-2.25,-177.06,81.81,3,3,3,3
2026-09-03T00:52:54.539,IMU-1,0x28,-0.44,179.88,258.19,3,3,3,3
2026-09-03T00:52:54.541,IMU-2,0x29,-2.31,-177.0,81.5,3,3,3,3
2026-09-03T00:52:54.640,IMU-1,0x28,-0.44,179.88,258.06,3,3,3,3
2026-09-03T00:52:54.643,IMU-2,0x29,-2.31,-177.06,81.44,3,3,3,3
2026-09-03T00:52:54.740,IMU-1,0x28,-0.44,179.88,258.06,3,3,3,3
2026-09-03T00:52:54.743,IMU-2,0x29,-2.25,-177.12,81.38,3,3,3,3
2026-09-03T00:52:54.840,IMU-1,0x28,-0.44,179.88,258.12,3,3,3,3
2026-09-03T00:52:54.843,IMU-2,0x29,-2.25,-177.19,81.38,3,3,3,3
2026-09-03T00:52:54.940,IMU-1,0x28,-0.44,179.88,258.06,3,3,3,3
2026-09-03T00:52:54.943,IMU-2,0x29,-2.25,-177.19,81.38,3,3,3,3
2026-09-03T00:52:55.041,IMU-1,0x28,-0.5,179.88,258.06,3,3,3,3
2026-09-03T00:52:55.045,IMU-2,0x29,-2.25,-177.25,81.38,3,3,3,3
2026-09-03T00:52:55.140,IMU-1,0x28,-0.5,179.88,258.06,3,3,3,3
2026-09-03T00:52:55.141,IMU-2,0x29,-2.25,-177.31,81.31,3,3,3,3
2026-09-03T00:52:55.240,IMU-1,0x28,-0.5,179.88,258.06,3,3,3,3
2026-09-03T00:52:55.241,IMU-2,0x29,-2.25,-177.31,81.31,3,3,3,3
2026-09-03T00:52:55.340,IMU-1,0x28,-0.5,179.88,258.06,3,3,3,3
2026-09-03T00:52:55.341,IMU-2,0x29,-2.25,-177.38,81.38,3,3,3,3
2026-09-03T00:52:55.440,IMU-1,0x28,-0.5,179.88,258.0,3,3,3,3
2026-09-03T00:52:55.441,IMU-2,0x29,-2.19,-177.38,81.38,3,3,3,3
2026-09-03T00:52:55.540,IMU-1,0x28,-0.5,179.88,258.0,3,3,3,3
2026-09-03T00:52:55.541,IMU-2,0x29,-2.19,-177.38,81.38,3,3,3,3
2026-09-03T00:52:55.640,IMU-1,0x28,-0.5,179.88,258.0,3,3,3,3
2026-09-03T00:52:55.641,IMU-2,0x29,-2.19,-177.44,81.38,3,3,3,3
2026-09-03T00:52:55.740,IMU-1,0x28,-0.5,179.88,258.0,3,3,3,3
2026-09-03T00:52:55.741,IMU-2,0x29,-2.19,-177.44,81.38,3,3,3,3
2026-09-03T00:52:55.840,IMU-1,0x28,-0.5,179.88,258.0,3,3,3,3
2026-09-03T00:52:55.841,IMU-2,0x29,-2.19,-177.44,81.38,3,3,3,3
2026-09-03T00:52:55.940,IMU-1,0x28,-0.5,179.88,258.0,3,3,3,3
2026-09-03T00:52:55.941,IMU-2,0x29,-2.19,-177.5,81.38,3,3,3,3
2026-09-03T00:52:56.041,IMU-1,0x28,-0.5,179.88,258.0,3,3,3,3
2026-09-03T00:52:56.042,IMU-2,0x29,-2.19,-177.5,81.38,3,3,3,3
2026-09-03T00:52:56.140,IMU-1,0x28,-0.5,179.88,258.0,3,3,3,3
2026-09-03T00:52:56.142,IMU-2,0x29,-2.19,-177.5,81.38,3,3,3,3
2026-09-03T00:52:56.241,IMU-1,0x28,-0.5,179.88,258.0,3,3,3,3
2026-09-03T00:52:56.242,IMU-2,0x29,-2.19,-177.5,81.38,3,3,3,3
2026-09-03T00:52:56.341,IMU-1,0x28,-0.5,179.88,258.0,3,3,3,3
2026-09-03T00:52:56.343,IMU-2,0x29,-2.19,-177.5,81.38,3,3,3,3
2026-09-03T00:52:56.441,IMU-1,0x28,-0.5,179.88,258.0,3,3,3,3
2026-09-03T00:52:56.443,IMU-2,0x29,-2.19,-177.56,81.38,3,3,3,3
2026-09-03T00:52:56.541,IMU-1,0x28,-0.5,179.88,258.0,3,3,3,3
2026-09-03T00:52:56.543,IMU-2,0x29,-2.19,-177.56,81.38,3,3,3,3
2026-09-03T00:52:56.641,IMU-1,0x28,-0.5,179.88,258.0,3,3,3,3
2026-09-03T00:52:56.644,IMU-2,0x29,-2.19,-177.56,81.38,3,3,3,3
2026-09-03T00:52:56.742,IMU-1,0x28,-0.5,179.88,258.0,3,3,3,3
2026-09-03T00:52:56.744,IMU-2,0x29,-2.19,-177.56,81.38,3,3,3,3
2026-09-03T00:52:56.842,IMU-1,0x28,-0.5,179.88,258.0,3,3,3,3
2026-09-03T00:52:56.844,IMU-2,0x29,-2.19,-177.56,81.38,3,3,3,3
2026-09-03T00:52:56.942,IMU-1,0x28,-0.5,179.88,258.0,3,3,3,3
2026-09-03T00:52:56.945,IMU-2,0x29,-2.19,-177.56,81.38,3,3,3,3
2026-09-03T00:52:57.042,IMU-1,0x28,-0.5,179.88,258.0,3,3,3,3
2026-09-03T00:52:57.046,IMU-2,0x29,-2.19,-177.56,81.38,3,3,3,3
2026-09-03T00:52:57.142,IMU-1,0x28,-0.5,179.94,258.0,3,3,3,3
2026-09-03T00:52:57.144,IMU-2,0x29,-2.19,-177.56,81.38,3,3,3,3
2026-09-03T00:52:57.241,IMU-1,0x28,-0.5,179.94,258.0,3,3,3,3
2026-09-03T00:52:57.244,IMU-2,0x29,-2.19,-177.56,81.38,3,3,3,3
2026-09-03T00:52:57.341,IMU-1,0x28,-0.5,179.94,258.0,3,3,3,3
2026-09-03T00:52:57.344,IMU-2,0x29,-2.19,-177.56,81.38,3,3,3,3
2026-09-03T00:52:57.441,IMU-1,0x28,-0.5,179.94,258.0,3,3,3,3
2026-09-03T00:52:57.444,IMU-2,0x29,-2.19,-177.56,81.38,3,3,3,3
2026-09-03T00:52:57.541,IMU-1,0x28,-0.5,179.94,258.0,3,3,3,3
2026-09-03T00:52:57.544,IMU-2,0x29,-2.19,-177.56,81.38,3,3,3,3
2026-09-03T00:52:57.641,IMU-1,0x28,-0.5,179.94,258.0,3,3,3,3
2026-09-03T00:52:57.644,IMU-2,0x29,-2.19,-177.56,81.38,3,3,3,3
2026-09-03T00:52:57.741,IMU-1,0x28,-0.5,179.94,258.0,3,3,3,3
2026-09-03T00:52:57.743,IMU-2,0x29,-2.19,-177.56,81.38,3,3,3,3
2026-09-03T00:52:57.841,IMU-1,0x28,-0.5,179.94,258.0,3,3,3,3
2026-09-03T00:52:57.843,IMU-2,0x29,-2.19,-177.56,81.38,3,3,3,3
2026-09-03T00:52:57.941,IMU-1,0x28,-0.5,179.94,258.0,3,3,3,3
2026-09-03T00:52:57.943,IMU-2,0x29,-2.19,-177.56,81.38,3,3,3,3
2026-09-03T00:52:58.042,IMU-1,0x28,-0.5,179.94,258.0,3,3,3,3
2026-09-03T00:52:58.044,IMU-2,0x29,-2.19,-177.56,81.38,3,3,3,3
2026-09-03T00:52:58.141,IMU-1,0x28,-0.5,179.94,258.0,3,3,3,3
2026-09-03T00:52:58.143,IMU-2,0x29,-2.19,-177.56,81.38,3,3,3,3
2026-09-03T00:52:58.241,IMU-1,0x28,-0.5,179.94,258.0,3,3,3,3
2026-09-03T00:52:58.243,IMU-2,0x29,-2.19,-177.56,81.38,3,3,3,3
2026-09-03T00:52:58.341,IMU-1,0x28,-0.5,179.94,258.0,3,3,3,3
2026-09-03T00:52:58.343,IMU-2,0x29,-2.19,-177.56,81.38,3,3,3,3
2026-09-03T00:52:58.442,IMU-1,0x28,-0.5,179.94,258.0,3,3,3,3
2026-09-03T00:52:58.443,IMU-2,0x29,-2.19,-177.56,81.38,3,3,3,3
2026-09-03T00:52:58.542,IMU-1,0x28,-0.5,179.94,258.0,3,3,3,3
2026-09-03T00:52:58.543,IMU-2,0x29,-2.19,-177.56,81.38,3,3,3,3
2026-09-03T00:52:58.642,IMU-1,0x28,-0.5,179.94,258.0,3,3,3,3
2026-09-03T00:52:58.643,IMU-2,0x29,-2.19,-177.56,81.38,3,3,3,3
2026-09-03T00:52:58.742,IMU-1,0x28,-0.5,179.94,258.0,3,3,3,3
2026-09-03T00:52:58.743,IMU-2,0x29,-2.19,-177.56,81.38,3,3,3,3
2026-09-03T00:52:58.842,IMU-1,0x28,-0.5,179.94,258.0,3,3,3,3
2026-09-03T00:52:58.844,IMU-2,0x29,-2.19,-177.56,81.38,3,3,3,3
2026-09-03T00:52:58.942,IMU-1,0x28,-0.5,179.94,258.0,3,3,3,3
2026-09-03T00:52:58.944,IMU-2,0x29,-2.19,-177.56,81.38,3,3,3,3
2026-09-03T00:52:59.042,IMU-1,0x28,-0.5,179.94,258.0,3,3,3,3
2026-09-03T00:52:59.045,IMU-2,0x29,-2.19,-177.56,81.38,3,3,3,3
2026-09-03T00:52:59.142,IMU-1,0x28,-0.5,179.94,258.0,3,3,3,3
2026-09-03T00:52:59.145,IMU-2,0x29,-2.19,-177.56,81.38,3,3,3,3
2026-09-03T00:52:59.242,IMU-1,0x28,-0.5,179.94,258.0,3,3,3,3
2026-09-03T00:52:59.245,IMU-2,0x29,-2.19,-177.56,81.38,3,3,3,3
2026-09-03T00:52:59.342,IMU-1,0x28,-0.5,179.94,258.0,3,3,3,3
2026-09-03T00:52:59.345,IMU-2,0x29,-2.19,-177.56,81.38,3,3,3,3
2026-09-03T00:52:59.442,IMU-1,0x28,-0.5,179.94,258.0,3,3,3,3
2026-09-03T00:52:59.445,IMU-2,0x29,-2.19,-177.56,81.38,3,3,3,3
2026-09-03T00:52:59.542,IMU-1,0x28,-0.5,179.94,258.0,3,3,3,3
2026-09-03T00:52:59.544,IMU-2,0x29,-2.19,-177.56,81.38,3,3,3,3
2026-09-03T00:52:59.642,IMU-1,0x28,-0.5,179.94,258.0,3,3,3,3
2026-09-03T00:52:59.644,IMU-2,0x29,-2.19,-177.56,81.38,3,3,3,3
2026-09-03T00:52:59.743,IMU-1,0x28,-0.5,179.94,258.0,3,3,3,3
2026-09-03T00:52:59.744,IMU-2,0x29,-2.19,-177.56,81.38,3,3,3,3
2026-09-03T00:52:59.843,IMU-1,0x28,-0.5,179.94,258.0,3,3,3,3
2026-09-03T00:52:59.844,IMU-2,0x29,-2.19,-177.56,81.38,3,3,3,3
2026-09-03T00:52:59.943,IMU-1,0x28,-0.5,179.94,258.0,3,3,3,3
2026-09-03T00:52:59.945,IMU-2,0x29,-2.19,-177.56,81.38,3,3,3,3
2026-09-03T00:53:00.044,IMU-1,0x28,-0.5,179.94,258.0,3,3,3,3
2026-09-03T00:53:00.046,IMU-2,0x29,-2.19,-177.56,81.38,3,3,3,3
2026-09-03T00:53:00.143,IMU-1,0x28,-0.5,179.94,258.0,3,3,3,3
2026-09-03T00:53:00.145,IMU-2,0x29,-2.19,-177.56,81.38,3,3,3,3
2026-09-03T00:53:00.244,IMU-1,0x28,-0.5,179.94,258.0,3,3,3,3
2026-09-03T00:53:00.245,IMU-2,0x29,-2.19,-177.56,81.38,3,3,3,3
2026-09-03T00:53:00.344,IMU-1,0x28,-0.5,179.94,258.0,3,3,3,3
2026-09-03T00:53:00.345,IMU-2,0x29,-2.19,-177.56,81.38,3,3,3,3
2026-09-03T00:53:00.444,IMU-1,0x28,-0.5,179.88,258.0,3,3,3,3
2026-09-03T00:53:00.445,IMU-2,0x29,-2.19,-177.56,81.38,3,3,3,3
2026-09-03T00:53:00.544,IMU-1,0x28,-0.5,179.56,257.88,3,3,3,3
2026-09-03T00:53:00.546,IMU-2,0x29,-2.19,-177.12,81.25,3,3,3,3
2026-09-03T00:53:00.644,IMU-1,0x28,-0.38,174.94,257.56,3,3,3,3
2026-09-03T00:53:00.646,IMU-2,0x29,-2.19,-172.56,80.88,3,3,3,3
2026-09-03T00:53:00.745,IMU-1,0x28,-0.44,178.38,256.19,3,3,3,3
2026-09-03T00:53:00.746,IMU-2,0x29,-2.12,-176.5,79.56,3,3,3,3
2026-09-03T00:53:00.845,IMU-1,0x28,-0.44,177.25,254.88,3,3,3,3
2026-09-03T00:53:00.846,IMU-2,0x29,-2.12,-175.38,78.31,3,3,3,3
2026-09-03T00:53:00.945,IMU-1,0x28,-0.44,-179.81,254.62,3,3,3,3
2026-09-03T00:53:00.946,IMU-2,0x29,-2.19,-177.94,78.19,3,3,3,3
2026-09-03T00:53:01.046,IMU-1,0x28,-0.44,-179.75,254.25,3,3,3,3
2026-09-03T00:53:01.048,IMU-2,0x29,-2.19,-178.0,77.81,3,3,3,3
2026-09-03T00:53:01.145,IMU-1,0x28,-0.5,179.75,252.81,3,3,3,3
2026-09-03T00:53:01.146,IMU-2,0x29,-2.19,-177.5,76.5,3,3,3,3
2026-09-03T00:53:01.245,IMU-1,0x28,-0.5,178.5,253.94,3,3,3,3
2026-09-03T00:53:01.246,IMU-2,0x29,-2.19,-176.25,77.69,3,3,3,3
2026-09-03T00:53:01.345,IMU-1,0x28,-0.44,177.19,253.0,3,3,3,3
2026-09-03T00:53:01.346,IMU-2,0x29,-2.19,-174.75,76.81,3,3,3,3
2026-09-03T00:53:01.445,IMU-1,0x28,-0.38,175.12,252.12,3,3,3,3
2026-09-03T00:53:01.446,IMU-2,0x29,-2.25,-172.88,75.94,3,3,3,3
2026-09-03T00:53:01.545,IMU-1,0x28,-0.31,169.31,252.12,3,3,3,3
2026-09-03T00:53:01.547,IMU-2,0x29,-2.19,-166.38,75.94,3,3,3,3
2026-09-03T00:53:01.645,IMU-1,0x28,-0.25,161.94,251.38,3,3,3,3
2026-09-03T00:53:01.646,IMU-2,0x29,-2.06,-159.81,75.25,3,3,3,3
2026-09-03T00:53:01.745,IMU-1,0x28,-0.31,157.81,252.0,3,3,3,3
2026-09-03T00:53:01.747,IMU-2,0x29,-1.81,-156.81,75.94,3,3,3,3
2026-09-03T00:53:01.845,IMU-1,0x28,-2.94,166.0,252.0,3,3,3,3
2026-09-03T00:53:01.847,IMU-2,0x29,0.81,-165.5,75.81,3,3,3,3
2026-09-03T00:53:01.945,IMU-1,0x28,-6.75,171.75,250.5,3,3,3,3
2026-09-03T00:53:01.947,IMU-2,0x29,4.31,-170.06,74.81,3,3,3,3
2026-09-03T00:53:02.046,IMU-1,0x28,-7.31,171.06,250.38,3,3,3,3
2026-09-03T00:53:02.049,IMU-2,0x29,4.75,-170.5,74.44,3,3,3,3
2026-09-03T00:53:02.145,IMU-1,0x28,-7.0,177.0,248.94,3,3,3,3
2026-09-03T00:53:02.148,IMU-2,0x29,4.31,-175.62,73.0,3,3,3,3
2026-09-03T00:53:02.245,IMU-1,0x28,-5.0,171.75,246.88,3,3,3,3
2026-09-03T00:53:02.248,IMU-2,0x29,2.44,-170.38,70.88,3,3,3,3
2026-09-03T00:53:02.345,IMU-1,0x28,-1.5,163.56,247.0,3,3,3,3
2026-09-03T00:53:02.348,IMU-2,0x29,-0.75,-162.19,70.81,3,3,3,3
2026-09-03T00:53:02.444,IMU-1,0x28,-0.19,149.06,244.56,3,3,3,3
2026-09-03T00:53:02.447,IMU-2,0x29,-1.69,-147.88,68.38,3,3,3,3
2026-09-03T00:53:02.544,IMU-1,0x28,-3.5,148.94,242.81,3,3,3,3
2026-09-03T00:53:02.547,IMU-2,0x29,1.62,-147.75,66.75,3,3,3,3
2026-09-03T00:53:02.644,IMU-1,0x28,-6.81,148.88,242.0,3,3,3,3
2026-09-03T00:53:02.647,IMU-2,0x29,4.94,-147.75,65.88,3,3,3,3
2026-09-03T00:53:02.744,IMU-1,0x28,-10.62,160.94,241.56,3,3,3,3
2026-09-03T00:53:02.747,IMU-2,0x29,8.5,-159.56,65.56,3,3,3,3
2026-09-03T00:53:02.844,IMU-1,0x28,-14.0,-178.88,241.56,3,3,3,3
2026-09-03T00:53:02.848,IMU-2,0x29,11.38,-179.81,65.69,3,3,3,3
2026-09-03T00:53:02.944,IMU-1,0x28,-16.62,-178.69,242.06,3,3,3,3
2026-09-03T00:53:02.948,IMU-2,0x29,13.88,179.75,66.25,3,3,3,3
2026-09-03T00:53:03.045,IMU-1,0x28,-19.88,179.5,241.31,3,3,3,3
2026-09-03T00:53:03.049,IMU-2,0x29,17.25,-178.44,65.69,3,3,3,3
2026-09-03T00:53:03.145,IMU-1,0x28,-23.06,173.12,240.69,3,3,3,3
2026-09-03T00:53:03.147,IMU-2,0x29,20.5,-172.12,65.12,3,3,3,3
2026-09-03T00:53:03.245,IMU-1,0x28,-26.06,165.62,241.31,3,3,3,3
2026-09-03T00:53:03.247,IMU-2,0x29,23.62,-165.0,65.88,3,3,3,3
2026-09-03T00:53:03.345,IMU-1,0x28,-24.5,155.81,242.75,3,3,3,3
2026-09-03T00:53:03.346,IMU-2,0x29,22.06,-154.62,67.31,3,3,3,3
2026-09-03T00:53:03.445,IMU-1,0x28,-19.81,138.06,9.31,3,3,3,3
2026-09-03T00:53:03.446,IMU-2,0x29,17.81,-137.12,199.81,3,3,3,3
2026-09-03T00:53:03.545,IMU-1,0x28,-15.12,132.69,27.31,3,3,3,3
2026-09-03T00:53:03.546,IMU-2,0x29,13.25,-132.06,216.69,3,3,3,3
2026-09-03T00:53:03.645,IMU-1,0x28,-10.88,132.81,39.44,3,3,3,3
2026-09-03T00:53:03.647,IMU-2,0x29,8.94,-132.06,229.06,3,3,3,3
2026-09-03T00:53:03.745,IMU-1,0x28,-7.69,138.44,249.62,3,3,3,3
2026-09-03T00:53:03.747,IMU-2,0x29,5.56,-137.56,73.94,3,3,3,3
2026-09-03T00:53:03.846,IMU-1,0x28,-5.56,149.88,249.56,3,3,3,3
2026-09-03T00:53:03.847,IMU-2,0x29,3.19,-149.12,73.81,3,3,3,3
2026-09-03T00:53:03.946,IMU-1,0x28,-5.31,169.38,249.62,3,3,3,3
2026-09-03T00:53:03.947,IMU-2,0x29,2.44,-168.44,74.06,3,3,3,3
2026-09-03T00:53:04.046,IMU-1,0x28,-5.25,-178.44,252.44,3,3,3,3
2026-09-03T00:53:04.048,IMU-2,0x29,2.06,179.88,76.88,0,3,3,3
2026-09-03T00:53:04.146,IMU-1,0x28,-2.56,-172.75,254.12,3,3,3,3
2026-09-03T00:53:04.147,IMU-2,0x29,-0.94,173.75,78.56,0,3,3,3
2026-09-03T00:53:04.246,IMU-1,0x28,-0.81,-170.31,255.19,3,3,3,3
2026-09-03T00:53:04.248,IMU-2,0x29,-2.56,171.88,79.31,0,3,3,3
2026-09-03T00:53:04.347,IMU-1,0x28,-0.88,-168.31,256.38,3,3,3,3
2026-09-03T00:53:04.348,IMU-2,0x29,-2.38,170.0,80.56,0,3,3,3
2026-09-03T00:53:04.447,IMU-1,0x28,-3.12,-170.25,256.0,3,3,3,3
2026-09-03T00:53:04.448,IMU-2,0x29,0.38,172.69,80.19,0,3,3,3
2026-09-03T00:53:04.547,IMU-1,0x28,-11.06,178.75,254.44,3,3,3,3
2026-09-03T00:53:04.548,IMU-2,0x29,8.69,-177.06,78.56,0,3,3,3
2026-09-03T00:53:04.647,IMU-1,0x28,-17.94,174.0,251.69,3,3,3,3
2026-09-03T00:53:04.649,IMU-2,0x29,15.25,-172.5,76.06,0,3,3,3
2026-09-03T00:53:04.747,IMU-1,0x28,-21.5,170.38,249.81,3,3,3,3
2026-09-03T00:53:04.749,IMU-2,0x29,18.31,-170.62,74.5,0,3,3,3
2026-09-03T00:53:04.847,IMU-1,0x28,-23.06,172.94,248.44,3,3,3,3
2026-09-03T00:53:04.849,IMU-2,0x29,20.0,-173.25,73.19,0,3,3,3
2026-09-03T00:53:04.947,IMU-1,0x28,-25.81,173.69,246.81,3,3,3,3
2026-09-03T00:53:04.949,IMU-2,0x29,23.0,-173.88,71.81,0,3,3,3
2026-09-03T00:53:05.048,IMU-1,0x28,-29.0,172.5,245.56,3,3,3,3
2026-09-03T00:53:05.051,IMU-2,0x29,26.06,-172.69,70.81,1,3,3,3
2026-09-03T00:53:05.147,IMU-1,0x28,-32.0,171.81,245.06,3,3,3,3
2026-09-03T00:53:05.150,IMU-2,0x29,28.81,-172.5,70.62,1,3,3,3
2026-09-03T00:53:05.247,IMU-1,0x28,-34.94,173.38,245.25,3,3,3,3
2026-09-03T00:53:05.250,IMU-2,0x29,31.62,-174.06,70.94,1,3,3,3
2026-09-03T00:53:05.347,IMU-1,0x28,-36.69,175.44,245.75,3,3,3,3
2026-09-03T00:53:05.350,IMU-2,0x29,33.25,-176.19,71.5,1,3,3,3
2026-09-03T00:53:05.448,IMU-1,0x28,-36.69,175.62,247.94,3,3,3,3
2026-09-03T00:53:05.450,IMU-2,0x29,33.06,-176.19,73.75,1,3,3,3
2026-09-03T00:53:05.548,IMU-1,0x28,-33.81,171.69,252.06,3,3,3,3
2026-09-03T00:53:05.550,IMU-2,0x29,30.0,-172.0,77.56,1,3,3,3
2026-09-03T00:53:05.647,IMU-1,0x28,-28.06,172.62,254.25,3,3,3,3
2026-09-03T00:53:05.650,IMU-2,0x29,24.06,-172.81,79.31,1,3,3,3
2026-09-03T00:53:05.747,IMU-1,0x28,-22.88,175.69,254.81,3,3,3,3
2026-09-03T00:53:05.750,IMU-2,0x29,18.88,-175.5,79.81,1,3,3,3
2026-09-03T00:53:05.847,IMU-1,0x28,-20.06,174.62,255.81,3,3,3,3
2026-09-03T00:53:05.850,IMU-2,0x29,16.12,-174.31,80.62,1,3,3,3
2026-09-03T00:53:05.947,IMU-1,0x28,-19.06,174.88,255.81,3,3,3,3
2026-09-03T00:53:05.950,IMU-2,0x29,15.12,-174.5,80.62,1,3,3,3
2026-09-03T00:53:06.047,IMU-1,0x28,-16.06,179.81,256.25,3,3,3,3
2026-09-03T00:53:06.051,IMU-2,0x29,12.19,179.88,80.94,1,3,3,3
2026-09-03T00:53:06.146,IMU-1,0x28,-7.31,-179.81,258.19,3,3,3,3
2026-09-03T00:53:06.148,IMU-2,0x29,3.56,179.88,82.44,1,3,3,3
2026-09-03T00:53:06.246,IMU-1,0x28,-1.25,179.62,258.88,3,3,3,3
2026-09-03T00:53:06.249,IMU-2,0x29,-2.25,-179.5,82.94,1,3,3,3
2026-09-03T00:53:06.347,IMU-1,0x28,-1.31,179.81,258.88,3,3,3,3
2026-09-03T00:53:06.348,IMU-2,0x29,-2.19,-179.62,82.94,1,3,3,3
2026-09-03T00:53:06.447,IMU-1,0x28,-1.25,179.69,258.69,3,3,3,3
2026-09-03T00:53:06.448,IMU-2,0x29,-2.25,-179.5,82.81,1,3,3,3
2026-09-03T00:53:06.547,IMU-1,0x28,-1.56,-179.31,257.56,3,3,3,3
2026-09-03T00:53:06.548,IMU-2,0x29,-1.94,179.56,81.81,1,3,3,3
2026-09-03T00:53:06.647,IMU-1,0x28,-6.19,-179.0,255.81,3,3,3,3
2026-09-03T00:53:06.648,IMU-2,0x29,2.69,179.06,80.31,1,3,3,3
2026-09-03T00:53:06.747,IMU-1,0x28,-10.06,176.88,256.38,3,3,3,3
2026-09-03T00:53:06.748,IMU-2,0x29,6.75,-176.94,81.06,1,3,3,3
2026-09-03T00:53:06.847,IMU-1,0x28,-8.5,172.12,254.88,3,3,3,3
2026-09-03T00:53:06.848,IMU-2,0x29,5.38,-172.25,79.5,1,3,3,3
2026-09-03T00:53:06.947,IMU-1,0x28,-8.69,172.25,255.81,3,3,3,3
2026-09-03T00:53:06.948,IMU-2,0x29,5.38,-172.31,80.5,1,3,3,3
2026-09-03T00:53:07.047,IMU-1,0x28,-9.12,173.69,255.38,3,3,3,3
2026-09-03T00:53:07.049,IMU-2,0x29,5.94,-173.75,80.12,1,3,3,3
2026-09-03T00:53:07.147,IMU-1,0x28,-6.25,175.56,256.75,3,3,3,3
2026-09-03T00:53:07.149,IMU-2,0x29,2.94,-175.56,81.38,1,3,3,3
2026-09-03T00:53:07.247,IMU-1,0x28,-2.94,175.19,255.88,3,3,3,3
2026-09-03T00:53:07.249,IMU-2,0x29,-0.12,-175.06,80.44,1,3,3,3
2026-09-03T00:53:07.347,IMU-1,0x28,-2.19,176.25,257.31,3,3,3,3
2026-09-03T00:53:07.349,IMU-2,0x29,-1.06,-175.38,81.81,1,3,3,3
2026-09-03T00:53:07.447,IMU-1,0x28,-4.25,174.75,259.81,3,3,3,3
2026-09-03T00:53:07.449,IMU-2,0x29,1.0,-173.88,84.31,1,3,3,3
2026-09-03T00:53:07.548,IMU-1,0x28,-2.75,176.62,261.44,3,3,3,3
2026-09-03T00:53:07.550,IMU-2,0x29,-0.44,-175.5,85.94,1,3,3,3
2026-09-03T00:53:07.648,IMU-1,0x28,-2.69,177.44,260.5,3,3,3,3
2026-09-03T00:53:07.650,IMU-2,0x29,-0.81,-176.44,85.12,1,3,3,3
2026-09-03T00:53:07.748,IMU-1,0x28,-5.12,178.19,261.75,3,3,3,3
2026-09-03T00:53:07.750,IMU-2,0x29,1.94,-177.31,86.38,1,3,3,3
2026-09-03T00:53:07.848,IMU-1,0x28,-3.06,178.25,262.38,3,3,3,3
2026-09-03T00:53:07.851,IMU-2,0x29,-0.31,-177.31,86.88,1,3,3,3
2026-09-03T00:53:07.948,IMU-1,0x28,-4.0,176.69,264.69,3,3,3,3
2026-09-03T00:53:07.951,IMU-2,0x29,0.62,-175.5,89.38,1,3,3,3
2026-09-03T00:53:08.049,IMU-1,0x28,-2.81,175.94,264.62,3,3,3,3
2026-09-03T00:53:08.052,IMU-2,0x29,-0.5,-174.88,89.25,2,3,3,3
2026-09-03T00:53:08.149,IMU-1,0x28,-1.94,176.62,261.62,3,3,3,3
2026-09-03T00:53:08.151,IMU-2,0x29,-1.38,-175.62,86.38,2,3,3,3
2026-09-03T00:53:08.249,IMU-1,0x28,-2.88,177.94,258.5,3,3,3,3
2026-09-03T00:53:08.252,IMU-2,0x29,-0.31,-177.06,83.38,2,3,3,3
2026-09-03T00:53:08.349,IMU-1,0x28,-1.25,176.12,254.62,3,3,3,3
2026-09-03T00:53:08.352,IMU-2,0x29,-1.81,-175.38,79.56,2,3,3,3
2026-09-03T00:53:08.449,IMU-1,0x28,0.94,179.31,252.06,3,3,3,3
2026-09-03T00:53:08.452,IMU-2,0x29,-4.0,-178.62,77.0,2,3,3,3
2026-09-03T00:53:08.549,IMU-1,0x28,-2.56,-177.75,253.81,3,3,3,3
2026-09-03T00:53:08.552,IMU-2,0x29,-0.56,178.5,78.88,2,3,3,3
2026-09-03T00:53:08.649,IMU-1,0x28,2.44,-174.5,255.62,3,3,3,3
2026-09-03T00:53:08.652,IMU-2,0x29,-5.75,175.38,80.5,2,3,3,3
2026-09-03T00:53:08.750,IMU-1,0x28,2.19,-177.81,253.75,3,3,3,3
2026-09-03T00:53:08.753,IMU-2,0x29,-5.38,178.5,78.69,2,3,3,3
2026-09-03T00:53:08.850,IMU-1,0x28,1.88,169.69,247.62,3,3,3,3
2026-09-03T00:53:08.853,IMU-2,0x29,-4.56,-169.38,72.56,2,3,3,3
2026-09-03T00:53:08.950,IMU-1,0x28,4.44,152.0,237.94,3,3,3,3
2026-09-03T00:53:08.953,IMU-2,0x29,-6.31,-151.81,62.81,2,3,3,3
2026-09-03T00:53:09.051,IMU-1,0x28,8.06,140.94,235.38,3,3,3,3
2026-09-03T00:53:09.054,IMU-2,0x29,-9.81,-140.94,60.0,2,3,3,3
2026-09-03T00:53:09.150,IMU-1,0x28,5.94,134.62,73.69,3,3,3,3
2026-09-03T00:53:09.153,IMU-2,0x29,-7.5,-134.31,262.25,2,3,3,3
2026-09-03T00:53:09.250,IMU-1,0x28,3.81,142.19,243.56,3,3,3,3
2026-09-03T00:53:09.253,IMU-2,0x29,-5.81,-141.38,67.81,2,3,3,3
2026-09-03T00:53:09.350,IMU-1,0x28,0.38,162.94,250.62,3,3,3,3
2026-09-03T00:53:09.353,IMU-2,0x29,-3.19,-161.44,75.0,2,3,3,3
2026-09-03T00:53:09.450,IMU-1,0x28,-6.19,-177.75,258.62,3,3,3,3
2026-09-03T00:53:09.453,IMU-2,0x29,3.25,-179.75,83.25,2,3,3,3
2026-09-03T00:53:09.550,IMU-1,0x28,-11.56,-167.94,264.94,3,3,3,3
2026-09-03T00:53:09.553,IMU-2,0x29,8.0,171.06,89.38,2,3,3,3
2026-09-03T00:53:09.650,IMU-1,0x28,-8.62,-163.81,266.81,3,3,3,3
2026-09-03T00:53:09.652,IMU-2,0x29,4.94,167.38,91.06,2,3,3,3
2026-09-03T00:53:09.750,IMU-1,0x28,-7.06,-163.88,267.38,3,3,3,3
2026-09-03T00:53:09.751,IMU-2,0x29,3.5,167.5,91.69,2,3,3,3
2026-09-03T00:53:09.849,IMU-1,0x28,-5.25,-164.06,268.25,3,3,3,3
2026-09-03T00:53:09.851,IMU-2,0x29,1.69,167.69,92.56,2,3,3,3
2026-09-03T00:53:09.949,IMU-1,0x28,-2.81,-163.81,269.25,3,3,3,3
2026-09-03T00:53:09.951,IMU-2,0x29,-0.69,167.5,93.56,2,3,3,3
2026-09-03T00:53:10.049,IMU-1,0x28,-1.12,-161.19,271.06,3,3,3,3
2026-09-03T00:53:10.051,IMU-2,0x29,-2.38,164.88,95.38,3,3,3,3
2026-09-03T00:53:10.149,IMU-1,0x28,1.38,-158.0,272.56,3,3,3,3
2026-09-03T00:53:10.150,IMU-2,0x29,-4.94,161.81,96.88,3,3,3,3
2026-09-03T00:53:10.249,IMU-1,0x28,4.38,-154.81,273.56,3,3,3,3
2026-09-03T00:53:10.251,IMU-2,0x29,-7.94,158.62,98.0,3,3,3,3
2026-09-03T00:53:10.349,IMU-1,0x28,7.12,-149.31,274.25,3,3,3,3
2026-09-03T00:53:10.351,IMU-2,0x29,-10.75,153.12,98.75,3,3,3,3
2026-09-03T00:53:10.449,IMU-1,0x28,8.06,-144.25,272.62,3,3,3,3
2026-09-03T00:53:10.451,IMU-2,0x29,-11.75,148.06,97.25,3,3,3,3
2026-09-03T00:53:10.549,IMU-1,0x28,4.12,-140.69,265.94,3,3,3,3
2026-09-03T00:53:10.551,IMU-2,0x29,-8.56,144.75,91.88,3,3,3,3
2026-09-03T00:53:10.649,IMU-1,0x28,-2.44,-138.69,251.75,3,3,3,3
2026-09-03T00:53:10.651,IMU-2,0x29,-1.75,141.81,78.25,3,3,3,3
2026-09-03T00:53:10.749,IMU-1,0x28,-1.38,-147.81,245.19,3,3,3,3
2026-09-03T00:53:10.751,IMU-2,0x29,-2.69,148.81,71.25,3,3,3,3
2026-09-03T00:53:10.849,IMU-1,0x28,-3.88,-166.44,240.19,3,3,3,3
2026-09-03T00:53:10.851,IMU-2,0x29,-0.5,166.62,65.88,3,3,3,3
2026-09-03T00:53:10.949,IMU-1,0x28,-6.44,176.44,237.88,3,3,3,3
2026-09-03T00:53:10.951,IMU-2,0x29,2.75,-175.94,63.06,3,3,3,3
2026-09-03T00:53:11.050,IMU-1,0x28,-6.12,161.44,234.25,3,3,3,3
2026-09-03T00:53:11.052,IMU-2,0x29,2.94,-161.38,59.62,3,3,3,3
2026-09-03T00:53:11.149,IMU-1,0x28,-4.19,152.38,233.38,3,3,3,3
2026-09-03T00:53:11.151,IMU-2,0x29,1.25,-152.75,58.5,3,3,3,3
2026-09-03T00:53:11.249,IMU-1,0x28,-4.31,146.31,234.56,3,3,3,3
2026-09-03T00:53:11.251,IMU-2,0x29,1.44,-146.5,59.44,3,3,3,3
2026-09-03T00:53:11.350,IMU-1,0x28,-6.38,143.44,237.56,3,3,3,3
2026-09-03T00:53:11.351,IMU-2,0x29,3.44,-143.62,62.62,3,3,3,3
2026-09-03T00:53:11.450,IMU-1,0x28,-9.88,142.62,241.5,3,3,3,3
2026-09-03T00:53:11.451,IMU-2,0x29,6.81,-142.56,66.69,3,3,3,3
2026-09-03T00:53:11.550,IMU-1,0x28,-10.62,145.81,243.5,3,3,3,3
2026-09-03T00:53:11.551,IMU-2,0x29,7.44,-146.06,69.25,3,3,3,3
2026-09-03T00:53:11.650,IMU-1,0x28,-8.25,159.75,248.31,3,3,3,3
2026-09-03T00:53:11.651,IMU-2,0x29,4.75,-158.44,73.81,3,3,3,3
2026-09-03T00:53:11.750,IMU-1,0x28,-6.38,176.06,252.94,3,3,3,3
2026-09-03T00:53:11.751,IMU-2,0x29,2.0,-175.62,79.0,3,3,3,3
2026-09-03T00:53:11.850,IMU-1,0x28,-4.44,-170.81,255.94,3,3,3,3
2026-09-03T00:53:11.851,IMU-2,0x29,-0.19,171.56,82.19,3,3,3,3
2026-09-03T00:53:11.950,IMU-1,0x28,-1.88,-161.62,258.19,3,3,3,3
2026-09-03T00:53:11.951,IMU-2,0x29,-2.88,162.69,84.5,3,3,3,3
2026-09-03T00:53:12.051,IMU-1,0x28,0.69,-154.94,261.0,3,3,3,3
2026-09-03T00:53:12.053,IMU-2,0x29,-5.69,156.25,87.25,3,3,3,3
2026-09-03T00:53:12.150,IMU-1,0x28,2.81,-150.94,261.88,3,3,3,3
2026-09-03T00:53:12.151,IMU-2,0x29,-7.69,152.44,88.0,3,3,3,3
2026-09-03T00:53:12.250,IMU-1,0x28,4.19,-147.75,262.38,3,3,3,3
2026-09-03T00:53:12.252,IMU-2,0x29,-9.06,149.25,88.31,3,3,3,3
2026-09-03T00:53:12.350,IMU-1,0x28,4.94,-144.81,261.88,3,3,3,3
2026-09-03T00:53:12.352,IMU-2,0x29,-9.81,146.38,87.81,3,3,3,3
2026-09-03T00:53:12.450,IMU-1,0x28,3.88,-141.38,258.25,3,3,3,3
2026-09-03T00:53:12.452,IMU-2,0x29,-8.69,142.81,83.88,3,3,3,3
2026-09-03T00:53:12.550,IMU-1,0x28,3.19,-138.44,253.69,3,3,3,3
2026-09-03T00:53:12.552,IMU-2,0x29,-7.94,139.69,79.5,3,3,3,3
2026-09-03T00:53:12.650,IMU-1,0x28,-0.75,-138.44,247.38,3,3,3,3
2026-09-03T00:53:12.652,IMU-2,0x29,-3.94,139.81,73.19,3,3,3,3
2026-09-03T00:53:12.750,IMU-1,0x28,-1.81,-144.94,243.06,3,3,3,3
2026-09-03T00:53:12.752,IMU-2,0x29,-2.94,146.62,68.88,3,3,3,3
2026-09-03T00:53:12.850,IMU-1,0x28,-3.06,-152.81,240.88,3,3,3,3
2026-09-03T00:53:12.852,IMU-2,0x29,-1.44,154.62,66.69,3,3,3,3
2026-09-03T00:53:12.950,IMU-1,0x28,-4.69,-165.12,239.06,3,3,3,3
2026-09-03T00:53:12.952,IMU-2,0x29,-0.06,166.56,64.69,3,3,3,3
2026-09-03T00:53:13.051,IMU-1,0x28,-5.44,177.31,239.0,3,3,3,3
2026-09-03T00:53:13.053,IMU-2,0x29,1.25,-176.19,64.62,3,3,3,3
2026-09-03T00:53:13.151,IMU-1,0x28,-12.88,166.5,242.12,3,3,3,3
2026-09-03T00:53:13.152,IMU-2,0x29,9.38,-165.62,67.56,3,3,3,3
2026-09-03T00:53:13.251,IMU-1,0x28,-13.44,157.81,241.81,3,3,3,3
2026-09-03T00:53:13.252,IMU-2,0x29,9.25,-157.56,66.94,3,3,3,3
2026-09-03T00:53:13.351,IMU-1,0x28,-9.81,152.75,240.75,3,3,3,3
2026-09-03T00:53:13.352,IMU-2,0x29,5.88,-152.5,65.62,3,3,3,3
2026-09-03T00:53:13.451,IMU-1,0x28,-7.38,145.88,239.19,3,3,3,3
2026-09-03T00:53:13.452,IMU-2,0x29,3.94,-146.19,63.94,3,3,3,3
2026-09-03T00:53:13.551,IMU-1,0x28,-5.5,159.88,243.06,3,3,3,3
2026-09-03T00:53:13.552,IMU-2,0x29,1.62,-158.5,67.44,3,3,3,3
2026-09-03T00:53:13.651,IMU-1,0x28,-0.62,-172.94,252.62,3,3,3,3
2026-09-03T00:53:13.653,IMU-2,0x29,-3.94,174.88,77.38,3,3,3,3
2026-09-03T00:53:13.751,IMU-1,0x28,3.19,-162.94,251.38,3,3,3,3
2026-09-03T00:53:13.752,IMU-2,0x29,-8.06,164.31,76.75,3,3,3,3
2026-09-03T00:53:13.851,IMU-1,0x28,5.69,-158.31,250.0,3,3,3,3
2026-09-03T00:53:13.852,IMU-2,0x29,-10.81,159.25,75.25,3,3,3,3
2026-09-03T00:53:13.951,IMU-1,0x28,4.38,-160.62,247.25,3,3,3,3
2026-09-03T00:53:13.953,IMU-2,0x29,-9.31,161.19,72.62,3,3,3,3
2026-09-03T00:53:14.052,IMU-1,0x28,4.38,-163.25,243.31,3,3,3,3
2026-09-03T00:53:14.053,IMU-2,0x29,-9.12,163.81,68.69,3,3,3,3
2026-09-03T00:53:14.151,IMU-1,0x28,3.12,-164.06,238.88,3,3,3,3
2026-09-03T00:53:14.153,IMU-2,0x29,-7.94,164.31,64.12,3,3,3,3
2026-09-03T00:53:14.251,IMU-1,0x28,2.88,-168.12,237.5,3,3,3,3
2026-09-03T00:53:14.253,IMU-2,0x29,-7.44,167.88,62.56,3,3,3,3
2026-09-03T00:53:14.351,IMU-1,0x28,1.88,-174.38,237.62,3,3,3,3
2026-09-03T00:53:14.353,IMU-2,0x29,-6.31,174.12,62.44,3,3,3,3
2026-09-03T00:53:14.451,IMU-1,0x28,2.5,-175.62,237.06,3,3,3,3
2026-09-03T00:53:14.453,IMU-2,0x29,-6.94,175.25,61.81,3,3,3,3
2026-09-03T00:53:14.551,IMU-1,0x28,3.69,-171.69,236.69,3,3,3,3
2026-09-03T00:53:14.553,IMU-2,0x29,-8.12,171.19,61.5,3,3,3,3
2026-09-03T00:53:14.651,IMU-1,0x28,4.69,-171.19,237.44,3,3,3,3
2026-09-03T00:53:14.653,IMU-2,0x29,-9.19,170.81,62.12,3,3,3,3
2026-09-03T00:53:14.751,IMU-1,0x28,4.0,-171.88,237.75,3,3,3,3
2026-09-03T00:53:14.753,IMU-2,0x29,-8.44,171.5,62.62,3,3,3,3
2026-09-03T00:53:14.852,IMU-1,0x28,3.25,-172.38,239.5,3,3,3,3
2026-09-03T00:53:14.853,IMU-2,0x29,-7.81,172.12,64.5,3,3,3,3
2026-09-03T00:53:14.952,IMU-1,0x28,2.25,-170.94,240.88,3,3,3,3
2026-09-03T00:53:14.953,IMU-2,0x29,-6.88,170.81,65.94,3,3,3,3
2026-09-03T00:53:15.052,IMU-1,0x28,3.81,-165.94,242.25,3,3,3,3
2026-09-03T00:53:15.054,IMU-2,0x29,-8.62,165.88,67.31,3,3,3,3
2026-09-03T00:53:15.152,IMU-1,0x28,5.62,-166.62,242.06,3,3,3,3
2026-09-03T00:53:15.153,IMU-2,0x29,-10.38,166.5,67.12,3,3,3,3
2026-09-03T00:53:15.252,IMU-1,0x28,4.56,-169.25,239.94,3,3,3,3
2026-09-03T00:53:15.253,IMU-2,0x29,-9.25,168.94,65.0,3,3,3,3
2026-09-03T00:53:15.352,IMU-1,0x28,5.31,-170.88,238.25,3,3,3,3
2026-09-03T00:53:15.353,IMU-2,0x29,-9.69,170.69,63.19,3,3,3,3
2026-09-03T00:53:15.452,IMU-1,0x28,2.19,-170.69,236.06,3,3,3,3
2026-09-03T00:53:15.454,IMU-2,0x29,-6.62,170.25,61.25,3,3,3,3
2026-09-03T00:53:15.552,IMU-1,0x28,2.44,-169.44,232.56,3,3,3,3
2026-09-03T00:53:15.554,IMU-2,0x29,-6.62,168.62,57.56,3,3,3,3
2026-09-03T00:53:15.652,IMU-1,0x28,3.0,-172.06,230.94,3,3,3,3
2026-09-03T00:53:15.653,IMU-2,0x29,-7.19,171.5,56.25,3,3,3,3
2026-09-03T00:53:15.752,IMU-1,0x28,2.62,-176.81,233.56,3,3,3,3
2026-09-03T00:53:15.754,IMU-2,0x29,-6.69,176.56,59.12,3,3,3,3
2026-09-03T00:53:15.852,IMU-1,0x28,-0.56,-176.94,238.44,3,3,3,3
2026-09-03T00:53:15.854,IMU-2,0x29,-3.69,176.44,64.12,3,3,3,3
2026-09-03T00:53:15.952,IMU-1,0x28,-0.25,-177.56,239.94,3,3,3,3
2026-09-03T00:53:15.954,IMU-2,0x29,-4.44,177.38,65.19,3,3,3,3
2026-09-03T00:53:16.053,IMU-1,0x28,-1.56,-177.69,239.62,3,3,3,3
2026-09-03T00:53:16.055,IMU-2,0x29,-2.56,177.56,64.88,3,3,3,3
2026-09-03T00:53:16.152,IMU-1,0x28,-1.31,-179.0,239.06,3,3,3,3
2026-09-03T00:53:16.154,IMU-2,0x29,-3.5,179.0,64.38,3,3,3,3
2026-09-03T00:53:16.252,IMU-1,0x28,-1.88,179.25,239.19,3,3,3,3
2026-09-03T00:53:16.254,IMU-2,0x29,-2.06,-179.88,64.75,3,3,3,3
2026-09-03T00:53:16.352,IMU-1,0x28,-2.25,179.81,238.88,3,3,3,3
2026-09-03T00:53:16.354,IMU-2,0x29,-1.94,179.81,64.31,3,3,3,3
2026-09-03T00:53:16.452,IMU-1,0x28,-6.0,177.25,237.62,3,3,3,3
2026-09-03T00:53:16.455,IMU-2,0x29,1.88,-177.75,63.44,3,3,3,3
2026-09-03T00:53:16.553,IMU-1,0x28,-5.56,174.75,237.44,3,3,3,3
2026-09-03T00:53:16.555,IMU-2,0x29,1.25,-175.19,62.88,3,3,3,3
2026-09-03T00:53:16.653,IMU-1,0x28,-5.88,-178.75,236.5,3,3,3,3
2026-09-03T00:53:16.655,IMU-2,0x29,1.5,178.12,62.12,3,3,3,3
2026-09-03T00:53:16.753,IMU-1,0x28,-5.69,-178.56,238.0,3,3,3,3
2026-09-03T00:53:16.755,IMU-2,0x29,1.19,178.06,63.5,3,3,3,3
2026-09-03T00:53:16.853,IMU-1,0x28,-4.0,-179.69,238.75,3,3,3,3
2026-09-03T00:53:16.856,IMU-2,0x29,-0.44,179.31,64.19,3,3,3,3
2026-09-03T00:53:16.953,IMU-1,0x28,-1.75,-179.44,240.56,3,3,3,3
2026-09-03T00:53:16.956,IMU-2,0x29,-2.81,179.12,65.88,3,3,3,3
2026-09-03T00:53:17.053,IMU-1,0x28,-2.25,-178.31,239.25,3,3,3,3
2026-09-03T00:53:17.057,IMU-2,0x29,-2.25,177.94,64.56,3,3,3,3
2026-09-03T00:53:17.153,IMU-1,0x28,-1.81,-179.12,237.56,3,3,3,3
2026-09-03T00:53:17.156,IMU-2,0x29,-2.56,178.69,62.75,3,3,3,3
2026-09-03T00:53:17.253,IMU-1,0x28,-1.56,-179.62,238.0,3,3,3,3
2026-09-03T00:53:17.256,IMU-2,0x29,-2.75,179.19,63.06,3,3,3,3
2026-09-03T00:53:17.353,IMU-1,0x28,-1.69,-179.44,239.12,3,3,3,3
2026-09-03T00:53:17.356,IMU-2,0x29,-2.69,179.12,64.12,3,3,3,3
2026-09-03T00:53:17.453,IMU-1,0x28,-1.5,-179.75,239.94,3,3,3,3
2026-09-03T00:53:17.456,IMU-2,0x29,-2.88,179.56,64.81,3,3,3,3
2026-09-03T00:53:17.553,IMU-1,0x28,-1.5,-179.75,240.12,3,3,3,3
2026-09-03T00:53:17.556,IMU-2,0x29,-2.81,179.69,64.88,3,3,3,3
2026-09-03T00:53:17.653,IMU-1,0x28,-1.44,-179.69,240.12,3,3,3,3
2026-09-03T00:53:17.656,IMU-2,0x29,-2.75,179.75,64.69,3,3,3,3
2026-09-03T00:53:17.753,IMU-1,0x28,-1.38,-179.62,240.12,3,3,3,3
2026-09-03T00:53:17.756,IMU-2,0x29,-2.75,179.81,64.12,3,3,3,3
2026-09-03T00:53:17.853,IMU-1,0x28,-1.31,-179.56,240.19,3,3,3,3
2026-09-03T00:53:17.857,IMU-2,0x29,-2.69,179.81,63.88,3,3,3,3
2026-09-03T00:53:17.953,IMU-1,0x28,-1.25,-179.5,240.19,3,3,3,3
2026-09-03T00:53:17.957,IMU-2,0x29,-2.69,179.88,63.81,3,3,3,3
2026-09-03T00:53:18.054,IMU-1,0x28,-1.19,-179.44,240.31,3,3,3,3
2026-09-03T00:53:18.058,IMU-2,0x29,-2.62,179.94,63.75,3,3,3,3
2026-09-03T00:53:18.154,IMU-1,0x28,-1.12,-179.38,240.31,3,3,3,3
2026-09-03T00:53:18.156,IMU-2,0x29,-2.62,179.94,63.62,3,3,3,3
2026-09-03T00:53:18.254,IMU-1,0x28,-1.12,-179.38,240.31,3,3,3,3
2026-09-03T00:53:18.256,IMU-2,0x29,-2.62,-179.94,63.56,3,3,3,3
2026-09-03T00:53:18.354,IMU-1,0x28,-1.06,-179.31,240.31,3,3,3,3
2026-09-03T00:53:18.355,IMU-2,0x29,-2.56,-179.94,63.56,3,3,3,3
2026-09-03T00:53:18.454,IMU-1,0x28,-1.06,-179.31,240.31,3,3,3,3
2026-09-03T00:53:18.455,IMU-2,0x29,-2.56,-179.88,63.56,3,3,3,3
2026-09-03T00:53:18.554,IMU-1,0x28,-1.0,-179.25,240.31,3,3,3,3
2026-09-03T00:53:18.555,IMU-2,0x29,-2.56,-179.88,63.56,3,3,3,3
2026-09-03T00:53:18.654,IMU-1,0x28,-1.0,-179.25,240.31,3,3,3,3
2026-09-03T00:53:18.655,IMU-2,0x29,-2.56,-179.88,63.56,3,3,3,3
2026-09-03T00:53:18.754,IMU-1,0x28,-0.94,-179.25,240.31,3,3,3,3
2026-09-03T00:53:18.756,IMU-2,0x29,-2.56,-179.88,63.56,3,3,3,3
2026-09-03T00:53:18.854,IMU-1,0x28,-0.94,-179.19,240.31,3,3,3,3
2026-09-03T00:53:18.856,IMU-2,0x29,-2.56,-179.88,63.56,3,3,3,3
2026-09-03T00:53:18.955,IMU-1,0x28,-0.94,-179.19,240.31,3,3,3,3
2026-09-03T00:53:18.956,IMU-2,0x29,-2.56,-179.88,63.56,3,3,3,3
2026-09-03T00:53:19.055,IMU-1,0x28,-0.94,-179.19,240.31,3,3,3,3
2026-09-03T00:53:19.057,IMU-2,0x29,-2.56,-179.88,63.56,3,3,3,3
2026-09-03T00:53:19.155,IMU-1,0x28,-0.94,-179.19,240.31,3,3,3,3
2026-09-03T00:53:19.157,IMU-2,0x29,-2.56,-179.88,63.56,3,3,3,3
2026-09-03T00:53:19.255,IMU-1,0x28,-0.94,-179.19,240.31,3,3,3,3
2026-09-03T00:53:19.257,IMU-2,0x29,-2.56,-179.88,63.56,3,3,3,3
2026-09-03T00:53:19.356,IMU-1,0x28,-0.94,-179.19,240.31,3,3,3,3
2026-09-03T00:53:19.357,IMU-2,0x29,-2.56,-179.88,63.56,3,3,3,3
2026-09-03T00:53:19.456,IMU-1,0x28,-0.94,-179.19,240.31,3,3,3,3
2026-09-03T00:53:19.457,IMU-2,0x29,-2.56,-179.88,63.56,3,3,3,3
2026-09-03T00:53:19.556,IMU-1,0x28,-0.94,-179.19,240.31,3,3,3,3
2026-09-03T00:53:19.557,IMU-2,0x29,-2.56,-179.88,63.56,3,3,3,3
2026-09-03T00:53:19.656,IMU-1,0x28,-0.94,-179.19,240.31,3,3,3,3
2026-09-03T00:53:19.658,IMU-2,0x29,-2.56,-179.88,63.56,3,3,3,3
2026-09-03T00:53:19.756,IMU-1,0x28,-0.94,-179.19,240.31,3,3,3,3
2026-09-03T00:53:19.758,IMU-2,0x29,-2.56,-179.88,63.56,3,3,3,3
2026-09-03T00:53:19.856,IMU-1,0x28,-0.94,-179.19,240.31,3,3,3,3
2026-09-03T00:53:19.858,IMU-2,0x29,-2.56,-179.88,63.56,3,3,3,3
2026-09-03T00:53:19.956,IMU-1,0x28,-0.94,-179.19,240.31,3,3,3,3
2026-09-03T00:53:19.958,IMU-2,0x29,-2.56,-179.88,63.56,3,3,3,3
2026-09-03T00:53:20.057,IMU-1,0x28,-0.94,-179.19,240.31,3,3,3,3
2026-09-03T00:53:20.059,IMU-2,0x29,-2.56,-179.88,63.56,3,3,3,3
2026-09-03T00:53:20.156,IMU-1,0x28,-0.94,-179.19,240.31,3,3,3,3
2026-09-03T00:53:20.159,IMU-2,0x29,-2.56,-179.88,63.56,3,3,3,3
2026-09-03T00:53:20.256,IMU-1,0x28,-0.94,-179.19,240.31,3,3,3,3
2026-09-03T00:53:20.259,IMU-2,0x29,-2.56,-179.88,63.56,3,3,3,3
2026-09-03T00:53:20.356,IMU-1,0x28,-0.94,-179.19,240.31,3,3,3,3
2026-09-03T00:53:20.359,IMU-2,0x29,-2.56,-179.88,63.56,3,3,3,3
2026-09-03T00:53:20.457,IMU-1,0x28,-0.94,-179.19,240.31,3,3,3,3
2026-09-03T00:53:20.459,IMU-2,0x29,-2.56,-179.88,63.56,3,3,3,3
2026-09-03T00:53:20.557,IMU-1,0x28,-0.94,-179.19,240.31,3,3,3,3
2026-09-03T00:53:20.560,IMU-2,0x29,-2.56,-179.88,63.56,3,3,3,3
2026-09-03T00:53:20.657,IMU-1,0x28,-0.94,-179.19,240.31,3,3,3,3
2026-09-03T00:53:20.660,IMU-2,0x29,-2.56,-179.88,63.56,3,3,3,3
2026-09-03T00:53:20.757,IMU-1,0x28,-0.94,-179.19,240.31,3,3,3,3
2026-09-03T00:53:20.760,IMU-2,0x29,-2.56,-179.88,63.56,3,3,3,3
2026-09-03T00:53:20.857,IMU-1,0x28,-0.94,-179.19,240.31,3,3,3,3
2026-09-03T00:53:20.860,IMU-2,0x29,-2.56,-179.88,63.56,3,3,3,3
2026-09-03T00:53:20.957,IMU-1,0x28,-0.94,-179.19,240.31,3,3,3,3
2026-09-03T00:53:20.960,IMU-2,0x29,-2.56,-179.88,63.56,3,3,3,3
2026-09-03T00:53:21.058,IMU-1,0x28,-0.94,-179.19,240.31,3,3,3,3
2026-09-03T00:53:21.062,IMU-2,0x29,-2.56,-179.88,63.56,3,3,3,3
2026-09-03T00:53:21.156,IMU-1,0x28,-0.94,-179.19,240.31,3,3,3,3
2026-09-03T00:53:21.159,IMU-2,0x29,-2.56,-179.88,63.56,3,3,3,3
2026-09-03T00:53:21.256,IMU-1,0x28,-0.94,-179.19,240.31,3,3,3,3
2026-09-03T00:53:21.258,IMU-2,0x29,-2.56,-179.88,63.56,3,3,3,3
2026-09-03T00:53:21.356,IMU-1,0x28,-0.94,-179.19,240.31,3,3,3,3
2026-09-03T00:53:21.357,IMU-2,0x29,-2.56,-179.88,63.56,3,3,3,3
2026-09-03T00:53:21.456,IMU-1,0x28,-0.94,-179.19,240.31,3,3,3,3
2026-09-03T00:53:21.457,IMU-2,0x29,-2.56,-179.88,63.56,3,3,3,3
2026-09-03T00:53:21.556,IMU-1,0x28,-0.94,-179.19,240.31,3,3,3,3
2026-09-03T00:53:21.557,IMU-2,0x29,-2.56,-179.88,63.56,3,3,3,3
2026-09-03T00:53:21.656,IMU-1,0x28,-0.94,-179.19,240.31,3,3,3,3
2026-09-03T00:53:21.658,IMU-2,0x29,-2.56,-179.88,63.56,3,3,3,3
2026-09-03T00:53:21.756,IMU-1,0x28,-0.94,-179.19,240.31,3,3,3,3
2026-09-03T00:53:21.757,IMU-2,0x29,-2.56,-179.88,63.56,3,3,3,3
2026-09-03T00:53:21.856,IMU-1,0x28,-0.94,-179.19,240.31,3,3,3,3
2026-09-03T00:53:21.857,IMU-2,0x29,-2.56,-179.88,63.56,3,3,3,3
2026-09-03T00:53:21.956,IMU-1,0x28,-0.94,-179.19,240.31,3,3,3,3
2026-09-03T00:53:21.958,IMU-2,0x29,-2.56,-179.88,63.56,3,3,3,3
2026-09-03T00:53:22.056,IMU-1,0x28,-0.94,-179.19,240.31,3,3,3,3
2026-09-03T00:53:22.058,IMU-2,0x29,-2.56,-179.88,63.56,3,3,3,3
2026-09-03T00:53:22.156,IMU-1,0x28,-0.94,-179.19,240.31,3,3,3,3
2026-09-03T00:53:22.158,IMU-2,0x29,-2.56,-179.88,63.56,3,3,3,3
2026-09-03T00:53:22.256,IMU-1,0x28,-0.94,-179.19,240.31,3,3,3,3
2026-09-03T00:53:22.258,IMU-2,0x29,-2.56,-179.88,63.56,3,3,3,3
2026-09-03T00:53:22.356,IMU-1,0x28,-0.94,-179.25,239.69,3,3,3,3
2026-09-03T00:53:22.358,IMU-2,0x29,-2.56,-179.88,62.94,3,3,3,3
2026-09-03T00:53:22.457,IMU-1,0x28,-0.94,-179.25,239.69,3,3,3,3
2026-09-03T00:53:22.458,IMU-2,0x29,-2.56,-179.88,62.94,3,3,3,3
2026-09-03T00:53:22.557,IMU-1,0x28,-0.94,-179.25,239.69,3,3,3,3
2026-09-03T00:53:22.559,IMU-2,0x29,-2.56,-179.88,62.94,3,3,3,3
2026-09-03T00:53:22.657,IMU-1,0x28,-0.94,-179.25,240.19,3,3,3,3
2026-09-03T00:53:22.659,IMU-2,0x29,-2.56,-179.88,63.5,3,3,3,3
2026-09-03T00:53:22.757,IMU-1,0x28,-0.94,-179.19,241.25,3,3,3,3
2026-09-03T00:53:22.759,IMU-2,0x29,-2.56,-179.81,64.5,3,3,3,3
2026-09-03T00:53:22.857,IMU-1,0x28,-0.94,-179.19,242.31,3,3,3,3
2026-09-03T00:53:22.859,IMU-2,0x29,-2.56,-179.75,65.56,3,3,3,3
2026-09-03T00:53:22.958,IMU-1,0x28,-0.94,-179.19,242.81,3,3,3,3
2026-09-03T00:53:22.960,IMU-2,0x29,-2.56,-179.69,66.06,3,3,3,3
2026-09-03T00:53:23.058,IMU-1,0x28,-0.94,-179.19,242.81,3,3,3,3
2026-09-03T00:53:23.061,IMU-2,0x29,-2.56,-179.69,66.12,3,3,3,3
2026-09-03T00:53:23.158,IMU-1,0x28,-0.94,-179.19,243.62,3,3,3,3
2026-09-03T00:53:23.160,IMU-2,0x29,-2.5,-179.62,66.88,3,3,3,3
2026-09-03T00:53:23.258,IMU-1,0x28,-0.94,-179.19,243.62,3,3,3,3
2026-09-03T00:53:23.261,IMU-2,0x29,-2.5,-179.62,66.88,3,3,3,3
2026-09-03T00:53:23.358,IMU-1,0x28,-0.88,-179.19,243.94,3,3,3,3
2026-09-03T00:53:23.361,IMU-2,0x29,-2.5,-179.62,67.19,3,3,3,3
2026-09-03T00:53:23.459,IMU-1,0x28,-0.88,-179.19,245.62,3,3,3,3
2026-09-03T00:53:23.461,IMU-2,0x29,-2.5,-179.56,68.81,3,3,3,3
2026-09-03T00:53:23.559,IMU-1,0x28,-0.88,-179.19,246.12,3,3,3,3
2026-09-03T00:53:23.561,IMU-2,0x29,-2.5,-179.5,69.38,3,3,3,3
2026-09-03T00:53:23.659,IMU-1,0x28,-0.88,-179.19,245.62,3,3,3,3
2026-09-03T00:53:23.662,IMU-2,0x29,-2.5,-179.5,68.88,3,3,3,3
2026-09-03T00:53:23.759,IMU-1,0x28,-1.62,-178.0,245.88,3,3,3,3
2026-09-03T00:53:23.762,IMU-2,0x29,-1.81,179.31,69.12,3,3,3,3
2026-09-03T00:53:23.859,IMU-1,0x28,-2.69,-170.38,248.31,3,3,3,3
2026-09-03T00:53:23.862,IMU-2,0x29,-0.81,172.12,71.38,3,3,3,3
2026-09-03T00:53:23.959,IMU-1,0x28,-0.75,-159.62,254.75,3,3,3,3
2026-09-03T00:53:23.962,IMU-2,0x29,-3.0,161.81,77.62,3,3,3,3
2026-09-03T00:53:24.060,IMU-1,0x28,1.0,-152.69,261.25,3,3,3,3
2026-09-03T00:53:24.064,IMU-2,0x29,-4.81,155.62,83.69,3,3,3,3
2026-09-03T00:53:24.159,IMU-1,0x28,2.5,-154.56,262.44,3,3,3,3
2026-09-03T00:53:24.162,IMU-2,0x29,-6.31,157.62,84.56,3,3,3,3
2026-09-03T00:53:24.259,IMU-1,0x28,5.0,-155.44,262.25,3,3,3,3
2026-09-03T00:53:24.262,IMU-2,0x29,-8.75,158.5,84.19,3,3,3,3
2026-09-03T00:53:24.359,IMU-1,0x28,5.69,-157.62,260.44,3,3,3,3
2026-09-03T00:53:24.362,IMU-2,0x29,-9.31,160.62,82.44,3,3,3,3
2026-09-03T00:53:24.459,IMU-1,0x28,6.44,-157.25,260.12,3,3,3,3
2026-09-03T00:53:24.462,IMU-2,0x29,-10.06,160.12,82.19,3,3,3,3
2026-09-03T00:53:24.559,IMU-1,0x28,7.62,-155.44,260.31,3,3,3,3
2026-09-03T00:53:24.562,IMU-2,0x29,-11.31,158.12,82.38,3,3,3,3
2026-09-03T00:53:24.659,IMU-1,0x28,7.81,-154.0,259.94,3,3,3,3
2026-09-03T00:53:24.662,IMU-2,0x29,-11.38,156.88,82.0,3,3,3,3
2026-09-03T00:53:24.758,IMU-1,0x28,7.56,-153.44,260.0,3,3,3,3
2026-09-03T00:53:24.760,IMU-2,0x29,-11.19,156.31,82.0,3,3,3,3
2026-09-03T00:53:24.858,IMU-1,0x28,7.75,-153.25,259.62,3,3,3,3
2026-09-03T00:53:24.859,IMU-2,0x29,-11.25,156.06,81.62,3,3,3,3
2026-09-03T00:53:24.959,IMU-1,0x28,7.62,-149.12,261.19,3,3,3,3
2026-09-03T00:53:24.960,IMU-2,0x29,-11.19,151.88,83.19,3,3,3,3
2026-09-03T00:53:25.059,IMU-1,0x28,7.38,-146.88,261.75,3,3,3,3
2026-09-03T00:53:25.061,IMU-2,0x29,-10.94,149.62,83.69,3,3,3,3
2026-09-03T00:53:25.158,IMU-1,0x28,6.62,-145.88,262.31,3,3,3,3
2026-09-03T00:53:25.160,IMU-2,0x29,-10.12,148.62,84.44,3,3,3,3
2026-09-03T00:53:25.258,IMU-1,0x28,6.5,-147.06,261.81,3,3,3,3
2026-09-03T00:53:25.260,IMU-2,0x29,-9.94,149.81,84.06,3,3,3,3
2026-09-03T00:53:25.358,IMU-1,0x28,6.94,-150.19,260.5,3,3,3,3
2026-09-03T00:53:25.360,IMU-2,0x29,-10.38,152.88,82.69,3,3,3,3
2026-09-03T00:53:25.458,IMU-1,0x28,7.38,-155.44,258.62,3,3,3,3
2026-09-03T00:53:25.460,IMU-2,0x29,-10.81,158.0,80.88,3,3,3,3
2026-09-03T00:53:25.558,IMU-1,0x28,7.75,-162.12,256.69,3,3,3,3
2026-09-03T00:53:25.560,IMU-2,0x29,-11.06,164.69,79.0,3,3,3,3
2026-09-03T00:53:25.658,IMU-1,0x28,8.12,-167.81,255.5,3,3,3,3
2026-09-03T00:53:25.660,IMU-2,0x29,-11.31,169.69,77.88,3,3,3,3
2026-09-03T00:53:25.758,IMU-1,0x28,8.25,-173.06,254.25,3,3,3,3
2026-09-03T00:53:25.760,IMU-2,0x29,-11.38,174.88,76.62,3,3,3,3
2026-09-03T00:53:25.858,IMU-1,0x28,7.94,-178.12,252.62,3,3,3,3
2026-09-03T00:53:25.860,IMU-2,0x29,-10.94,-179.88,75.06,3,3,3,3
2026-09-03T00:53:25.958,IMU-1,0x28,7.88,178.0,251.31,3,3,3,3
2026-09-03T00:53:25.960,IMU-2,0x29,-10.75,-176.25,73.81,3,3,3,3
2026-09-03T00:53:26.059,IMU-1,0x28,8.5,171.75,250.06,3,3,3,3
2026-09-03T00:53:26.061,IMU-2,0x29,-11.25,-170.12,72.5,3,3,3,3
2026-09-03T00:53:26.159,IMU-1,0x28,7.38,164.12,248.62,3,3,3,3
2026-09-03T00:53:26.160,IMU-2,0x29,-10.12,-162.62,71.06,3,3,3,3
2026-09-03T00:53:26.259,IMU-1,0x28,5.81,162.25,248.75,3,3,3,3
2026-09-03T00:53:26.261,IMU-2,0x29,-8.31,-160.69,71.25,3,3,3,3
2026-09-03T00:53:26.359,IMU-1,0x28,5.38,161.44,248.62,3,3,3,3
2026-09-03T00:53:26.361,IMU-2,0x29,-7.81,-159.75,71.06,3,3,3,3
2026-09-03T00:53:26.459,IMU-1,0x28,5.12,160.88,248.44,3,3,3,3
2026-09-03T00:53:26.461,IMU-2,0x29,-7.5,-159.12,71.0,3,3,3,3
2026-09-03T00:53:26.559,IMU-1,0x28,4.94,160.75,248.38,3,3,3,3
2026-09-03T00:53:26.561,IMU-2,0x29,-7.38,-158.94,70.94,3,3,3,3
2026-09-03T00:53:26.659,IMU-1,0x28,4.62,160.5,248.44,3,3,3,3
2026-09-03T00:53:26.661,IMU-2,0x29,-7.06,-158.62,71.06,3,3,3,3
2026-09-03T00:53:26.760,IMU-1,0x28,3.94,161.44,248.5,3,3,3,3
2026-09-03T00:53:26.761,IMU-2,0x29,-6.44,-159.5,71.0,3,3,3,3
2026-09-03T00:53:26.860,IMU-1,0x28,2.88,168.38,249.38,3,3,3,3
2026-09-03T00:53:26.861,IMU-2,0x29,-5.5,-166.75,71.88,3,3,3,3
2026-09-03T00:53:26.960,IMU-1,0x28,0.62,174.25,249.69,3,3,3,3
2026-09-03T00:53:26.962,IMU-2,0x29,-3.31,-172.56,72.12,3,3,3,3
2026-09-03T00:53:27.061,IMU-1,0x28,-0.31,176.62,250.38,3,3,3,3
2026-09-03T00:53:27.063,IMU-2,0x29,-2.38,-174.81,72.81,3,3,3,3
2026-09-03T00:53:27.161,IMU-1,0x28,0.12,178.19,250.75,3,3,3,3
2026-09-03T00:53:27.162,IMU-2,0x29,-3.0,-176.38,73.12,3,3,3,3
2026-09-03T00:53:27.261,IMU-1,0x28,1.19,-177.81,251.81,3,3,3,3
2026-09-03T00:53:27.262,IMU-2,0x29,-4.19,179.62,74.12,3,3,3,3
2026-09-03T00:53:27.361,IMU-1,0x28,1.88,-169.81,253.69,3,3,3,3
2026-09-03T00:53:27.362,IMU-2,0x29,-4.75,171.25,76.0,3,3,3,3
2026-09-03T00:53:27.461,IMU-1,0x28,1.56,-164.25,255.62,3,3,3,3
2026-09-03T00:53:27.462,IMU-2,0x29,-4.56,166.31,77.88,3,3,3,3
2026-09-03T00:53:27.561,IMU-1,0x28,2.94,-157.88,257.69,3,3,3,3
2026-09-03T00:53:27.563,IMU-2,0x29,-6.12,159.94,79.75,3,3,3,3
2026-09-03T00:53:27.661,IMU-1,0x28,4.12,-152.31,259.56,3,3,3,3
2026-09-03T00:53:27.663,IMU-2,0x29,-7.38,154.31,81.56,3,3,3,3
2026-09-03T00:53:27.761,IMU-1,0x28,4.38,-150.44,259.88,3,3,3,3
2026-09-03T00:53:27.763,IMU-2,0x29,-7.56,152.69,81.88,3,3,3,3
2026-09-03T00:53:27.861,IMU-1,0x28,5.44,-147.69,260.62,3,3,3,3
2026-09-03T00:53:27.863,IMU-2,0x29,-8.62,149.94,82.69,3,3,3,3
2026-09-03T00:53:27.960,IMU-1,0x28,6.62,-144.12,261.88,3,3,3,3
2026-09-03T00:53:27.962,IMU-2,0x29,-9.81,146.5,83.81,3,3,3,3
2026-09-03T00:53:28.062,IMU-1,0x28,6.88,-141.69,262.62,3,3,3,3
2026-09-03T00:53:28.064,IMU-2,0x29,-10.0,144.0,84.69,3,3,3,3
2026-09-03T00:53:28.161,IMU-1,0x28,9.0,-135.31,59.19,3,3,3,3
2026-09-03T00:53:28.163,IMU-2,0x29,-12.19,137.56,86.5,3,3,3,3
2026-09-03T00:53:28.261,IMU-1,0x28,10.81,-126.25,61.0,3,3,3,3
2026-09-03T00:53:28.263,IMU-2,0x29,-14.0,128.38,234.31,3,3,3,3
2026-09-03T00:53:28.361,IMU-1,0x28,12.12,-120.75,62.69,3,3,3,3
2026-09-03T00:53:28.363,IMU-2,0x29,-15.25,123.0,236.69,3,3,3,3
2026-09-03T00:53:28.461,IMU-1,0x28,14.06,-115.69,61.62,3,3,3,3
2026-09-03T00:53:28.462,IMU-2,0x29,-17.06,117.94,236.19,3,3,3,3
2026-09-03T00:53:28.561,IMU-1,0x28,14.0,-113.12,62.88,3,3,3,3
2026-09-03T00:53:28.562,IMU-2,0x29,-17.06,115.38,237.69,3,3,3,3
2026-09-03T00:53:28.660,IMU-1,0x28,15.56,-116.31,55.94,3,3,3,3
2026-09-03T00:53:28.662,IMU-2,0x29,-18.5,119.06,230.0,3,3,3,3
2026-09-03T00:53:28.760,IMU-1,0x28,17.75,-125.81,41.69,3,3,3,3
2026-09-03T00:53:28.762,IMU-2,0x29,-20.56,127.38,216.31,3,3,3,3
2026-09-03T00:53:28.860,IMU-1,0x28,22.38,-133.0,22.75,3,3,3,3
2026-09-03T00:53:28.862,IMU-2,0x29,-25.0,134.62,196.56,3,3,3,3
2026-09-03T00:53:28.960,IMU-1,0x28,27.62,-138.88,1.81,3,3,3,3
2026-09-03T00:53:28.962,IMU-2,0x29,-30.25,140.31,175.5,3,3,3,3
2026-09-03T00:53:29.061,IMU-1,0x28,32.0,-148.25,256.12,3,3,3,3
2026-09-03T00:53:29.063,IMU-2,0x29,-34.5,149.69,77.5,3,3,3,3
2026-09-03T00:53:29.160,IMU-1,0x28,35.81,-153.81,253.56,3,3,3,3
2026-09-03T00:53:29.162,IMU-2,0x29,-38.25,155.19,74.94,3,3,3,3
2026-09-03T00:53:29.261,IMU-1,0x28,38.25,-156.25,251.62,3,3,3,3
2026-09-03T00:53:29.262,IMU-2,0x29,-40.62,157.5,121.19,3,3,3,3
2026-09-03T00:53:29.361,IMU-1,0x28,38.75,-156.81,251.56,3,3,3,3
2026-09-03T00:53:29.362,IMU-2,0x29,-41.06,158.12,119.5,3,3,3,3
2026-09-03T00:53:29.461,IMU-1,0x28,39.81,-157.81,251.5,3,3,3,3
2026-09-03T00:53:29.462,IMU-2,0x29,-42.12,159.06,116.25,3,3,3,3
2026-09-03T00:53:29.561,IMU-1,0x28,41.19,-158.81,295.62,3,3,3,3
2026-09-03T00:53:29.562,IMU-2,0x29,-43.5,160.06,112.19,3,3,3,3
2026-09-03T00:53:29.661,IMU-1,0x28,42.69,-159.62,291.56,3,3,3,3
2026-09-03T00:53:29.662,IMU-2,0x29,-45.06,160.69,108.56,3,3,3,3
2026-09-03T00:53:29.761,IMU-1,0x28,45.0,-160.31,287.38,3,3,3,3
2026-09-03T00:53:29.762,IMU-2,0x29,-47.31,161.38,104.94,3,3,3,3
2026-09-03T00:53:29.861,IMU-1,0x28,46.56,-161.19,284.25,3,3,3,3
2026-09-03T00:53:29.862,IMU-2,0x29,-49.0,162.25,102.06,3,3,3,3
2026-09-03T00:53:29.961,IMU-1,0x28,47.12,-160.88,284.56,3,3,3,3
2026-09-03T00:53:29.963,IMU-2,0x29,-49.62,161.81,102.81,3,3,3,3
2026-09-03T00:53:30.062,IMU-1,0x28,46.94,-160.75,285.31,3,3,3,3
2026-09-03T00:53:30.064,IMU-2,0x29,-49.38,161.75,103.62,3,3,3,3
2026-09-03T00:53:30.161,IMU-1,0x28,47.5,-161.12,284.38,3,3,3,3
2026-09-03T00:53:30.163,IMU-2,0x29,-50.0,162.12,103.0,3,3,3,3
2026-09-03T00:53:30.261,IMU-1,0x28,47.69,-161.0,284.44,3,3,3,3
2026-09-03T00:53:30.263,IMU-2,0x29,-50.31,162.0,103.19,3,3,3,3
2026-09-03T00:53:30.361,IMU-1,0x28,48.06,-160.88,284.88,3,3,3,3
2026-09-03T00:53:30.363,IMU-2,0x29,-50.69,161.81,103.69,3,3,3,3
2026-09-03T00:53:30.461,IMU-1,0x28,49.5,-161.69,283.31,3,3,3,3
2026-09-03T00:53:30.463,IMU-2,0x29,-52.25,162.81,102.12,3,3,3,3
2026-09-03T00:53:30.561,IMU-1,0x28,51.81,-161.88,280.81,3,3,3,3
2026-09-03T00:53:30.563,IMU-2,0x29,-54.62,162.69,99.94,3,3,3,3
2026-09-03T00:53:30.661,IMU-1,0x28,53.06,-161.06,280.19,3,3,3,3
2026-09-03T00:53:30.663,IMU-2,0x29,-55.62,161.94,99.62,3,3,3,3
2026-09-03T00:53:30.761,IMU-1,0x28,53.44,-161.0,280.06,3,3,3,3
2026-09-03T00:53:30.763,IMU-2,0x29,-56.25,161.88,99.25,3,3,3,3
2026-09-03T00:53:30.862,IMU-1,0x28,54.94,-160.81,279.44,3,3,3,3
2026-09-03T00:53:30.863,IMU-2,0x29,-57.81,161.62,98.75,3,3,3,3
2026-09-03T00:53:30.962,IMU-1,0x28,56.62,-160.81,278.44,3,3,3,3
2026-09-03T00:53:30.963,IMU-2,0x29,-59.56,161.38,98.19,3,3,3,3
2026-09-03T00:53:31.062,IMU-1,0x28,58.62,-161.19,276.62,3,3,3,3
2026-09-03T00:53:31.064,IMU-2,0x29,-61.56,162.12,96.0,3,3,3,3
2026-09-03T00:53:31.162,IMU-1,0x28,59.69,-161.94,275.31,3,3,3,3
2026-09-03T00:53:31.163,IMU-2,0x29,-62.5,162.62,95.12,3,3,3,3
2026-09-03T00:53:31.262,IMU-1,0x28,59.62,-161.81,275.69,3,3,3,3
2026-09-03T00:53:31.263,IMU-2,0x29,-62.38,162.38,95.5,3,3,3,3
2026-09-03T00:53:31.363,IMU-1,0x28,59.25,-161.5,276.06,3,3,3,3
2026-09-03T00:53:31.365,IMU-2,0x29,-62.12,162.12,95.88,3,3,3,3
2026-09-03T00:53:31.462,IMU-1,0x28,59.44,-161.81,275.69,3,3,3,3
2026-09-03T00:53:31.463,IMU-2,0x29,-62.38,162.38,95.38,3,3,3,3
2026-09-03T00:53:31.562,IMU-1,0x28,59.12,-161.75,276.0,3,3,3,3
2026-09-03T00:53:31.564,IMU-2,0x29,-62.0,162.25,95.81,3,3,3,3
2026-09-03T00:53:31.662,IMU-1,0x28,59.06,-161.75,275.94,3,3,3,3
2026-09-03T00:53:31.664,IMU-2,0x29,-62.0,162.25,95.75,3,3,3,3
2026-09-03T00:53:31.762,IMU-1,0x28,59.69,-162.19,275.06,3,3,3,3
2026-09-03T00:53:31.764,IMU-2,0x29,-62.69,162.75,94.81,3,3,3,3
2026-09-03T00:53:31.862,IMU-1,0x28,61.25,-162.69,273.75,3,3,3,3
2026-09-03T00:53:31.864,IMU-2,0x29,-64.44,163.25,93.44,3,3,3,3
2026-09-03T00:53:31.962,IMU-1,0x28,62.62,-162.69,272.62,3,3,3,3
2026-09-03T00:53:31.964,IMU-2,0x29,-65.69,163.0,92.62,3,3,3,3
2026-09-03T00:53:32.063,IMU-1,0x28,62.81,-163.38,271.75,3,3,3,3
2026-09-03T00:53:32.065,IMU-2,0x29,-65.75,163.69,91.88,3,3,3,3
2026-09-03T00:53:32.162,IMU-1,0x28,63.06,-164.12,270.56,3,3,3,3
2026-09-03T00:53:32.165,IMU-2,0x29,-66.06,164.69,90.5,3,3,3,3
2026-09-03T00:53:32.262,IMU-1,0x28,61.56,-165.81,268.75,3,3,3,3
2026-09-03T00:53:32.265,IMU-2,0x29,-64.56,166.25,89.0,3,3,3,3
2026-09-03T00:53:32.363,IMU-1,0x28,60.94,-167.62,267.25,3,3,3,3
2026-09-03T00:53:32.365,IMU-2,0x29,-64.19,168.19,87.5,3,3,3,3
2026-09-03T00:53:32.463,IMU-1,0x28,61.31,-169.62,264.81,3,3,3,3
2026-09-03T00:53:32.465,IMU-2,0x29,-64.38,170.38,85.19,3,3,3,3
2026-09-03T00:53:32.563,IMU-1,0x28,56.19,-172.25,263.06,3,3,3,3
2026-09-03T00:53:32.566,IMU-2,0x29,-59.12,173.5,83.19,3,3,3,3
2026-09-03T00:53:32.663,IMU-1,0x28,39.38,-176.81,252.19,3,3,3,3
2026-09-03T00:53:32.666,IMU-2,0x29,-42.0,178.38,75.75,3,3,3,3
2026-09-03T00:53:32.763,IMU-1,0x28,26.0,175.12,250.44,3,3,3,3
2026-09-03T00:53:32.766,IMU-2,0x29,-28.5,-173.25,74.5,3,3,3,3
2026-09-03T00:53:32.863,IMU-1,0x28,10.06,175.62,247.81,3,3,3,3
2026-09-03T00:53:32.866,IMU-2,0x29,-12.56,-175.19,72.69,3,3,3,3
2026-09-03T00:53:32.963,IMU-1,0x28,-2.25,171.69,247.25,3,3,3,3
2026-09-03T00:53:32.966,IMU-2,0x29,0.44,-170.94,72.31,3,3,3,3
2026-09-03T00:53:33.063,IMU-1,0x28,-5.38,167.38,245.69,3,3,3,3
2026-09-03T00:53:33.068,IMU-2,0x29,4.12,-166.75,70.88,3,3,3,3
2026-09-03T00:53:33.163,IMU-1,0x28,-10.69,166.12,244.0,3,3,3,3
2026-09-03T00:53:33.166,IMU-2,0x29,9.0,-165.56,69.31,3,3,3,3
2026-09-03T00:53:33.263,IMU-1,0x28,-19.19,166.69,244.19,3,3,3,3
2026-09-03T00:53:33.266,IMU-2,0x29,17.75,-166.19,69.25,3,3,3,3
2026-09-03T00:53:33.363,IMU-1,0x28,-21.81,165.12,243.88,3,3,3,3
2026-09-03T00:53:33.366,IMU-2,0x29,21.0,-165.19,68.62,3,3,3,3
2026-09-03T00:53:33.463,IMU-1,0x28,-22.31,162.12,242.94,3,3,3,3
2026-09-03T00:53:33.466,IMU-2,0x29,21.25,-162.19,67.69,3,3,3,3
2026-09-03T00:53:33.563,IMU-1,0x28,-27.38,160.0,241.06,3,3,3,3
2026-09-03T00:53:33.566,IMU-2,0x29,26.25,-160.06,65.56,3,3,3,3
2026-09-03T00:53:33.663,IMU-1,0x28,-31.25,156.31,239.69,3,3,3,3
2026-09-03T00:53:33.667,IMU-2,0x29,30.75,-156.44,64.0,3,3,3,3
2026-09-03T00:53:33.764,IMU-1,0x28,-31.12,156.94,239.81,3,3,3,3
2026-09-03T00:53:33.767,IMU-2,0x29,30.75,-157.12,63.56,3,3,3,3
2026-09-03T00:53:33.864,IMU-1,0x28,-31.19,157.62,240.25,3,3,3,3
2026-09-03T00:53:33.866,IMU-2,0x29,30.62,-157.81,63.88,3,3,3,3
2026-09-03T00:53:33.964,IMU-1,0x28,-31.25,157.75,240.19,3,3,3,3
2026-09-03T00:53:33.966,IMU-2,0x29,30.81,-157.94,63.75,3,3,3,3
2026-09-03T00:53:34.064,IMU-1,0x28,-30.19,159.0,240.75,3,3,3,3
2026-09-03T00:53:34.068,IMU-2,0x29,29.56,-159.06,64.0,3,3,3,3
2026-09-03T00:53:34.164,IMU-1,0x28,-30.31,158.69,240.62,3,3,3,3
2026-09-03T00:53:34.166,IMU-2,0x29,29.81,-158.81,63.75,3,3,3,3
2026-09-03T00:53:34.264,IMU-1,0x28,-30.38,159.5,241.0,3,3,3,3
2026-09-03T00:53:34.265,IMU-2,0x29,29.56,-159.69,63.94,3,3,3,3
2026-09-03T00:53:34.364,IMU-1,0x28,-30.5,161.25,242.0,3,3,3,3
2026-09-03T00:53:34.365,IMU-2,0x29,29.62,-161.12,64.75,3,3,3,3
2026-09-03T00:53:34.464,IMU-1,0x28,-30.56,161.12,242.12,3,3,3,3
2026-09-03T00:53:34.466,IMU-2,0x29,29.69,-161.12,64.69,3,3,3,3
2026-09-03T00:53:34.564,IMU-1,0x28,-30.62,161.25,242.25,3,3,3,3
2026-09-03T00:53:34.565,IMU-2,0x29,29.75,-161.25,64.81,3,3,3,3
2026-09-03T00:53:34.664,IMU-1,0x28,-30.62,160.75,242.06,3,3,3,3
2026-09-03T00:53:34.666,IMU-2,0x29,29.69,-160.69,64.62,3,3,3,3
2026-09-03T00:53:34.764,IMU-1,0x28,-30.94,161.5,242.44,3,3,3,3
2026-09-03T00:53:34.766,IMU-2,0x29,29.94,-161.31,64.94,3,3,3,3
2026-09-03T00:53:34.864,IMU-1,0x28,-31.12,161.38,242.38,3,3,3,3
2026-09-03T00:53:34.866,IMU-2,0x29,29.94,-161.12,64.75,3,3,3,3
2026-09-03T00:53:34.964,IMU-1,0x28,-31.31,161.69,242.62,3,3,3,3
2026-09-03T00:53:34.966,IMU-2,0x29,30.0,-161.38,64.88,3,3,3,3
2026-09-03T00:53:35.065,IMU-1,0x28,-31.19,161.62,242.44,3,3,3,3
2026-09-03T00:53:35.067,IMU-2,0x29,29.69,-161.12,64.69,3,3,3,3
2026-09-03T00:53:35.164,IMU-1,0x28,-30.81,161.81,242.38,3,3,3,3
2026-09-03T00:53:35.166,IMU-2,0x29,29.06,-161.25,64.5,3,3,3,3
2026-09-03T00:53:35.264,IMU-1,0x28,-26.56,164.44,244.81,3,3,3,3
2026-09-03T00:53:35.267,IMU-2,0x29,24.62,-163.69,66.81,3,3,3,3
2026-09-03T00:53:35.364,IMU-1,0x28,-18.62,168.94,249.38,3,3,3,3
2026-09-03T00:53:35.367,IMU-2,0x29,16.44,-167.81,71.06,3,3,3,3
2026-09-03T00:53:35.465,IMU-1,0x28,-6.88,173.81,252.69,3,3,3,3
2026-09-03T00:53:35.467,IMU-2,0x29,4.56,-172.19,74.0,3,3,3,3
2026-09-03T00:53:35.565,IMU-1,0x28,2.94,176.31,253.38,3,3,3,3
2026-09-03T00:53:35.567,IMU-2,0x29,-4.56,-174.19,74.44,3,3,3,3
2026-09-03T00:53:35.665,IMU-1,0x28,8.25,177.69,254.25,3,3,3,3
2026-09-03T00:53:35.667,IMU-2,0x29,-10.0,-175.62,75.25,3,3,3,3
2026-09-03T00:53:35.765,IMU-1,0x28,12.44,178.81,255.81,3,3,3,3
2026-09-03T00:53:35.768,IMU-2,0x29,-14.25,-176.62,76.88,3,3,3,3
2026-09-03T00:53:35.865,IMU-1,0x28,17.12,179.31,256.0,3,3,3,3
2026-09-03T00:53:35.868,IMU-2,0x29,-18.94,-177.12,77.12,3,3,3,3
2026-09-03T00:53:35.965,IMU-1,0x28,23.19,178.94,256.25,3,3,3,3
2026-09-03T00:53:35.968,IMU-2,0x29,-24.94,-176.62,77.25,3,3,3,3
2026-09-03T00:53:36.065,IMU-1,0x28,28.0,178.31,256.38,3,3,3,3
2026-09-03T00:53:36.069,IMU-2,0x29,-29.75,-175.88,77.44,3,3,3,3
2026-09-03T00:53:36.165,IMU-1,0x28,27.25,178.19,257.06,3,3,3,3
2026-09-03T00:53:36.168,IMU-2,0x29,-29.12,-175.75,78.25,3,3,3,3
2026-09-03T00:53:36.265,IMU-1,0x28,27.12,177.69,257.75,3,3,3,3
2026-09-03T00:53:36.268,IMU-2,0x29,-28.94,-175.25,79.12,3,3,3,3
2026-09-03T00:53:36.365,IMU-1,0x28,28.0,177.5,257.75,3,3,3,3
2026-09-03T00:53:36.368,IMU-2,0x29,-29.81,-175.0,79.19,3,3,3,3
2026-09-03T00:53:36.465,IMU-1,0x28,28.25,177.25,257.44,3,3,3,3
2026-09-03T00:53:36.468,IMU-2,0x29,-30.06,-174.69,79.06,3,3,3,3
2026-09-03T00:53:36.565,IMU-1,0x28,27.5,177.44,257.56,3,3,3,3
2026-09-03T00:53:36.568,IMU-2,0x29,-29.44,-174.88,79.25,3,3,3,3
2026-09-03T00:53:36.665,IMU-1,0x28,27.0,177.62,257.69,3,3,3,3
2026-09-03T00:53:36.668,IMU-2,0x29,-28.88,-175.06,79.44,3,3,3,3
2026-09-03T00:53:36.765,IMU-1,0x28,27.12,177.81,257.62,3,3,3,3
2026-09-03T00:53:36.768,IMU-2,0x29,-29.25,-175.25,79.38,3,3,3,3
2026-09-03T00:53:36.865,IMU-1,0x28,26.25,177.56,257.5,3,3,3,3
2026-09-03T00:53:36.868,IMU-2,0x29,-28.5,-175.12,79.38,3,3,3,3
2026-09-03T00:53:36.966,IMU-1,0x28,23.81,176.94,257.19,3,3,3,3
2026-09-03T00:53:36.969,IMU-2,0x29,-26.19,-174.69,79.25,3,3,3,3
2026-09-03T00:53:37.066,IMU-1,0x28,17.75,176.81,256.44,3,3,3,3
2026-09-03T00:53:37.070,IMU-2,0x29,-20.5,-174.62,78.75,3,3,3,3
2026-09-03T00:53:37.166,IMU-1,0x28,9.94,172.5,254.75,3,3,3,3
2026-09-03T00:53:37.168,IMU-2,0x29,-12.38,-171.0,77.44,3,3,3,3
2026-09-03T00:53:37.266,IMU-1,0x28,3.94,167.81,252.38,3,3,3,3
2026-09-03T00:53:37.269,IMU-2,0x29,-6.31,-166.0,75.19,3,3,3,3
2026-09-03T00:53:37.366,IMU-1,0x28,-3.75,161.31,250.38,3,3,3,3
2026-09-03T00:53:37.369,IMU-2,0x29,1.44,-159.94,73.44,3,3,3,3
2026-09-03T00:53:37.467,IMU-1,0x28,-4.94,147.31,246.69,3,3,3,3
2026-09-03T00:53:37.469,IMU-2,0x29,2.94,-146.19,69.75,3,3,3,3
2026-09-03T00:53:37.567,IMU-1,0x28,-0.75,137.94,245.38,3,3,3,3
2026-09-03T00:53:37.568,IMU-2,0x29,-0.88,-136.88,68.31,3,3,3,3
2026-09-03T00:53:37.667,IMU-1,0x28,1.75,134.19,70.56,3,3,3,3
2026-09-03T00:53:37.668,IMU-2,0x29,-3.38,-133.06,257.81,3,3,3,3
2026-09-03T00:53:37.767,IMU-1,0x28,2.94,127.19,72.69,3,3,3,3
2026-09-03T00:53:37.769,IMU-2,0x29,-4.5,-125.56,259.38,3,3,3,3
2026-09-03T00:53:37.867,IMU-1,0x28,4.25,125.0,75.75,3,3,3,3
2026-09-03T00:53:37.869,IMU-2,0x29,-5.75,-123.44,261.81,3,3,3,3
2026-09-03T00:53:37.968,IMU-1,0x28,5.25,122.0,78.12,3,3,3,3
2026-09-03T00:53:37.969,IMU-2,0x29,-6.75,-120.38,264.12,3,3,3,3
2026-09-03T00:53:38.068,IMU-1,0x28,6.25,119.31,80.5,3,3,3,3
2026-09-03T00:53:38.071,IMU-2,0x29,-7.56,-118.06,266.12,3,3,3,3
2026-09-03T00:53:38.168,IMU-1,0x28,6.31,117.38,79.56,3,3,3,3
2026-09-03T00:53:38.169,IMU-2,0x29,-7.56,-116.19,265.38,3,3,3,3
2026-09-03T00:53:38.268,IMU-1,0x28,7.75,116.44,81.75,3,3,3,3
2026-09-03T00:53:38.269,IMU-2,0x29,-9.06,-114.94,267.38,3,3,3,3
2026-09-03T00:53:38.368,IMU-1,0x28,8.25,113.81,81.25,3,3,3,3
2026-09-03T00:53:38.370,IMU-2,0x29,-9.5,-112.19,266.88,3,3,3,3
2026-09-03T00:53:38.468,IMU-1,0x28,9.69,110.88,82.88,3,3,3,3
2026-09-03T00:53:38.470,IMU-2,0x29,-11.0,-109.19,268.44,3,3,3,3
2026-09-03T00:53:38.568,IMU-1,0x28,10.62,107.56,84.0,3,3,3,3
2026-09-03T00:53:38.570,IMU-2,0x29,-11.88,-105.81,269.75,3,3,3,3
2026-09-03T00:53:38.668,IMU-1,0x28,10.62,107.81,84.5,3,3,3,3
2026-09-03T00:53:38.670,IMU-2,0x29,-11.88,-105.94,270.25,3,3,3,3
2026-09-03T00:53:38.768,IMU-1,0x28,10.19,108.31,84.19,3,3,3,3
2026-09-03T00:53:38.770,IMU-2,0x29,-11.5,-106.5,270.19,3,3,3,3
2026-09-03T00:53:38.868,IMU-1,0x28,9.81,109.06,83.94,3,3,3,3
2026-09-03T00:53:38.870,IMU-2,0x29,-11.31,-107.19,270.56,3,3,3,3
2026-09-03T00:53:38.968,IMU-1,0x28,9.12,111.75,83.31,3,3,3,3
2026-09-03T00:53:38.970,IMU-2,0x29,-10.75,-109.75,270.19,3,3,3,3
2026-09-03T00:53:39.069,IMU-1,0x28,8.0,118.06,80.69,3,3,3,3
2026-09-03T00:53:39.071,IMU-2,0x29,-9.88,-116.06,268.31,3,3,3,3
2026-09-03T00:53:39.169,IMU-1,0x28,7.31,127.75,82.12,3,3,3,3
2026-09-03T00:53:39.171,IMU-2,0x29,-9.56,-126.31,271.31,3,3,3,3
2026-09-03T00:53:39.269,IMU-1,0x28,6.44,138.38,245.81,3,3,3,3
2026-09-03T00:53:39.271,IMU-2,0x29,-8.88,-136.0,69.94,3,3,3,3
2026-09-03T00:53:39.369,IMU-1,0x28,4.19,151.81,249.88,3,3,3,3
2026-09-03T00:53:39.371,IMU-2,0x29,-6.94,-149.62,74.31,3,3,3,3
2026-09-03T00:53:39.468,IMU-1,0x28,-0.06,165.75,254.5,3,3,3,3
2026-09-03T00:53:39.471,IMU-2,0x29,-3.0,-163.31,78.75,3,3,3,3
2026-09-03T00:53:39.568,IMU-1,0x28,-0.88,179.56,257.19,3,3,3,3
2026-09-03T00:53:39.571,IMU-2,0x29,-2.5,-176.88,81.25,3,3,3,3
2026-09-03T00:53:39.668,IMU-1,0x28,0.12,-168.62,260.19,3,3,3,3
2026-09-03T00:53:39.671,IMU-2,0x29,-3.69,171.69,84.0,3,3,3,3
2026-09-03T00:53:39.767,IMU-1,0x28,2.0,-158.88,264.0,3,3,3,3
2026-09-03T00:53:39.770,IMU-2,0x29,-5.69,162.19,87.62,3,3,3,3
2026-09-03T00:53:39.867,IMU-1,0x28,4.94,-152.06,265.44,3,3,3,3
2026-09-03T00:53:39.870,IMU-2,0x29,-8.69,155.5,88.94,3,3,3,3
2026-09-03T00:53:39.967,IMU-1,0x28,6.25,-145.44,268.0,3,3,3,3
2026-09-03T00:53:39.971,IMU-2,0x29,-10.0,148.88,91.56,3,3,3,3
2026-09-03T00:53:40.068,IMU-1,0x28,7.31,-141.38,270.06,3,3,3,3
2026-09-03T00:53:40.072,IMU-2,0x29,-11.06,144.88,93.56,3,3,3,3
2026-09-03T00:53:40.168,IMU-1,0x28,8.12,-138.56,271.25,3,3,3,3
2026-09-03T00:53:40.171,IMU-2,0x29,-11.81,142.06,94.88,3,3,3,3
2026-09-03T00:53:40.268,IMU-1,0x28,8.62,-135.06,68.88,3,3,3,3
2026-09-03T00:53:40.269,IMU-2,0x29,-12.31,138.44,96.75,3,3,3,3
2026-09-03T00:53:40.368,IMU-1,0x28,9.88,-128.06,71.75,3,3,3,3
2026-09-03T00:53:40.370,IMU-2,0x29,-13.5,131.56,244.5,3,3,3,3
2026-09-03T00:53:40.468,IMU-1,0x28,11.25,-122.75,71.75,3,3,3,3
2026-09-03T00:53:40.469,IMU-2,0x29,-14.88,126.19,245.56,3,3,3,3
2026-09-03T00:53:40.568,IMU-1,0x28,12.0,-118.0,70.94,3,3,3,3
2026-09-03T00:53:40.569,IMU-2,0x29,-15.62,121.44,245.31,3,3,3,3
2026-09-03T00:53:40.668,IMU-1,0x28,11.62,-114.62,71.31,3,3,3,3
2026-09-03T00:53:40.669,IMU-2,0x29,-15.25,118.0,246.19,3,3,3,3
2026-09-03T00:53:40.768,IMU-1,0x28,10.62,-110.75,71.75,3,3,3,3
2026-09-03T00:53:40.770,IMU-2,0x29,-14.19,114.0,247.31,3,3,3,3
2026-09-03T00:53:40.868,IMU-1,0x28,10.06,-107.38,71.0,3,3,3,3
2026-09-03T00:53:40.870,IMU-2,0x29,-13.75,110.62,246.75,3,3,3,3
2026-09-03T00:53:40.968,IMU-1,0x28,10.25,-105.75,69.81,3,3,3,3
2026-09-03T00:53:40.970,IMU-2,0x29,-14.0,108.94,245.69,3,3,3,3
2026-09-03T00:53:41.069,IMU-1,0x28,11.06,-103.44,69.25,3,3,3,3
2026-09-03T00:53:41.071,IMU-2,0x29,-14.75,106.69,245.38,3,3,3,3
2026-09-03T00:53:41.169,IMU-1,0x28,12.12,-100.56,69.06,3,3,3,3
2026-09-03T00:53:41.171,IMU-2,0x29,-15.75,103.81,245.44,3,3,3,3
2026-09-03T00:53:41.269,IMU-1,0x28,14.06,-97.0,68.31,3,3,3,3
2026-09-03T00:53:41.271,IMU-2,0x29,-17.88,99.94,244.75,3,3,3,3
2026-09-03T00:53:41.369,IMU-1,0x28,16.06,-93.94,67.19,3,3,3,3
2026-09-03T00:53:41.371,IMU-2,0x29,-19.69,97.0,243.88,3,3,3,3
2026-09-03T00:53:41.470,IMU-1,0x28,17.12,-92.19,66.38,3,3,3,3
2026-09-03T00:53:41.471,IMU-2,0x29,-20.62,95.38,243.19,3,3,3,3
2026-09-03T00:53:41.570,IMU-1,0x28,17.62,-91.12,66.31,3,3,3,3
2026-09-03T00:53:41.571,IMU-2,0x29,-21.0,94.38,242.62,3,3,3,3
2026-09-03T00:53:41.670,IMU-1,0x28,18.62,-90.25,65.88,3,3,3,3
2026-09-03T00:53:41.672,IMU-2,0x29,-22.0,93.38,242.25,3,3,3,3
2026-09-03T00:53:41.770,IMU-1,0x28,19.19,-89.62,65.69,3,3,3,3
2026-09-03T00:53:41.772,IMU-2,0x29,-22.62,92.62,242.0,3,3,3,3
2026-09-03T00:53:41.870,IMU-1,0x28,20.5,-88.06,65.75,3,3,3,3
2026-09-03T00:53:41.872,IMU-2,0x29,-23.81,90.75,242.12,3,3,3,3
2026-09-03T00:53:41.970,IMU-1,0x28,22.5,-85.81,65.56,3,3,3,3
2026-09-03T00:53:41.972,IMU-2,0x29,-25.69,88.31,241.56,3,3,3,3
2026-09-03T00:53:42.071,IMU-1,0x28,23.62,-84.12,65.19,3,3,3,3
2026-09-03T00:53:42.073,IMU-2,0x29,-26.69,86.69,241.12,3,3,3,3
2026-09-03T00:53:42.170,IMU-1,0x28,23.06,-84.62,65.38,3,3,3,3
2026-09-03T00:53:42.172,IMU-2,0x29,-26.0,87.31,241.31,3,3,3,3
2026-09-03T00:53:42.270,IMU-1,0x28,23.12,-84.19,65.31,3,3,3,3
2026-09-03T00:53:42.272,IMU-2,0x29,-26.06,86.88,241.0,3,3,3,3
2026-09-03T00:53:42.370,IMU-1,0x28,22.75,-84.81,65.62,3,3,3,3
2026-09-03T00:53:42.372,IMU-2,0x29,-25.69,87.44,241.0,3,3,3,3
2026-09-03T00:53:42.471,IMU-1,0x28,20.81,-87.0,66.44,3,3,3,3
2026-09-03T00:53:42.472,IMU-2,0x29,-23.44,90.06,241.81,3,3,3,3
2026-09-03T00:53:42.571,IMU-1,0x28,18.44,-90.94,66.25,3,3,3,3
2026-09-03T00:53:42.572,IMU-2,0x29,-21.25,94.12,241.5,3,3,3,3
2026-09-03T00:53:42.671,IMU-1,0x28,14.94,-98.19,66.38,3,3,3,3
2026-09-03T00:53:42.672,IMU-2,0x29,-18.0,101.31,241.19,3,3,3,3
2026-09-03T00:53:42.770,IMU-1,0x28,8.88,-109.69,68.5,3,3,3,3
2026-09-03T00:53:42.772,IMU-2,0x29,-11.94,113.12,242.94,3,3,3,3
2026-09-03T00:53:42.870,IMU-1,0x28,5.19,-118.5,69.12,3,3,3,3
2026-09-03T00:53:42.872,IMU-2,0x29,-8.5,121.81,243.06,3,3,3,3
2026-09-03T00:53:42.970,IMU-1,0x28,2.25,-128.44,69.75,3,3,3,3
2026-09-03T00:53:42.971,IMU-2,0x29,-5.88,131.25,242.25,3,3,3,3
2026-09-03T00:53:43.071,IMU-1,0x28,2.38,-139.5,250.88,3,3,3,3
2026-09-03T00:53:43.073,IMU-2,0x29,-5.94,142.44,73.38,3,3,3,3
2026-09-03T00:53:43.169,IMU-1,0x28,3.62,-156.0,247.88,3,3,3,3
2026-09-03T00:53:43.171,IMU-2,0x29,-7.12,158.81,70.25,3,3,3,3
2026-09-03T00:53:43.270,IMU-1,0x28,1.88,-171.69,247.12,3,3,3,3
2026-09-03T00:53:43.271,IMU-2,0x29,-5.12,174.44,69.38,3,3,3,3
2026-09-03T00:53:43.370,IMU-1,0x28,0.88,-175.38,248.81,3,3,3,3
2026-09-03T00:53:43.371,IMU-2,0x29,-4.06,177.44,70.75,3,3,3,3
2026-09-03T00:53:43.470,IMU-1,0x28,1.38,-172.69,249.94,3,3,3,3
2026-09-03T00:53:43.471,IMU-2,0x29,-4.69,174.69,71.75,3,3,3,3
2026-09-03T00:53:43.570,IMU-1,0x28,2.62,-171.06,250.81,3,3,3,3
2026-09-03T00:53:43.571,IMU-2,0x29,-5.94,173.25,72.5,3,3,3,3
2026-09-03T00:53:43.670,IMU-1,0x28,2.44,-170.19,251.31,3,3,3,3
2026-09-03T00:53:43.671,IMU-2,0x29,-5.81,172.44,72.81,3,3,3,3
2026-09-03T00:53:43.770,IMU-1,0x28,2.88,-169.19,251.44,3,3,3,3
2026-09-03T00:53:43.771,IMU-2,0x29,-6.25,171.38,72.94,3,3,3,3
2026-09-03T00:53:43.870,IMU-1,0x28,3.06,-170.19,251.06,3,3,3,3
2026-09-03T00:53:43.871,IMU-2,0x29,-6.38,172.38,72.56,3,3,3,3
2026-09-03T00:53:43.970,IMU-1,0x28,3.94,-174.94,249.44,3,3,3,3
2026-09-03T00:53:43.971,IMU-2,0x29,-7.12,176.88,70.75,3,3,3,3
2026-09-03T00:53:44.070,IMU-1,0x28,3.38,172.56,245.19,3,3,3,3
2026-09-03T00:53:44.072,IMU-2,0x29,-6.25,-170.81,66.44,3,3,3,3
2026-09-03T00:53:44.170,IMU-1,0x28,6.12,150.44,238.12,3,3,3,3
2026-09-03T00:53:44.172,IMU-2,0x29,-8.38,-148.88,59.19,3,3,3,3
2026-09-03T00:53:44.270,IMU-1,0x28,8.88,141.19,236.38,3,3,3,3
2026-09-03T00:53:44.272,IMU-2,0x29,-10.88,-139.69,57.06,3,3,3,3
2026-09-03T00:53:44.370,IMU-1,0x28,10.62,136.81,235.19,3,3,3,3
2026-09-03T00:53:44.372,IMU-2,0x29,-12.5,-135.19,270.44,3,3,3,3
2026-09-03T00:53:44.471,IMU-1,0x28,10.38,134.56,83.88,3,3,3,3
2026-09-03T00:53:44.472,IMU-2,0x29,-12.19,-133.06,268.44,3,3,3,3
2026-09-03T00:53:44.571,IMU-1,0x28,8.81,130.38,77.06,3,3,3,3
2026-09-03T00:53:44.572,IMU-2,0x29,-10.5,-128.94,261.44,3,3,3,3
2026-09-03T00:53:44.671,IMU-1,0x28,9.06,124.06,74.38,3,3,3,3
2026-09-03T00:53:44.672,IMU-2,0x29,-10.56,-122.56,258.12,3,3,3,3
2026-09-03T00:53:44.771,IMU-1,0x28,9.38,121.19,73.38,3,3,3,3
2026-09-03T00:53:44.773,IMU-2,0x29,-10.75,-119.31,256.69,3,3,3,3
2026-09-03T00:53:44.871,IMU-1,0x28,9.25,120.12,72.5,3,3,3,3
2026-09-03T00:53:44.873,IMU-2,0x29,-10.62,-118.56,256.06,3,3,3,3
2026-09-03T00:53:44.972,IMU-1,0x28,8.62,116.62,69.94,3,3,3,3
2026-09-03T00:53:44.973,IMU-2,0x29,-9.81,-115.12,253.31,3,3,3,3
2026-09-03T00:53:45.072,IMU-1,0x28,8.94,116.69,70.81,3,3,3,3
2026-09-03T00:53:45.074,IMU-2,0x29,-10.19,-115.12,254.31,3,3,3,3
2026-09-03T00:53:45.172,IMU-1,0x28,8.62,116.25,69.94,3,3,3,3
2026-09-03T00:53:45.174,IMU-2,0x29,-10.0,-114.62,253.69,3,3,3,3
2026-09-03T00:53:45.272,IMU-1,0x28,8.69,115.06,69.69,3,3,3,3
2026-09-03T00:53:45.274,IMU-2,0x29,-10.12,-113.31,253.69,3,3,3,3
2026-09-03T00:53:45.372,IMU-1,0x28,8.69,115.56,69.62,3,3,3,3
2026-09-03T00:53:45.373,IMU-2,0x29,-10.19,-113.62,254.0,3,3,3,3
2026-09-03T00:53:45.472,IMU-1,0x28,8.69,116.38,70.0,3,3,3,3
2026-09-03T00:53:45.474,IMU-2,0x29,-10.25,-114.5,254.69,3,3,3,3
2026-09-03T00:53:45.572,IMU-1,0x28,8.38,116.5,69.44,3,3,3,3
2026-09-03T00:53:45.573,IMU-2,0x29,-10.0,-114.56,254.25,3,3,3,3
2026-09-03T00:53:45.671,IMU-1,0x28,8.5,116.44,69.56,3,3,3,3
2026-09-03T00:53:45.672,IMU-2,0x29,-10.12,-114.31,254.38,3,3,3,3
2026-09-03T00:53:45.771,IMU-1,0x28,8.44,116.31,69.25,3,3,3,3
2026-09-03T00:53:45.772,IMU-2,0x29,-10.12,-114.12,254.25,3,3,3,3
2026-09-03T00:53:45.872,IMU-1,0x28,8.38,116.38,69.31,3,3,3,3
2026-09-03T00:53:45.873,IMU-2,0x29,-10.12,-114.19,254.38,3,3,3,3
2026-09-03T00:53:45.971,IMU-1,0x28,8.25,116.44,68.88,3,3,3,3
2026-09-03T00:53:45.972,IMU-2,0x29,-10.0,-114.19,254.38,3,3,3,3
2026-09-03T00:53:46.073,IMU-1,0x28,8.25,116.38,68.88,3,3,3,3
2026-09-03T00:53:46.076,IMU-2,0x29,-10.06,-114.06,254.38,3,3,3,3
2026-09-03T00:53:46.171,IMU-1,0x28,8.12,116.44,68.81,3,3,3,3
2026-09-03T00:53:46.173,IMU-2,0x29,-10.0,-114.12,254.5,3,3,3,3
2026-09-03T00:53:46.272,IMU-1,0x28,7.88,116.69,68.5,3,3,3,3
2026-09-03T00:53:46.274,IMU-2,0x29,-9.81,-114.31,254.25,3,3,3,3
2026-09-03T00:53:46.371,IMU-1,0x28,7.75,116.81,68.38,3,3,3,3
2026-09-03T00:53:46.373,IMU-2,0x29,-9.69,-114.44,254.19,3,3,3,3
2026-09-03T00:53:46.471,IMU-1,0x28,7.56,117.62,68.25,3,3,3,3
2026-09-03T00:53:46.473,IMU-2,0x29,-9.5,-115.19,254.19,3,3,3,3
2026-09-03T00:53:46.571,IMU-1,0x28,7.5,118.0,68.38,3,3,3,3
2026-09-03T00:53:46.573,IMU-2,0x29,-9.5,-115.56,254.38,3,3,3,3
2026-09-03T00:53:46.671,IMU-1,0x28,7.44,118.19,68.31,3,3,3,3
2026-09-03T00:53:46.673,IMU-2,0x29,-9.44,-115.69,254.38,3,3,3,3
2026-09-03T00:53:46.771,IMU-1,0x28,7.25,119.38,68.31,3,3,3,3
2026-09-03T00:53:46.773,IMU-2,0x29,-9.31,-116.88,254.44,3,3,3,3
2026-09-03T00:53:46.872,IMU-1,0x28,7.12,120.25,68.12,3,3,3,3
2026-09-03T00:53:46.873,IMU-2,0x29,-9.25,-117.69,254.38,3,3,3,3
2026-09-03T00:53:46.972,IMU-1,0x28,7.12,126.5,70.25,3,3,3,3
2026-09-03T00:53:46.973,IMU-2,0x29,-9.38,-123.5,257.0,3,3,3,3
2026-09-03T00:53:47.072,IMU-1,0x28,5.88,143.25,237.31,3,3,3,3
2026-09-03T00:53:47.074,IMU-2,0x29,-8.75,-140.06,59.38,3,3,3,3
2026-09-03T00:53:47.172,IMU-1,0x28,4.44,168.5,244.5,3,3,3,3
2026-09-03T00:53:47.173,IMU-2,0x29,-7.81,-165.25,66.81,3,3,3,3
2026-09-03T00:53:47.272,IMU-1,0x28,2.44,-179.81,248.69,3,3,3,3
2026-09-03T00:53:47.273,IMU-2,0x29,-6.0,-176.5,70.75,3,3,3,3
2026-09-03T00:53:47.372,IMU-1,0x28,2.88,-176.38,251.06,3,3,3,3
2026-09-03T00:53:47.373,IMU-2,0x29,-6.5,179.81,72.94,3,3,3,3
2026-09-03T00:53:47.472,IMU-1,0x28,3.44,-177.12,250.88,3,3,3,3
2026-09-03T00:53:47.473,IMU-2,0x29,-7.0,-179.25,72.12,3,3,3,3
2026-09-03T00:53:47.572,IMU-1,0x28,2.88,-178.44,250.5,3,3,3,3
2026-09-03T00:53:47.573,IMU-2,0x29,-6.44,-178.0,71.69,3,3,3,3
2026-09-03T00:53:47.672,IMU-1,0x28,3.19,-179.06,249.62,3,3,3,3
2026-09-03T00:53:47.674,IMU-2,0x29,-6.75,-177.38,70.62,3,3,3,3
2026-09-03T00:53:47.772,IMU-1,0x28,3.62,-179.5,249.06,3,3,3,3
2026-09-03T00:53:47.774,IMU-2,0x29,-7.12,-177.06,70.0,3,3,3,3
2026-09-03T00:53:47.872,IMU-1,0x28,4.19,-179.75,248.69,3,3,3,3
2026-09-03T00:53:47.874,IMU-2,0x29,-7.69,-176.81,69.69,3,3,3,3
2026-09-03T00:53:47.972,IMU-1,0x28,4.5,179.81,248.44,3,3,3,3
2026-09-03T00:53:47.974,IMU-2,0x29,-8.0,-176.69,69.38,3,3,3,3
2026-09-03T00:53:48.073,IMU-1,0x28,4.81,178.94,247.81,3,3,3,3
2026-09-03T00:53:48.075,IMU-2,0x29,-8.31,-175.75,68.75,3,3,3,3
2026-09-03T00:53:48.173,IMU-1,0x28,4.94,178.56,247.62,3,3,3,3
2026-09-03T00:53:48.175,IMU-2,0x29,-8.44,-175.31,68.44,3,3,3,3
2026-09-03T00:53:48.273,IMU-1,0x28,5.38,178.31,247.44,3,3,3,3
2026-09-03T00:53:48.275,IMU-2,0x29,-8.88,-175.25,68.38,3,3,3,3
2026-09-03T00:53:48.373,IMU-1,0x28,5.62,178.25,247.62,3,3,3,3
2026-09-03T00:53:48.375,IMU-2,0x29,-9.06,-175.25,68.38,3,3,3,3
2026-09-03T00:53:48.473,IMU-1,0x28,5.62,178.19,247.69,3,3,3,3
2026-09-03T00:53:48.476,IMU-2,0x29,-9.0,-175.19,68.31,3,3,3,3
2026-09-03T00:53:48.573,IMU-1,0x28,5.44,178.25,247.62,3,3,3,3
2026-09-03T00:53:48.576,IMU-2,0x29,-8.81,-175.25,68.31,3,3,3,3
2026-09-03T00:53:48.673,IMU-1,0x28,5.44,178.25,248.0,3,3,3,3
2026-09-03T00:53:48.676,IMU-2,0x29,-8.81,-175.44,68.62,3,3,3,3
2026-09-03T00:53:48.773,IMU-1,0x28,5.31,178.12,247.81,3,3,3,3
2026-09-03T00:53:48.776,IMU-2,0x29,-8.75,-175.38,68.5,3,3,3,3
2026-09-03T00:53:48.874,IMU-1,0x28,5.19,178.12,247.62,3,3,3,3
2026-09-03T00:53:48.877,IMU-2,0x29,-8.56,-175.38,68.31,3,3,3,3
2026-09-03T00:53:48.973,IMU-1,0x28,5.06,177.75,247.38,3,3,3,3
2026-09-03T00:53:48.976,IMU-2,0x29,-8.44,-175.06,68.06,3,3,3,3
2026-09-03T00:53:49.073,IMU-1,0x28,1.0,171.94,244.81,3,3,3,3
2026-09-03T00:53:49.078,IMU-2,0x29,-3.81,-169.88,65.69,3,3,3,3
2026-09-03T00:53:49.173,IMU-1,0x28,2.0,172.56,245.44,3,3,3,3
2026-09-03T00:53:49.176,IMU-2,0x29,-5.5,-170.0,66.0,3,3,3,3
2026-09-03T00:53:49.273,IMU-1,0x28,1.19,171.31,245.12,3,3,3,3
2026-09-03T00:53:49.276,IMU-2,0x29,-4.25,-168.75,65.81,3,3,3,3
2026-09-03T00:53:49.373,IMU-1,0x28,-5.31,173.38,246.62,3,3,3,3
2026-09-03T00:53:49.377,IMU-2,0x29,2.62,-171.31,67.62,3,3,3,3
2026-09-03T00:53:49.473,IMU-1,0x28,-24.25,175.38,249.31,3,3,3,3
2026-09-03T00:53:49.476,IMU-2,0x29,21.88,-173.31,70.69,3,3,3,3
2026-09-03T00:53:49.573,IMU-1,0x28,-36.5,171.94,248.94,3,3,3,3
2026-09-03T00:53:49.576,IMU-2,0x29,33.62,-169.88,70.19,3,3,3,3
2026-09-03T00:53:49.673,IMU-1,0x28,-42.12,162.19,282.0,3,3,3,3
2026-09-03T00:53:49.676,IMU-2,0x29,39.25,-161.38,66.19,3,3,3,3
2026-09-03T00:53:49.773,IMU-1,0x28,-45.94,160.75,278.69,3,3,3,3
2026-09-03T00:53:49.776,IMU-2,0x29,43.25,-160.25,104.0,3,3,3,3
2026-09-03T00:53:49.873,IMU-1,0x28,-48.25,164.0,271.94,3,3,3,3
2026-09-03T00:53:49.876,IMU-2,0x29,45.38,-163.38,96.88,3,3,3,3
2026-09-03T00:53:49.973,IMU-1,0x28,-50.06,161.94,272.19,3,3,3,3
2026-09-03T00:53:49.976,IMU-2,0x29,47.25,-161.5,96.69,3,3,3,3
2026-09-03T00:53:50.074,IMU-1,0x28,-50.06,161.12,272.56,3,3,3,3
2026-09-03T00:53:50.077,IMU-2,0x29,47.25,-160.75,97.0,3,3,3,3
2026-09-03T00:53:50.174,IMU-1,0x28,-52.06,158.06,273.44,3,3,3,3
2026-09-03T00:53:50.175,IMU-2,0x29,49.44,-158.12,97.31,3,3,3,3
2026-09-03T00:53:50.274,IMU-1,0x28,-54.62,159.38,268.94,3,3,3,3
2026-09-03T00:53:50.275,IMU-2,0x29,52.0,-159.62,92.19,3,3,3,3
2026-09-03T00:53:50.374,IMU-1,0x28,-59.94,160.75,263.44,3,3,3,3
2026-09-03T00:53:50.375,IMU-2,0x29,57.19,-161.44,85.94,3,3,3,3
2026-09-03T00:53:50.474,IMU-1,0x28,-67.0,161.88,260.0,3,3,3,3
2026-09-03T00:53:50.475,IMU-2,0x29,64.25,-163.38,81.69,3,3,3,3
2026-09-03T00:53:50.574,IMU-1,0x28,-73.25,146.38,266.19,3,3,3,3
2026-09-03T00:53:50.575,IMU-2,0x29,70.94,-151.0,87.44,3,3,3,3
2026-09-03T00:53:50.674,IMU-1,0x28,-81.44,128.81,265.5,3,3,3,3
2026-09-03T00:53:50.675,IMU-2,0x29,79.38,-141.12,86.94,3,3,3,3
2026-09-03T00:53:50.774,IMU-1,0x28,-81.44,115.06,268.06,3,3,3,3
2026-09-03T00:53:50.775,IMU-2,0x29,79.19,-131.5,89.94,3,3,3,3
2026-09-03T00:53:50.874,IMU-1,0x28,-80.0,112.0,269.75,3,3,3,3
2026-09-03T00:53:50.875,IMU-2,0x29,78.31,-126.94,91.31,3,3,3,3
2026-09-03T00:53:50.974,IMU-1,0x28,-81.06,112.56,268.31,3,3,3,3
2026-09-03T00:53:50.976,IMU-2,0x29,79.12,-130.19,90.12,3,3,3,3
2026-09-03T00:53:51.074,IMU-1,0x28,-79.31,126.44,269.44,3,3,3,3
2026-09-03T00:53:51.077,IMU-2,0x29,76.56,-138.44,91.56,3,3,3,3
2026-09-03T00:53:51.174,IMU-1,0x28,-75.81,148.06,266.81,3,3,3,3
2026-09-03T00:53:51.176,IMU-2,0x29,72.25,-153.81,89.25,3,3,3,3
2026-09-03T00:53:51.274,IMU-1,0x28,-70.12,160.56,264.44,3,3,3,3
2026-09-03T00:53:51.276,IMU-2,0x29,66.25,-162.0,87.25,3,3,3,3
2026-09-03T00:53:51.374,IMU-1,0x28,-64.5,159.69,266.19,3,3,3,3
2026-09-03T00:53:51.377,IMU-2,0x29,60.69,-160.88,89.38,3,3,3,3
2026-09-03T00:53:51.474,IMU-1,0x28,-58.19,167.19,262.25,3,3,3,3
2026-09-03T00:53:51.477,IMU-2,0x29,54.88,-166.38,86.44,3,3,3,3
2026-09-03T00:53:51.574,IMU-1,0x28,-49.88,178.88,251.06,3,3,3,3
2026-09-03T00:53:51.577,IMU-2,0x29,46.62,-176.44,76.38,3,3,3,3
2026-09-03T00:53:51.674,IMU-1,0x28,-38.25,-172.56,251.75,3,3,3,3
2026-09-03T00:53:51.677,IMU-2,0x29,35.0,175.31,72.0,3,3,3,3
2026-09-03T00:53:51.774,IMU-1,0x28,-21.31,-168.12,255.19,3,3,3,3
2026-09-03T00:53:51.778,IMU-2,0x29,18.5,171.69,75.06,3,3,3,3
2026-09-03T00:53:51.875,IMU-1,0x28,-11.25,-165.0,257.31,3,3,3,3
2026-09-03T00:53:51.878,IMU-2,0x29,7.5,168.38,76.94,3,3,3,3
2026-09-03T00:53:51.975,IMU-1,0x28,-8.0,-162.44,258.88,3,3,3,3
2026-09-03T00:53:51.978,IMU-2,0x29,4.56,166.31,78.19,3,3,3,3
2026-09-03T00:53:52.075,IMU-1,0x28,-5.88,-146.56,261.12,3,3,3,3
2026-09-03T00:53:52.079,IMU-2,0x29,1.75,149.81,80.94,3,3,3,3
2026-09-03T00:53:52.175,IMU-1,0x28,-10.38,-132.56,107.12,3,3,3,3
2026-09-03T00:53:52.178,IMU-2,0x29,6.19,136.12,79.12,3,3,3,3
2026-09-03T00:53:52.275,IMU-1,0x28,-6.31,-118.69,96.5,3,3,3,3
2026-09-03T00:53:52.278,IMU-2,0x29,2.12,122.5,267.5,3,3,3,3
2026-09-03T00:53:52.375,IMU-1,0x28,0.06,-108.0,85.69,3,3,3,3
2026-09-03T00:53:52.378,IMU-2,0x29,-4.0,112.19,257.62,3,3,3,3
2026-09-03T00:53:52.475,IMU-1,0x28,3.19,-104.25,82.12,3,3,3,3
2026-09-03T00:53:52.478,IMU-2,0x29,-6.56,108.81,255.19,3,3,3,3
2026-09-03T00:53:52.575,IMU-1,0x28,4.62,-100.38,80.56,3,3,3,3
2026-09-03T00:53:52.578,IMU-2,0x29,-7.69,105.25,254.12,3,3,3,3
2026-09-03T00:53:52.675,IMU-1,0x28,3.88,-100.06,81.06,3,3,3,3
2026-09-03T00:53:52.678,IMU-2,0x29,-7.19,104.94,254.81,3,3,3,3
2026-09-03T00:53:52.775,IMU-1,0x28,2.69,-100.81,81.88,3,3,3,3
2026-09-03T00:53:52.777,IMU-2,0x29,-6.0,105.62,255.81,3,3,3,3
2026-09-03T00:53:52.875,IMU-1,0x28,3.06,-100.75,81.5,3,3,3,3
2026-09-03T00:53:52.877,IMU-2,0x29,-6.25,105.62,255.94,3,3,3,3
2026-09-03T00:53:52.975,IMU-1,0x28,3.31,-100.38,81.12,3,3,3,3
2026-09-03T00:53:52.977,IMU-2,0x29,-6.56,105.12,255.56,3,3,3,3
2026-09-03T00:53:53.076,IMU-1,0x28,3.19,-100.25,81.69,3,3,3,3
2026-09-03T00:53:53.079,IMU-2,0x29,-6.38,105.06,256.19,3,3,3,3
2026-09-03T00:53:53.175,IMU-1,0x28,3.38,-100.25,81.56,3,3,3,3
2026-09-03T00:53:53.177,IMU-2,0x29,-6.5,105.0,256.31,3,3,3,3
2026-09-03T00:53:53.275,IMU-1,0x28,3.19,-101.0,81.5,3,3,3,3
2026-09-03T00:53:53.277,IMU-2,0x29,-6.31,105.62,256.31,3,3,3,3
2026-09-03T00:53:53.375,IMU-1,0x28,2.5,-101.94,82.19,3,3,3,3
2026-09-03T00:53:53.377,IMU-2,0x29,-5.5,106.5,257.0,3,3,3,3
2026-09-03T00:53:53.475,IMU-1,0x28,0.0,-105.0,84.81,3,3,3,3
2026-09-03T00:53:53.477,IMU-2,0x29,-2.81,109.75,259.94,3,3,3,3
2026-09-03T00:53:53.575,IMU-1,0x28,-4.12,-112.19,88.69,3,3,3,3
2026-09-03T00:53:53.577,IMU-2,0x29,0.94,116.75,263.5,3,3,3,3
2026-09-03T00:53:53.676,IMU-1,0x28,-4.5,-115.5,89.0,3,3,3,3
2026-09-03T00:53:53.677,IMU-2,0x29,1.31,120.25,263.5,3,3,3,3
2026-09-03T00:53:53.776,IMU-1,0x28,-7.19,-131.69,94.56,3,3,3,3
2026-09-03T00:53:53.777,IMU-2,0x29,3.81,136.75,76.75,3,3,3,3
2026-09-03T00:53:53.876,IMU-1,0x28,-8.12,-152.56,249.44,3,3,3,3
2026-09-03T00:53:53.877,IMU-2,0x29,4.5,157.12,70.5,3,3,3,3
2026-09-03T00:53:53.976,IMU-1,0x28,-7.88,-178.81,237.88,3,3,3,3
2026-09-03T00:53:53.977,IMU-2,0x29,4.19,-177.94,59.06,3,3,3,3
2026-09-03T00:53:54.076,IMU-1,0x28,-5.38,-178.38,238.69,3,3,3,3
2026-09-03T00:53:54.078,IMU-2,0x29,1.62,-179.06,60.62,3,3,3,3
2026-09-03T00:53:54.176,IMU-1,0x28,-1.5,-176.88,241.94,3,3,3,3
2026-09-03T00:53:54.177,IMU-2,0x29,-1.62,179.5,62.75,3,3,3,3
2026-09-03T00:53:54.276,IMU-1,0x28,-2.62,-178.44,239.12,3,3,3,3
2026-09-03T00:53:54.278,IMU-2,0x29,-0.38,-178.94,59.38,3,3,3,3
2026-09-03T00:53:54.376,IMU-1,0x28,-2.5,-178.38,235.94,3,3,3,3
2026-09-03T00:53:54.378,IMU-2,0x29,-0.56,-179.12,56.31,3,3,3,3
2026-09-03T00:53:54.476,IMU-1,0x28,-1.31,-177.69,235.88,3,3,3,3
2026-09-03T00:53:54.478,IMU-2,0x29,-1.69,-179.75,56.88,3,3,3,3
2026-09-03T00:53:54.576,IMU-1,0x28,-0.94,-175.62,240.38,3,3,3,3
2026-09-03T00:53:54.578,IMU-2,0x29,-2.12,178.25,60.94,3,3,3,3
2026-09-03T00:53:54.676,IMU-1,0x28,-1.0,-175.62,243.75,3,3,3,3
2026-09-03T00:53:54.679,IMU-2,0x29,-2.0,178.38,64.25,3,3,3,3
2026-09-03T00:53:54.776,IMU-1,0x28,-1.06,-175.69,244.44,3,3,3,3
2026-09-03T00:53:54.779,IMU-2,0x29,-2.0,178.5,64.94,3,3,3,3
2026-09-03T00:53:54.876,IMU-1,0x28,-1.0,-175.69,244.44,3,3,3,3
2026-09-03T00:53:54.879,IMU-2,0x29,-2.0,178.44,64.94,3,3,3,3
2026-09-03T00:53:54.976,IMU-1,0x28,-1.06,-175.69,244.38,3,3,3,3
2026-09-03T00:53:54.979,IMU-2,0x29,-2.0,178.44,65.0,3,3,3,3
2026-09-03T00:53:55.077,IMU-1,0x28,-1.06,-175.75,244.38,3,3,3,3
2026-09-03T00:53:55.080,IMU-2,0x29,-2.0,178.44,65.06,3,3,3,3
2026-09-03T00:53:55.176,IMU-1,0x28,-1.06,-175.75,244.31,3,3,3,3
2026-09-03T00:53:55.179,IMU-2,0x29,-2.0,178.44,65.0,3,3,3,3
2026-09-03T00:53:55.276,IMU-1,0x28,-1.06,-175.75,244.31,3,3,3,3
2026-09-03T00:53:55.279,IMU-2,0x29,-2.0,178.5,65.06,3,3,3,3
2026-09-03T00:53:55.376,IMU-1,0x28,-1.12,-175.81,244.38,3,3,3,3
2026-09-03T00:53:55.379,IMU-2,0x29,-2.0,178.5,65.06,3,3,3,3
2026-09-03T00:53:55.477,IMU-1,0x28,-1.12,-175.81,244.31,3,3,3,3
2026-09-03T00:53:55.480,IMU-2,0x29,-1.94,178.5,65.0,3,3,3,3
2026-09-03T00:53:55.577,IMU-1,0x28,-1.12,-175.81,244.38,3,3,3,3
2026-09-03T00:53:55.580,IMU-2,0x29,-1.94,178.5,65.06,3,3,3,3
2026-09-03T00:53:55.677,IMU-1,0x28,-1.12,-175.81,244.38,3,3,3,3
2026-09-03T00:53:55.680,IMU-2,0x29,-1.94,178.5,65.06,3,3,3,3
2026-09-03T00:53:55.778,IMU-1,0x28,-1.12,-175.88,244.44,3,3,3,3
2026-09-03T00:53:55.780,IMU-2,0x29,-1.94,178.5,65.06,3,3,3,3
2026-09-03T00:53:55.878,IMU-1,0x28,-1.12,-175.88,244.44,3,3,3,3
2026-09-03T00:53:55.881,IMU-2,0x29,-1.94,178.5,65.06,3,3,3,3
2026-09-03T00:53:55.978,IMU-1,0x28,-1.12,-175.88,244.44,3,3,3,3
2026-09-03T00:53:55.981,IMU-2,0x29,-1.94,178.5,65.06,3,3,3,3
2026-09-03T00:53:56.079,IMU-1,0x28,-1.12,-175.88,244.44,3,3,3,3
2026-09-03T00:53:56.083,IMU-2,0x29,-1.94,178.5,65.06,3,3,3,3
2026-09-03T00:53:56.178,IMU-1,0x28,-1.12,-175.88,244.44,3,3,3,3
2026-09-03T00:53:56.181,IMU-2,0x29,-1.94,178.5,65.06,3,3,3,3
2026-09-03T00:53:56.278,IMU-1,0x28,-1.12,-175.88,244.44,3,3,3,3
2026-09-03T00:53:56.281,IMU-2,0x29,-1.94,178.5,65.06,3,3,3,3
2026-09-03T00:53:56.379,IMU-1,0x28,-1.12,-175.88,244.44,3,3,3,3
2026-09-03T00:53:56.382,IMU-2,0x29,-1.94,178.5,65.06,3,3,3,3
2026-09-03T00:53:56.479,IMU-1,0x28,-1.12,-175.88,244.44,3,3,3,3
2026-09-03T00:53:56.482,IMU-2,0x29,-1.94,178.5,65.06,3,3,3,3
2026-09-03T00:53:56.579,IMU-1,0x28,-1.12,-175.88,244.44,3,3,3,3
2026-09-03T00:53:56.581,IMU-2,0x29,-1.94,178.5,65.06,3,3,3,3
2026-09-03T00:53:56.679,IMU-1,0x28,-1.12,-175.88,244.44,3,3,3,3
2026-09-03T00:53:56.681,IMU-2,0x29,-1.94,178.5,65.06,3,3,3,3
2026-09-03T00:53:56.779,IMU-1,0x28,-1.12,-175.88,244.44,3,3,3,3
2026-09-03T00:53:56.781,IMU-2,0x29,-1.94,178.5,65.06,3,3,3,3
2026-09-03T00:53:56.879,IMU-1,0x28,-1.12,-175.88,244.44,3,3,3,3
2026-09-03T00:53:56.880,IMU-2,0x29,-1.94,178.5,65.06,3,3,3,3
2026-09-03T00:53:56.979,IMU-1,0x28,-1.12,-175.88,244.44,3,3,3,3
2026-09-03T00:53:56.980,IMU-2,0x29,-1.94,178.5,65.06,3,3,3,3
2026-09-03T00:53:57.080,IMU-1,0x28,-1.12,-175.88,244.44,3,3,3,3
2026-09-03T00:53:57.083,IMU-2,0x29,-1.94,178.5,65.06,3,3,3,3
2026-09-03T00:53:57.179,IMU-1,0x28,-1.12,-175.88,244.44,3,3,3,3
2026-09-03T00:53:57.181,IMU-2,0x29,-1.94,178.5,65.06,3,3,3,3
2026-09-03T00:53:57.279,IMU-1,0x28,-1.12,-175.88,244.44,3,3,3,3
2026-09-03T00:53:57.281,IMU-2,0x29,-1.94,178.5,65.06,3,3,3,3
2026-09-03T00:53:57.379,IMU-1,0x28,-1.12,-175.88,244.44,3,3,3,3
2026-09-03T00:53:57.381,IMU-2,0x29,-1.94,178.5,65.06,3,3,3,3
2026-09-03T00:53:57.479,IMU-1,0x28,-1.12,-175.88,244.44,3,3,3,3
2026-09-03T00:53:57.481,IMU-2,0x29,-1.94,178.5,65.06,3,3,3,3
2026-09-03T00:53:57.579,IMU-1,0x28,-1.12,-175.88,244.44,3,3,3,3
2026-09-03T00:53:57.581,IMU-2,0x29,-1.94,178.5,65.06,3,3,3,3
2026-09-03T00:53:57.679,IMU-1,0x28,-1.12,-175.88,244.44,3,3,3,3
2026-09-03T00:53:57.681,IMU-2,0x29,-1.94,178.5,65.06,3,3,3,3
2026-09-03T00:53:57.779,IMU-1,0x28,-1.12,-175.88,244.44,3,3,3,3
2026-09-03T00:53:57.781,IMU-2,0x29,-1.94,178.5,65.06,3,3,3,3
2026-09-03T00:53:57.879,IMU-1,0x28,-1.12,-175.88,244.44,3,3,3,3
2026-09-03T00:53:57.881,IMU-2,0x29,-1.94,178.5,65.06,3,3,3,3
2026-09-03T00:53:57.978,IMU-1,0x28,-1.12,-175.88,244.44,3,3,3,3
2026-09-03T00:53:57.981,IMU-2,0x29,-1.94,178.5,65.06,3,3,3,3
2026-09-03T00:53:58.079,IMU-1,0x28,-1.12,-175.88,244.44,3,3,3,3
2026-09-03T00:53:58.082,IMU-2,0x29,-1.94,178.5,65.06,3,3,3,3
2026-09-03T00:53:58.178,IMU-1,0x28,-1.12,-175.88,244.44,3,3,3,3
2026-09-03T00:53:58.181,IMU-2,0x29,-1.94,178.5,65.06,3,3,3,3
2026-09-03T00:53:58.278,IMU-1,0x28,-1.12,-175.88,244.44,3,3,3,3
2026-09-03T00:53:58.281,IMU-2,0x29,-1.94,178.5,65.06,3,3,3,3
2026-09-03T00:53:58.378,IMU-1,0x28,-1.12,-175.88,244.44,3,3,3,3
2026-09-03T00:53:58.381,IMU-2,0x29,-1.94,178.5,65.06,3,3,3,3
2026-09-03T00:53:58.478,IMU-1,0x28,-1.12,-175.88,244.44,3,3,3,3
2026-09-03T00:53:58.481,IMU-2,0x29,-1.94,178.5,65.06,3,3,3,3
2026-09-03T00:53:58.578,IMU-1,0x28,-1.12,-175.88,244.44,3,3,3,3
2026-09-03T00:53:58.581,IMU-2,0x29,-1.94,178.5,65.06,3,3,3,3
2026-09-03T00:53:58.679,IMU-1,0x28,-1.12,-175.88,244.44,3,3,3,3
2026-09-03T00:53:58.682,IMU-2,0x29,-1.94,178.5,65.06,3,3,3,3
2026-09-03T00:53:58.778,IMU-1,0x28,-1.12,-175.88,244.44,3,3,3,3
2026-09-03T00:53:58.782,IMU-2,0x29,-1.94,178.5,65.06,3,3,3,3
2026-09-03T00:53:58.879,IMU-1,0x28,-1.12,-175.88,244.44,3,3,3,3
2026-09-03T00:53:58.881,IMU-2,0x29,-1.94,178.5,65.06,3,3,3,3
2026-09-03T00:53:58.979,IMU-1,0x28,-1.12,-175.88,244.44,3,3,3,3
2026-09-03T00:53:58.982,IMU-2,0x29,-1.94,178.5,65.06,3,3,3,3
2026-09-03T00:53:59.079,IMU-1,0x28,-1.12,-175.88,244.44,3,3,3,3
2026-09-03T00:53:59.083,IMU-2,0x29,-1.94,178.5,65.06,3,3,3,3
2026-09-03T00:53:59.179,IMU-1,0x28,-1.12,-175.88,244.44,3,3,3,3
2026-09-03T00:53:59.182,IMU-2,0x29,-1.94,178.5,65.06,3,3,3,3
2026-09-03T00:53:59.279,IMU-1,0x28,-1.12,-175.88,244.44,3,3,3,3
2026-09-03T00:53:59.282,IMU-2,0x29,-1.94,178.5,65.06,3,3,3,3
2026-09-03T00:53:59.379,IMU-1,0x28,-1.12,-175.88,244.44,3,3,3,3
2026-09-03T00:53:59.383,IMU-2,0x29,-1.94,178.5,65.06,3,3,3,3
2026-09-03T00:53:59.479,IMU-1,0x28,-1.12,-175.88,244.44,3,3,3,3
2026-09-03T00:53:59.482,IMU-2,0x29,-1.94,178.5,65.06,3,3,3,3
2026-09-03T00:53:59.580,IMU-1,0x28,-1.12,-175.88,244.44,3,3,3,3
2026-09-03T00:53:59.582,IMU-2,0x29,-1.94,178.5,65.06,3,3,3,3
2026-09-03T00:53:59.680,IMU-1,0x28,-1.12,-175.81,244.44,3,3,3,3
2026-09-03T00:53:59.683,IMU-2,0x29,-1.94,178.5,65.06,3,3,3,3
2026-09-03T00:53:59.780,IMU-1,0x28,-1.12,-175.88,244.44,3,3,3,3
2026-09-03T00:53:59.782,IMU-2,0x29,-1.94,178.5,65.06,3,3,3,3
2026-09-03T00:53:59.880,IMU-1,0x28,-1.19,-175.94,244.44,3,3,3,3
2026-09-03T00:53:59.883,IMU-2,0x29,-1.94,178.5,65.06,3,3,3,3
2026-09-03T00:53:59.981,IMU-1,0x28,-1.19,-175.88,244.44,3,3,3,3
2026-09-03T00:53:59.983,IMU-2,0x29,-1.94,178.44,65.06,3,3,3,3
2026-09-03T00:54:00.081,IMU-1,0x28,-1.12,-175.88,244.62,3,3,3,3
2026-09-03T00:54:00.083,IMU-2,0x29,-2.0,178.38,65.25,3,3,3,3
2026-09-03T00:54:00.181,IMU-1,0x28,-1.12,-175.94,244.75,3,3,3,3
2026-09-03T00:54:00.182,IMU-2,0x29,-2.0,178.44,65.31,3,3,3,3
2026-09-03T00:54:00.281,IMU-1,0x28,-1.12,-175.88,244.75,3,3,3,3
2026-09-03T00:54:00.282,IMU-2,0x29,-2.0,178.44,65.31,3,3,3,3
2026-09-03T00:54:00.381,IMU-1,0x28,-1.12,-175.88,244.75,3,3,3,3
2026-09-03T00:54:00.382,IMU-2,0x29,-2.0,178.44,65.31,3,3,3,3
2026-09-03T00:54:00.481,IMU-1,0x28,-1.19,-175.94,244.75,3,3,3,3
2026-09-03T00:54:00.482,IMU-2,0x29,-2.0,178.44,65.31,3,3,3,3
2026-09-03T00:54:00.581,IMU-1,0x28,-1.19,-175.94,244.75,3,3,3,3
2026-09-03T00:54:00.582,IMU-2,0x29,-2.0,178.44,65.31,3,3,3,3
2026-09-03T00:54:00.681,IMU-1,0x28,-1.19,-175.94,244.75,3,3,3,3
2026-09-03T00:54:00.683,IMU-2,0x29,-2.0,178.44,65.31,3,3,3,3
2026-09-03T00:54:00.781,IMU-1,0x28,-1.19,-176.0,244.75,3,3,3,3
2026-09-03T00:54:00.783,IMU-2,0x29,-2.0,178.44,65.31,3,3,3,3
2026-09-03T00:54:00.881,IMU-1,0x28,-1.19,-176.0,244.75,3,3,3,3
2026-09-03T00:54:00.883,IMU-2,0x29,-2.0,178.44,65.31,3,3,3,3
2026-09-03T00:54:00.981,IMU-1,0x28,-1.19,-176.0,244.75,3,3,3,3
2026-09-03T00:54:00.983,IMU-2,0x29,-2.0,178.44,65.31,3,3,3,3
2026-09-03T00:54:01.082,IMU-1,0x28,-1.19,-176.0,244.75,3,3,3,3
2026-09-03T00:54:01.084,IMU-2,0x29,-2.0,178.44,65.31,3,3,3,3
2026-09-03T00:54:01.181,IMU-1,0x28,-1.19,-176.0,244.69,3,3,3,3
2026-09-03T00:54:01.183,IMU-2,0x29,-2.0,178.38,65.31,3,3,3,3
2026-09-03T00:54:01.281,IMU-1,0x28,-1.25,-176.0,244.69,3,3,3,3
2026-09-03T00:54:01.284,IMU-2,0x29,-2.0,178.38,65.31,3,3,3,3
2026-09-03T00:54:01.381,IMU-1,0x28,-1.25,-176.0,244.69,3,3,3,3
2026-09-03T00:54:01.384,IMU-2,0x29,-2.0,178.38,65.31,3,3,3,3
2026-09-03T00:54:01.481,IMU-1,0x28,-1.25,-176.0,244.69,3,3,3,3
2026-09-03T00:54:01.484,IMU-2,0x29,-2.0,178.38,65.31,3,3,3,3
2026-09-03T00:54:01.580,IMU-1,0x28,-1.25,-176.0,244.69,3,3,3,3
2026-09-03T00:54:01.582,IMU-2,0x29,-2.0,178.38,65.31,3,3,3,3
2026-09-03T00:54:01.680,IMU-1,0x28,-1.25,-176.0,244.69,3,3,3,3
2026-09-03T00:54:01.682,IMU-2,0x29,-2.0,178.38,65.31,3,3,3,3
2026-09-03T00:54:01.780,IMU-1,0x28,-1.25,-176.0,244.69,3,3,3,3
2026-09-03T00:54:01.782,IMU-2,0x29,-2.0,178.38,65.31,3,3,3,3
2026-09-03T00:54:01.880,IMU-1,0x28,-1.25,-175.94,244.69,3,3,3,3
2026-09-03T00:54:01.882,IMU-2,0x29,-2.0,178.38,65.31,3,3,3,3
2026-09-03T00:54:01.980,IMU-1,0x28,-1.25,-175.94,244.69,3,3,3,3
2026-09-03T00:54:01.982,IMU-2,0x29,-2.0,178.38,65.31,3,3,3,3
2026-09-03T00:54:02.081,IMU-1,0x28,-1.25,-175.94,244.69,3,3,3,3
2026-09-03T00:54:02.083,IMU-2,0x29,-2.0,178.38,65.31,3,3,3,3
2026-09-03T00:54:02.181,IMU-1,0x28,-1.25,-175.94,244.69,3,3,3,3
2026-09-03T00:54:02.182,IMU-2,0x29,-2.0,178.38,65.31,3,3,3,3
2026-09-03T00:54:02.281,IMU-1,0x28,-1.25,-175.94,244.69,3,3,3,3
2026-09-03T00:54:02.282,IMU-2,0x29,-2.0,178.38,65.31,3,3,3,3
2026-09-03T00:54:02.381,IMU-1,0x28,-1.25,-175.94,244.69,3,3,3,3
2026-09-03T00:54:02.382,IMU-2,0x29,-2.0,178.38,65.31,3,3,3,3
2026-09-03T00:54:02.481,IMU-1,0x28,-1.25,-175.94,244.69,3,3,3,3
2026-09-03T00:54:02.482,IMU-2,0x29,-2.0,178.38,65.31,3,3,3,3
2026-09-03T00:54:02.581,IMU-1,0x28,-1.25,-175.94,244.69,3,3,3,3
2026-09-03T00:54:02.582,IMU-2,0x29,-2.0,178.38,65.31,3,3,3,3
2026-09-03T00:54:02.681,IMU-1,0x28,-1.19,-175.94,244.69,3,3,3,3
2026-09-03T00:54:02.682,IMU-2,0x29,-2.0,178.38,65.31,3,3,3,3
2026-09-03T00:54:02.781,IMU-1,0x28,-1.19,-175.94,244.69,3,3,3,3
2026-09-03T00:54:02.783,IMU-2,0x29,-2.0,178.38,65.31,3,3,3,3
2026-09-03T00:54:02.881,IMU-1,0x28,-1.19,-175.94,244.69,3,3,3,3
2026-09-03T00:54:02.883,IMU-2,0x29,-2.0,178.38,65.31,3,3,3,3
2026-09-03T00:54:02.981,IMU-1,0x28,-1.19,-175.94,244.69,3,3,3,3
2026-09-03T00:54:02.983,IMU-2,0x29,-2.0,178.38,65.31,3,3,3,3
2026-09-03T00:54:03.082,IMU-1,0x28,-1.19,-175.94,244.69,3,3,3,3
2026-09-03T00:54:03.084,IMU-2,0x29,-2.0,178.38,65.31,3,3,3,3
2026-09-03T00:54:03.182,IMU-1,0x28,-1.19,-175.94,244.69,3,3,3,3
2026-09-03T00:54:03.183,IMU-2,0x29,-2.0,178.38,65.31,3,3,3,3
2026-09-03T00:54:03.282,IMU-1,0x28,-1.19,-175.94,244.69,3,3,3,3
2026-09-03T00:54:03.284,IMU-2,0x29,-2.0,178.31,65.31,3,3,3,3
2026-09-03T00:54:03.382,IMU-1,0x28,-1.19,-175.94,244.69,3,3,3,3
2026-09-03T00:54:03.384,IMU-2,0x29,-2.0,178.31,65.31,3,3,3,3
2026-09-03T00:54:03.482,IMU-1,0x28,-1.19,-175.94,244.69,3,3,3,3
2026-09-03T00:54:03.484,IMU-2,0x29,-2.0,178.31,65.31,3,3,3,3
2026-09-03T00:54:03.583,IMU-1,0x28,-1.19,-175.94,244.69,3,3,3,3
2026-09-03T00:54:03.584,IMU-2,0x29,-2.0,178.31,65.31,3,3,3,3
2026-09-03T00:54:03.683,IMU-1,0x28,-1.19,-175.94,244.69,3,3,3,3
2026-09-03T00:54:03.684,IMU-2,0x29,-2.0,178.31,65.31,3,3,3,3
2026-09-03T00:54:03.783,IMU-1,0x28,-1.19,-175.94,244.69,3,3,3,3
2026-09-03T00:54:03.785,IMU-2,0x29,-2.0,178.31,65.31,3,3,3,3
2026-09-03T00:54:03.883,IMU-1,0x28,-1.19,-175.94,244.69,3,3,3,3
2026-09-03T00:54:03.885,IMU-2,0x29,-1.94,178.31,65.31,3,3,3,3
2026-09-03T00:54:03.983,IMU-1,0x28,-1.19,-175.94,244.69,3,3,3,3
2026-09-03T00:54:03.985,IMU-2,0x29,-1.94,178.31,65.31,3,3,3,3
2026-09-03T00:54:04.084,IMU-1,0x28,-1.19,-175.88,244.75,3,3,3,3
2026-09-03T00:54:04.086,IMU-2,0x29,-1.94,178.31,65.31,3,3,3,3
2026-09-03T00:54:04.183,IMU-1,0x28,-1.25,-175.94,244.75,3,3,3,3
2026-09-03T00:54:04.185,IMU-2,0x29,-1.94,178.31,65.31,3,3,3,3
2026-09-03T00:54:04.283,IMU-1,0x28,-1.25,-175.88,244.75,3,3,3,3
2026-09-03T00:54:04.285,IMU-2,0x29,-1.94,178.38,65.31,3,3,3,3
2026-09-03T00:54:04.383,IMU-1,0x28,-1.19,-175.94,244.75,3,3,3,3
2026-09-03T00:54:04.386,IMU-2,0x29,-1.94,178.31,65.31,3,3,3,3
2026-09-03T00:54:04.483,IMU-1,0x28,-1.25,-176.0,244.75,3,3,3,3
2026-09-03T00:54:04.486,IMU-2,0x29,-1.94,178.31,65.81,3,3,3,3
2026-09-03T00:54:04.583,IMU-1,0x28,-1.25,-175.94,244.75,3,3,3,3
2026-09-03T00:54:04.586,IMU-2,0x29,-1.94,178.31,65.94,3,3,3,3
2026-09-03T00:54:04.683,IMU-1,0x28,-1.25,-175.94,244.75,3,3,3,3
2026-09-03T00:54:04.686,IMU-2,0x29,-1.94,178.31,66.19,3,3,3,3
2026-09-03T00:54:04.784,IMU-1,0x28,-1.25,-176.0,244.75,3,3,3,3
2026-09-03T00:54:04.786,IMU-2,0x29,-1.94,178.31,66.38,3,3,3,3
2026-09-03T00:54:04.883,IMU-1,0x28,-1.25,-176.0,244.75,3,3,3,3
2026-09-03T00:54:04.887,IMU-2,0x29,-1.94,178.31,66.62,3,3,3,3
2026-09-03T00:54:04.983,IMU-1,0x28,-1.25,-176.0,244.75,3,3,3,3
2026-09-03T00:54:04.986,IMU-2,0x29,-1.94,178.31,66.69,3,3,3,3
2026-09-03T00:54:05.084,IMU-1,0x28,-1.25,-176.0,244.75,3,3,3,3
2026-09-03T00:54:05.088,IMU-2,0x29,-1.94,178.31,66.81,3,3,3,3
2026-09-03T00:54:05.183,IMU-1,0x28,-1.25,-176.0,244.75,3,3,3,3
2026-09-03T00:54:05.186,IMU-2,0x29,-1.94,178.31,66.88,3,3,3,3
2026-09-03T00:54:05.283,IMU-1,0x28,-1.25,-176.0,244.75,3,3,3,3
2026-09-03T00:54:05.286,IMU-2,0x29,-1.94,178.31,66.88,3,3,3,3
2026-09-03T00:54:05.383,IMU-1,0x28,-1.25,-176.0,244.75,3,3,3,3
2026-09-03T00:54:05.386,IMU-2,0x29,-1.94,178.31,67.0,3,3,3,3
2026-09-03T00:54:05.482,IMU-1,0x28,-1.25,-176.0,244.75,3,3,3,3
2026-09-03T00:54:05.485,IMU-2,0x29,-1.94,178.31,67.25,3,3,3,3
2026-09-03T00:54:05.582,IMU-1,0x28,-1.25,-176.0,244.75,3,3,3,3
2026-09-03T00:54:05.585,IMU-2,0x29,-1.94,178.31,67.25,3,3,3,3
2026-09-03T00:54:05.682,IMU-1,0x28,-1.25,-176.0,244.75,3,3,3,3
2026-09-03T00:54:05.685,IMU-2,0x29,-1.94,178.31,67.31,3,3,3,3
2026-09-03T00:54:05.783,IMU-1,0x28,-1.25,-176.0,244.75,3,3,3,3
2026-09-03T00:54:05.785,IMU-2,0x29,-1.94,178.31,67.31,3,3,3,3
2026-09-03T00:54:05.883,IMU-1,0x28,-1.25,-176.0,244.75,3,3,3,3
2026-09-03T00:54:05.885,IMU-2,0x29,-1.94,178.31,67.31,3,3,3,3
2026-09-03T00:54:05.983,IMU-1,0x28,-1.25,-176.0,244.75,3,3,3,3
2026-09-03T00:54:05.984,IMU-2,0x29,-1.94,178.31,67.31,3,3,3,3
2026-09-03T00:54:06.083,IMU-1,0x28,-1.25,-176.0,244.75,3,3,3,3
2026-09-03T00:54:06.086,IMU-2,0x29,-1.94,178.31,67.31,3,3,3,3
2026-09-03T00:54:06.183,IMU-1,0x28,-1.31,-176.0,244.75,3,3,3,3
2026-09-03T00:54:06.184,IMU-2,0x29,-1.94,178.31,67.31,3,3,3,3
2026-09-03T00:54:06.283,IMU-1,0x28,-1.31,-176.0,244.75,3,3,3,3
2026-09-03T00:54:06.284,IMU-2,0x29,-1.94,178.31,67.31,3,3,3,3
2026-09-03T00:54:06.383,IMU-1,0x28,-1.31,-176.0,244.75,3,3,3,3
2026-09-03T00:54:06.385,IMU-2,0x29,-1.94,178.25,67.31,3,3,3,3
2026-09-03T00:54:06.483,IMU-1,0x28,-1.31,-176.0,244.75,3,3,3,3
2026-09-03T00:54:06.485,IMU-2,0x29,-1.94,178.25,67.38,3,3,3,3
2026-09-03T00:54:06.583,IMU-1,0x28,-1.31,-176.0,244.75,3,3,3,3
2026-09-03T00:54:06.585,IMU-2,0x29,-1.94,178.25,67.38,3,3,3,3
2026-09-03T00:54:06.683,IMU-1,0x28,-1.31,-176.0,244.75,3,3,3,3
2026-09-03T00:54:06.685,IMU-2,0x29,-1.94,178.25,67.31,3,3,3,3
2026-09-03T00:54:06.784,IMU-1,0x28,-1.31,-176.0,244.75,3,3,3,3
2026-09-03T00:54:06.785,IMU-2,0x29,-1.94,178.25,67.38,3,3,3,3
2026-09-03T00:54:06.884,IMU-1,0x28,-1.31,-176.0,244.75,3,3,3,3
2026-09-03T00:54:06.885,IMU-2,0x29,-1.94,178.25,67.38,3,3,3,3
2026-09-03T00:54:06.983,IMU-1,0x28,-1.31,-176.0,244.75,3,3,3,3
2026-09-03T00:54:06.985,IMU-2,0x29,-1.94,178.25,67.31,3,3,3,3
2026-09-03T00:54:07.085,IMU-1,0x28,-1.31,-176.0,244.75,3,3,3,3
2026-09-03T00:54:07.087,IMU-2,0x29,-1.94,178.25,67.31,3,3,3,3
2026-09-03T00:54:07.184,IMU-1,0x28,-1.31,-176.0,244.75,3,3,3,3
2026-09-03T00:54:07.186,IMU-2,0x29,-1.94,178.25,67.38,3,3,3,3
2026-09-03T00:54:07.285,IMU-1,0x28,-1.31,-176.0,244.75,3,3,3,3
2026-09-03T00:54:07.286,IMU-2,0x29,-1.94,178.25,67.38,3,3,3,3
2026-09-03T00:54:07.385,IMU-1,0x28,-1.31,-176.0,244.75,3,3,3,3
2026-09-03T00:54:07.387,IMU-2,0x29,-1.94,178.25,67.38,3,3,3,3
2026-09-03T00:54:07.485,IMU-1,0x28,-1.31,-176.0,244.75,3,3,3,3
2026-09-03T00:54:07.487,IMU-2,0x29,-1.94,178.25,67.38,3,3,3,3
2026-09-03T00:54:07.585,IMU-1,0x28,-1.31,-176.0,244.75,3,3,3,3
2026-09-03T00:54:07.587,IMU-2,0x29,-1.94,178.25,67.38,3,3,3,3
2026-09-03T00:54:07.685,IMU-1,0x28,-1.31,-176.0,244.75,3,3,3,3
2026-09-03T00:54:07.687,IMU-2,0x29,-1.94,178.25,67.38,3,3,3,3
2026-09-03T00:54:07.785,IMU-1,0x28,-1.31,-176.0,244.75,3,3,3,3
2026-09-03T00:54:07.788,IMU-2,0x29,-1.94,178.25,67.38,3,3,3,3
2026-09-03T00:54:07.885,IMU-1,0x28,-1.31,-176.0,244.75,3,3,3,3
2026-09-03T00:54:07.888,IMU-2,0x29,-1.94,178.25,67.38,3,3,3,3
2026-09-03T00:54:07.985,IMU-1,0x28,-1.31,-176.0,244.75,3,3,3,3
2026-09-03T00:54:07.988,IMU-2,0x29,-1.94,178.25,67.38,3,3,3,3
2026-09-03T00:54:08.086,IMU-1,0x28,-1.31,-176.0,244.75,3,3,3,3
2026-09-03T00:54:08.089,IMU-2,0x29,-1.94,178.25,67.38,3,3,3,3
2026-09-03T00:54:08.186,IMU-1,0x28,-1.31,-176.0,244.75,3,3,3,3
2026-09-03T00:54:08.189,IMU-2,0x29,-1.94,178.25,67.38,3,3,3,3
2026-09-03T00:54:08.286,IMU-1,0x28,-1.31,-176.0,244.75,3,3,3,3
2026-09-03T00:54:08.289,IMU-2,0x29,-1.94,178.25,67.38,3,3,3,3
2026-09-03T00:54:08.386,IMU-1,0x28,-1.31,-176.0,244.75,3,3,3,3
2026-09-03T00:54:08.389,IMU-2,0x29,-1.94,178.25,67.38,3,3,3,3
2026-09-03T00:54:08.486,IMU-1,0x28,-1.31,-176.0,244.75,3,3,3,3
2026-09-03T00:54:08.489,IMU-2,0x29,-1.94,178.25,67.38,3,3,3,3
2026-09-03T00:54:08.586,IMU-1,0x28,-1.31,-176.0,244.75,3,3,3,3
2026-09-03T00:54:08.589,IMU-2,0x29,-1.94,178.25,67.38,3,3,3,3
2026-09-03T00:54:08.686,IMU-1,0x28,-1.31,-176.0,244.75,3,3,3,3
2026-09-03T00:54:08.689,IMU-2,0x29,-1.94,178.25,67.38,3,3,3,3
2026-09-03T00:54:08.786,IMU-1,0x28,-1.31,-176.0,244.75,3,3,3,3
2026-09-03T00:54:08.789,IMU-2,0x29,-1.94,178.25,67.38,3,3,3,3
2026-09-03T00:54:08.886,IMU-1,0x28,-1.31,-176.0,244.75,3,3,3,3
2026-09-03T00:54:08.889,IMU-2,0x29,-1.94,178.25,67.38,3,3,3,3
2026-09-03T00:54:08.985,IMU-1,0x28,-1.31,-176.0,244.75,3,3,3,3
2026-09-03T00:54:08.989,IMU-2,0x29,-1.94,178.25,67.38,3,3,3,3
2026-09-03T00:54:09.086,IMU-1,0x28,-1.31,-176.0,244.75,3,3,3,3
2026-09-03T00:54:09.090,IMU-2,0x29,-1.94,178.25,67.38,3,3,3,3
2026-09-03T00:54:09.185,IMU-1,0x28,-1.31,-176.0,244.75,3,3,3,3
2026-09-03T00:54:09.186,IMU-2,0x29,-1.94,178.25,67.31,3,3,3,3
2026-09-03T00:54:09.285,IMU-1,0x28,-1.31,-176.0,244.75,3,3,3,3
2026-09-03T00:54:09.286,IMU-2,0x29,-1.94,178.25,67.31,3,3,3,3
