timestamp,sensor_name,address,roll_deg,pitch_deg,yaw_deg,cal_system,cal_gyro,cal_accel,cal_mag
2026-08-15T23:03:55.180,IMU-1,0x28,0.0,0.0,0.0,0,0,0,0
2026-08-15T23:03:55.277,IMU-1,0x28,-3.44,176.81,276.0,0,0,0,0
2026-08-15T23:03:55.377,IMU-1,0x28,-3.44,176.81,276.0,0,0,0,0
2026-08-15T23:03:55.477,IMU-1,0x28,-3.44,176.81,276.0,0,0,0,0
2026-08-15T23:03:55.578,IMU-1,0x28,-3.44,176.81,276.0,0,0,0,0
2026-08-15T23:03:55.678,IMU-1,0x28,-3.44,176.81,276.0,0,0,0,0
2026-08-15T23:03:55.778,IMU-1,0x28,-3.44,176.81,276.0,0,0,0,0
2026-08-15T23:03:55.879,IMU-1,0x28,-3.44,176.81,276.0,0,0,0,0
2026-08-15T23:03:55.979,IMU-1,0x28,-3.44,176.81,276.0,0,0,0,0
2026-08-15T23:03:56.080,IMU-1,0x28,-3.44,176.81,276.0,0,3,0,0
2026-08-15T23:03:56.180,IMU-1,0x28,-3.44,176.81,276.0,0,3,0,0
2026-08-15T23:03:56.279,IMU-1,0x28,-3.44,176.81,276.0,0,3,0,0
2026-08-15T23:03:56.379,IMU-1,0x28,-3.44,176.81,276.0,0,3,0,0
2026-08-15T23:03:56.479,IMU-1,0x28,-3.44,176.81,276.0,0,3,0,0
2026-08-15T23:03:56.579,IMU-1,0x28,-3.44,176.81,276.0,0,3,0,0
2026-08-15T23:03:56.679,IMU-1,0x28,-3.44,176.81,276.0,0,3,0,0
2026-08-15T23:03:56.779,IMU-1,0x28,-3.44,176.81,276.0,0,3,0,0
2026-08-15T23:03:56.879,IMU-1,0x28,-3.44,176.81,276.0,0,3,0,0
2026-08-15T23:03:56.980,IMU-1,0x28,-3.44,176.81,276.0,0,3,0,0
2026-08-15T23:03:57.080,IMU-1,0x28,-3.44,176.81,276.0,0,3,0,0
2026-08-15T23:03:57.179,IMU-1,0x28,-3.44,176.81,276.0,0,3,0,0
2026-08-15T23:03:57.279,IMU-1,0x28,-3.44,176.81,276.0,0,3,0,0
2026-08-15T23:03:57.379,IMU-1,0x28,-3.44,176.81,276.0,0,3,0,0
2026-08-15T23:03:57.479,IMU-1,0x28,-3.44,176.81,276.0,0,3,0,0
2026-08-15T23:03:57.579,IMU-1,0x28,-3.44,176.81,276.0,0,3,0,0
2026-08-15T23:03:57.679,IMU-1,0x28,-3.44,176.81,276.0,0,3,0,0
2026-08-15T23:03:57.779,IMU-1,0x28,-3.44,176.81,276.0,0,3,0,0
2026-08-15T23:03:57.880,IMU-1,0x28,-3.44,176.81,276.0,0,3,0,0
2026-08-15T23:03:57.979,IMU-1,0x28,-3.44,176.81,276.0,0,3,0,0
2026-08-15T23:03:58.081,IMU-1,0x28,-3.44,176.81,276.0,0,3,0,0
2026-08-15T23:03:58.180,IMU-1,0x28,-3.44,176.81,276.0,0,3,0,0
2026-08-15T23:03:58.280,IMU-1,0x28,-3.44,176.81,276.0,0,3,0,0
2026-08-15T23:03:58.380,IMU-1,0x28,-3.44,176.81,276.0,0,3,0,0
2026-08-15T23:03:58.480,IMU-1,0x28,-3.44,176.81,276.0,0,3,0,0
2026-08-15T23:03:58.580,IMU-1,0x28,-3.44,176.81,276.0,0,3,0,0
2026-08-15T23:03:58.681,IMU-1,0x28,-3.44,176.81,276.0,0,3,0,0
2026-08-15T23:03:58.781,IMU-1,0x28,-3.44,176.81,276.0,0,3,0,0
2026-08-15T23:03:58.881,IMU-1,0x28,-3.44,176.81,276.0,0,3,0,0
2026-08-15T23:03:58.980,IMU-1,0x28,-3.44,176.81,276.0,0,3,0,0
2026-08-15T23:03:59.081,IMU-1,0x28,-3.44,176.81,276.0,0,3,0,0
2026-08-15T23:03:59.180,IMU-1,0x28,-3.44,176.81,276.0,0,3,0,0
2026-08-15T23:03:59.280,IMU-1,0x28,-3.44,176.81,276.0,0,3,0,0
2026-08-15T23:03:59.381,IMU-1,0x28,-3.44,176.81,276.0,0,3,0,0
2026-08-15T23:03:59.480,IMU-1,0x28,-3.44,176.81,276.0,0,3,0,0
2026-08-15T23:03:59.580,IMU-1,0x28,-3.44,176.81,276.0,0,3,0,0
2026-08-15T23:03:59.680,IMU-1,0x28,-3.44,176.81,276.0,0,3,0,0
2026-08-15T23:03:59.781,IMU-1,0x28,-3.44,176.81,276.0,0,3,0,0
2026-08-15T23:03:59.881,IMU-1,0x28,-3.44,176.81,276.0,0,3,0,0
2026-08-15T23:03:59.981,IMU-1,0x28,-3.44,176.81,276.0,0,3,0,0
2026-08-15T23:04:00.082,IMU-1,0x28,-3.44,176.81,276.0,0,3,0,0
2026-08-15T23:04:00.181,IMU-1,0x28,-3.44,176.81,276.0,0,3,0,0
2026-08-15T23:04:00.281,IMU-1,0x28,-3.44,176.81,276.0,0,3,0,0
2026-08-15T23:04:00.382,IMU-1,0x28,-3.44,176.81,276.0,0,3,0,0
2026-08-15T23:04:00.482,IMU-1,0x28,-3.44,176.81,276.0,0,3,0,0
2026-08-15T23:04:00.582,IMU-1,0x28,-3.44,176.81,276.0,0,3,0,0
2026-08-15T23:04:00.682,IMU-1,0x28,-3.44,176.81,276.0,0,3,0,0
2026-08-15T23:04:00.782,IMU-1,0x28,-3.44,176.81,276.0,0,3,0,0
2026-08-15T23:04:00.882,IMU-1,0x28,-3.44,176.81,276.0,0,3,0,0
2026-08-15T23:04:00.982,IMU-1,0x28,-3.44,176.81,276.0,0,3,0,0
2026-08-15T23:04:01.083,IMU-1,0x28,-3.44,176.81,276.0,0,3,0,0
2026-08-15T23:04:01.182,IMU-1,0x28,-3.44,176.81,276.0,0,3,0,0
2026-08-15T23:04:01.282,IMU-1,0x28,-3.44,176.81,276.0,0,3,0,0
2026-08-15T23:04:01.381,IMU-1,0x28,-3.44,176.81,276.0,0,3,0,0
2026-08-15T23:04:01.481,IMU-1,0x28,-3.44,176.81,276.0,0,3,0,0
2026-08-15T23:04:01.581,IMU-1,0x28,-3.44,176.81,276.0,0,3,0,0
2026-08-15T23:04:01.681,IMU-1,0x28,-3.44,176.81,276.0,0,3,0,0
2026-08-15T23:04:01.781,IMU-1,0x28,-3.44,176.81,276.0,0,3,0,0
2026-08-15T23:04:01.881,IMU-1,0x28,-3.44,176.81,276.0,0,3,0,0
2026-08-15T23:04:01.981,IMU-1,0x28,-3.44,176.81,276.0,0,3,0,0
2026-08-15T23:04:02.082,IMU-1,0x28,-3.44,176.81,276.0,0,3,0,0
2026-08-15T23:04:02.182,IMU-1,0x28,-3.44,176.81,276.0,0,3,0,0
2026-08-15T23:04:02.282,IMU-1,0x28,-3.44,176.81,276.0,0,3,0,0
2026-08-15T23:04:02.382,IMU-1,0x28,-3.44,176.81,276.0,0,3,0,0
2026-08-15T23:04:02.482,IMU-1,0x28,-3.44,176.81,276.0,0,3,0,0
2026-08-15T23:04:02.583,IMU-1,0x28,-3.44,176.81,276.0,0,3,0,0
2026-08-15T23:04:02.683,IMU-1,0x28,-3.44,176.81,276.0,0,3,0,0
2026-08-15T23:04:02.784,IMU-1,0x28,-3.44,176.81,276.0,0,3,0,0
2026-08-15T23:04:02.883,IMU-1,0x28,-3.44,176.81,276.0,0,3,0,0
2026-08-15T23:04:02.984,IMU-1,0x28,-3.44,176.81,276.0,0,3,0,0
2026-08-15T23:04:03.084,IMU-1,0x28,-3.44,176.81,276.0,0,3,0,0
2026-08-15T23:04:03.184,IMU-1,0x28,-3.44,176.81,276.0,0,3,0,0
2026-08-15T23:04:03.284,IMU-1,0x28,-3.44,176.81,276.0,0,3,0,0
2026-08-15T23:04:03.384,IMU-1,0x28,-3.44,176.81,276.0,0,3,0,0
2026-08-15T23:04:03.484,IMU-1,0x28,-3.44,176.81,276.0,0,3,0,0
2026-08-15T23:04:03.584,IMU-1,0x28,-3.44,176.81,276.0,0,3,0,0
2026-08-15T23:04:03.684,IMU-1,0x28,-3.44,176.81,276.0,0,3,0,0
2026-08-15T23:04:03.784,IMU-1,0x28,-3.44,176.81,276.0,0,3,0,0
2026-08-15T23:04:03.884,IMU-1,0x28,-3.44,176.81,276.0,0,3,0,0
2026-08-15T23:04:03.984,IMU-1,0x28,-3.44,176.81,276.0,0,3,0,0
2026-08-15T23:04:04.084,IMU-1,0x28,-3.44,176.81,276.0,0,3,0,0
2026-08-15T23:04:04.183,IMU-1,0x28,-3.44,176.81,276.0,0,3,0,0
2026-08-15T23:04:04.283,IMU-1,0x28,-3.44,176.81,276.0,0,3,0,0
2026-08-15T23:04:04.383,IMU-1,0x28,-3.44,176.81,276.0,0,3,0,0
2026-08-15T23:04:04.483,IMU-1,0x28,-3.44,176.81,276.0,0,3,0,0
2026-08-15T23:04:04.583,IMU-1,0x28,-3.44,176.81,276.0,0,3,0,0
2026-08-15T23:04:04.684,IMU-1,0x28,-3.44,176.81,276.0,0,3,0,0
2026-08-15T23:04:04.784,IMU-1,0x28,-3.44,176.81,276.0,0,3,0,0
2026-08-15T23:04:04.884,IMU-1,0x28,-3.44,176.81,276.0,0,3,0,0
2026-08-15T23:04:04.985,IMU-1,0x28,-3.44,176.81,276.0,0,3,0,0
2026-08-15T23:04:05.085,IMU-1,0x28,-3.44,176.81,276.0,0,3,0,0
2026-08-15T23:04:05.185,IMU-1,0x28,-3.44,176.81,276.0,0,3,0,0
2026-08-15T23:04:05.284,IMU-1,0x28,-3.44,176.81,276.0,0,3,0,0
2026-08-15T23:04:05.384,IMU-1,0x28,-3.44,176.81,276.0,0,3,0,0
2026-08-15T23:04:05.484,IMU-1,0x28,-3.44,176.81,276.0,0,3,0,0
2026-08-15T23:04:05.584,IMU-1,0x28,-3.44,176.81,276.0,0,3,0,0
2026-08-15T23:04:05.684,IMU-1,0x28,-3.44,176.81,276.0,0,3,0,0
2026-08-15T23:04:05.785,IMU-1,0x28,-3.44,176.81,276.0,0,3,0,0
2026-08-15T23:04:05.885,IMU-1,0x28,-3.44,176.81,276.0,0,3,0,0
2026-08-15T23:04:05.985,IMU-1,0x28,-3.44,176.81,276.0,0,3,0,0
2026-08-15T23:04:06.085,IMU-1,0x28,-3.44,176.81,276.0,0,3,0,0
2026-08-15T23:04:06.185,IMU-1,0x28,-3.44,176.81,276.0,0,3,0,0
2026-08-15T23:04:06.285,IMU-1,0x28,-3.44,176.81,276.0,0,3,0,0
2026-08-15T23:04:06.385,IMU-1,0x28,-3.44,176.81,276.0,0,3,0,0
2026-08-15T23:04:06.485,IMU-1,0x28,-3.44,176.81,276.0,0,3,0,0
2026-08-15T23:04:06.585,IMU-1,0x28,-3.44,176.81,276.0,0,3,0,0
2026-08-15T23:04:06.685,IMU-1,0x28,-3.44,176.81,276.0,0,3,0,0
2026-08-15T23:04:06.785,IMU-1,0x28,-3.44,176.81,276.0,0,3,0,0
2026-08-15T23:04:06.886,IMU-1,0x28,-3.44,176.81,276.0,0,3,0,0
2026-08-15T23:04:06.986,IMU-1,0x28,-3.44,176.81,276.0,0,3,0,0
2026-08-15T23:04:07.087,IMU-1,0x28,-3.44,176.81,276.0,0,3,0,0
2026-08-15T23:04:07.186,IMU-1,0x28,-3.44,176.81,276.0,0,3,0,0
2026-08-15T23:04:07.286,IMU-1,0x28,-3.44,176.81,276.0,0,3,0,0
2026-08-15T23:04:07.387,IMU-1,0x28,-3.44,176.81,276.0,0,3,0,0
2026-08-15T23:04:07.486,IMU-1,0x28,-3.44,176.81,276.0,0,3,0,0
2026-08-15T23:04:07.586,IMU-1,0x28,-3.44,176.81,276.0,0,3,0,0
2026-08-15T23:04:07.686,IMU-1,0x28,-3.44,176.81,276.0,0,3,0,0
2026-08-15T23:04:07.787,IMU-1,0x28,-3.44,176.81,276.0,0,3,0,0
2026-08-15T23:04:07.887,IMU-1,0x28,-3.44,176.81,276.0,0,3,0,0
2026-08-15T23:04:07.987,IMU-1,0x28,-3.44,176.81,276.0,0,3,0,0
2026-08-15T23:04:08.088,IMU-1,0x28,-3.44,176.81,276.0,0,3,0,0
2026-08-15T23:04:08.186,IMU-1,0x28,-3.44,176.81,276.0,0,3,0,0
2026-08-15T23:04:08.286,IMU-1,0x28,-3.44,176.81,276.0,0,3,0,0
2026-08-15T23:04:08.386,IMU-1,0x28,-3.44,176.81,276.0,0,3,0,0
2026-08-15T23:04:08.486,IMU-1,0x28,-3.44,176.81,276.0,0,3,0,0
2026-08-15T23:04:08.586,IMU-1,0x28,-3.44,176.81,276.0,0,3,0,0
2026-08-15T23:04:08.686,IMU-1,0x28,-3.44,176.81,276.0,0,3,0,0
2026-08-15T23:04:08.787,IMU-1,0x28,-3.44,176.81,276.0,0,3,0,0
2026-08-15T23:04:08.886,IMU-1,0x28,-3.44,176.81,276.0,0,3,0,0
2026-08-15T23:04:08.987,IMU-1,0x28,-3.44,176.81,276.0,0,3,0,0
2026-08-15T23:04:09.087,IMU-1,0x28,-3.44,176.81,276.0,0,3,0,0
2026-08-15T23:04:09.187,IMU-1,0x28,-3.44,176.81,276.0,0,3,0,0
2026-08-15T23:04:09.287,IMU-1,0x28,-3.44,176.81,276.0,0,3,0,0
2026-08-15T23:04:09.387,IMU-1,0x28,-3.44,176.81,276.0,0,3,0,0
2026-08-15T23:04:09.487,IMU-1,0x28,-3.44,176.81,276.0,0,3,0,0
2026-08-15T23:04:09.588,IMU-1,0x28,-3.44,176.81,276.0,0,3,0,0
2026-08-15T23:04:09.688,IMU-1,0x28,-3.44,176.81,276.0,0,3,0,0
2026-08-15T23:04:09.788,IMU-1,0x28,-3.44,176.81,276.0,0,3,0,0
2026-08-15T23:04:09.888,IMU-1,0x28,-3.44,176.81,276.0,0,3,0,0
2026-08-15T23:04:09.988,IMU-1,0x28,-3.44,176.81,276.0,0,3,0,0
2026-08-15T23:04:10.089,IMU-1,0x28,-3.44,176.81,276.0,0,3,0,0
2026-08-15T23:04:10.188,IMU-1,0x28,-3.44,176.81,276.0,0,3,0,0
2026-08-15T23:04:10.288,IMU-1,0x28,-3.44,176.81,276.0,0,3,0,0
2026-08-15T23:04:10.388,IMU-1,0x28,-3.44,176.81,276.0,0,3,0,0
2026-08-15T23:04:10.488,IMU-1,0x28,-3.44,176.81,276.0,0,3,0,0
2026-08-15T23:04:10.587,IMU-1,0x28,-3.44,176.81,276.0,0,3,0,0
2026-08-15T23:04:10.687,IMU-1,0x28,-3.44,176.81,276.0,0,3,0,0
2026-08-15T23:04:10.787,IMU-1,0x28,-3.44,176.81,276.0,0,3,0,0
2026-08-15T23:04:10.887,IMU-1,0x28,-3.44,176.81,276.0,0,3,0,0
2026-08-15T23:04:10.987,IMU-1,0x28,-3.44,176.81,276.0,0,3,0,0
2026-08-15T23:04:11.087,IMU-1,0x28,-3.44,176.81,276.0,0,3,0,0
2026-08-15T23:04:11.187,IMU-1,0x28,-3.5,176.81,276.0,0,3,0,0
2026-08-15T23:04:11.287,IMU-1,0x28,-3.5,176.88,276.0,0,3,0,0
2026-08-15T23:04:11.387,IMU-1,0x28,-3.5,176.81,276.0,0,3,0,0
2026-08-15T23:04:11.487,IMU-1,0x28,-3.5,176.81,276.0,0,3,0,0
2026-08-15T23:04:11.588,IMU-1,0x28,-3.56,176.81,276.0,0,3,0,0
2026-08-15T23:04:11.688,IMU-1,0x28,-3.69,176.81,276.0,0,3,0,0
2026-08-15T23:04:11.788,IMU-1,0x28,-3.69,176.81,276.0,0,3,0,0
2026-08-15T23:04:11.888,IMU-1,0x28,-3.75,176.81,276.0,0,3,0,0
2026-08-15T23:04:11.988,IMU-1,0x28,-3.81,176.81,276.0,0,3,0,0
2026-08-15T23:04:12.089,IMU-1,0x28,-3.75,176.81,276.0,0,3,0,0
2026-08-15T23:04:12.189,IMU-1,0x28,-3.75,176.81,276.0,0,3,0,0
2026-08-15T23:04:12.289,IMU-1,0x28,-3.75,176.81,276.0,0,3,0,0
2026-08-15T23:04:12.389,IMU-1,0x28,-3.75,176.81,276.0,0,3,0,0
2026-08-15T23:04:12.489,IMU-1,0x28,-3.75,176.81,276.0,0,3,0,0
2026-08-15T23:04:12.589,IMU-1,0x28,-3.75,176.81,276.0,0,3,0,0
2026-08-15T23:04:12.689,IMU-1,0x28,-3.75,176.81,276.0,0,3,0,0
2026-08-15T23:04:12.789,IMU-1,0x28,-3.75,176.81,276.0,0,3,0,0
2026-08-15T23:04:12.889,IMU-1,0x28,-3.75,176.81,276.0,0,3,0,0
2026-08-15T23:04:12.989,IMU-1,0x28,-3.75,176.81,276.0,0,3,0,0
2026-08-15T23:04:13.090,IMU-1,0x28,-3.62,176.81,276.0,0,3,0,0
2026-08-15T23:04:13.189,IMU-1,0x28,-3.62,176.81,276.0,0,3,0,0
2026-08-15T23:04:13.288,IMU-1,0x28,-3.62,176.81,276.0,0,3,0,0
2026-08-15T23:04:13.388,IMU-1,0x28,-3.62,176.81,276.0,0,3,0,0
2026-08-15T23:04:13.488,IMU-1,0x28,-3.62,176.81,276.0,0,3,0,0
2026-08-15T23:04:13.588,IMU-1,0x28,-3.62,176.81,276.0,0,3,0,0
2026-08-15T23:04:13.688,IMU-1,0x28,-3.62,176.81,276.0,0,3,0,0
2026-08-15T23:04:13.788,IMU-1,0x28,-3.62,176.81,276.0,0,3,0,0
2026-08-15T23:04:13.888,IMU-1,0x28,-3.62,176.81,276.0,0,3,0,0
2026-08-15T23:04:13.988,IMU-1,0x28,-3.44,175.69,276.25,0,3,0,0
2026-08-15T23:04:14.089,IMU-1,0x28,-3.44,175.75,276.38,0,3,0,0
2026-08-15T23:04:14.189,IMU-1,0x28,-3.44,175.88,276.38,0,3,0,0
2026-08-15T23:04:14.288,IMU-1,0x28,-3.38,175.62,276.0,0,3,0,0
2026-08-15T23:04:14.388,IMU-1,0x28,-3.38,174.44,276.12,0,3,0,0
2026-08-15T23:04:14.488,IMU-1,0x28,-3.25,170.75,276.25,0,3,0,0
2026-08-15T23:04:14.588,IMU-1,0x28,-3.25,164.69,276.44,0,3,0,0
2026-08-15T23:04:14.689,IMU-1,0x28,-3.25,161.0,276.56,0,3,0,0
2026-08-15T23:04:14.789,IMU-1,0x28,-3.25,162.12,276.5,0,3,0,0
2026-08-15T23:04:14.889,IMU-1,0x28,-3.25,159.94,276.56,0,3,0,0
2026-08-15T23:04:14.989,IMU-1,0x28,-3.25,158.75,276.62,0,3,0,0
2026-08-15T23:04:15.089,IMU-1,0x28,-3.19,156.19,276.69,0,3,0,0
2026-08-15T23:04:15.189,IMU-1,0x28,-3.19,154.25,276.75,0,3,0,0
2026-08-15T23:04:15.289,IMU-1,0x28,-3.19,153.38,276.81,0,3,0,0
2026-08-15T23:04:15.389,IMU-1,0x28,-3.19,150.19,276.88,0,3,0,0
2026-08-15T23:04:15.489,IMU-1,0x28,-3.12,149.25,276.94,0,3,0,0
2026-08-15T23:04:15.589,IMU-1,0x28,-3.12,147.44,276.94,0,3,0,0
2026-08-15T23:04:15.689,IMU-1,0x28,-3.06,147.0,277.0,0,3,0,0
2026-08-15T23:04:15.789,IMU-1,0x28,-3.06,145.0,277.06,0,3,0,0
2026-08-15T23:04:15.889,IMU-1,0x28,-3.06,144.62,277.06,0,3,0,0
2026-08-15T23:04:15.989,IMU-1,0x28,-3.06,143.06,277.06,0,3,0,0
2026-08-15T23:04:16.090,IMU-1,0x28,-3.0,141.75,277.12,0,3,0,0
2026-08-15T23:04:16.189,IMU-1,0x28,-3.0,138.88,277.19,0,3,0,0
2026-08-15T23:04:16.289,IMU-1,0x28,-3.0,137.69,277.25,0,3,0,0
2026-08-15T23:04:16.390,IMU-1,0x28,-3.0,135.75,277.31,0,3,0,0
2026-08-15T23:04:16.489,IMU-1,0x28,-3.0,135.44,277.31,0,3,0,0
2026-08-15T23:04:16.589,IMU-1,0x28,-2.94,135.19,277.31,0,3,0,0
2026-08-15T23:04:16.689,IMU-1,0x28,-2.94,134.75,88.94,0,3,0,0
2026-08-15T23:04:16.789,IMU-1,0x28,-2.94,134.31,89.06,0,3,0,0
2026-08-15T23:04:16.889,IMU-1,0x28,-2.94,134.06,89.12,0,3,0,0
2026-08-15T23:04:16.989,IMU-1,0x28,-2.88,133.75,89.25,0,3,0,0
2026-08-15T23:04:17.089,IMU-1,0x28,-2.88,133.75,89.25,0,3,0,0
2026-08-15T23:04:17.190,IMU-1,0x28,-2.88,133.56,89.31,0,3,0,0
2026-08-15T23:04:17.289,IMU-1,0x28,-2.88,133.69,89.31,0,3,0,0
2026-08-15T23:04:17.389,IMU-1,0x28,-2.88,133.75,89.38,0,3,0,0
2026-08-15T23:04:17.489,IMU-1,0x28,-2.88,133.69,89.38,0,3,0,0
2026-08-15T23:04:17.589,IMU-1,0x28,-2.81,133.88,89.38,0,3,0,0
2026-08-15T23:04:17.689,IMU-1,0x28,-2.81,134.0,89.38,0,3,0,0
2026-08-15T23:04:17.789,IMU-1,0x28,-2.81,133.94,89.38,0,3,0,0
2026-08-15T23:04:17.889,IMU-1,0x28,-2.81,134.0,89.44,0,3,0,0
2026-08-15T23:04:17.990,IMU-1,0x28,-2.81,134.06,89.44,0,3,0,0
2026-08-15T23:04:18.090,IMU-1,0x28,-2.81,134.06,89.44,0,3,1,0
2026-08-15T23:04:18.190,IMU-1,0x28,-2.81,134.06,89.44,0,3,1,0
2026-08-15T23:04:18.290,IMU-1,0x28,-2.81,133.88,89.5,0,3,1,0
2026-08-15T23:04:18.390,IMU-1,0x28,-2.81,133.75,89.5,0,3,1,0
2026-08-15T23:04:18.491,IMU-1,0x28,-2.81,133.69,89.5,0,3,1,0
2026-08-15T23:04:18.590,IMU-1,0x28,-2.81,133.62,89.5,0,3,1,0
2026-08-15T23:04:18.690,IMU-1,0x28,-2.81,133.62,89.5,0,3,1,0
2026-08-15T23:04:18.791,IMU-1,0x28,-2.81,133.56,89.5,0,3,1,0
2026-08-15T23:04:18.891,IMU-1,0x28,-2.81,133.56,89.5,0,3,1,0
2026-08-15T23:04:18.991,IMU-1,0x28,-2.81,133.25,89.56,0,3,1,0
2026-08-15T23:04:19.092,IMU-1,0x28,-2.81,133.19,89.56,0,3,1,0
2026-08-15T23:04:19.191,IMU-1,0x28,-2.81,133.12,89.56,0,3,1,0
2026-08-15T23:04:19.291,IMU-1,0x28,-2.81,133.25,89.56,0,3,1,0
2026-08-15T23:04:19.392,IMU-1,0x28,-2.81,133.12,89.56,0,3,1,0
2026-08-15T23:04:19.492,IMU-1,0x28,-2.81,133.19,89.56,0,3,1,0
2026-08-15T23:04:19.592,IMU-1,0x28,-2.81,133.19,89.56,0,3,1,0
2026-08-15T23:04:19.692,IMU-1,0x28,-2.81,133.25,89.56,0,3,1,0
2026-08-15T23:04:19.792,IMU-1,0x28,-2.81,133.81,89.5,0,3,1,0
2026-08-15T23:04:19.892,IMU-1,0x28,-2.81,135.75,277.25,0,3,1,0
2026-08-15T23:04:19.992,IMU-1,0x28,-2.81,145.06,277.0,0,3,1,0
2026-08-15T23:04:20.093,IMU-1,0x28,-2.81,149.31,276.88,0,3,1,0
2026-08-15T23:04:20.192,IMU-1,0x28,-2.81,157.81,276.69,0,3,1,0
2026-08-15T23:04:20.292,IMU-1,0x28,-3.0,177.12,276.25,0,3,1,0
2026-08-15T23:04:20.391,IMU-1,0x28,-3.0,177.12,276.25,0,3,1,0
2026-08-15T23:04:20.490,IMU-1,0x28,-3.0,177.12,276.25,0,3,1,0
2026-08-15T23:04:20.591,IMU-1,0x28,-3.19,178.12,276.19,0,3,1,0
2026-08-15T23:04:20.690,IMU-1,0x28,-3.19,178.12,276.19,0,3,1,0
2026-08-15T23:04:20.790,IMU-1,0x28,-3.19,178.12,276.19,0,3,1,0
2026-08-15T23:04:20.891,IMU-1,0x28,-3.19,178.19,276.19,0,3,1,0
2026-08-15T23:04:20.991,IMU-1,0x28,-3.19,178.19,276.19,0,3,1,0
2026-08-15T23:04:21.091,IMU-1,0x28,-3.19,178.19,276.19,0,3,1,0
2026-08-15T23:04:21.191,IMU-1,0x28,-3.19,178.19,276.19,0,3,1,0
2026-08-15T23:04:21.291,IMU-1,0x28,-3.25,178.19,276.19,0,3,1,0
2026-08-15T23:04:21.391,IMU-1,0x28,-3.25,178.19,276.19,0,3,1,0
2026-08-15T23:04:21.491,IMU-1,0x28,-3.25,178.25,276.19,0,3,1,0
2026-08-15T23:04:21.592,IMU-1,0x28,-3.25,178.25,276.19,0,3,1,0
2026-08-15T23:04:21.692,IMU-1,0x28,-3.25,178.25,276.19,0,3,1,0
2026-08-15T23:04:21.792,IMU-1,0x28,-3.25,178.25,276.19,0,3,1,0
2026-08-15T23:04:21.892,IMU-1,0x28,-3.25,178.25,276.19,0,3,1,0
2026-08-15T23:04:21.993,IMU-1,0x28,-3.25,178.31,276.19,0,3,1,0
2026-08-15T23:04:22.094,IMU-1,0x28,-3.31,178.38,276.19,0,3,0,0
2026-08-15T23:04:22.193,IMU-1,0x28,-3.31,178.44,276.19,0,3,0,0
2026-08-15T23:04:22.293,IMU-1,0x28,-3.31,178.44,276.19,0,3,0,0
2026-08-15T23:04:22.393,IMU-1,0x28,-3.31,178.5,276.25,0,3,0,0
2026-08-15T23:04:22.493,IMU-1,0x28,-3.31,178.56,276.25,0,3,0,0
2026-08-15T23:04:22.593,IMU-1,0x28,-3.31,178.56,276.25,0,3,0,0
2026-08-15T23:04:22.693,IMU-1,0x28,-3.38,178.56,276.25,0,3,0,0
2026-08-15T23:04:22.792,IMU-1,0x28,-3.38,178.62,276.25,0,3,0,0
2026-08-15T23:04:22.892,IMU-1,0x28,-3.38,178.62,276.25,0,3,0,0
2026-08-15T23:04:22.992,IMU-1,0x28,-3.38,178.62,276.25,0,3,0,0
2026-08-15T23:04:23.093,IMU-1,0x28,-3.38,178.62,276.25,0,3,0,0
2026-08-15T23:04:23.192,IMU-1,0x28,-3.38,178.62,276.25,0,3,0,0
2026-08-15T23:04:23.292,IMU-1,0x28,-3.38,178.62,276.25,0,3,0,0
2026-08-15T23:04:23.392,IMU-1,0x28,-3.38,178.62,276.25,0,3,0,0
2026-08-15T23:04:23.492,IMU-1,0x28,-3.38,178.62,276.25,0,3,0,0
2026-08-15T23:04:23.592,IMU-1,0x28,-3.38,178.62,276.25,0,3,0,0
2026-08-15T23:04:23.692,IMU-1,0x28,-3.38,178.62,276.25,0,3,0,0
2026-08-15T23:04:23.793,IMU-1,0x28,-3.38,178.62,276.25,0,3,0,0
2026-08-15T23:04:23.893,IMU-1,0x28,-3.38,178.62,276.25,0,3,0,0
2026-08-15T23:04:23.993,IMU-1,0x28,-3.38,178.62,276.25,0,3,0,0
2026-08-15T23:04:24.094,IMU-1,0x28,-3.38,178.62,276.25,0,3,0,0
2026-08-15T23:04:24.193,IMU-1,0x28,-3.38,178.62,276.25,0,3,0,0
2026-08-15T23:04:24.294,IMU-1,0x28,-3.38,178.62,276.25,0,3,0,0
2026-08-15T23:04:24.394,IMU-1,0x28,-3.38,178.62,276.25,0,3,0,0
2026-08-15T23:04:24.494,IMU-1,0x28,-3.38,178.62,276.25,0,3,0,0
2026-08-15T23:04:24.594,IMU-1,0x28,-3.38,178.62,276.25,0,3,0,0
2026-08-15T23:04:24.694,IMU-1,0x28,-3.38,178.62,276.25,0,3,0,0
2026-08-15T23:04:24.794,IMU-1,0x28,-3.38,178.62,276.25,0,3,0,0
2026-08-15T23:04:24.894,IMU-1,0x28,-3.38,178.62,276.25,0,3,0,0
2026-08-15T23:04:24.994,IMU-1,0x28,-3.38,178.62,276.25,0,3,0,0
2026-08-15T23:04:25.095,IMU-1,0x28,-3.38,178.62,276.25,0,3,0,0
2026-08-15T23:04:25.194,IMU-1,0x28,-3.38,178.62,276.25,0,3,0,0
2026-08-15T23:04:25.294,IMU-1,0x28,-3.38,178.62,276.25,0,3,0,0
2026-08-15T23:04:25.394,IMU-1,0x28,-3.38,178.62,276.25,0,3,0,0
2026-08-15T23:04:25.494,IMU-1,0x28,-3.38,178.62,276.25,0,3,0,0
2026-08-15T23:04:25.593,IMU-1,0x28,-3.38,178.62,276.25,0,3,0,0
2026-08-15T23:04:25.693,IMU-1,0x28,-3.38,178.62,276.25,0,3,0,0
2026-08-15T23:04:25.793,IMU-1,0x28,-3.38,178.62,276.25,0,3,0,0
2026-08-15T23:04:25.893,IMU-1,0x28,-3.38,178.62,276.25,0,3,0,0
2026-08-15T23:04:25.993,IMU-1,0x28,-3.38,178.62,276.25,0,3,0,0
2026-08-15T23:04:26.094,IMU-1,0x28,-3.38,178.62,276.25,0,3,0,0
2026-08-15T23:04:26.194,IMU-1,0x28,-3.38,178.62,276.25,0,3,0,0
2026-08-15T23:04:26.294,IMU-1,0x28,-3.38,178.62,276.25,0,3,0,0
2026-08-15T23:04:26.394,IMU-1,0x28,-3.38,178.62,276.25,0,3,0,0
2026-08-15T23:04:26.494,IMU-1,0x28,-3.38,178.62,276.25,0,3,0,0
2026-08-15T23:04:26.594,IMU-1,0x28,-3.38,178.62,276.25,0,3,0,0
2026-08-15T23:04:26.695,IMU-1,0x28,-3.38,178.62,276.25,0,3,0,0
2026-08-15T23:04:26.795,IMU-1,0x28,-3.38,178.62,276.25,0,3,0,0
2026-08-15T23:04:26.895,IMU-1,0x28,-3.38,178.62,276.25,0,3,0,0
2026-08-15T23:04:26.995,IMU-1,0x28,-3.38,178.62,276.25,0,3,0,0
2026-08-15T23:04:27.096,IMU-1,0x28,-3.38,178.62,276.25,0,3,0,0
2026-08-15T23:04:27.195,IMU-1,0x28,-3.38,178.62,276.25,0,3,0,0
2026-08-15T23:04:27.295,IMU-1,0x28,-3.38,178.62,276.25,0,3,0,0
2026-08-15T23:04:27.395,IMU-1,0x28,-3.38,178.62,276.25,0,3,0,0
2026-08-15T23:04:27.495,IMU-1,0x28,-3.38,178.62,276.25,0,3,0,0
2026-08-15T23:04:27.594,IMU-1,0x28,-3.38,178.62,276.25,0,3,0,0
2026-08-15T23:04:27.694,IMU-1,0x28,-3.38,178.62,276.25,0,3,0,0
2026-08-15T23:04:27.793,IMU-1,0x28,-3.38,178.62,276.25,0,3,0,0
2026-08-15T23:04:27.894,IMU-1,0x28,-3.38,178.62,276.25,0,3,0,0
2026-08-15T23:04:27.994,IMU-1,0x28,-3.38,178.62,276.25,0,3,0,0
2026-08-15T23:04:28.094,IMU-1,0x28,-3.38,178.69,276.25,0,3,0,0
2026-08-15T23:04:28.194,IMU-1,0x28,-3.38,178.69,276.25,0,3,0,0
2026-08-15T23:04:28.294,IMU-1,0x28,-3.38,178.69,276.25,0,3,0,0
2026-08-15T23:04:28.394,IMU-1,0x28,-3.44,178.75,276.25,0,3,0,0
2026-08-15T23:04:28.495,IMU-1,0x28,-3.44,178.75,276.25,0,3,0,0
2026-08-15T23:04:28.595,IMU-1,0x28,-3.44,178.75,276.25,0,3,0,0
2026-08-15T23:04:28.695,IMU-1,0x28,-3.44,178.81,276.25,0,3,0,0
2026-08-15T23:04:28.795,IMU-1,0x28,-3.44,178.81,276.25,0,3,0,0
2026-08-15T23:04:28.895,IMU-1,0x28,-3.44,178.81,276.25,0,3,0,0
2026-08-15T23:04:28.996,IMU-1,0x28,-3.44,178.81,276.25,0,3,0,0
2026-08-15T23:04:29.096,IMU-1,0x28,-3.44,178.81,276.25,0,3,0,0
2026-08-15T23:04:29.196,IMU-1,0x28,-3.44,178.81,276.25,0,3,0,0
2026-08-15T23:04:29.296,IMU-1,0x28,-3.44,178.81,276.25,0,3,0,0
2026-08-15T23:04:29.396,IMU-1,0x28,-3.44,178.81,276.25,0,3,0,0
2026-08-15T23:04:29.495,IMU-1,0x28,-3.44,178.81,276.25,0,3,0,0
2026-08-15T23:04:29.595,IMU-1,0x28,-3.44,178.81,276.25,0,3,0,0
2026-08-15T23:04:29.695,IMU-1,0x28,-3.44,178.81,276.25,0,3,0,0
2026-08-15T23:04:29.795,IMU-1,0x28,-3.44,178.81,276.25,0,3,0,0
2026-08-15T23:04:29.895,IMU-1,0x28,-3.44,178.81,276.25,0,3,0,0
2026-08-15T23:04:29.995,IMU-1,0x28,-3.44,178.81,276.25,0,3,0,0
2026-08-15T23:04:30.096,IMU-1,0x28,-3.44,178.81,276.25,0,3,0,0
2026-08-15T23:04:30.195,IMU-1,0x28,-3.44,178.81,276.25,0,3,0,0
2026-08-15T23:04:30.295,IMU-1,0x28,-3.44,178.81,276.25,0,3,0,0
2026-08-15T23:04:30.395,IMU-1,0x28,-3.44,178.81,276.25,0,3,0,0
2026-08-15T23:04:30.495,IMU-1,0x28,-3.44,178.81,276.25,0,3,0,0
2026-08-15T23:04:30.595,IMU-1,0x28,-3.44,178.81,276.25,0,3,0,0
2026-08-15T23:04:30.695,IMU-1,0x28,-3.44,178.81,276.25,0,3,0,0
2026-08-15T23:04:30.795,IMU-1,0x28,-3.44,178.81,276.25,0,3,0,0
2026-08-15T23:04:30.896,IMU-1,0x28,-3.44,178.81,276.25,0,3,0,0
2026-08-15T23:04:30.996,IMU-1,0x28,-3.44,178.81,276.25,0,3,0,0
2026-08-15T23:04:31.097,IMU-1,0x28,-3.44,178.81,276.25,0,3,0,0
2026-08-15T23:04:31.196,IMU-1,0x28,-3.44,178.81,276.25,0,3,0,0
2026-08-15T23:04:31.297,IMU-1,0x28,-3.44,178.81,276.25,0,3,0,0
2026-08-15T23:04:31.397,IMU-1,0x28,-3.44,178.81,276.25,0,3,0,0
2026-08-15T23:04:31.497,IMU-1,0x28,-3.44,178.81,276.25,0,3,0,0
2026-08-15T23:04:31.597,IMU-1,0x28,-3.44,178.81,276.25,0,3,0,0
2026-08-15T23:04:31.697,IMU-1,0x28,-3.44,178.81,276.25,0,3,0,0
2026-08-15T23:04:31.797,IMU-1,0x28,-3.44,178.81,276.25,0,3,0,0
2026-08-15T23:04:31.897,IMU-1,0x28,-3.44,178.81,276.25,0,3,0,0
2026-08-15T23:04:31.997,IMU-1,0x28,-3.44,178.81,276.25,0,3,0,0
2026-08-15T23:04:32.098,IMU-1,0x28,-3.44,178.81,276.25,0,3,0,0
2026-08-15T23:04:32.197,IMU-1,0x28,-3.44,178.81,276.25,0,3,0,0
2026-08-15T23:04:32.297,IMU-1,0x28,-3.44,178.81,276.25,0,3,0,0
2026-08-15T23:04:32.397,IMU-1,0x28,-3.44,178.81,276.25,0,3,0,0
2026-08-15T23:04:32.497,IMU-1,0x28,-3.44,178.81,276.25,0,3,0,0
2026-08-15T23:04:32.597,IMU-1,0x28,-3.44,178.81,276.25,0,3,0,0
2026-08-15T23:04:32.697,IMU-1,0x28,-3.44,178.81,276.25,0,3,0,0
2026-08-15T23:04:32.797,IMU-1,0x28,-3.44,178.81,276.25,0,3,0,0
2026-08-15T23:04:32.897,IMU-1,0x28,-3.44,178.81,276.25,0,3,0,0
2026-08-15T23:04:32.997,IMU-1,0x28,-3.44,178.81,276.25,0,3,0,0
2026-08-15T23:04:33.098,IMU-1,0x28,-3.44,178.81,276.25,0,3,0,0
2026-08-15T23:04:33.197,IMU-1,0x28,-3.44,178.81,276.25,0,3,0,0
2026-08-15T23:04:33.297,IMU-1,0x28,-3.44,178.81,276.25,0,3,0,0
2026-08-15T23:04:33.397,IMU-1,0x28,-3.44,178.81,276.25,0,3,0,0
2026-08-15T23:04:33.497,IMU-1,0x28,-3.44,178.81,276.25,0,3,0,0
2026-08-15T23:04:33.597,IMU-1,0x28,-3.44,178.81,276.25,0,3,0,0
2026-08-15T23:04:33.698,IMU-1,0x28,-3.44,178.81,276.25,0,3,0,0
2026-08-15T23:04:33.798,IMU-1,0x28,-3.44,178.81,276.25,0,3,0,0
2026-08-15T23:04:33.898,IMU-1,0x28,-3.44,178.81,276.25,0,3,0,0
2026-08-15T23:04:33.998,IMU-1,0x28,-3.44,178.81,276.25,0,3,0,0
2026-08-15T23:04:34.099,IMU-1,0x28,-3.44,178.81,276.25,0,3,0,0
2026-08-15T23:04:34.198,IMU-1,0x28,-3.44,178.81,276.25,0,3,0,0
2026-08-15T23:04:34.298,IMU-1,0x28,-3.44,178.81,276.25,0,3,0,0
2026-08-15T23:04:34.398,IMU-1,0x28,-3.44,178.81,276.25,0,3,0,0
2026-08-15T23:04:34.498,IMU-1,0x28,-3.44,178.81,276.25,0,3,0,0
2026-08-15T23:04:34.598,IMU-1,0x28,-3.44,178.81,276.25,0,3,0,0
2026-08-15T23:04:34.698,IMU-1,0x28,-3.44,178.81,276.25,0,3,0,0
2026-08-15T23:04:34.798,IMU-1,0x28,-3.44,178.81,276.25,0,3,0,0
2026-08-15T23:04:34.897,IMU-1,0x28,-3.44,178.81,276.25,0,3,0,0
2026-08-15T23:04:34.997,IMU-1,0x28,-3.44,178.81,276.25,0,3,0,0
2026-08-15T23:04:35.098,IMU-1,0x28,-3.44,178.81,276.25,0,3,0,0
2026-08-15T23:04:35.198,IMU-1,0x28,-3.44,178.81,276.25,0,3,0,0
2026-08-15T23:04:35.298,IMU-1,0x28,-3.44,178.81,276.25,0,3,0,0
2026-08-15T23:04:35.398,IMU-1,0x28,-3.44,178.81,276.25,0,3,0,0
2026-08-15T23:04:35.498,IMU-1,0x28,-3.44,178.81,276.25,0,3,0,0
2026-08-15T23:04:35.598,IMU-1,0x28,-3.44,178.81,276.25,0,3,0,0
2026-08-15T23:04:35.698,IMU-1,0x28,-3.44,178.81,276.25,0,3,0,0
2026-08-15T23:04:35.799,IMU-1,0x28,-3.44,178.81,276.25,0,3,0,0
2026-08-15T23:04:35.898,IMU-1,0x28,-3.44,178.81,276.25,0,3,0,0
2026-08-15T23:04:35.999,IMU-1,0x28,-3.44,178.81,276.25,0,3,0,0
2026-08-15T23:04:36.100,IMU-1,0x28,-3.44,178.81,276.25,0,3,0,0
2026-08-15T23:04:36.199,IMU-1,0x28,-3.44,178.81,276.25,0,3,0,0
2026-08-15T23:04:36.299,IMU-1,0x28,-3.44,178.81,276.25,0,3,0,0
2026-08-15T23:04:36.399,IMU-1,0x28,-3.44,178.81,276.25,0,3,0,0
2026-08-15T23:04:36.499,IMU-1,0x28,-3.44,178.81,276.25,0,3,0,0
2026-08-15T23:04:36.600,IMU-1,0x28,-3.44,178.81,276.25,0,3,0,0
2026-08-15T23:04:36.700,IMU-1,0x28,-3.44,178.81,276.25,0,3,0,0
2026-08-15T23:04:36.800,IMU-1,0x28,-3.44,178.81,276.25,0,3,0,0
2026-08-15T23:04:36.900,IMU-1,0x28,-3.44,178.81,276.25,0,3,0,0
2026-08-15T23:04:37.000,IMU-1,0x28,-3.44,178.81,276.25,0,3,0,0
2026-08-15T23:04:37.101,IMU-1,0x28,-3.44,178.81,276.25,0,3,0,0
2026-08-15T23:04:37.199,IMU-1,0x28,-3.44,178.81,276.25,0,3,0,0
2026-08-15T23:04:37.299,IMU-1,0x28,-3.44,178.81,276.25,0,3,0,0
2026-08-15T23:04:37.398,IMU-1,0x28,-3.44,178.81,276.25,0,3,0,0
2026-08-15T23:04:37.498,IMU-1,0x28,-3.44,178.81,276.25,0,3,0,0
2026-08-15T23:04:37.598,IMU-1,0x28,-3.44,178.81,276.25,0,3,0,0
2026-08-15T23:04:37.698,IMU-1,0x28,-3.44,178.81,276.25,0,3,0,0
2026-08-15T23:04:37.799,IMU-1,0x28,-3.44,178.81,276.25,0,3,0,0
2026-08-15T23:04:37.899,IMU-1,0x28,-3.44,178.81,276.25,0,3,0,0
2026-08-15T23:04:37.999,IMU-1,0x28,-3.44,178.81,276.25,0,3,0,0
2026-08-15T23:04:38.099,IMU-1,0x28,-3.44,178.81,276.25,0,3,0,0
2026-08-15T23:04:38.199,IMU-1,0x28,-3.44,178.81,276.25,0,3,0,0
2026-08-15T23:04:38.299,IMU-1,0x28,-3.44,178.81,276.25,0,3,0,0
2026-08-15T23:04:38.400,IMU-1,0x28,-3.44,178.81,276.25,0,3,0,0
2026-08-15T23:04:38.500,IMU-1,0x28,-3.44,178.81,276.25,0,3,0,0
2026-08-15T23:04:38.600,IMU-1,0x28,-3.44,178.81,276.25,0,3,0,0
2026-08-15T23:04:38.701,IMU-1,0x28,-3.44,178.81,276.25,0,3,0,0
2026-08-15T23:04:38.801,IMU-1,0x28,-3.44,178.81,276.25,0,3,0,0
2026-08-15T23:04:38.901,IMU-1,0x28,-3.44,178.81,276.25,0,3,0,0
2026-08-15T23:04:39.001,IMU-1,0x28,-3.44,178.81,276.25,0,3,0,0
2026-08-15T23:04:39.102,IMU-1,0x28,-3.44,178.81,276.25,0,3,0,0
2026-08-15T23:04:39.201,IMU-1,0x28,-3.44,178.81,276.25,0,3,0,0
2026-08-15T23:04:39.301,IMU-1,0x28,-3.44,178.81,276.25,0,3,0,0
2026-08-15T23:04:39.401,IMU-1,0x28,-3.44,178.81,276.25,0,3,0,0
2026-08-15T23:04:39.501,IMU-1,0x28,-3.44,178.81,276.25,0,3,0,0
2026-08-15T23:04:39.601,IMU-1,0x28,-3.44,178.81,276.25,0,3,0,0
2026-08-15T23:04:39.701,IMU-1,0x28,-3.44,178.81,276.25,0,3,0,0
2026-08-15T23:04:39.801,IMU-1,0x28,-3.44,178.81,276.25,0,3,0,0
2026-08-15T23:04:39.901,IMU-1,0x28,-3.44,178.81,276.25,0,3,0,0
2026-08-15T23:04:40.001,IMU-1,0x28,-3.44,178.81,276.25,0,3,0,0
2026-08-15T23:04:40.101,IMU-1,0x28,-3.44,178.81,276.25,0,3,0,0
2026-08-15T23:04:40.200,IMU-1,0x28,-3.44,178.81,276.25,0,3,0,0
2026-08-15T23:04:40.300,IMU-1,0x28,-3.44,178.81,276.25,0,3,0,0
2026-08-15T23:04:40.400,IMU-1,0x28,-3.44,178.81,276.25,0,3,0,0
2026-08-15T23:04:40.500,IMU-1,0x28,-3.44,178.81,276.25,0,3,0,0
2026-08-15T23:04:40.600,IMU-1,0x28,-3.44,178.81,276.25,0,3,0,0
2026-08-15T23:04:40.701,IMU-1,0x28,-3.44,178.81,276.25,0,3,0,0
2026-08-15T23:04:40.801,IMU-1,0x28,-3.44,178.81,276.25,0,3,0,0
2026-08-15T23:04:40.901,IMU-1,0x28,-3.44,178.81,276.25,0,3,0,0
2026-08-15T23:04:41.001,IMU-1,0x28,-3.44,178.81,276.25,0,3,0,0
2026-08-15T23:04:41.102,IMU-1,0x28,-3.44,178.81,276.25,0,3,0,0
2026-08-15T23:04:41.202,IMU-1,0x28,-3.44,178.81,276.25,0,3,0,0
2026-08-15T23:04:41.302,IMU-1,0x28,-3.44,178.81,276.25,0,3,0,0
2026-08-15T23:04:41.402,IMU-1,0x28,-3.44,178.81,276.25,0,3,0,0
2026-08-15T23:04:41.502,IMU-1,0x28,-3.44,178.81,276.25,0,3,0,0
2026-08-15T23:04:41.601,IMU-1,0x28,-3.44,178.81,276.25,0,3,0,0
2026-08-15T23:04:41.702,IMU-1,0x28,-3.44,178.81,276.25,0,3,0,0
2026-08-15T23:04:41.801,IMU-1,0x28,-3.44,178.81,276.25,0,3,0,0
2026-08-15T23:04:41.902,IMU-1,0x28,-3.44,178.81,276.25,0,3,0,0
2026-08-15T23:04:42.002,IMU-1,0x28,-3.44,178.81,276.25,0,3,0,0
2026-08-15T23:04:42.102,IMU-1,0x28,-3.44,178.81,276.25,0,3,0,0
2026-08-15T23:04:42.202,IMU-1,0x28,-3.44,178.81,276.25,0,3,0,0
2026-08-15T23:04:42.302,IMU-1,0x28,-3.44,178.81,276.25,0,3,0,0
2026-08-15T23:04:42.402,IMU-1,0x28,-3.44,178.81,276.25,0,3,0,0
2026-08-15T23:04:42.502,IMU-1,0x28,-3.44,178.81,276.25,0,3,0,0
2026-08-15T23:04:42.601,IMU-1,0x28,-3.44,178.81,276.25,0,3,0,0
2026-08-15T23:04:42.701,IMU-1,0x28,-3.44,178.81,276.25,0,3,0,0
2026-08-15T23:04:42.801,IMU-1,0x28,-3.44,178.81,276.25,0,3,0,0
2026-08-15T23:04:42.901,IMU-1,0x28,-3.44,178.81,276.25,0,3,0,0
2026-08-15T23:04:43.002,IMU-1,0x28,-3.44,178.81,276.25,0,3,0,0
2026-08-15T23:04:43.103,IMU-1,0x28,-3.44,178.81,276.25,0,3,0,0
2026-08-15T23:04:43.202,IMU-1,0x28,-3.44,178.81,276.25,0,3,0,0
2026-08-15T23:04:43.302,IMU-1,0x28,-3.44,178.81,276.25,0,3,0,0
2026-08-15T23:04:43.403,IMU-1,0x28,-3.44,178.81,276.25,0,3,0,0
2026-08-15T23:04:43.503,IMU-1,0x28,-3.44,178.81,276.25,0,3,0,0
2026-08-15T23:04:43.603,IMU-1,0x28,-3.44,178.81,276.25,0,3,0,0
2026-08-15T23:04:43.704,IMU-1,0x28,-3.44,178.81,276.25,0,3,0,0
2026-08-15T23:04:43.803,IMU-1,0x28,-3.44,178.81,276.25,0,3,0,0
2026-08-15T23:04:43.903,IMU-1,0x28,-3.44,178.81,276.25,0,3,0,0
2026-08-15T23:04:44.003,IMU-1,0x28,-3.44,178.81,276.25,0,3,0,0
2026-08-15T23:04:44.104,IMU-1,0x28,-3.44,178.81,276.25,0,3,0,0
2026-08-15T23:04:44.204,IMU-1,0x28,-3.44,178.81,276.25,0,3,0,0
2026-08-15T23:04:44.304,IMU-1,0x28,-3.44,178.81,276.25,0,3,0,0
2026-08-15T23:04:44.404,IMU-1,0x28,-3.44,178.81,276.25,0,3,0,0
2026-08-15T23:04:44.503,IMU-1,0x28,-3.44,178.81,276.25,0,3,0,0
2026-08-15T23:04:44.603,IMU-1,0x28,-3.44,178.81,276.25,0,3,0,0
2026-08-15T23:04:44.703,IMU-1,0x28,-3.44,178.81,276.25,0,3,0,0
2026-08-15T23:04:44.803,IMU-1,0x28,-3.44,178.81,276.25,0,3,0,0
2026-08-15T23:04:44.903,IMU-1,0x28,-3.44,178.81,276.25,0,3,0,0
2026-08-15T23:04:45.003,IMU-1,0x28,-3.44,178.81,276.25,0,3,0,0
2026-08-15T23:04:45.104,IMU-1,0x28,-3.44,178.81,276.25,0,3,0,0
2026-08-15T23:04:45.204,IMU-1,0x28,-3.44,178.81,276.25,0,3,0,0
2026-08-15T23:04:45.303,IMU-1,0x28,-3.44,178.81,276.25,0,3,0,0
2026-08-15T23:04:45.403,IMU-1,0x28,-3.44,178.81,276.25,0,3,0,0
2026-08-15T23:04:45.503,IMU-1,0x28,-3.44,178.81,276.25,0,3,0,0
2026-08-15T23:04:45.604,IMU-1,0x28,-3.44,178.81,276.25,0,3,0,0
2026-08-15T23:04:45.704,IMU-1,0x28,-3.44,178.81,276.25,0,3,0,0
2026-08-15T23:04:45.804,IMU-1,0x28,-3.44,178.81,276.25,0,3,0,0
2026-08-15T23:04:45.904,IMU-1,0x28,-3.44,178.81,276.25,0,3,0,0
2026-08-15T23:04:46.004,IMU-1,0x28,-3.44,178.81,276.25,0,3,0,0
2026-08-15T23:04:46.106,IMU-1,0x28,-3.44,178.81,276.25,0,3,0,0
2026-08-15T23:04:46.205,IMU-1,0x28,-3.44,178.81,276.25,0,3,0,0
2026-08-15T23:04:46.304,IMU-1,0x28,-3.44,178.81,276.25,0,3,0,0
2026-08-15T23:04:46.405,IMU-1,0x28,-3.44,178.81,276.25,0,3,0,0
2026-08-15T23:04:46.505,IMU-1,0x28,-3.44,178.81,276.25,0,3,0,0
2026-08-15T23:04:46.605,IMU-1,0x28,-3.44,178.81,276.25,0,3,0,0
2026-08-15T23:04:46.705,IMU-1,0x28,-3.44,178.81,276.25,0,3,0,0
2026-08-15T23:04:46.804,IMU-1,0x28,-3.44,178.81,276.25,0,3,0,0
2026-08-15T23:04:46.904,IMU-1,0x28,-3.44,178.81,276.25,0,3,0,0
2026-08-15T23:04:47.003,IMU-1,0x28,-3.44,178.81,276.25,0,3,0,0
2026-08-15T23:04:47.104,IMU-1,0x28,-3.44,178.81,276.25,0,3,0,0
2026-08-15T23:04:47.204,IMU-1,0x28,-3.44,178.81,276.25,0,3,0,0
2026-08-15T23:04:47.303,IMU-1,0x28,-3.44,178.81,276.25,0,3,0,0
2026-08-15T23:04:47.403,IMU-1,0x28,-3.44,178.81,276.25,0,3,0,0
2026-08-15T23:04:47.504,IMU-1,0x28,-3.44,178.81,276.25,0,3,0,0
2026-08-15T23:04:47.604,IMU-1,0x28,-3.44,178.81,276.25,0,3,0,0
2026-08-15T23:04:47.704,IMU-1,0x28,-3.44,178.81,276.25,0,3,0,0
2026-08-15T23:04:47.804,IMU-1,0x28,-3.44,178.81,276.25,0,3,0,0
2026-08-15T23:04:47.904,IMU-1,0x28,-3.44,178.81,276.25,0,3,0,0
2026-08-15T23:04:48.004,IMU-1,0x28,-3.44,178.81,276.25,0,3,0,0
2026-08-15T23:04:48.105,IMU-1,0x28,-3.44,178.81,276.25,0,3,0,0
2026-08-15T23:04:48.205,IMU-1,0x28,-3.44,178.81,276.25,0,3,0,0
2026-08-15T23:04:48.305,IMU-1,0x28,-3.44,178.81,276.25,0,3,0,0
2026-08-15T23:04:48.406,IMU-1,0x28,-3.44,178.81,276.25,0,3,0,0
2026-08-15T23:04:48.506,IMU-1,0x28,-3.44,178.81,276.25,0,3,0,0
2026-08-15T23:04:48.606,IMU-1,0x28,-3.44,178.81,276.25,0,3,0,0
2026-08-15T23:04:48.706,IMU-1,0x28,-3.44,178.81,276.25,0,3,0,0
2026-08-15T23:04:48.806,IMU-1,0x28,-3.44,178.81,276.25,0,3,0,0
2026-08-15T23:04:48.906,IMU-1,0x28,-3.44,178.81,276.25,0,3,0,0
2026-08-15T23:04:49.006,IMU-1,0x28,-3.44,178.81,276.25,0,3,0,0
2026-08-15T23:04:49.107,IMU-1,0x28,-3.44,178.81,276.25,0,3,0,0
2026-08-15T23:04:49.206,IMU-1,0x28,-3.44,178.81,276.25,0,3,0,0
2026-08-15T23:04:49.306,IMU-1,0x28,-3.44,178.81,276.25,0,3,0,0
2026-08-15T23:04:49.406,IMU-1,0x28,-3.44,178.81,276.25,0,3,0,0
2026-08-15T23:04:49.506,IMU-1,0x28,-3.44,178.81,276.25,0,3,0,0
2026-08-15T23:04:49.606,IMU-1,0x28,-3.44,178.81,276.25,0,3,0,0
2026-08-15T23:04:49.705,IMU-1,0x28,-3.44,178.81,276.25,0,3,0,0
2026-08-15T23:04:49.805,IMU-1,0x28,-3.44,178.81,276.25,0,3,0,0
2026-08-15T23:04:49.905,IMU-1,0x28,-3.44,178.81,276.25,0,3,0,0
2026-08-15T23:04:50.005,IMU-1,0x28,-3.44,178.81,276.25,0,3,0,0
2026-08-15T23:04:50.106,IMU-1,0x28,-3.44,178.81,276.25,0,3,0,0
2026-08-15T23:04:50.205,IMU-1,0x28,-3.44,178.81,276.25,0,3,0,0
2026-08-15T23:04:50.305,IMU-1,0x28,-3.44,178.81,276.25,0,3,0,0
2026-08-15T23:04:50.405,IMU-1,0x28,-3.44,178.81,276.25,0,3,0,0
2026-08-15T23:04:50.506,IMU-1,0x28,-3.44,178.81,276.25,0,3,0,0
2026-08-15T23:04:50.606,IMU-1,0x28,-3.44,178.81,276.25,0,3,0,0
2026-08-15T23:04:50.706,IMU-1,0x28,-3.44,178.81,276.25,0,3,0,0
2026-08-15T23:04:50.807,IMU-1,0x28,-3.44,178.81,276.25,0,3,0,0
2026-08-15T23:04:50.907,IMU-1,0x28,-3.44,178.81,276.25,0,3,0,0
2026-08-15T23:04:51.007,IMU-1,0x28,-3.44,178.81,276.25,0,3,0,0
2026-08-15T23:04:51.108,IMU-1,0x28,-3.44,178.81,276.25,0,3,0,0
2026-08-15T23:04:51.207,IMU-1,0x28,-3.44,178.81,276.25,0,3,0,0
2026-08-15T23:04:51.307,IMU-1,0x28,-3.44,178.81,276.25,0,3,0,0
2026-08-15T23:04:51.407,IMU-1,0x28,-3.44,178.81,276.25,0,3,0,0
2026-08-15T23:04:51.507,IMU-1,0x28,-3.44,178.81,276.25,0,3,0,0
2026-08-15T23:04:51.607,IMU-1,0x28,-3.44,178.81,276.25,0,3,0,0
2026-08-15T23:04:51.707,IMU-1,0x28,-3.44,178.81,276.25,0,3,0,0
2026-08-15T23:04:51.807,IMU-1,0x28,-3.44,178.81,276.25,0,3,0,0
2026-08-15T23:04:51.907,IMU-1,0x28,-3.44,178.81,276.25,0,3,0,0
2026-08-15T23:04:52.007,IMU-1,0x28,-3.44,178.81,276.25,0,3,0,0
2026-08-15T23:04:52.107,IMU-1,0x28,-3.44,178.81,276.25,0,3,0,0
2026-08-15T23:04:52.207,IMU-1,0x28,-3.44,178.81,276.25,0,3,0,0
2026-08-15T23:04:52.307,IMU-1,0x28,-3.44,178.81,276.25,0,3,0,0
2026-08-15T23:04:52.407,IMU-1,0x28,-3.44,178.81,276.25,0,3,0,0
2026-08-15T23:04:52.507,IMU-1,0x28,-3.44,178.81,276.25,0,3,0,0
2026-08-15T23:04:52.607,IMU-1,0x28,-3.44,178.81,276.25,0,3,0,0
2026-08-15T23:04:52.707,IMU-1,0x28,-3.44,178.81,276.25,0,3,0,0
2026-08-15T23:04:52.807,IMU-1,0x28,-3.44,178.81,276.25,0,3,0,0
2026-08-15T23:04:52.907,IMU-1,0x28,-3.44,178.81,276.25,0,3,0,0
2026-08-15T23:04:53.007,IMU-1,0x28,-3.44,178.81,276.25,0,3,0,0
2026-08-15T23:04:53.108,IMU-1,0x28,-3.44,178.81,276.25,0,3,0,0
2026-08-15T23:04:53.208,IMU-1,0x28,-3.44,178.81,276.25,0,3,0,0
2026-08-15T23:04:53.308,IMU-1,0x28,-3.44,178.81,276.25,0,3,0,0
2026-08-15T23:04:53.407,IMU-1,0x28,-3.44,178.81,276.25,0,3,0,0
2026-08-15T23:04:53.507,IMU-1,0x28,-3.44,178.81,276.25,0,3,0,0
2026-08-15T23:04:53.606,IMU-1,0x28,-3.44,178.81,276.25,0,3,0,0
2026-08-15T23:04:53.706,IMU-1,0x28,-3.44,178.81,276.25,0,3,0,0
2026-08-15T23:04:53.807,IMU-1,0x28,-3.44,178.81,276.25,0,3,0,0
2026-08-15T23:04:53.907,IMU-1,0x28,-3.44,178.81,276.25,0,3,0,0
2026-08-15T23:04:54.007,IMU-1,0x28,-3.44,178.81,276.25,0,3,0,0
2026-08-15T23:04:54.107,IMU-1,0x28,-3.44,178.81,276.25,0,3,0,0
2026-08-15T23:04:54.207,IMU-1,0x28,-3.44,178.81,276.25,0,3,0,0
2026-08-15T23:04:54.307,IMU-1,0x28,-3.44,178.81,276.25,0,3,0,0
2026-08-15T23:04:54.407,IMU-1,0x28,-3.44,178.81,276.25,0,3,0,0
2026-08-15T23:04:54.508,IMU-1,0x28,-3.44,178.81,276.25,0,3,0,0
2026-08-15T23:04:54.608,IMU-1,0x28,-3.44,178.81,276.25,0,3,0,0
2026-08-15T23:04:54.708,IMU-1,0x28,-3.44,178.81,276.25,0,3,0,0
2026-08-15T23:04:54.808,IMU-1,0x28,-3.44,178.81,276.25,0,3,0,0
2026-08-15T23:04:54.908,IMU-1,0x28,-3.44,178.81,276.25,0,3,0,0
2026-08-15T23:04:55.008,IMU-1,0x28,-3.44,178.81,276.25,0,3,0,0
2026-08-15T23:04:55.109,IMU-1,0x28,-3.44,178.81,276.25,0,3,0,0
2026-08-15T23:04:55.208,IMU-1,0x28,-3.44,178.81,276.25,0,3,0,0
2026-08-15T23:04:55.309,IMU-1,0x28,-3.44,178.81,276.25,0,3,0,0
2026-08-15T23:04:55.409,IMU-1,0x28,-3.44,178.81,276.25,0,3,0,0
2026-08-15T23:04:55.509,IMU-1,0x28,-3.44,178.81,276.25,0,3,0,0
2026-08-15T23:04:55.609,IMU-1,0x28,-3.44,178.81,276.25,0,3,0,0
2026-08-15T23:04:55.709,IMU-1,0x28,-3.44,178.81,276.25,0,3,0,0
2026-08-15T23:04:55.809,IMU-1,0x28,-3.44,178.81,276.25,0,3,0,0
2026-08-15T23:04:55.909,IMU-1,0x28,-3.44,178.81,276.25,0,3,0,0
2026-08-15T23:04:56.009,IMU-1,0x28,-3.44,178.81,276.25,0,3,0,0
2026-08-15T23:04:56.110,IMU-1,0x28,-3.44,178.81,276.25,0,3,0,0
2026-08-15T23:04:56.210,IMU-1,0x28,-3.44,178.81,276.25,0,3,0,0
2026-08-15T23:04:56.309,IMU-1,0x28,-3.44,178.81,276.25,0,3,0,0
2026-08-15T23:04:56.410,IMU-1,0x28,-3.44,178.81,276.25,0,3,0,0
2026-08-15T23:04:56.509,IMU-1,0x28,-3.44,178.81,276.25,0,3,0,0
2026-08-15T23:04:56.609,IMU-1,0x28,-3.44,178.81,276.25,0,3,0,0
2026-08-15T23:04:56.708,IMU-1,0x28,-3.44,178.81,276.25,0,3,0,0
2026-08-15T23:04:56.808,IMU-1,0x28,-3.44,178.81,276.25,0,3,0,0
2026-08-15T23:04:56.908,IMU-1,0x28,-3.44,178.81,276.25,0,3,0,0
2026-08-15T23:04:57.008,IMU-1,0x28,-3.44,178.81,276.25,0,3,0,0
2026-08-15T23:04:57.109,IMU-1,0x28,-3.44,178.81,276.25,0,3,0,0
2026-08-15T23:04:57.208,IMU-1,0x28,-3.44,178.81,276.25,0,3,0,0
2026-08-15T23:04:57.308,IMU-1,0x28,-3.44,178.81,276.25,0,3,0,0
2026-08-15T23:04:57.409,IMU-1,0x28,-3.44,178.81,276.25,0,3,0,0
2026-08-15T23:04:57.509,IMU-1,0x28,-3.44,178.81,276.25,0,3,0,0
2026-08-15T23:04:57.609,IMU-1,0x28,-3.44,178.81,276.25,0,3,0,0
2026-08-15T23:04:57.710,IMU-1,0x28,-3.44,178.81,276.25,0,3,0,0
2026-08-15T23:04:57.810,IMU-1,0x28,-3.44,178.81,276.25,0,3,0,0
2026-08-15T23:04:57.910,IMU-1,0x28,-3.44,178.81,276.25,0,3,0,0
2026-08-15T23:04:58.011,IMU-1,0x28,-3.44,178.81,276.25,0,3,0,0
2026-08-15T23:04:58.111,IMU-1,0x28,-3.44,178.81,276.25,0,3,0,0
2026-08-15T23:04:58.211,IMU-1,0x28,-3.44,178.81,276.25,0,3,0,0
2026-08-15T23:04:58.311,IMU-1,0x28,-3.44,178.81,276.25,0,3,0,0
2026-08-15T23:04:58.411,IMU-1,0x28,-3.44,178.81,276.25,0,3,0,0
2026-08-15T23:04:58.511,IMU-1,0x28,-3.44,178.81,276.25,0,3,0,0
2026-08-15T23:04:58.611,IMU-1,0x28,-3.44,178.81,276.25,0,3,0,0
2026-08-15T23:04:58.711,IMU-1,0x28,-3.44,178.81,276.25,0,3,0,0
2026-08-15T23:04:58.811,IMU-1,0x28,-3.44,178.81,276.25,0,3,0,0
2026-08-15T23:04:58.911,IMU-1,0x28,-3.44,178.81,276.25,0,3,0,0
2026-08-15T23:04:59.011,IMU-1,0x28,-3.44,178.81,276.25,0,3,0,0
2026-08-15T23:04:59.110,IMU-1,0x28,-3.44,178.81,276.25,0,3,0,0
2026-08-15T23:04:59.210,IMU-1,0x28,-3.44,178.81,276.25,0,3,0,0
2026-08-15T23:04:59.310,IMU-1,0x28,-3.44,178.81,276.25,0,3,0,0
2026-08-15T23:04:59.410,IMU-1,0x28,-3.44,178.81,276.25,0,3,0,0
2026-08-15T23:04:59.510,IMU-1,0x28,-3.44,178.81,276.25,0,3,0,0
2026-08-15T23:04:59.610,IMU-1,0x28,-3.44,178.81,276.25,0,3,0,0
2026-08-15T23:04:59.710,IMU-1,0x28,-3.44,178.81,276.25,0,3,0,0
2026-08-15T23:04:59.810,IMU-1,0x28,-3.44,178.81,276.25,0,3,0,0
2026-08-15T23:04:59.911,IMU-1,0x28,-3.44,178.81,276.25,0,3,0,0
2026-08-15T23:05:00.011,IMU-1,0x28,-3.44,178.81,276.25,0,3,0,0
2026-08-15T23:05:00.111,IMU-1,0x28,-3.44,178.81,276.25,0,3,0,0
2026-08-15T23:05:00.211,IMU-1,0x28,-3.44,178.81,276.25,0,3,0,0
2026-08-15T23:05:00.312,IMU-1,0x28,-3.44,178.81,276.25,0,3,0,0
2026-08-15T23:05:00.412,IMU-1,0x28,-3.44,178.81,276.25,0,3,0,0
2026-08-15T23:05:00.512,IMU-1,0x28,-3.44,178.81,276.25,0,3,0,0
2026-08-15T23:05:00.612,IMU-1,0x28,-3.44,178.81,276.25,0,3,0,0
2026-08-15T23:05:00.712,IMU-1,0x28,-3.44,178.81,276.25,0,3,0,0
2026-08-15T23:05:00.812,IMU-1,0x28,-3.44,178.81,276.25,0,3,0,0
2026-08-15T23:05:00.912,IMU-1,0x28,-3.44,178.81,276.25,0,3,0,0
2026-08-15T23:05:01.012,IMU-1,0x28,-3.44,178.81,276.25,0,3,0,0
2026-08-15T23:05:01.113,IMU-1,0x28,-3.44,178.81,276.25,0,3,0,0
2026-08-15T23:05:01.212,IMU-1,0x28,-3.44,178.81,276.25,0,3,0,0
2026-08-15T23:05:01.313,IMU-1,0x28,-3.44,178.81,276.25,0,3,0,0
2026-08-15T23:05:01.413,IMU-1,0x28,-3.44,178.81,276.25,0,3,0,0
2026-08-15T23:05:01.512,IMU-1,0x28,-3.44,178.81,276.25,0,3,0,0
2026-08-15T23:05:01.612,IMU-1,0x28,-3.44,178.81,276.25,0,3,0,0
2026-08-15T23:05:01.712,IMU-1,0x28,-3.44,178.81,276.25,0,3,0,0
2026-08-15T23:05:01.812,IMU-1,0x28,-3.44,178.81,276.25,0,3,0,0
2026-08-15T23:05:01.912,IMU-1,0x28,-3.44,178.81,276.25,0,3,0,0
2026-08-15T23:05:02.012,IMU-1,0x28,-3.44,178.81,276.25,0,3,0,0
2026-08-15T23:05:02.113,IMU-1,0x28,-3.44,178.81,276.25,0,3,0,0
2026-08-15T23:05:02.212,IMU-1,0x28,-3.44,178.81,276.25,0,3,0,0
2026-08-15T23:05:02.312,IMU-1,0x28,-3.44,178.81,276.25,0,3,0,0
2026-08-15T23:05:02.412,IMU-1,0x28,-3.44,178.81,276.25,0,3,0,0
2026-08-15T23:05:02.513,IMU-1,0x28,-3.44,178.81,276.25,0,3,0,0
2026-08-15T23:05:02.613,IMU-1,0x28,-3.44,178.81,276.25,0,3,0,0
2026-08-15T23:05:02.713,IMU-1,0x28,-3.44,178.81,276.25,0,3,0,0
2026-08-15T23:05:02.813,IMU-1,0x28,-3.44,178.81,276.25,0,3,0,0
2026-08-15T23:05:02.913,IMU-1,0x28,-3.44,178.81,276.25,0,3,0,0
2026-08-15T23:05:03.013,IMU-1,0x28,-3.44,178.81,276.25,0,3,0,0
2026-08-15T23:05:03.114,IMU-1,0x28,-3.44,178.81,276.25,0,3,0,0
2026-08-15T23:05:03.213,IMU-1,0x28,-3.44,178.81,276.25,0,3,0,0
2026-08-15T23:05:03.313,IMU-1,0x28,-3.44,178.81,276.25,0,3,0,0
2026-08-15T23:05:03.413,IMU-1,0x28,-3.44,178.81,276.25,0,3,0,0
2026-08-15T23:05:03.513,IMU-1,0x28,-3.44,178.81,276.25,0,3,0,0
2026-08-15T23:05:03.613,IMU-1,0x28,-3.44,178.81,276.25,0,3,0,0
2026-08-15T23:05:03.713,IMU-1,0x28,-3.44,178.81,276.25,0,3,0,0
2026-08-15T23:05:03.812,IMU-1,0x28,-3.44,178.81,276.25,0,3,0,0
2026-08-15T23:05:03.912,IMU-1,0x28,-3.44,178.81,276.25,0,3,0,0
2026-08-15T23:05:04.012,IMU-1,0x28,-3.44,178.81,276.25,0,3,0,0
2026-08-15T23:05:04.113,IMU-1,0x28,-3.44,178.81,276.25,0,3,0,0
2026-08-15T23:05:04.212,IMU-1,0x28,-3.44,178.81,276.25,0,3,0,0
2026-08-15T23:05:04.312,IMU-1,0x28,-3.44,178.81,276.25,0,3,0,0
2026-08-15T23:05:04.412,IMU-1,0x28,-3.44,178.81,276.25,0,3,0,0
2026-08-15T23:05:04.513,IMU-1,0x28,-3.44,178.81,276.25,0,3,0,0
2026-08-15T23:05:04.613,IMU-1,0x28,-3.44,178.81,276.25,0,3,0,0
2026-08-15T23:05:04.713,IMU-1,0x28,-3.44,178.81,276.25,0,3,0,0
2026-08-15T23:05:04.814,IMU-1,0x28,-3.44,178.81,276.25,0,3,0,0
2026-08-15T23:05:04.914,IMU-1,0x28,-3.44,178.81,276.25,0,3,0,0
2026-08-15T23:05:05.014,IMU-1,0x28,-3.44,178.81,276.25,0,3,0,0
2026-08-15T23:05:05.115,IMU-1,0x28,-3.44,178.81,276.25,0,3,0,0
2026-08-15T23:05:05.215,IMU-1,0x28,-3.44,178.81,276.25,0,3,0,0
2026-08-15T23:05:05.315,IMU-1,0x28,-3.44,178.81,276.25,0,3,0,0
2026-08-15T23:05:05.415,IMU-1,0x28,-3.44,178.81,276.25,0,3,0,0
2026-08-15T23:05:05.515,IMU-1,0x28,-3.44,178.81,276.25,0,3,0,0
2026-08-15T23:05:05.614,IMU-1,0x28,-3.44,178.81,276.25,0,3,0,0
2026-08-15T23:05:05.714,IMU-1,0x28,-3.44,178.81,276.25,0,3,0,0
2026-08-15T23:05:05.814,IMU-1,0x28,-3.44,178.81,276.25,0,3,0,0
2026-08-15T23:05:05.914,IMU-1,0x28,-3.44,178.81,276.25,0,3,0,0
2026-08-15T23:05:06.014,IMU-1,0x28,-3.44,178.81,276.25,0,3,0,0
2026-08-15T23:05:06.115,IMU-1,0x28,-3.44,178.81,276.25,0,3,0,0
2026-08-15T23:05:06.214,IMU-1,0x28,-3.44,178.81,276.25,0,3,0,0
2026-08-15T23:05:06.314,IMU-1,0x28,-3.44,178.81,276.25,0,3,0,0
2026-08-15T23:05:06.414,IMU-1,0x28,-3.44,178.81,276.25,0,3,0,0
2026-08-15T23:05:06.514,IMU-1,0x28,-3.44,178.81,276.25,0,3,0,0
2026-08-15T23:05:06.614,IMU-1,0x28,-3.44,178.81,276.25,0,3,0,0
2026-08-15T23:05:06.714,IMU-1,0x28,-3.44,178.81,276.25,0,3,0,0
2026-08-15T23:05:06.814,IMU-1,0x28,-3.44,178.81,276.25,0,3,0,0
2026-08-15T23:05:06.915,IMU-1,0x28,-3.44,178.81,276.25,0,3,0,0
2026-08-15T23:05:07.015,IMU-1,0x28,-3.44,178.81,276.25,0,3,0,0
2026-08-15T23:05:07.116,IMU-1,0x28,-3.44,178.81,276.25,0,3,0,0
2026-08-15T23:05:07.215,IMU-1,0x28,-3.44,178.81,276.25,0,3,0,0
2026-08-15T23:05:07.315,IMU-1,0x28,-3.44,178.81,276.25,0,3,0,0
2026-08-15T23:05:07.416,IMU-1,0x28,-3.44,178.81,276.25,0,3,0,0
2026-08-15T23:05:07.516,IMU-1,0x28,-3.44,178.81,276.25,0,3,0,0
2026-08-15T23:05:07.616,IMU-1,0x28,-3.44,178.81,276.25,0,3,0,0
2026-08-15T23:05:07.716,IMU-1,0x28,-3.44,178.81,276.25,0,3,0,0
2026-08-15T23:05:07.816,IMU-1,0x28,-3.44,178.81,276.25,0,3,0,0
2026-08-15T23:05:07.916,IMU-1,0x28,-3.44,178.81,276.25,0,3,0,0
2026-08-15T23:05:08.016,IMU-1,0x28,-3.44,178.81,276.25,0,3,0,0
2026-08-15T23:05:08.117,IMU-1,0x28,-3.44,178.81,276.25,0,3,0,0
2026-08-15T23:05:08.216,IMU-1,0x28,-3.44,178.81,276.25,0,3,0,0
2026-08-15T23:05:08.316,IMU-1,0x28,-3.44,178.81,276.25,0,3,0,0
2026-08-15T23:05:08.416,IMU-1,0x28,-3.44,178.81,276.25,0,3,0,0
2026-08-15T23:05:08.516,IMU-1,0x28,-3.44,178.81,276.25,0,3,0,0
2026-08-15T23:05:08.617,IMU-1,0x28,-3.44,178.81,276.25,0,3,0,0
2026-08-15T23:05:08.716,IMU-1,0x28,-3.44,178.81,276.25,0,3,0,0
2026-08-15T23:05:08.816,IMU-1,0x28,-3.44,178.81,276.25,0,3,0,0
2026-08-15T23:05:08.916,IMU-1,0x28,-3.44,178.81,276.25,0,3,0,0
2026-08-15T23:05:09.016,IMU-1,0x28,-3.44,178.81,276.25,0,3,0,0
2026-08-15T23:05:09.117,IMU-1,0x28,-3.44,178.81,276.25,0,3,0,0
2026-08-15T23:05:09.216,IMU-1,0x28,-3.44,178.81,276.25,0,3,0,0
2026-08-15T23:05:09.316,IMU-1,0x28,-3.44,178.81,276.25,0,3,0,0
2026-08-15T23:05:09.416,IMU-1,0x28,-3.44,178.81,276.25,0,3,0,0
2026-08-15T23:05:09.516,IMU-1,0x28,-3.44,178.81,276.25,0,3,0,0
2026-08-15T23:05:09.616,IMU-1,0x28,-3.44,178.81,276.25,0,3,0,0
2026-08-15T23:05:09.717,IMU-1,0x28,-3.44,178.81,276.25,0,3,0,0
2026-08-15T23:05:09.817,IMU-1,0x28,-3.44,178.81,276.25,0,3,0,0
2026-08-15T23:05:09.917,IMU-1,0x28,-3.44,178.81,276.25,0,3,0,0
2026-08-15T23:05:10.017,IMU-1,0x28,-3.44,178.81,276.25,0,3,0,0
2026-08-15T23:05:10.118,IMU-1,0x28,-3.44,178.81,276.25,0,3,0,0
2026-08-15T23:05:10.217,IMU-1,0x28,-3.44,178.81,276.25,0,3,0,0
2026-08-15T23:05:10.317,IMU-1,0x28,-3.44,178.81,276.25,0,3,0,0
2026-08-15T23:05:10.417,IMU-1,0x28,-3.44,178.81,276.25,0,3,0,0
2026-08-15T23:05:10.517,IMU-1,0x28,-3.44,178.81,276.25,0,3,0,0
2026-08-15T23:05:10.616,IMU-1,0x28,-3.44,178.81,276.25,0,3,0,0
2026-08-15T23:05:10.716,IMU-1,0x28,-3.44,178.81,276.25,0,3,0,0
2026-08-15T23:05:10.816,IMU-1,0x28,-3.44,178.81,276.25,0,3,0,0
2026-08-15T23:05:10.916,IMU-1,0x28,-3.44,178.81,276.25,0,3,0,0
2026-08-15T23:05:11.016,IMU-1,0x28,-3.44,178.81,276.25,0,3,0,0
2026-08-15T23:05:11.117,IMU-1,0x28,-3.44,178.81,276.25,0,3,0,0
2026-08-15T23:05:11.216,IMU-1,0x28,-3.44,178.81,276.25,0,3,0,0
2026-08-15T23:05:11.317,IMU-1,0x28,-3.44,178.81,276.25,0,3,0,0
2026-08-15T23:05:11.417,IMU-1,0x28,-3.44,178.81,276.25,0,3,0,0
2026-08-15T23:05:11.517,IMU-1,0x28,-3.44,178.81,276.25,0,3,0,0
2026-08-15T23:05:11.617,IMU-1,0x28,-3.44,178.81,276.25,0,3,0,0
2026-08-15T23:05:11.717,IMU-1,0x28,-3.44,178.81,276.25,0,3,0,0
2026-08-15T23:05:11.818,IMU-1,0x28,-3.44,178.81,276.25,0,3,0,0
2026-08-15T23:05:11.918,IMU-1,0x28,-3.44,178.81,276.25,0,3,0,0
2026-08-15T23:05:12.018,IMU-1,0x28,-3.44,178.81,276.25,0,3,0,0
2026-08-15T23:05:12.119,IMU-1,0x28,-3.44,178.81,276.25,0,3,0,0
2026-08-15T23:05:12.218,IMU-1,0x28,-3.44,178.81,276.25,0,3,0,0
2026-08-15T23:05:12.318,IMU-1,0x28,-3.44,178.81,276.25,0,3,0,0
2026-08-15T23:05:12.418,IMU-1,0x28,-3.44,178.81,276.25,0,3,0,0
2026-08-15T23:05:12.519,IMU-1,0x28,-3.44,178.81,276.25,0,3,0,0
2026-08-15T23:05:12.619,IMU-1,0x28,-3.44,178.81,276.25,0,3,0,0
2026-08-15T23:05:12.719,IMU-1,0x28,-3.44,178.81,276.25,0,3,0,0
2026-08-15T23:05:12.819,IMU-1,0x28,-3.44,178.81,276.25,0,3,0,0
2026-08-15T23:05:12.919,IMU-1,0x28,-3.44,178.81,276.25,0,3,0,0
2026-08-15T23:05:13.019,IMU-1,0x28,-3.44,178.81,276.25,0,3,0,0
2026-08-15T23:05:13.120,IMU-1,0x28,-3.44,178.81,276.25,0,3,0,0
2026-08-15T23:05:13.218,IMU-1,0x28,-3.44,178.81,276.25,0,3,0,0
2026-08-15T23:05:13.318,IMU-1,0x28,-3.44,178.81,276.25,0,3,0,0
2026-08-15T23:05:13.417,IMU-1,0x28,-3.44,178.81,276.25,0,3,0,0
2026-08-15T23:05:13.518,IMU-1,0x28,-3.44,178.81,276.25,0,3,0,0
2026-08-15T23:05:13.618,IMU-1,0x28,-3.44,178.81,276.25,0,3,0,0
2026-08-15T23:05:13.718,IMU-1,0x28,-3.44,178.81,276.25,0,3,0,0
2026-08-15T23:05:13.818,IMU-1,0x28,-3.44,178.81,276.25,0,3,0,0
2026-08-15T23:05:13.918,IMU-1,0x28,-3.44,178.81,276.25,0,3,0,0
2026-08-15T23:05:14.018,IMU-1,0x28,-3.44,178.81,276.25,0,3,0,0
2026-08-15T23:05:14.119,IMU-1,0x28,-3.44,178.81,276.25,0,3,0,0
2026-08-15T23:05:14.219,IMU-1,0x28,-3.44,178.81,276.25,0,3,0,0
2026-08-15T23:05:14.319,IMU-1,0x28,-3.44,178.81,276.25,0,3,0,0
2026-08-15T23:05:14.419,IMU-1,0x28,-3.44,178.81,276.25,0,3,0,0
2026-08-15T23:05:14.520,IMU-1,0x28,-3.44,178.81,276.25,0,3,0,0
2026-08-15T23:05:14.620,IMU-1,0x28,-3.44,178.81,276.25,0,3,0,0
2026-08-15T23:05:14.720,IMU-1,0x28,-3.44,178.81,276.25,0,3,0,0
2026-08-15T23:05:14.820,IMU-1,0x28,-3.44,178.81,276.25,0,3,0,0
2026-08-15T23:05:14.920,IMU-1,0x28,-3.44,178.81,276.25,0,3,0,0
2026-08-15T23:05:15.020,IMU-1,0x28,-3.44,178.81,276.25,0,3,0,0
2026-08-15T23:05:15.121,IMU-1,0x28,-3.44,178.81,276.25,0,3,0,0
2026-08-15T23:05:15.220,IMU-1,0x28,-3.44,178.81,276.25,0,3,0,0
2026-08-15T23:05:15.320,IMU-1,0x28,-3.44,178.81,276.25,0,3,0,0
2026-08-15T23:05:15.420,IMU-1,0x28,-3.44,178.81,276.25,0,3,0,0
2026-08-15T23:05:15.520,IMU-1,0x28,-3.44,178.81,276.25,0,3,0,0
2026-08-15T23:05:15.619,IMU-1,0x28,-3.44,178.81,276.25,0,3,0,0
2026-08-15T23:05:15.719,IMU-1,0x28,-3.44,178.81,276.25,0,3,0,0
2026-08-15T23:05:15.819,IMU-1,0x28,-3.44,178.81,276.25,0,3,0,0
2026-08-15T23:05:15.919,IMU-1,0x28,-3.44,178.81,276.25,0,3,0,0
2026-08-15T23:05:16.019,IMU-1,0x28,-3.44,178.81,276.25,0,3,0,0
2026-08-15T23:05:16.119,IMU-1,0x28,-3.44,178.81,276.25,0,3,0,0
2026-08-15T23:05:16.219,IMU-1,0x28,-3.44,178.81,276.25,0,3,0,0
2026-08-15T23:05:16.319,IMU-1,0x28,-3.44,178.81,276.25,0,3,0,0
2026-08-15T23:05:16.420,IMU-1,0x28,-3.44,178.81,276.25,0,3,0,0
2026-08-15T23:05:16.520,IMU-1,0x28,-3.44,178.81,276.25,0,3,0,0
2026-08-15T23:05:16.620,IMU-1,0x28,-3.44,178.81,276.25,0,3,0,0
2026-08-15T23:05:16.721,IMU-1,0x28,-3.44,178.81,276.25,0,3,0,0
2026-08-15T23:05:16.821,IMU-1,0x28,-3.44,178.81,276.25,0,3,0,0
2026-08-15T23:05:16.921,IMU-1,0x28,-3.44,178.81,276.25,0,3,0,0
2026-08-15T23:05:17.021,IMU-1,0x28,-3.44,178.81,276.25,0,3,0,0
2026-08-15T23:05:17.121,IMU-1,0x28,-3.44,178.81,276.25,0,3,0,0
2026-08-15T23:05:17.220,IMU-1,0x28,-3.44,178.81,276.25,0,3,0,0
2026-08-15T23:05:17.320,IMU-1,0x28,-3.44,178.81,276.25,0,3,0,0
2026-08-15T23:05:17.420,IMU-1,0x28,-3.44,178.81,276.25,0,3,0,0
2026-08-15T23:05:17.520,IMU-1,0x28,-3.44,178.81,276.25,0,3,0,0
2026-08-15T23:05:17.620,IMU-1,0x28,-3.44,178.81,276.25,0,3,0,0
2026-08-15T23:05:17.721,IMU-1,0x28,-3.44,178.81,276.25,0,3,0,0
2026-08-15T23:05:17.821,IMU-1,0x28,-3.44,178.81,276.25,0,3,0,0
2026-08-15T23:05:17.921,IMU-1,0x28,-3.44,178.81,276.25,0,3,0,0
2026-08-15T23:05:18.021,IMU-1,0x28,-3.44,178.81,276.25,0,3,0,0
2026-08-15T23:05:18.121,IMU-1,0x28,-3.44,178.81,276.25,0,3,0,0
2026-08-15T23:05:18.221,IMU-1,0x28,-3.44,178.81,276.25,0,3,0,0
2026-08-15T23:05:18.321,IMU-1,0x28,-3.44,178.81,276.25,0,3,0,0
2026-08-15T23:05:18.421,IMU-1,0x28,-3.44,178.81,276.25,0,3,0,0
2026-08-15T23:05:18.521,IMU-1,0x28,-3.44,178.81,276.25,0,3,0,0
2026-08-15T23:05:18.621,IMU-1,0x28,-3.44,178.81,276.25,0,3,0,0
2026-08-15T23:05:18.721,IMU-1,0x28,-3.44,178.81,276.25,0,3,0,0
2026-08-15T23:05:18.822,IMU-1,0x28,-3.44,178.81,276.25,0,3,0,0
2026-08-15T23:05:18.922,IMU-1,0x28,-3.44,178.81,276.25,0,3,0,0
2026-08-15T23:05:19.022,IMU-1,0x28,-3.44,178.81,276.25,0,3,0,0
2026-08-15T23:05:19.123,IMU-1,0x28,-3.44,178.81,276.25,0,3,0,0
2026-08-15T23:05:19.222,IMU-1,0x28,-3.44,178.81,276.25,0,3,0,0
2026-08-15T23:05:19.323,IMU-1,0x28,-3.44,178.81,276.25,0,3,0,0
2026-08-15T23:05:19.422,IMU-1,0x28,-3.44,178.81,276.25,0,3,0,0
2026-08-15T23:05:19.523,IMU-1,0x28,-3.44,178.81,276.25,0,3,0,0
2026-08-15T23:05:19.623,IMU-1,0x28,-3.44,178.81,276.25,0,3,0,0
2026-08-15T23:05:19.723,IMU-1,0x28,-3.44,178.81,276.25,0,3,0,0
2026-08-15T23:05:19.823,IMU-1,0x28,-3.44,178.81,276.25,0,3,0,0
2026-08-15T23:05:19.923,IMU-1,0x28,-3.44,178.81,276.25,0,3,0,0
2026-08-15T23:05:20.023,IMU-1,0x28,-3.44,178.81,276.25,0,3,0,0
2026-08-15T23:05:20.124,IMU-1,0x28,-3.44,178.81,276.25,0,3,0,0
2026-08-15T23:05:20.222,IMU-1,0x28,-3.44,178.81,276.25,0,3,0,0
2026-08-15T23:05:20.322,IMU-1,0x28,-3.44,178.81,276.25,0,3,0,0
2026-08-15T23:05:20.422,IMU-1,0x28,-3.44,178.81,276.25,0,3,0,0
2026-08-15T23:05:20.522,IMU-1,0x28,-3.44,178.81,276.25,0,3,0,0
2026-08-15T23:05:20.622,IMU-1,0x28,-3.44,178.81,276.25,0,3,0,0
2026-08-15T23:05:20.722,IMU-1,0x28,-3.44,178.81,276.25,0,3,0,0
2026-08-15T23:05:20.822,IMU-1,0x28,-3.44,178.81,276.25,0,3,0,0
2026-08-15T23:05:20.922,IMU-1,0x28,-3.44,178.81,276.25,0,3,0,0
2026-08-15T23:05:21.022,IMU-1,0x28,-3.44,178.81,276.25,0,3,0,0
2026-08-15T23:05:21.123,IMU-1,0x28,-3.44,178.81,276.25,0,3,0,0
2026-08-15T23:05:21.223,IMU-1,0x28,-3.44,178.81,276.25,0,3,0,0
2026-08-15T23:05:21.323,IMU-1,0x28,-3.44,178.81,276.25,0,3,0,0
2026-08-15T23:05:21.423,IMU-1,0x28,-3.44,178.81,276.25,0,3,0,0
2026-08-15T23:05:21.523,IMU-1,0x28,-3.44,178.81,276.25,0,3,0,0
2026-08-15T23:05:21.624,IMU-1,0x28,-3.44,178.81,276.25,0,3,0,0
2026-08-15T23:05:21.724,IMU-1,0x28,-3.44,178.81,276.25,0,3,0,0
2026-08-15T23:05:21.824,IMU-1,0x28,-3.44,178.81,276.25,0,3,0,0
2026-08-15T23:05:21.924,IMU-1,0x28,-3.44,178.81,276.25,0,3,0,0
2026-08-15T23:05:22.024,IMU-1,0x28,-3.44,178.81,276.25,0,3,0,0
2026-08-15T23:05:22.125,IMU-1,0x28,-3.44,178.81,276.25,0,3,0,0
2026-08-15T23:05:22.224,IMU-1,0x28,-3.44,178.81,276.25,0,3,0,0
2026-08-15T23:05:22.324,IMU-1,0x28,-3.44,178.81,276.25,0,3,0,0
2026-08-15T23:05:22.424,IMU-1,0x28,-3.44,178.81,276.25,0,3,0,0
2026-08-15T23:05:22.525,IMU-1,0x28,-3.44,178.81,276.25,0,3,0,0
2026-08-15T23:05:22.624,IMU-1,0x28,-3.44,178.81,276.25,0,3,0,0
2026-08-15T23:05:22.724,IMU-1,0x28,-3.44,178.81,276.25,0,3,0,0
2026-08-15T23:05:22.823,IMU-1,0x28,-3.44,178.81,276.25,0,3,0,0
2026-08-15T23:05:22.923,IMU-1,0x28,-3.44,178.81,276.25,0,3,0,0
2026-08-15T23:05:23.023,IMU-1,0x28,-3.44,178.81,276.25,0,3,0,0
2026-08-15T23:05:23.124,IMU-1,0x28,-3.44,178.81,276.25,0,3,0,0
2026-08-15T23:05:23.223,IMU-1,0x28,-3.44,178.81,276.25,0,3,0,0
2026-08-15T23:05:23.323,IMU-1,0x28,-3.44,178.81,276.25,0,3,0,0
2026-08-15T23:05:23.424,IMU-1,0x28,-3.44,178.81,276.25,0,3,0,0
2026-08-15T23:05:23.524,IMU-1,0x28,-3.44,178.81,276.25,0,3,0,0
2026-08-15T23:05:23.624,IMU-1,0x28,-3.44,178.81,276.25,0,3,0,0
2026-08-15T23:05:23.724,IMU-1,0x28,-3.44,178.81,276.25,0,3,0,0
2026-08-15T23:05:23.825,IMU-1,0x28,-3.44,178.81,276.25,0,3,0,0
2026-08-15T23:05:23.925,IMU-1,0x28,-3.44,178.81,276.25,0,3,0,0
2026-08-15T23:05:24.025,IMU-1,0x28,-3.44,178.81,276.25,0,3,0,0
2026-08-15T23:05:24.126,IMU-1,0x28,-3.44,178.81,276.25,0,3,0,0
2026-08-15T23:05:24.226,IMU-1,0x28,-3.44,178.81,276.25,0,3,0,0
2026-08-15T23:05:24.325,IMU-1,0x28,-3.44,178.81,276.25,0,3,0,0
2026-08-15T23:05:24.426,IMU-1,0x28,-3.44,178.81,276.25,0,3,0,0
2026-08-15T23:05:24.526,IMU-1,0x28,-3.44,178.81,276.25,0,3,0,0
2026-08-15T23:05:24.626,IMU-1,0x28,-3.44,178.81,276.25,0,3,0,0
2026-08-15T23:05:24.726,IMU-1,0x28,-3.44,178.81,276.25,0,3,0,0
2026-08-15T23:05:24.826,IMU-1,0x28,-3.44,178.81,276.25,0,3,0,0
2026-08-15T23:05:24.926,IMU-1,0x28,-3.44,178.81,276.25,0,3,0,0
2026-08-15T23:05:25.026,IMU-1,0x28,-3.44,178.81,276.25,0,3,0,0
2026-08-15T23:05:25.127,IMU-1,0x28,-3.44,178.81,276.25,0,3,0,0
2026-08-15T23:05:25.226,IMU-1,0x28,-3.44,178.81,276.25,0,3,0,0
2026-08-15T23:05:25.325,IMU-1,0x28,-3.44,178.81,276.25,0,3,0,0
2026-08-15T23:05:25.425,IMU-1,0x28,-3.44,178.81,276.25,0,3,0,0
2026-08-15T23:05:25.525,IMU-1,0x28,-3.44,178.81,276.25,0,3,0,0
2026-08-15T23:05:25.625,IMU-1,0x28,-3.44,178.81,276.25,0,3,0,0
2026-08-15T23:05:25.725,IMU-1,0x28,-3.44,178.81,276.25,0,3,0,0
2026-08-15T23:05:25.826,IMU-1,0x28,-3.44,178.81,276.25,0,3,0,0
2026-08-15T23:05:25.926,IMU-1,0x28,-3.44,178.81,276.25,0,3,0,0
2026-08-15T23:05:26.026,IMU-1,0x28,-3.44,178.81,276.25,0,3,0,0
2026-08-15T23:05:26.127,IMU-1,0x28,-3.44,178.81,276.25,0,3,0,0
2026-08-15T23:05:26.226,IMU-1,0x28,-3.44,178.81,276.25,0,3,0,0
2026-08-15T23:05:26.326,IMU-1,0x28,-3.44,178.81,276.25,0,3,0,0
2026-08-15T23:05:26.427,IMU-1,0x28,-3.44,178.81,276.25,0,3,0,0
2026-08-15T23:05:26.527,IMU-1,0x28,-3.44,178.81,276.25,0,3,0,0
2026-08-15T23:05:26.627,IMU-1,0x28,-3.44,178.81,276.25,0,3,0,0
2026-08-15T23:05:26.727,IMU-1,0x28,-3.44,178.81,276.25,0,3,0,0
2026-08-15T23:05:26.827,IMU-1,0x28,-3.44,178.81,276.25,0,3,0,0
2026-08-15T23:05:26.927,IMU-1,0x28,-3.44,178.81,276.25,0,3,0,0
2026-08-15T23:05:27.027,IMU-1,0x28,-3.44,178.81,276.25,0,3,0,0
2026-08-15T23:05:27.128,IMU-1,0x28,-3.44,178.81,276.25,0,3,0,0
2026-08-15T23:05:27.227,IMU-1,0x28,-3.44,178.81,276.25,0,3,0,0
2026-08-15T23:05:27.327,IMU-1,0x28,-3.44,178.81,276.25,0,3,0,0
2026-08-15T23:05:27.427,IMU-1,0x28,-3.44,178.81,276.25,0,3,0,0
2026-08-15T23:05:27.527,IMU-1,0x28,-3.44,178.81,276.25,0,3,0,0
2026-08-15T23:05:27.627,IMU-1,0x28,-3.44,178.81,276.25,0,3,0,0
2026-08-15T23:05:27.727,IMU-1,0x28,-3.44,178.81,276.25,0,3,0,0
2026-08-15T23:05:27.827,IMU-1,0x28,-3.44,178.81,276.25,0,3,0,0
2026-08-15T23:05:27.927,IMU-1,0x28,-3.44,178.81,276.25,0,3,0,0
2026-08-15T23:05:28.027,IMU-1,0x28,-3.44,178.81,276.25,0,3,0,0
2026-08-15T23:05:28.128,IMU-1,0x28,-3.44,178.81,276.25,0,3,0,0
2026-08-15T23:05:28.227,IMU-1,0x28,-3.44,178.81,276.25,0,3,0,0
2026-08-15T23:05:28.327,IMU-1,0x28,-3.44,178.81,276.25,0,3,0,0
2026-08-15T23:05:28.427,IMU-1,0x28,-3.44,178.81,276.25,0,3,0,0
2026-08-15T23:05:28.528,IMU-1,0x28,-3.44,178.81,276.25,0,3,0,0
2026-08-15T23:05:28.628,IMU-1,0x28,-3.44,178.81,276.25,0,3,0,0
2026-08-15T23:05:28.728,IMU-1,0x28,-3.44,178.81,276.25,0,3,0,0
2026-08-15T23:05:28.828,IMU-1,0x28,-3.44,178.81,276.25,0,3,0,0
2026-08-15T23:05:28.928,IMU-1,0x28,-3.44,178.81,276.25,0,3,0,0
2026-08-15T23:05:29.028,IMU-1,0x28,-3.44,178.81,276.25,0,3,0,0
2026-08-15T23:05:29.129,IMU-1,0x28,-3.44,178.81,276.25,0,3,0,0
2026-08-15T23:05:29.227,IMU-1,0x28,-3.44,178.81,276.25,0,3,0,0
2026-08-15T23:05:29.327,IMU-1,0x28,-3.44,178.81,276.25,0,3,0,0
2026-08-15T23:05:29.427,IMU-1,0x28,-3.44,178.81,276.25,0,3,0,0
2026-08-15T23:05:29.527,IMU-1,0x28,-3.44,178.81,276.25,0,3,0,0
2026-08-15T23:05:29.627,IMU-1,0x28,-3.44,178.81,276.25,0,3,0,0
2026-08-15T23:05:29.727,IMU-1,0x28,-3.44,178.81,276.25,0,3,0,0
2026-08-15T23:05:29.827,IMU-1,0x28,-3.44,178.81,276.25,0,3,0,0
2026-08-15T23:05:29.927,IMU-1,0x28,-3.44,178.81,276.25,0,3,0,0
2026-08-15T23:05:30.027,IMU-1,0x28,-3.44,178.81,276.25,0,3,0,0
2026-08-15T23:05:30.128,IMU-1,0x28,-3.44,178.81,276.25,0,3,0,0
2026-08-15T23:05:30.227,IMU-1,0x28,-3.44,178.81,276.25,0,3,0,0
2026-08-15T23:05:30.328,IMU-1,0x28,-3.44,178.81,276.25,0,3,0,0
2026-08-15T23:05:30.428,IMU-1,0x28,-3.44,178.81,276.25,0,3,0,0
2026-08-15T23:05:30.528,IMU-1,0x28,-3.44,178.81,276.25,0,3,0,0
2026-08-15T23:05:30.629,IMU-1,0x28,-3.44,178.81,276.25,0,3,0,0
2026-08-15T23:05:30.729,IMU-1,0x28,-3.44,178.81,276.25,0,3,0,0
2026-08-15T23:05:30.829,IMU-1,0x28,-3.44,178.81,276.25,0,3,0,0
2026-08-15T23:05:30.929,IMU-1,0x28,-3.44,178.81,276.25,0,3,0,0
2026-08-15T23:05:31.029,IMU-1,0x28,-3.44,178.81,276.25,0,3,0,0
2026-08-15T23:05:31.130,IMU-1,0x28,-3.44,178.81,276.25,0,3,0,0
2026-08-15T23:05:31.230,IMU-1,0x28,-3.44,178.81,276.25,0,3,0,0
2026-08-15T23:05:31.330,IMU-1,0x28,-3.44,178.81,276.25,0,3,0,0
2026-08-15T23:05:31.430,IMU-1,0x28,-3.44,178.81,276.25,0,3,0,0
2026-08-15T23:05:31.530,IMU-1,0x28,-3.44,178.81,276.25,0,3,0,0
2026-08-15T23:05:31.630,IMU-1,0x28,-3.44,178.81,276.25,0,3,0,0
2026-08-15T23:05:31.730,IMU-1,0x28,-3.44,178.81,276.25,0,3,0,0
2026-08-15T23:05:31.830,IMU-1,0x28,-3.44,178.81,276.25,0,3,0,0
2026-08-15T23:05:31.930,IMU-1,0x28,-3.44,178.81,276.25,0,3,0,0
2026-08-15T23:05:32.030,IMU-1,0x28,-3.44,178.81,276.25,0,3,0,0
2026-08-15T23:05:32.130,IMU-1,0x28,-3.44,178.81,276.25,0,3,0,0
2026-08-15T23:05:32.229,IMU-1,0x28,-3.44,178.81,276.25,0,3,0,0
2026-08-15T23:05:32.329,IMU-1,0x28,-3.44,178.81,276.25,0,3,0,0
2026-08-15T23:05:32.429,IMU-1,0x28,-3.44,178.81,276.25,0,3,0,0
2026-08-15T23:05:32.529,IMU-1,0x28,-3.44,178.81,276.25,0,3,0,0
2026-08-15T23:05:32.629,IMU-1,0x28,-3.44,178.81,276.25,0,3,0,0
2026-08-15T23:05:32.729,IMU-1,0x28,-3.44,178.81,276.25,0,3,0,0
2026-08-15T23:05:32.829,IMU-1,0x28,-3.44,178.81,276.25,0,3,0,0
2026-08-15T23:05:32.929,IMU-1,0x28,-3.44,178.81,276.25,0,3,0,0
2026-08-15T23:05:33.030,IMU-1,0x28,-3.44,178.81,276.25,0,3,0,0
2026-08-15T23:05:33.130,IMU-1,0x28,-3.44,178.81,276.25,0,3,0,0
2026-08-15T23:05:33.230,IMU-1,0x28,-3.44,178.81,276.25,0,3,0,0
2026-08-15T23:05:33.330,IMU-1,0x28,-3.44,178.81,276.25,0,3,0,0
2026-08-15T23:05:33.431,IMU-1,0x28,-3.44,178.81,276.25,0,3,0,0
2026-08-15T23:05:33.531,IMU-1,0x28,-3.44,178.81,276.25,0,3,0,0
2026-08-15T23:05:33.631,IMU-1,0x28,-3.44,178.81,276.25,0,3,0,0
2026-08-15T23:05:33.731,IMU-1,0x28,-3.44,178.81,276.25,0,3,0,0
2026-08-15T23:05:33.831,IMU-1,0x28,-3.44,178.81,276.25,0,3,0,0
2026-08-15T23:05:33.932,IMU-1,0x28,-3.44,178.81,276.25,0,3,0,0
2026-08-15T23:05:34.032,IMU-1,0x28,-3.44,178.81,276.25,0,3,0,0
2026-08-15T23:05:34.133,IMU-1,0x28,-3.44,178.81,276.25,0,3,0,0
2026-08-15T23:05:34.232,IMU-1,0x28,-3.44,178.81,276.25,0,3,0,0
2026-08-15T23:05:34.332,IMU-1,0x28,-3.44,178.81,276.25,0,3,0,0
2026-08-15T23:05:34.432,IMU-1,0x28,-3.44,178.81,276.25,0,3,0,0
2026-08-15T23:05:34.531,IMU-1,0x28,-3.44,178.81,276.25,0,3,0,0
2026-08-15T23:05:34.631,IMU-1,0x28,-3.44,178.81,276.25,0,3,0,0
2026-08-15T23:05:34.731,IMU-1,0x28,-3.44,178.81,276.25,0,3,0,0
2026-08-15T23:05:34.831,IMU-1,0x28,-3.44,178.81,276.25,0,3,0,0
2026-08-15T23:05:34.931,IMU-1,0x28,-3.44,178.81,276.25,0,3,0,0
2026-08-15T23:05:35.031,IMU-1,0x28,-3.44,178.81,276.25,0,3,0,0
2026-08-15T23:05:35.132,IMU-1,0x28,-3.44,178.81,276.25,0,3,0,0
2026-08-15T23:05:35.231,IMU-1,0x28,-3.44,178.81,276.25,0,3,0,0
2026-08-15T23:05:35.331,IMU-1,0x28,-3.44,178.81,276.25,0,3,0,0
2026-08-15T23:05:35.432,IMU-1,0x28,-3.44,178.81,276.25,0,3,0,0
2026-08-15T23:05:35.531,IMU-1,0x28,-3.44,178.81,276.25,0,3,0,0
2026-08-15T23:05:35.632,IMU-1,0x28,-3.44,178.81,276.25,0,3,0,0
2026-08-15T23:05:35.732,IMU-1,0x28,-3.44,178.81,276.25,0,3,0,0
2026-08-15T23:05:35.832,IMU-1,0x28,-3.44,178.81,276.25,0,3,0,0
2026-08-15T23:05:35.932,IMU-1,0x28,-3.44,178.81,276.25,0,3,0,0
2026-08-15T23:05:36.033,IMU-1,0x28,-3.44,178.81,276.25,0,3,0,0
2026-08-15T23:05:36.134,IMU-1,0x28,-3.44,178.81,276.25,0,3,0,0
2026-08-15T23:05:36.233,IMU-1,0x28,-3.44,178.81,276.25,0,3,0,0
2026-08-15T23:05:36.333,IMU-1,0x28,-3.44,178.81,276.25,0,3,0,0
2026-08-15T23:05:36.433,IMU-1,0x28,-3.44,178.81,276.25,0,3,0,0
2026-08-15T23:05:36.533,IMU-1,0x28,-3.44,178.81,276.25,0,3,0,0
2026-08-15T23:05:36.633,IMU-1,0x28,-3.44,178.81,276.25,0,3,0,0
2026-08-15T23:05:36.733,IMU-1,0x28,-3.44,178.81,276.25,0,3,0,0
2026-08-15T23:05:36.833,IMU-1,0x28,-3.44,178.81,276.25,0,3,0,0
2026-08-15T23:05:36.933,IMU-1,0x28,-3.44,178.81,276.25,0,3,0,0
2026-08-15T23:05:37.033,IMU-1,0x28,-3.44,178.81,276.25,0,3,0,0
2026-08-15T23:05:37.133,IMU-1,0x28,-3.44,178.81,276.25,0,3,0,0
2026-08-15T23:05:37.233,IMU-1,0x28,-3.44,178.81,276.25,0,3,0,0
2026-08-15T23:05:37.333,IMU-1,0x28,-3.44,178.81,276.25,0,3,0,0
2026-08-15T23:05:37.433,IMU-1,0x28,-3.44,178.81,276.25,0,3,0,0
2026-08-15T23:05:37.533,IMU-1,0x28,-3.44,178.81,276.25,0,3,0,0
2026-08-15T23:05:37.633,IMU-1,0x28,-3.44,178.81,276.25,0,3,0,0
2026-08-15T23:05:37.733,IMU-1,0x28,-3.44,178.81,276.25,0,3,0,0
2026-08-15T23:05:37.833,IMU-1,0x28,-3.44,178.81,276.25,0,3,0,0
2026-08-15T23:05:37.933,IMU-1,0x28,-3.44,178.81,276.25,0,3,0,0
2026-08-15T23:05:38.033,IMU-1,0x28,-3.44,178.81,276.25,0,3,0,0
2026-08-15T23:05:38.135,IMU-1,0x28,-3.44,178.81,276.25,0,3,0,0
2026-08-15T23:05:38.234,IMU-1,0x28,-3.44,178.81,276.25,0,3,0,0
2026-08-15T23:05:38.334,IMU-1,0x28,-3.44,178.81,276.25,0,3,0,0
2026-08-15T23:05:38.434,IMU-1,0x28,-3.44,178.81,276.25,0,3,0,0
2026-08-15T23:05:38.534,IMU-1,0x28,-3.44,178.81,276.25,0,3,0,0
2026-08-15T23:05:38.634,IMU-1,0x28,-3.44,178.81,276.25,0,3,0,0
2026-08-15T23:05:38.734,IMU-1,0x28,-3.44,178.81,276.25,0,3,0,0
2026-08-15T23:05:38.834,IMU-1,0x28,-3.44,178.81,276.25,0,3,0,0
2026-08-15T23:05:38.934,IMU-1,0x28,-3.44,178.81,276.25,0,3,0,0
2026-08-15T23:05:39.034,IMU-1,0x28,-3.44,178.81,276.25,0,3,0,0
2026-08-15T23:05:39.135,IMU-1,0x28,-3.44,178.81,276.25,0,3,0,0
2026-08-15T23:05:39.233,IMU-1,0x28,-3.44,178.81,276.25,0,3,0,0
2026-08-15T23:05:39.333,IMU-1,0x28,-3.44,178.81,276.25,0,3,0,0
2026-08-15T23:05:39.433,IMU-1,0x28,-3.44,178.81,276.25,0,3,0,0
2026-08-15T23:05:39.533,IMU-1,0x28,-3.44,178.81,276.25,0,3,0,0
2026-08-15T23:05:39.633,IMU-1,0x28,-3.44,178.81,276.25,0,3,0,0
2026-08-15T23:05:39.733,IMU-1,0x28,-3.44,178.81,276.25,0,3,0,0
2026-08-15T23:05:39.833,IMU-1,0x28,-3.44,178.81,276.25,0,3,0,0
2026-08-15T23:05:39.933,IMU-1,0x28,-3.44,178.81,276.25,0,3,0,0
2026-08-15T23:05:40.034,IMU-1,0x28,-3.44,178.81,276.25,0,3,0,0
2026-08-15T23:05:40.135,IMU-1,0x28,-3.44,178.81,276.25,0,3,0,0
2026-08-15T23:05:40.234,IMU-1,0x28,-3.44,178.81,276.25,0,3,0,0
2026-08-15T23:05:40.335,IMU-1,0x28,-3.44,178.81,276.25,0,3,0,0
2026-08-15T23:05:40.435,IMU-1,0x28,-3.44,178.81,276.25,0,3,0,0
2026-08-15T23:05:40.535,IMU-1,0x28,-3.44,178.81,276.25,0,3,0,0
2026-08-15T23:05:40.635,IMU-1,0x28,-3.44,178.81,276.25,0,3,0,0
2026-08-15T23:05:40.736,IMU-1,0x28,-3.44,178.81,276.25,0,3,0,0
2026-08-15T23:05:40.835,IMU-1,0x28,-3.44,178.81,276.25,0,3,0,0
2026-08-15T23:05:40.935,IMU-1,0x28,-3.44,178.81,276.25,0,3,0,0
2026-08-15T23:05:41.035,IMU-1,0x28,-3.44,178.81,276.25,0,3,0,0
2026-08-15T23:05:41.136,IMU-1,0x28,-3.44,178.81,276.25,0,3,0,0
2026-08-15T23:05:41.235,IMU-1,0x28,-3.44,178.81,276.25,0,3,0,0
2026-08-15T23:05:41.335,IMU-1,0x28,-3.44,178.81,276.25,0,3,0,0
2026-08-15T23:05:41.435,IMU-1,0x28,-3.44,178.81,276.25,0,3,0,0
2026-08-15T23:05:41.535,IMU-1,0x28,-3.44,178.81,276.25,0,3,0,0
2026-08-15T23:05:41.635,IMU-1,0x28,-3.44,178.81,276.25,0,3,0,0
2026-08-15T23:05:41.735,IMU-1,0x28,-3.44,178.81,276.25,0,3,0,0
2026-08-15T23:05:41.835,IMU-1,0x28,-3.44,178.81,276.25,0,3,0,0
2026-08-15T23:05:41.935,IMU-1,0x28,-3.44,178.81,276.25,0,3,0,0
2026-08-15T23:05:42.035,IMU-1,0x28,-3.44,178.81,276.25,0,3,0,0
2026-08-15T23:05:42.136,IMU-1,0x28,-3.44,178.81,276.25,0,3,0,0
2026-08-15T23:05:42.236,IMU-1,0x28,-3.44,178.81,276.25,0,3,0,0
2026-08-15T23:05:42.336,IMU-1,0x28,-3.44,178.81,276.25,0,3,0,0
2026-08-15T23:05:42.436,IMU-1,0x28,-3.44,178.81,276.25,0,3,0,0
2026-08-15T23:05:42.536,IMU-1,0x28,-3.44,178.81,276.25,0,3,0,0
2026-08-15T23:05:42.636,IMU-1,0x28,-3.44,178.81,276.25,0,3,0,0
2026-08-15T23:05:42.737,IMU-1,0x28,-3.44,178.81,276.25,0,3,0,0
2026-08-15T23:05:42.837,IMU-1,0x28,-3.44,178.81,276.25,0,3,0,0
2026-08-15T23:05:42.937,IMU-1,0x28,-3.44,178.81,276.25,0,3,0,0
2026-08-15T23:05:43.037,IMU-1,0x28,-3.44,178.81,276.25,0,3,0,0
2026-08-15T23:05:43.138,IMU-1,0x28,-3.44,178.81,276.25,0,3,0,0
2026-08-15T23:05:43.237,IMU-1,0x28,-3.44,178.81,276.25,0,3,0,0
2026-08-15T23:05:43.337,IMU-1,0x28,-3.44,178.81,276.25,0,3,0,0
2026-08-15T23:05:43.437,IMU-1,0x28,-3.44,178.81,276.25,0,3,0,0
2026-08-15T23:05:43.537,IMU-1,0x28,-3.44,178.81,276.25,0,3,0,0
2026-08-15T23:05:43.637,IMU-1,0x28,-3.44,178.81,276.25,0,3,0,0
2026-08-15T23:05:43.737,IMU-1,0x28,-3.44,178.81,276.25,0,3,0,0
2026-08-15T23:05:43.837,IMU-1,0x28,-3.44,178.81,276.25,0,3,0,0
2026-08-15T23:05:43.937,IMU-1,0x28,-3.44,178.81,276.25,0,3,0,0
2026-08-15T23:05:44.037,IMU-1,0x28,-3.44,178.81,276.25,0,3,0,0
2026-08-15T23:05:44.138,IMU-1,0x28,-3.44,178.81,276.25,0,3,0,0
2026-08-15T23:05:44.237,IMU-1,0x28,-3.44,178.81,276.25,0,3,0,0
2026-08-15T23:05:44.337,IMU-1,0x28,-3.44,178.81,276.25,0,3,0,0
2026-08-15T23:05:44.437,IMU-1,0x28,-3.44,178.81,276.25,0,3,0,0
2026-08-15T23:05:44.537,IMU-1,0x28,-3.44,178.81,276.25,0,3,0,0
2026-08-15T23:05:44.637,IMU-1,0x28,-3.44,178.81,276.25,0,3,0,0
2026-08-15T23:05:44.737,IMU-1,0x28,-3.44,178.81,276.25,0,3,0,0
2026-08-15T23:05:44.837,IMU-1,0x28,-3.44,178.81,276.25,0,3,0,0
2026-08-15T23:05:44.938,IMU-1,0x28,-3.44,178.81,276.25,0,3,0,0
2026-08-15T23:05:45.038,IMU-1,0x28,-3.44,178.81,276.25,0,3,0,0
2026-08-15T23:05:45.139,IMU-1,0x28,-3.44,178.81,276.25,0,3,0,0
2026-08-15T23:05:45.238,IMU-1,0x28,-3.44,178.81,276.25,0,3,0,0
2026-08-15T23:05:45.338,IMU-1,0x28,-3.44,178.81,276.25,0,3,0,0
2026-08-15T23:05:45.438,IMU-1,0x28,-3.44,178.81,276.25,0,3,0,0
2026-08-15T23:05:45.538,IMU-1,0x28,-3.44,178.81,276.25,0,3,0,0
2026-08-15T23:05:45.638,IMU-1,0x28,-3.44,178.81,276.25,0,3,0,0
2026-08-15T23:05:45.738,IMU-1,0x28,-3.44,178.81,276.25,0,3,0,0
2026-08-15T23:05:45.838,IMU-1,0x28,-3.44,178.81,276.25,0,3,0,0
2026-08-15T23:05:45.937,IMU-1,0x28,-3.44,178.81,276.25,0,3,0,0
2026-08-15T23:05:46.037,IMU-1,0x28,-3.44,178.81,276.25,0,3,0,0
2026-08-15T23:05:46.137,IMU-1,0x28,-3.44,178.81,276.25,0,3,0,0
2026-08-15T23:05:46.237,IMU-1,0x28,-3.44,178.81,276.25,0,3,0,0
2026-08-15T23:05:46.337,IMU-1,0x28,-3.44,178.81,276.25,0,3,0,0
2026-08-15T23:05:46.437,IMU-1,0x28,-3.44,178.81,276.25,0,3,0,0
2026-08-15T23:05:46.537,IMU-1,0x28,-3.44,178.81,276.25,0,3,0,0
2026-08-15T23:05:46.637,IMU-1,0x28,-3.44,178.81,276.25,0,3,0,0
2026-08-15T23:05:46.738,IMU-1,0x28,-3.44,178.81,276.25,0,3,0,0
2026-08-15T23:05:46.838,IMU-1,0x28,-3.44,178.81,276.25,0,3,0,0
2026-08-15T23:05:46.938,IMU-1,0x28,-3.44,178.81,276.25,0,3,0,0
2026-08-15T23:05:47.038,IMU-1,0x28,-3.44,178.81,276.25,0,3,0,0
2026-08-15T23:05:47.139,IMU-1,0x28,-3.44,178.81,276.25,0,3,0,0
2026-08-15T23:05:47.239,IMU-1,0x28,-3.44,178.81,276.25,0,3,0,0
2026-08-15T23:05:47.339,IMU-1,0x28,-3.44,178.81,276.25,0,3,0,0
2026-08-15T23:05:47.439,IMU-1,0x28,-3.44,178.81,276.25,0,3,0,0
2026-08-15T23:05:47.539,IMU-1,0x28,-3.44,178.81,276.25,0,3,0,0
2026-08-15T23:05:47.639,IMU-1,0x28,-3.44,178.81,276.25,0,3,0,0
2026-08-15T23:05:47.739,IMU-1,0x28,-3.44,178.81,276.25,0,3,0,0
2026-08-15T23:05:47.839,IMU-1,0x28,-3.44,178.81,276.25,0,3,0,0
2026-08-15T23:05:47.939,IMU-1,0x28,-3.44,178.81,276.25,0,3,0,0
2026-08-15T23:05:48.039,IMU-1,0x28,-3.44,178.81,276.25,0,3,0,0
2026-08-15T23:05:48.140,IMU-1,0x28,-3.44,178.81,276.25,0,3,0,0
2026-08-15T23:05:48.238,IMU-1,0x28,-3.44,178.81,276.25,0,3,0,0
2026-08-15T23:05:48.338,IMU-1,0x28,-3.44,178.81,276.25,0,3,0,0
2026-08-15T23:05:48.438,IMU-1,0x28,-3.44,178.81,276.25,0,3,0,0
2026-08-15T23:05:48.538,IMU-1,0x28,-3.44,178.81,276.25,0,3,0,0
2026-08-15T23:05:48.638,IMU-1,0x28,-3.44,178.81,276.25,0,3,0,0
2026-08-15T23:05:48.738,IMU-1,0x28,-3.44,178.81,276.25,0,3,0,0
2026-08-15T23:05:48.838,IMU-1,0x28,-3.44,178.81,276.25,0,3,0,0
2026-08-15T23:05:48.939,IMU-1,0x28,-3.44,178.81,276.25,0,3,0,0
2026-08-15T23:05:49.039,IMU-1,0x28,-3.44,178.81,276.25,0,3,0,0
2026-08-15T23:05:49.140,IMU-1,0x28,-3.44,178.81,276.25,0,3,0,0
2026-08-15T23:05:49.239,IMU-1,0x28,-3.44,178.81,276.25,0,3,0,0
2026-08-15T23:05:49.340,IMU-1,0x28,-3.44,178.81,276.25,0,3,0,0
2026-08-15T23:05:49.440,IMU-1,0x28,-3.44,178.81,276.25,0,3,0,0
2026-08-15T23:05:49.540,IMU-1,0x28,-3.44,178.81,276.25,0,3,0,0
2026-08-15T23:05:49.640,IMU-1,0x28,-3.44,178.81,276.25,0,3,0,0
2026-08-15T23:05:49.740,IMU-1,0x28,-3.44,178.81,276.25,0,3,0,0
2026-08-15T23:05:49.841,IMU-1,0x28,-3.44,178.81,276.25,0,3,0,0
2026-08-15T23:05:49.941,IMU-1,0x28,-3.44,178.81,276.25,0,3,0,0
2026-08-15T23:05:50.041,IMU-1,0x28,-3.44,178.81,276.25,0,3,0,0
2026-08-15T23:05:50.142,IMU-1,0x28,-3.44,178.81,276.25,0,3,0,0
2026-08-15T23:05:50.241,IMU-1,0x28,-3.44,178.81,276.25,0,3,0,0
2026-08-15T23:05:50.341,IMU-1,0x28,-3.44,178.81,276.25,0,3,0,0
2026-08-15T23:05:50.441,IMU-1,0x28,-3.44,178.81,276.25,0,3,0,0
2026-08-15T23:05:50.541,IMU-1,0x28,-3.44,178.81,276.25,0,3,0,0
2026-08-15T23:05:50.641,IMU-1,0x28,-3.44,178.81,276.25,0,3,0,0
2026-08-15T23:05:50.741,IMU-1,0x28,-3.44,178.81,276.25,0,3,0,0
2026-08-15T23:05:50.840,IMU-1,0x28,-3.44,178.81,276.25,0,3,0,0
2026-08-15T23:05:50.940,IMU-1,0x28,-3.44,178.81,276.25,0,3,0,0
2026-08-15T23:05:51.041,IMU-1,0x28,-3.44,178.81,276.25,0,3,0,0
2026-08-15T23:05:51.141,IMU-1,0x28,-3.44,178.81,276.25,0,3,0,0
2026-08-15T23:05:51.241,IMU-1,0x28,-3.44,178.81,276.25,0,3,0,0
2026-08-15T23:05:51.341,IMU-1,0x28,-3.44,178.81,276.25,0,3,0,0
2026-08-15T23:05:51.441,IMU-1,0x28,-3.44,178.81,276.25,0,3,0,0
2026-08-15T23:05:51.541,IMU-1,0x28,-3.44,178.81,276.25,0,3,0,0
2026-08-15T23:05:51.641,IMU-1,0x28,-3.44,178.81,276.25,0,3,0,0
2026-08-15T23:05:51.741,IMU-1,0x28,-3.44,178.81,276.25,0,3,0,0
2026-08-15T23:05:51.842,IMU-1,0x28,-3.44,178.81,276.25,0,3,0,0
2026-08-15T23:05:51.941,IMU-1,0x28,-3.44,178.81,276.25,0,3,0,0
2026-08-15T23:05:52.042,IMU-1,0x28,-3.44,178.81,276.25,0,3,0,0
2026-08-15T23:05:52.142,IMU-1,0x28,-3.44,178.81,276.25,0,3,0,0
2026-08-15T23:05:52.240,IMU-1,0x28,-3.44,178.81,276.25,0,3,0,0
2026-08-15T23:05:52.341,IMU-1,0x28,-3.44,178.81,276.25,0,3,0,0
2026-08-15T23:05:52.441,IMU-1,0x28,-3.44,178.81,276.25,0,3,0,0
2026-08-15T23:05:52.541,IMU-1,0x28,-3.44,178.81,276.25,0,3,0,0
2026-08-15T23:05:52.641,IMU-1,0x28,-3.44,178.81,276.25,0,3,0,0
2026-08-15T23:05:52.741,IMU-1,0x28,-3.44,178.81,276.25,0,3,0,0
2026-08-15T23:05:52.841,IMU-1,0x28,-3.44,178.81,276.25,0,3,0,0
2026-08-15T23:05:52.941,IMU-1,0x28,-3.44,178.81,276.25,0,3,0,0
2026-08-15T23:05:53.041,IMU-1,0x28,-3.44,178.81,276.25,0,3,0,0
2026-08-15T23:05:53.142,IMU-1,0x28,-3.44,178.81,276.25,0,3,0,0
2026-08-15T23:05:53.241,IMU-1,0x28,-3.44,178.81,276.25,0,3,0,0
2026-08-15T23:05:53.342,IMU-1,0x28,-3.44,178.81,276.25,0,3,0,0
2026-08-15T23:05:53.442,IMU-1,0x28,-3.44,178.81,276.25,0,3,0,0
2026-08-15T23:05:53.542,IMU-1,0x28,-3.44,178.81,276.25,0,3,0,0
2026-08-15T23:05:53.642,IMU-1,0x28,-3.44,178.81,276.25,0,3,0,0
2026-08-15T23:05:53.743,IMU-1,0x28,-3.44,178.81,276.25,0,3,0,0
2026-08-15T23:05:53.843,IMU-1,0x28,-3.44,178.81,276.25,0,3,0,0
2026-08-15T23:05:53.943,IMU-1,0x28,-3.44,178.81,276.25,0,3,0,0
2026-08-15T23:05:54.043,IMU-1,0x28,-3.44,178.81,276.25,0,3,0,0
2026-08-15T23:05:54.144,IMU-1,0x28,-3.44,178.81,276.25,0,3,0,0
2026-08-15T23:05:54.243,IMU-1,0x28,-3.44,178.81,276.25,0,3,0,0
2026-08-15T23:05:54.343,IMU-1,0x28,-3.44,178.81,276.25,0,3,0,0
2026-08-15T23:05:54.443,IMU-1,0x28,-3.44,178.81,276.25,0,3,0,0
2026-08-15T23:05:54.544,IMU-1,0x28,-3.44,178.81,276.25,0,3,0,0
2026-08-15T23:05:54.643,IMU-1,0x28,-3.44,178.81,276.25,0,3,0,0
2026-08-15T23:05:54.744,IMU-1,0x28,-3.44,178.81,276.25,0,3,0,0
2026-08-15T23:05:54.844,IMU-1,0x28,-3.44,178.81,276.25,0,3,0,0
2026-08-15T23:05:54.944,IMU-1,0x28,-3.44,178.81,276.25,0,3,0,0
2026-08-15T23:05:55.044,IMU-1,0x28,-3.44,178.81,276.25,0,3,0,0
2026-08-15T23:05:55.145,IMU-1,0x28,-3.44,178.81,276.25,0,3,0,0
2026-08-15T23:05:55.244,IMU-1,0x28,-3.44,178.81,276.25,0,3,0,0
2026-08-15T23:05:55.344,IMU-1,0x28,-3.44,178.81,276.25,0,3,0,0
2026-08-15T23:05:55.443,IMU-1,0x28,-3.44,178.81,276.25,0,3,0,0
2026-08-15T23:05:55.543,IMU-1,0x28,-3.44,178.81,276.25,0,3,0,0
2026-08-15T23:05:55.643,IMU-1,0x28,-3.44,178.81,276.25,0,3,0,0
2026-08-15T23:05:55.743,IMU-1,0x28,-3.44,178.81,276.25,0,3,0,0
2026-08-15T23:05:55.843,IMU-1,0x28,-3.44,178.81,276.25,0,3,0,0
2026-08-15T23:05:55.943,IMU-1,0x28,-3.44,178.81,276.25,0,3,0,0
2026-08-15T23:05:56.043,IMU-1,0x28,-3.44,178.81,276.25,0,3,0,0
2026-08-15T23:05:56.144,IMU-1,0x28,-3.44,178.81,276.25,0,3,0,0
2026-08-15T23:05:56.244,IMU-1,0x28,-3.44,178.81,276.25,0,3,0,0
2026-08-15T23:05:56.344,IMU-1,0x28,-3.44,178.81,276.25,0,3,0,0
2026-08-15T23:05:56.444,IMU-1,0x28,-3.44,178.81,276.25,0,3,0,0
2026-08-15T23:05:56.545,IMU-1,0x28,-3.44,178.81,276.25,0,3,0,0
2026-08-15T23:05:56.645,IMU-1,0x28,-3.44,178.81,276.25,0,3,0,0
2026-08-15T23:05:56.745,IMU-1,0x28,-3.44,178.81,276.25,0,3,0,0
2026-08-15T23:05:56.845,IMU-1,0x28,-3.44,178.81,276.25,0,3,0,0
2026-08-15T23:05:56.945,IMU-1,0x28,-3.44,178.81,276.25,0,3,0,0
2026-08-15T23:05:57.045,IMU-1,0x28,-3.44,178.81,276.25,0,3,0,0
2026-08-15T23:05:57.146,IMU-1,0x28,-3.44,178.81,276.25,0,3,0,0
2026-08-15T23:05:57.245,IMU-1,0x28,-3.44,178.81,276.25,0,3,0,0
2026-08-15T23:05:57.345,IMU-1,0x28,-3.44,178.81,276.25,0,3,0,0
2026-08-15T23:05:57.445,IMU-1,0x28,-3.44,178.81,276.25,0,3,0,0
2026-08-15T23:05:57.545,IMU-1,0x28,-3.44,178.81,276.25,0,3,0,0
2026-08-15T23:05:57.645,IMU-1,0x28,-3.44,178.81,276.25,0,3,0,0
2026-08-15T23:05:57.745,IMU-1,0x28,-3.44,178.81,276.25,0,3,0,0
2026-08-15T23:05:57.845,IMU-1,0x28,-3.44,178.81,276.25,0,3,0,0
2026-08-15T23:05:57.945,IMU-1,0x28,-3.44,178.81,276.25,0,3,0,0
2026-08-15T23:05:58.045,IMU-1,0x28,-3.44,178.81,276.25,0,3,0,0
2026-08-15T23:05:58.146,IMU-1,0x28,-3.44,178.81,276.25,0,3,0,0
2026-08-15T23:05:58.245,IMU-1,0x28,-3.44,178.81,276.25,0,3,0,0
2026-08-15T23:05:58.345,IMU-1,0x28,-3.44,178.81,276.25,0,3,0,0
2026-08-15T23:05:58.445,IMU-1,0x28,-3.44,178.81,276.25,0,3,0,0
2026-08-15T23:05:58.545,IMU-1,0x28,-3.44,178.81,276.25,0,3,0,0
2026-08-15T23:05:58.645,IMU-1,0x28,-3.44,178.81,276.25,0,3,0,0
2026-08-15T23:05:58.746,IMU-1,0x28,-3.44,178.81,276.25,0,3,0,0
2026-08-15T23:05:58.846,IMU-1,0x28,-3.44,178.81,276.25,0,3,0,0
2026-08-15T23:05:58.946,IMU-1,0x28,-3.44,178.81,276.25,0,3,0,0
2026-08-15T23:05:59.046,IMU-1,0x28,-3.44,178.81,276.25,0,3,0,0
2026-08-15T23:05:59.147,IMU-1,0x28,-3.44,178.81,276.25,0,3,0,0
2026-08-15T23:05:59.246,IMU-1,0x28,-3.44,178.81,276.25,0,3,0,0
2026-08-15T23:05:59.346,IMU-1,0x28,-3.44,178.81,276.25,0,3,0,0
2026-08-15T23:05:59.447,IMU-1,0x28,-3.44,178.81,276.25,0,3,0,0
2026-08-15T23:05:59.546,IMU-1,0x28,-3.44,178.81,276.25,0,3,0,0
2026-08-15T23:05:59.646,IMU-1,0x28,-3.44,178.81,276.25,0,3,0,0
2026-08-15T23:05:59.746,IMU-1,0x28,-3.44,178.81,276.25,0,3,0,0
2026-08-15T23:05:59.845,IMU-1,0x28,-3.44,178.81,276.25,0,3,0,0
2026-08-15T23:05:59.945,IMU-1,0x28,-3.44,178.81,276.25,0,3,0,0
2026-08-15T23:06:00.045,IMU-1,0x28,-3.44,178.81,276.25,0,3,0,0
2026-08-15T23:06:00.146,IMU-1,0x28,-3.44,178.81,276.25,0,3,0,0
2026-08-15T23:06:00.245,IMU-1,0x28,-3.44,178.81,276.25,0,3,0,0
2026-08-15T23:06:00.345,IMU-1,0x28,-3.44,178.81,276.25,0,3,0,0
2026-08-15T23:06:00.445,IMU-1,0x28,-3.44,178.81,276.25,0,3,0,0
2026-08-15T23:06:00.546,IMU-1,0x28,-3.44,178.81,276.25,0,3,0,0
2026-08-15T23:06:00.646,IMU-1,0x28,-3.44,178.81,276.25,0,3,0,0
2026-08-15T23:06:00.746,IMU-1,0x28,-3.44,178.81,276.25,0,3,0,0
2026-08-15T23:06:00.846,IMU-1,0x28,-3.44,178.81,276.25,0,3,0,0
2026-08-15T23:06:00.947,IMU-1,0x28,-3.44,178.81,276.25,0,3,0,0
2026-08-15T23:06:01.047,IMU-1,0x28,-3.44,178.81,276.25,0,3,0,0
2026-08-15T23:06:01.148,IMU-1,0x28,-3.44,178.81,276.25,0,3,0,0
2026-08-15T23:06:01.247,IMU-1,0x28,-3.44,178.81,276.25,0,3,0,0
2026-08-15T23:06:01.348,IMU-1,0x28,-3.44,178.81,276.25,0,3,0,0
2026-08-15T23:06:01.448,IMU-1,0x28,-3.44,178.81,276.25,0,3,0,0
2026-08-15T23:06:01.548,IMU-1,0x28,-3.44,178.81,276.25,0,3,0,0
2026-08-15T23:06:01.648,IMU-1,0x28,-3.44,178.81,276.25,0,3,0,0
2026-08-15T23:06:01.748,IMU-1,0x28,-3.44,178.81,276.25,0,3,0,0
2026-08-15T23:06:01.848,IMU-1,0x28,-3.44,178.81,276.25,0,3,0,0
2026-08-15T23:06:01.947,IMU-1,0x28,-3.56,178.81,276.25,0,3,0,0
2026-08-15T23:06:02.048,IMU-1,0x28,-3.62,178.81,276.25,0,3,0,0
2026-08-15T23:06:02.149,IMU-1,0x28,-3.62,178.81,276.25,0,3,0,0
2026-08-15T23:06:02.248,IMU-1,0x28,-3.56,178.81,276.25,0,3,0,0
2026-08-15T23:06:02.348,IMU-1,0x28,-3.5,178.81,276.25,0,3,0,0
2026-08-15T23:06:02.447,IMU-1,0x28,-3.5,178.81,276.25,0,3,0,0
2026-08-15T23:06:02.547,IMU-1,0x28,-3.5,178.81,276.25,0,3,0,0
2026-08-15T23:06:02.647,IMU-1,0x28,-3.5,178.81,276.25,0,3,0,0
2026-08-15T23:06:02.747,IMU-1,0x28,-3.5,178.81,276.25,0,3,0,0
2026-08-15T23:06:02.847,IMU-1,0x28,-3.56,178.81,276.25,0,3,0,0
2026-08-15T23:06:02.948,IMU-1,0x28,-3.56,178.81,276.25,0,3,0,0
2026-08-15T23:06:03.048,IMU-1,0x28,-3.56,178.81,276.25,0,3,0,0
2026-08-15T23:06:03.149,IMU-1,0x28,-3.56,178.81,276.25,0,3,0,0
2026-08-15T23:06:03.248,IMU-1,0x28,-3.56,178.81,276.25,0,3,0,0
2026-08-15T23:06:03.348,IMU-1,0x28,-3.5,178.81,276.25,0,3,0,0
2026-08-15T23:06:03.449,IMU-1,0x28,-3.5,178.81,276.25,0,3,0,0
2026-08-15T23:06:03.549,IMU-1,0x28,-3.5,178.81,276.25,0,3,0,0
2026-08-15T23:06:03.649,IMU-1,0x28,-3.5,178.81,276.25,0,3,0,0
2026-08-15T23:06:03.748,IMU-1,0x28,-3.5,178.81,276.25,0,3,0,0
2026-08-15T23:06:03.848,IMU-1,0x28,-3.5,178.81,276.25,0,3,0,0
2026-08-15T23:06:03.947,IMU-1,0x28,-3.5,178.81,276.25,0,3,0,0
2026-08-15T23:06:04.047,IMU-1,0x28,-3.5,178.81,276.25,0,3,0,0
2026-08-15T23:06:04.148,IMU-1,0x28,-3.5,178.81,276.25,0,3,0,0
2026-08-15T23:06:04.248,IMU-1,0x28,-3.5,178.81,276.25,0,3,0,0
2026-08-15T23:06:04.348,IMU-1,0x28,-3.5,178.81,276.25,0,3,0,0
2026-08-15T23:06:04.448,IMU-1,0x28,-3.5,178.81,276.25,0,3,0,0
2026-08-15T23:06:04.548,IMU-1,0x28,-3.5,178.81,276.25,0,3,0,0
2026-08-15T23:06:04.648,IMU-1,0x28,-3.56,178.81,276.25,0,3,0,0
2026-08-15T23:06:04.749,IMU-1,0x28,-3.56,178.81,276.25,0,3,0,0
2026-08-15T23:06:04.849,IMU-1,0x28,-3.56,178.81,276.25,0,3,0,0
2026-08-15T23:06:04.949,IMU-1,0x28,-3.5,178.81,276.25,0,3,0,0
2026-08-15T23:06:05.049,IMU-1,0x28,-3.5,178.81,276.25,0,3,0,0
2026-08-15T23:06:05.150,IMU-1,0x28,-3.5,178.81,276.25,0,3,0,0
2026-08-15T23:06:05.249,IMU-1,0x28,-3.5,178.81,276.25,0,3,0,0
2026-08-15T23:06:05.349,IMU-1,0x28,-3.5,178.81,276.25,0,3,0,0
2026-08-15T23:06:05.449,IMU-1,0x28,-3.5,178.81,276.25,0,3,0,0
2026-08-15T23:06:05.549,IMU-1,0x28,-3.5,178.81,276.25,0,3,0,0
2026-08-15T23:06:05.650,IMU-1,0x28,-3.5,178.81,276.25,0,3,0,0
2026-08-15T23:06:05.750,IMU-1,0x28,-3.5,178.81,276.25,0,3,0,0
2026-08-15T23:06:05.850,IMU-1,0x28,-3.5,178.81,276.25,0,3,0,0
2026-08-15T23:06:05.950,IMU-1,0x28,-3.5,178.81,276.25,0,3,0,0
2026-08-15T23:06:06.050,IMU-1,0x28,-3.5,178.81,276.25,0,3,0,0
2026-08-15T23:06:06.151,IMU-1,0x28,-3.5,178.81,276.25,0,3,0,0
2026-08-15T23:06:06.250,IMU-1,0x28,-3.5,178.81,276.25,0,3,0,0
2026-08-15T23:06:06.350,IMU-1,0x28,-3.5,178.81,276.25,0,3,0,0
2026-08-15T23:06:06.450,IMU-1,0x28,-3.5,178.81,276.25,0,3,0,0
2026-08-15T23:06:06.550,IMU-1,0x28,-3.5,178.81,276.25,0,3,0,0
2026-08-15T23:06:06.651,IMU-1,0x28,-3.5,178.81,276.25,0,3,0,0
2026-08-15T23:06:06.750,IMU-1,0x28,-3.5,178.81,276.25,0,3,0,0
2026-08-15T23:06:06.850,IMU-1,0x28,-3.5,178.81,276.25,0,3,0,0
2026-08-15T23:06:06.949,IMU-1,0x28,-3.5,178.81,276.25,0,3,0,0
2026-08-15T23:06:07.049,IMU-1,0x28,-3.5,178.81,276.25,0,3,0,0
2026-08-15T23:06:07.150,IMU-1,0x28,-3.5,178.81,276.25,0,3,0,0
2026-08-15T23:06:07.249,IMU-1,0x28,-3.5,178.81,276.25,0,3,0,0
2026-08-15T23:06:07.349,IMU-1,0x28,-3.5,178.81,276.25,0,3,0,0
2026-08-15T23:06:07.449,IMU-1,0x28,-3.5,178.81,276.25,0,3,0,0
2026-08-15T23:06:07.549,IMU-1,0x28,-3.5,178.81,276.25,0,3,0,0
2026-08-15T23:06:07.650,IMU-1,0x28,-3.5,178.81,276.25,0,3,0,0
2026-08-15T23:06:07.750,IMU-1,0x28,-3.5,178.81,276.25,0,3,0,0
2026-08-15T23:06:07.850,IMU-1,0x28,-3.5,178.81,276.25,0,3,0,0
2026-08-15T23:06:07.951,IMU-1,0x28,-3.5,178.81,276.25,0,3,0,0
2026-08-15T23:06:08.051,IMU-1,0x28,-3.5,178.81,276.25,0,3,0,0
2026-08-15T23:06:08.152,IMU-1,0x28,-3.5,178.81,276.25,0,3,0,0
2026-08-15T23:06:08.252,IMU-1,0x28,-3.5,178.81,276.25,0,3,0,0
2026-08-15T23:06:08.352,IMU-1,0x28,-3.5,178.81,276.25,0,3,0,0
2026-08-15T23:06:08.452,IMU-1,0x28,-3.5,178.81,276.25,0,3,0,0
2026-08-15T23:06:08.552,IMU-1,0x28,-3.5,178.81,276.25,0,3,0,0
2026-08-15T23:06:08.652,IMU-1,0x28,-3.5,178.81,276.25,0,3,0,0
2026-08-15T23:06:08.752,IMU-1,0x28,-3.5,178.81,276.25,0,3,0,0
2026-08-15T23:06:08.852,IMU-1,0x28,-3.5,178.81,276.25,0,3,0,0
2026-08-15T23:06:08.952,IMU-1,0x28,-3.5,178.81,276.25,0,3,0,0
2026-08-15T23:06:09.052,IMU-1,0x28,-3.5,178.81,276.25,0,3,0,0
2026-08-15T23:06:09.153,IMU-1,0x28,-3.5,178.81,276.25,0,3,0,0
2026-08-15T23:06:09.252,IMU-1,0x28,-3.5,178.81,276.25,0,3,0,0
2026-08-15T23:06:09.352,IMU-1,0x28,-3.5,178.81,276.25,0,3,0,0
2026-08-15T23:06:09.451,IMU-1,0x28,-3.5,178.81,276.25,0,3,0,0
2026-08-15T23:06:09.551,IMU-1,0x28,-3.5,178.81,276.25,0,3,0,0
2026-08-15T23:06:09.652,IMU-1,0x28,-3.5,178.81,276.25,0,3,0,0
2026-08-15T23:06:09.751,IMU-1,0x28,-3.5,178.81,276.25,0,3,0,0
2026-08-15T23:06:09.851,IMU-1,0x28,-3.5,178.81,276.25,0,3,0,0
2026-08-15T23:06:09.952,IMU-1,0x28,-3.5,178.81,276.25,0,3,0,0
2026-08-15T23:06:10.052,IMU-1,0x28,-3.5,178.81,276.25,0,3,0,0
2026-08-15T23:06:10.152,IMU-1,0x28,-3.5,178.81,276.25,0,3,0,0
2026-08-15T23:06:10.252,IMU-1,0x28,-3.5,178.81,276.25,0,3,0,0
2026-08-15T23:06:10.352,IMU-1,0x28,-3.5,178.81,276.25,0,3,0,0
2026-08-15T23:06:10.452,IMU-1,0x28,-3.5,178.81,276.25,0,3,0,0
2026-08-15T23:06:10.553,IMU-1,0x28,-3.5,178.81,276.25,0,3,0,0
2026-08-15T23:06:10.653,IMU-1,0x28,-3.5,178.81,276.25,0,3,0,0
2026-08-15T23:06:10.753,IMU-1,0x28,-3.5,178.81,276.25,0,3,0,0
2026-08-15T23:06:10.853,IMU-1,0x28,-3.5,178.81,276.25,0,3,0,0
2026-08-15T23:06:10.953,IMU-1,0x28,-3.5,178.81,276.25,0,3,0,0
2026-08-15T23:06:11.053,IMU-1,0x28,-3.5,178.81,276.25,0,3,0,0
2026-08-15T23:06:11.154,IMU-1,0x28,-3.5,178.81,276.25,0,3,0,0
2026-08-15T23:06:11.253,IMU-1,0x28,-3.5,178.81,276.25,0,3,0,0
2026-08-15T23:06:11.353,IMU-1,0x28,-3.5,178.81,276.25,0,3,0,0
2026-08-15T23:06:11.453,IMU-1,0x28,-3.5,178.81,276.25,0,3,0,0
2026-08-15T23:06:11.553,IMU-1,0x28,-3.5,178.81,276.25,0,3,0,0
2026-08-15T23:06:11.652,IMU-1,0x28,-3.5,178.81,276.25,0,3,0,0
2026-08-15T23:06:11.753,IMU-1,0x28,-3.5,178.81,276.25,0,3,0,0
2026-08-15T23:06:11.852,IMU-1,0x28,-3.5,178.81,276.25,0,3,0,0
2026-08-15T23:06:11.953,IMU-1,0x28,-3.5,178.81,276.25,0,3,0,0
2026-08-15T23:06:12.053,IMU-1,0x28,-3.5,178.81,276.25,0,3,0,0
2026-08-15T23:06:12.153,IMU-1,0x28,-3.5,178.81,276.25,0,3,0,0
2026-08-15T23:06:12.253,IMU-1,0x28,-3.5,178.81,276.25,0,3,0,0
2026-08-15T23:06:12.353,IMU-1,0x28,-3.5,178.81,276.25,0,3,0,0
2026-08-15T23:06:12.453,IMU-1,0x28,-3.5,178.81,276.25,0,3,0,0
2026-08-15T23:06:12.553,IMU-1,0x28,-3.5,178.81,276.25,0,3,0,0
2026-08-15T23:06:12.653,IMU-1,0x28,-3.5,178.81,276.25,0,3,0,0
2026-08-15T23:06:12.754,IMU-1,0x28,-3.5,178.81,276.25,0,3,0,0
2026-08-15T23:06:12.854,IMU-1,0x28,-3.5,178.81,276.25,0,3,0,0
2026-08-15T23:06:12.954,IMU-1,0x28,-3.5,178.81,276.25,0,3,0,0
2026-08-15T23:06:13.054,IMU-1,0x28,-3.5,178.81,276.25,0,3,0,0
2026-08-15T23:06:13.155,IMU-1,0x28,-3.5,178.81,276.25,0,3,0,0
2026-08-15T23:06:13.254,IMU-1,0x28,-3.5,178.81,276.25,0,3,0,0
2026-08-15T23:06:13.355,IMU-1,0x28,-3.5,178.81,276.25,0,3,0,0
2026-08-15T23:06:13.454,IMU-1,0x28,-3.5,178.81,276.25,0,3,0,0
2026-08-15T23:06:13.554,IMU-1,0x28,-3.5,178.81,276.25,0,3,0,0
2026-08-15T23:06:13.655,IMU-1,0x28,-3.5,178.81,276.25,0,3,0,0
2026-08-15T23:06:13.754,IMU-1,0x28,-3.5,178.81,276.25,0,3,0,0
2026-08-15T23:06:13.854,IMU-1,0x28,-3.5,178.81,276.25,0,3,0,0
2026-08-15T23:06:13.953,IMU-1,0x28,-3.5,178.81,276.25,0,3,0,0
2026-08-15T23:06:14.053,IMU-1,0x28,-3.5,178.81,276.25,0,3,0,0
2026-08-15T23:06:14.154,IMU-1,0x28,-3.5,178.81,276.25,0,3,0,0
2026-08-15T23:06:14.253,IMU-1,0x28,-3.5,178.81,276.25,0,3,0,0
2026-08-15T23:06:14.353,IMU-1,0x28,-3.5,178.81,276.25,0,3,0,0
2026-08-15T23:06:14.453,IMU-1,0x28,-3.5,178.81,276.25,0,3,0,0
2026-08-15T23:06:14.553,IMU-1,0x28,-3.5,178.81,276.25,0,3,0,0
2026-08-15T23:06:14.654,IMU-1,0x28,-3.5,178.81,276.25,0,3,0,0
2026-08-15T23:06:14.754,IMU-1,0x28,-3.5,178.81,276.25,0,3,0,0
2026-08-15T23:06:14.854,IMU-1,0x28,-3.5,178.81,276.25,0,3,0,0
2026-08-15T23:06:14.955,IMU-1,0x28,-3.5,178.81,276.25,0,3,0,0
2026-08-15T23:06:15.055,IMU-1,0x28,-3.5,178.81,276.25,0,3,0,0
2026-08-15T23:06:15.156,IMU-1,0x28,-3.5,178.81,276.25,0,3,0,0
2026-08-15T23:06:15.255,IMU-1,0x28,-3.5,178.81,276.25,0,3,0,0
2026-08-15T23:06:15.356,IMU-1,0x28,-3.5,178.81,276.25,0,3,0,0
2026-08-15T23:06:15.456,IMU-1,0x28,-3.5,178.81,276.25,0,3,0,0
2026-08-15T23:06:15.555,IMU-1,0x28,-3.5,178.81,276.25,0,3,0,0
2026-08-15T23:06:15.655,IMU-1,0x28,-3.5,178.81,276.25,0,3,0,0
2026-08-15T23:06:15.755,IMU-1,0x28,-3.5,178.81,276.25,0,3,0,0
2026-08-15T23:06:15.855,IMU-1,0x28,-3.5,178.81,276.25,0,3,0,0
2026-08-15T23:06:15.955,IMU-1,0x28,-3.5,178.81,276.25,0,3,0,0
2026-08-15T23:06:16.055,IMU-1,0x28,-3.5,178.81,276.25,0,3,0,0
2026-08-15T23:06:16.156,IMU-1,0x28,-3.5,178.81,276.25,0,3,0,0
2026-08-15T23:06:16.255,IMU-1,0x28,-3.5,178.81,276.25,0,3,0,0
2026-08-15T23:06:16.355,IMU-1,0x28,-3.5,178.81,276.25,0,3,0,0
2026-08-15T23:06:16.455,IMU-1,0x28,-3.5,178.81,276.25,0,3,0,0
2026-08-15T23:06:16.555,IMU-1,0x28,-3.5,178.81,276.25,0,3,0,0
2026-08-15T23:06:16.655,IMU-1,0x28,-3.5,178.81,276.25,0,3,0,0
2026-08-15T23:06:16.755,IMU-1,0x28,-3.5,178.81,276.25,0,3,0,0
2026-08-15T23:06:16.856,IMU-1,0x28,-3.5,178.81,276.25,0,3,0,0
2026-08-15T23:06:16.956,IMU-1,0x28,-3.5,178.81,276.25,0,3,0,0
2026-08-15T23:06:17.056,IMU-1,0x28,-3.5,178.81,276.25,0,3,0,0
2026-08-15T23:06:17.157,IMU-1,0x28,-3.5,178.81,276.25,0,3,0,0
2026-08-15T23:06:17.256,IMU-1,0x28,-3.5,178.81,276.25,0,3,0,0
2026-08-15T23:06:17.356,IMU-1,0x28,-3.5,178.81,276.25,0,3,0,0
2026-08-15T23:06:17.457,IMU-1,0x28,-3.5,178.81,276.25,0,3,0,0
2026-08-15T23:06:17.557,IMU-1,0x28,-3.5,178.81,276.25,0,3,0,0
2026-08-15T23:06:17.657,IMU-1,0x28,-3.5,178.81,276.25,0,3,0,0
2026-08-15T23:06:17.757,IMU-1,0x28,-3.5,178.88,276.25,0,3,0,0
2026-08-15T23:06:17.857,IMU-1,0x28,-3.5,178.88,276.25,0,3,0,0
2026-08-15T23:06:17.957,IMU-1,0x28,-3.5,178.88,276.25,0,3,0,0
2026-08-15T23:06:18.057,IMU-1,0x28,-3.5,178.81,276.25,0,3,0,0
2026-08-15T23:06:18.158,IMU-1,0x28,-3.5,178.81,276.25,0,3,0,0
2026-08-15T23:06:18.257,IMU-1,0x28,-3.5,178.81,276.25,0,3,0,0
2026-08-15T23:06:18.356,IMU-1,0x28,-3.5,178.81,276.25,0,3,0,0
2026-08-15T23:06:18.456,IMU-1,0x28,-3.5,178.88,276.25,0,3,0,0
2026-08-15T23:06:18.556,IMU-1,0x28,-3.5,178.88,276.25,0,3,0,0
2026-08-15T23:06:18.656,IMU-1,0x28,-3.5,178.88,276.25,0,3,0,0
2026-08-15T23:06:18.756,IMU-1,0x28,-3.5,178.88,276.25,0,3,0,0
2026-08-15T23:06:18.857,IMU-1,0x28,-3.5,178.88,276.25,0,3,0,0
2026-08-15T23:06:18.957,IMU-1,0x28,-3.5,178.88,276.25,0,3,0,0
2026-08-15T23:06:19.057,IMU-1,0x28,-3.5,178.88,276.25,0,3,0,0
2026-08-15T23:06:19.158,IMU-1,0x28,-3.5,178.88,276.25,0,3,0,0
2026-08-15T23:06:19.257,IMU-1,0x28,-3.5,178.94,276.25,0,3,0,0
2026-08-15T23:06:19.357,IMU-1,0x28,-3.5,178.94,276.25,0,3,0,0
2026-08-15T23:06:19.457,IMU-1,0x28,-3.5,178.94,276.25,0,3,0,0
2026-08-15T23:06:19.557,IMU-1,0x28,-3.5,178.94,276.25,0,3,0,0
2026-08-15T23:06:19.658,IMU-1,0x28,-3.5,178.94,276.25,0,3,0,0
2026-08-15T23:06:19.758,IMU-1,0x28,-3.5,178.88,276.25,0,3,0,0
2026-08-15T23:06:19.858,IMU-1,0x28,-3.5,178.94,276.25,0,3,0,0
2026-08-15T23:06:19.958,IMU-1,0x28,-3.5,178.94,276.25,0,3,0,0
2026-08-15T23:06:20.058,IMU-1,0x28,-3.5,178.94,276.25,0,3,0,0
2026-08-15T23:06:20.159,IMU-1,0x28,-3.5,178.94,276.25,0,3,0,0
2026-08-15T23:06:20.258,IMU-1,0x28,-3.5,178.94,276.25,0,3,0,0
2026-08-15T23:06:20.358,IMU-1,0x28,-3.5,178.88,276.25,0,3,0,0
2026-08-15T23:06:20.459,IMU-1,0x28,-3.5,178.88,276.25,0,3,0,0
2026-08-15T23:06:20.558,IMU-1,0x28,-3.5,178.88,276.25,0,3,0,0
2026-08-15T23:06:20.657,IMU-1,0x28,-3.5,178.88,276.25,0,3,0,0
2026-08-15T23:06:20.757,IMU-1,0x28,-3.5,178.81,276.25,0,3,0,0
2026-08-15T23:06:20.857,IMU-1,0x28,-3.5,178.81,276.25,0,3,0,0
2026-08-15T23:06:20.957,IMU-1,0x28,-3.5,178.81,276.25,0,3,0,0
2026-08-15T23:06:21.057,IMU-1,0x28,-3.5,178.81,276.25,0,3,0,0
2026-08-15T23:06:21.158,IMU-1,0x28,-3.5,178.81,276.25,0,3,0,0
2026-08-15T23:06:21.257,IMU-1,0x28,-3.5,178.75,276.25,0,3,0,0
2026-08-15T23:06:21.358,IMU-1,0x28,-3.5,178.75,276.25,0,3,0,0
2026-08-15T23:06:21.458,IMU-1,0x28,-3.5,178.75,276.25,0,3,0,0
2026-08-15T23:06:21.558,IMU-1,0x28,-3.5,178.81,276.25,0,3,0,0
2026-08-15T23:06:21.658,IMU-1,0x28,-3.5,179.0,276.25,0,3,0,0
2026-08-15T23:06:21.759,IMU-1,0x28,-3.5,179.0,276.25,0,3,0,0
2026-08-15T23:06:21.859,IMU-1,0x28,-3.5,-179.5,276.19,0,3,0,0
2026-08-15T23:06:21.959,IMU-1,0x28,-3.5,179.0,276.25,0,3,0,0
2026-08-15T23:06:22.060,IMU-1,0x28,-3.5,179.0,276.25,0,3,0,0
2026-08-15T23:06:22.160,IMU-1,0x28,-3.5,179.0,276.25,0,3,0,0
2026-08-15T23:06:22.260,IMU-1,0x28,-3.5,179.0,276.25,0,3,0,0
2026-08-15T23:06:22.360,IMU-1,0x28,-3.5,179.0,276.25,0,3,0,0
2026-08-15T23:06:22.460,IMU-1,0x28,-3.5,179.0,276.25,0,3,0,0
2026-08-15T23:06:22.560,IMU-1,0x28,-3.5,179.0,276.25,0,3,0,0
2026-08-15T23:06:22.660,IMU-1,0x28,-3.5,179.0,276.25,0,3,0,0
2026-08-15T23:06:22.760,IMU-1,0x28,-3.5,179.0,276.25,0,3,0,0
2026-08-15T23:06:22.860,IMU-1,0x28,-3.5,178.88,276.25,0,3,0,0
2026-08-15T23:06:22.959,IMU-1,0x28,-3.5,178.94,276.25,0,3,0,0
2026-08-15T23:06:23.059,IMU-1,0x28,-3.5,178.94,276.25,0,3,0,0
2026-08-15T23:06:23.159,IMU-1,0x28,-3.5,179.12,276.25,0,3,0,0
2026-08-15T23:06:23.259,IMU-1,0x28,-3.5,179.5,276.19,0,3,0,0
2026-08-15T23:06:23.359,IMU-1,0x28,-3.5,-179.94,276.19,0,3,0,0
2026-08-15T23:06:23.459,IMU-1,0x28,-3.75,-179.0,276.19,0,3,0,0
2026-08-15T23:06:23.559,IMU-1,0x28,-3.88,-178.5,276.12,0,3,0,0
2026-08-15T23:06:23.659,IMU-1,0x28,-3.94,-178.38,276.12,0,3,0,0
2026-08-15T23:06:23.759,IMU-1,0x28,-3.94,-178.25,276.12,0,3,0,0
2026-08-15T23:06:23.860,IMU-1,0x28,-3.94,-178.25,276.12,0,3,0,0
2026-08-15T23:06:23.960,IMU-1,0x28,-4.0,-178.25,276.12,0,3,0,0
2026-08-15T23:06:24.060,IMU-1,0x28,-3.94,-178.38,276.12,0,3,0,0
2026-08-15T23:06:24.161,IMU-1,0x28,-4.0,-178.38,276.12,0,3,0,0
2026-08-15T23:06:24.261,IMU-1,0x28,-3.94,-178.38,276.12,0,3,0,0
2026-08-15T23:06:24.360,IMU-1,0x28,-3.94,-178.44,276.12,0,3,0,0
2026-08-15T23:06:24.461,IMU-1,0x28,-3.94,-178.56,276.12,0,3,0,0
2026-08-15T23:06:24.560,IMU-1,0x28,-3.56,179.38,277.69,0,3,0,0
2026-08-15T23:06:24.660,IMU-1,0x28,-3.56,179.06,278.56,0,3,0,0
2026-08-15T23:06:24.761,IMU-1,0x28,-3.56,179.25,278.56,0,3,0,0
2026-08-15T23:06:24.861,IMU-1,0x28,-3.56,179.25,278.56,0,3,0,0
2026-08-15T23:06:24.962,IMU-1,0x28,-3.56,179.25,278.56,0,3,0,0
2026-08-15T23:06:25.062,IMU-1,0x28,-3.56,179.25,278.56,0,3,0,0
2026-08-15T23:06:25.163,IMU-1,0x28,-3.56,179.25,278.56,0,3,0,0
2026-08-15T23:06:25.262,IMU-1,0x28,-3.56,179.25,278.56,0,3,0,0
2026-08-15T23:06:25.362,IMU-1,0x28,-3.56,179.25,278.56,0,3,0,0
2026-08-15T23:06:25.461,IMU-1,0x28,-3.56,179.25,278.56,0,3,0,0
2026-08-15T23:06:25.561,IMU-1,0x28,-3.56,179.25,278.56,0,3,0,0
2026-08-15T23:06:25.661,IMU-1,0x28,-3.56,179.25,278.56,0,3,0,0
2026-08-15T23:06:25.761,IMU-1,0x28,-3.56,179.25,278.56,0,3,0,0
2026-08-15T23:06:25.861,IMU-1,0x28,-3.56,179.25,278.56,0,3,0,0
2026-08-15T23:06:25.961,IMU-1,0x28,-3.56,179.25,278.56,0,3,0,0
2026-08-15T23:06:26.061,IMU-1,0x28,-3.56,179.25,278.56,0,3,0,0
2026-08-15T23:06:26.163,IMU-1,0x28,-3.56,179.25,278.56,0,3,0,0
2026-08-15T23:06:26.262,IMU-1,0x28,-3.56,179.25,278.56,0,3,0,0
2026-08-15T23:06:26.362,IMU-1,0x28,-3.56,179.25,278.56,0,3,0,0
2026-08-15T23:06:26.462,IMU-1,0x28,-3.56,179.25,278.56,0,3,0,0
2026-08-15T23:06:26.562,IMU-1,0x28,-3.56,179.25,278.56,0,3,0,0
2026-08-15T23:06:26.663,IMU-1,0x28,-3.56,179.25,278.56,0,3,0,0
2026-08-15T23:06:26.763,IMU-1,0x28,-3.56,179.25,278.56,0,3,0,0
2026-08-15T23:06:26.863,IMU-1,0x28,-3.56,179.25,278.56,0,3,0,0
2026-08-15T23:06:26.963,IMU-1,0x28,-3.56,179.25,278.56,0,3,0,0
2026-08-15T23:06:27.062,IMU-1,0x28,-3.56,179.25,278.56,0,3,0,0
2026-08-15T23:06:27.163,IMU-1,0x28,-3.56,179.25,278.56,0,3,0,0
2026-08-15T23:06:27.262,IMU-1,0x28,-3.56,179.25,278.56,0,3,0,0
2026-08-15T23:06:27.362,IMU-1,0x28,-3.56,179.25,278.56,0,3,0,0
2026-08-15T23:06:27.462,IMU-1,0x28,-3.56,179.25,278.56,0,3,0,0
2026-08-15T23:06:27.562,IMU-1,0x28,-3.56,179.25,278.56,0,3,0,0
2026-08-15T23:06:27.662,IMU-1,0x28,-3.56,179.25,278.56,0,3,0,0
2026-08-15T23:06:27.762,IMU-1,0x28,-3.56,179.25,278.56,0,3,0,0
2026-08-15T23:06:27.862,IMU-1,0x28,-3.56,179.25,278.56,0,3,0,0
2026-08-15T23:06:27.962,IMU-1,0x28,-3.56,179.25,278.56,0,3,0,0
2026-08-15T23:06:28.062,IMU-1,0x28,-3.56,179.25,278.56,0,3,0,0
2026-08-15T23:06:28.163,IMU-1,0x28,-3.56,179.25,278.56,0,3,0,0
2026-08-15T23:06:28.262,IMU-1,0x28,-3.56,179.25,278.56,0,3,0,0
2026-08-15T23:06:28.363,IMU-1,0x28,-3.56,179.25,278.56,0,3,0,0
2026-08-15T23:06:28.463,IMU-1,0x28,-3.56,179.25,278.56,0,3,0,0
2026-08-15T23:06:28.563,IMU-1,0x28,-3.56,179.25,278.56,0,3,0,0
2026-08-15T23:06:28.663,IMU-1,0x28,-3.56,179.25,278.56,0,3,0,0
2026-08-15T23:06:28.764,IMU-1,0x28,-3.56,179.25,278.56,0,3,0,0
2026-08-15T23:06:28.864,IMU-1,0x28,-3.56,179.25,278.56,0,3,0,0
2026-08-15T23:06:28.964,IMU-1,0x28,-3.56,179.25,278.56,0,3,0,0
2026-08-15T23:06:29.064,IMU-1,0x28,-3.56,179.25,278.56,0,3,0,0
2026-08-15T23:06:29.165,IMU-1,0x28,-3.56,179.25,278.56,0,3,0,0
2026-08-15T23:06:29.264,IMU-1,0x28,-3.56,179.25,278.56,0,3,0,0
2026-08-15T23:06:29.364,IMU-1,0x28,-3.56,179.25,278.56,0,3,0,0
2026-08-15T23:06:29.464,IMU-1,0x28,-3.56,179.25,278.56,0,3,0,0
2026-08-15T23:06:29.565,IMU-1,0x28,-3.56,179.25,278.56,0,3,0,0
2026-08-15T23:06:29.665,IMU-1,0x28,-3.56,179.25,278.56,0,3,0,0
2026-08-15T23:06:29.765,IMU-1,0x28,-3.56,179.25,278.56,0,3,0,0
2026-08-15T23:06:29.865,IMU-1,0x28,-3.56,179.25,278.56,0,3,0,0
2026-08-15T23:06:29.965,IMU-1,0x28,-3.56,179.25,278.56,0,3,0,0
2026-08-15T23:06:30.065,IMU-1,0x28,-3.56,179.25,278.56,0,3,0,0
2026-08-15T23:06:30.165,IMU-1,0x28,-3.56,179.25,278.56,0,3,0,0
2026-08-15T23:06:30.264,IMU-1,0x28,-3.56,179.25,278.56,0,3,0,0
2026-08-15T23:06:30.364,IMU-1,0x28,-3.56,179.25,278.56,0,3,0,0
2026-08-15T23:06:30.464,IMU-1,0x28,-3.56,179.25,278.56,0,3,0,0
2026-08-15T23:06:30.564,IMU-1,0x28,-3.56,179.25,278.56,0,3,0,0
2026-08-15T23:06:30.664,IMU-1,0x28,-3.56,179.25,278.56,0,3,0,0
2026-08-15T23:06:30.764,IMU-1,0x28,-3.56,179.25,278.56,0,3,0,0
2026-08-15T23:06:30.864,IMU-1,0x28,-3.56,179.25,278.56,0,3,0,0
2026-08-15T23:06:30.965,IMU-1,0x28,-3.56,179.25,278.56,0,3,0,0
2026-08-15T23:06:31.065,IMU-1,0x28,-3.56,179.25,278.56,0,3,0,0
2026-08-15T23:06:31.166,IMU-1,0x28,-3.56,179.25,278.56,0,3,0,0
2026-08-15T23:06:31.266,IMU-1,0x28,-3.56,179.25,278.56,0,3,0,0
2026-08-15T23:06:31.366,IMU-1,0x28,-3.56,179.25,278.56,0,3,0,0
2026-08-15T23:06:31.466,IMU-1,0x28,-3.56,179.25,278.56,0,3,0,0
2026-08-15T23:06:31.566,IMU-1,0x28,-3.56,179.25,278.56,0,3,0,0
2026-08-15T23:06:31.666,IMU-1,0x28,-3.56,179.25,278.56,0,3,0,0
2026-08-15T23:06:31.766,IMU-1,0x28,-3.56,179.25,278.56,0,3,0,0
2026-08-15T23:06:31.866,IMU-1,0x28,-3.56,179.25,278.56,0,3,0,0
2026-08-15T23:06:31.966,IMU-1,0x28,-3.56,179.25,278.56,0,3,0,0
2026-08-15T23:06:32.066,IMU-1,0x28,-3.56,179.25,278.56,0,3,0,0
2026-08-15T23:06:32.167,IMU-1,0x28,-3.56,179.25,278.56,0,3,0,0
2026-08-15T23:06:32.267,IMU-1,0x28,-3.56,179.25,278.56,0,3,0,0
2026-08-15T23:06:32.366,IMU-1,0x28,-3.56,179.25,278.56,0,3,0,0
2026-08-15T23:06:32.466,IMU-1,0x28,-3.56,179.25,278.56,0,3,0,0
2026-08-15T23:06:32.566,IMU-1,0x28,-3.56,179.25,278.56,0,3,0,0
2026-08-15T23:06:32.666,IMU-1,0x28,-3.56,179.25,278.56,0,3,0,0
2026-08-15T23:06:32.766,IMU-1,0x28,-3.56,179.25,278.56,0,3,0,0
2026-08-15T23:06:32.866,IMU-1,0x28,-3.56,179.25,278.56,0,3,0,0
2026-08-15T23:06:32.966,IMU-1,0x28,-3.56,179.25,278.56,0,3,0,0
2026-08-15T23:06:33.066,IMU-1,0x28,-3.56,179.25,278.56,0,3,0,0
2026-08-15T23:06:33.167,IMU-1,0x28,-3.56,179.25,278.56,0,3,0,0
2026-08-15T23:06:33.266,IMU-1,0x28,-3.56,179.25,278.56,0,3,0,0
2026-08-15T23:06:33.366,IMU-1,0x28,-3.56,179.25,278.56,0,3,0,0
2026-08-15T23:06:33.467,IMU-1,0x28,-3.56,179.25,278.56,0,3,0,0
2026-08-15T23:06:33.567,IMU-1,0x28,-3.56,179.25,278.56,0,3,0,0
2026-08-15T23:06:33.667,IMU-1,0x28,-3.56,179.25,278.56,0,3,0,0
2026-08-15T23:06:33.768,IMU-1,0x28,-3.56,179.25,278.56,0,3,0,0
2026-08-15T23:06:33.867,IMU-1,0x28,-3.56,179.25,278.56,0,3,0,0
2026-08-15T23:06:33.967,IMU-1,0x28,-3.56,179.25,278.56,0,3,0,0
2026-08-15T23:06:34.068,IMU-1,0x28,-3.56,179.25,278.56,0,3,0,0
2026-08-15T23:06:34.169,IMU-1,0x28,-3.56,179.25,278.56,0,3,0,0
2026-08-15T23:06:34.268,IMU-1,0x28,-3.56,179.25,278.56,0,3,0,0
2026-08-15T23:06:34.368,IMU-1,0x28,-3.56,179.25,278.56,0,3,0,0
2026-08-15T23:06:34.468,IMU-1,0x28,-3.56,179.25,278.56,0,3,0,0
2026-08-15T23:06:34.567,IMU-1,0x28,-3.56,179.25,278.56,0,3,0,0
2026-08-15T23:06:34.667,IMU-1,0x28,-3.56,179.25,278.56,0,3,0,0
2026-08-15T23:06:34.766,IMU-1,0x28,-3.56,179.25,278.56,0,3,0,0
2026-08-15T23:06:34.867,IMU-1,0x28,-3.56,179.25,278.56,0,3,0,0
2026-08-15T23:06:34.967,IMU-1,0x28,-3.56,179.25,278.56,0,3,0,0
2026-08-15T23:06:35.067,IMU-1,0x28,-3.56,179.25,278.56,0,3,0,0
2026-08-15T23:06:35.168,IMU-1,0x28,-3.56,179.25,278.56,0,3,0,0
2026-08-15T23:06:35.267,IMU-1,0x28,-3.56,179.25,278.56,0,3,0,0
2026-08-15T23:06:35.368,IMU-1,0x28,-3.56,179.25,278.56,0,3,0,0
2026-08-15T23:06:35.468,IMU-1,0x28,-3.56,179.25,278.56,0,3,0,0
2026-08-15T23:06:35.568,IMU-1,0x28,-3.56,179.25,278.56,0,3,0,0
2026-08-15T23:06:35.668,IMU-1,0x28,-3.56,179.25,278.56,0,3,0,0
2026-08-15T23:06:35.768,IMU-1,0x28,-3.56,179.25,278.56,0,3,0,0
2026-08-15T23:06:35.868,IMU-1,0x28,-3.56,179.25,278.56,0,3,0,0
2026-08-15T23:06:35.969,IMU-1,0x28,-3.56,179.25,278.56,0,3,0,0
2026-08-15T23:06:36.069,IMU-1,0x28,-3.56,179.25,278.56,0,3,0,0
2026-08-15T23:06:36.170,IMU-1,0x28,-3.56,179.25,278.56,0,3,0,0
2026-08-15T23:06:36.269,IMU-1,0x28,-3.56,179.25,278.56,0,3,0,0
2026-08-15T23:06:36.369,IMU-1,0x28,-3.56,179.25,278.56,0,3,0,0
2026-08-15T23:06:36.469,IMU-1,0x28,-3.56,179.25,278.56,0,3,0,0
2026-08-15T23:06:36.569,IMU-1,0x28,-3.56,179.25,278.56,0,3,0,0
2026-08-15T23:06:36.670,IMU-1,0x28,-3.56,179.25,278.56,0,3,0,0
2026-08-15T23:06:36.769,IMU-1,0x28,-3.56,179.25,278.56,0,3,0,0
2026-08-15T23:06:36.870,IMU-1,0x28,-3.56,179.25,278.56,0,3,0,0
2026-08-15T23:06:36.969,IMU-1,0x28,-3.56,179.25,278.56,0,3,0,0
2026-08-15T23:06:37.069,IMU-1,0x28,-3.56,179.25,278.56,0,3,0,0
2026-08-15T23:06:37.169,IMU-1,0x28,-3.56,179.25,278.56,0,3,0,0
2026-08-15T23:06:37.268,IMU-1,0x28,-3.56,179.25,278.56,0,3,0,0
2026-08-15T23:06:37.368,IMU-1,0x28,-3.56,179.25,278.56,0,3,0,0
2026-08-15T23:06:37.468,IMU-1,0x28,-3.56,179.25,278.56,0,3,0,0
2026-08-15T23:06:37.568,IMU-1,0x28,-3.56,179.25,278.56,0,3,0,0
2026-08-15T23:06:37.668,IMU-1,0x28,-3.56,179.25,278.56,0,3,0,0
2026-08-15T23:06:37.768,IMU-1,0x28,-3.56,179.25,278.56,0,3,0,0
2026-08-15T23:06:37.869,IMU-1,0x28,-3.56,179.25,278.56,0,3,0,0
2026-08-15T23:06:37.969,IMU-1,0x28,-3.56,179.25,278.56,0,3,0,0
2026-08-15T23:06:38.069,IMU-1,0x28,-3.56,179.25,278.56,0,3,0,0
2026-08-15T23:06:38.170,IMU-1,0x28,-3.56,179.25,278.56,0,3,0,0
2026-08-15T23:06:38.270,IMU-1,0x28,-3.56,179.25,278.56,0,3,0,0
2026-08-15T23:06:38.370,IMU-1,0x28,-3.56,179.25,278.56,0,3,0,0
2026-08-15T23:06:38.471,IMU-1,0x28,-3.56,179.25,278.56,0,3,0,0
2026-08-15T23:06:38.571,IMU-1,0x28,-3.56,179.25,278.56,0,3,0,0
2026-08-15T23:06:38.671,IMU-1,0x28,-3.56,179.25,278.56,0,3,0,0
2026-08-15T23:06:38.771,IMU-1,0x28,-3.56,179.25,278.56,0,3,0,0
2026-08-15T23:06:38.871,IMU-1,0x28,-3.56,179.25,278.56,0,3,0,0
2026-08-15T23:06:38.970,IMU-1,0x28,-3.56,179.25,278.56,0,3,0,0
2026-08-15T23:06:39.070,IMU-1,0x28,-3.56,179.25,278.56,0,3,0,0
2026-08-15T23:06:39.171,IMU-1,0x28,-3.56,179.25,278.56,0,3,0,0
2026-08-15T23:06:39.270,IMU-1,0x28,-3.56,179.25,278.56,0,3,0,0
2026-08-15T23:06:39.370,IMU-1,0x28,-3.56,179.25,278.56,0,3,0,0
2026-08-15T23:06:39.470,IMU-1,0x28,-3.56,179.25,278.56,0,3,0,0
2026-08-15T23:06:39.570,IMU-1,0x28,-3.56,179.25,278.56,0,3,0,0
2026-08-15T23:06:39.670,IMU-1,0x28,-3.56,179.25,278.56,0,3,0,0
2026-08-15T23:06:39.770,IMU-1,0x28,-3.56,179.25,278.56,0,3,0,0
2026-08-15T23:06:39.870,IMU-1,0x28,-3.56,179.25,278.56,0,3,0,0
2026-08-15T23:06:39.970,IMU-1,0x28,-3.56,179.25,278.56,0,3,0,0
2026-08-15T23:06:40.070,IMU-1,0x28,-3.56,179.25,278.56,0,3,0,0
2026-08-15T23:06:40.171,IMU-1,0x28,-3.56,179.25,278.56,0,3,0,0
2026-08-15T23:06:40.271,IMU-1,0x28,-3.56,179.25,278.56,0,3,0,0
2026-08-15T23:06:40.371,IMU-1,0x28,-3.56,179.25,278.56,0,3,0,0
2026-08-15T23:06:40.471,IMU-1,0x28,-3.62,179.25,278.56,0,3,0,0
2026-08-15T23:06:40.572,IMU-1,0x28,-3.56,179.25,278.56,0,3,0,0
2026-08-15T23:06:40.672,IMU-1,0x28,-3.56,179.25,278.56,0,3,0,0
2026-08-15T23:06:40.772,IMU-1,0x28,-3.62,179.25,278.56,0,3,0,0
2026-08-15T23:06:40.872,IMU-1,0x28,-3.62,179.25,278.56,0,3,0,0
2026-08-15T23:06:40.972,IMU-1,0x28,-3.62,179.25,278.56,0,3,0,0
2026-08-15T23:06:41.072,IMU-1,0x28,-3.62,179.25,278.56,0,3,0,0
2026-08-15T23:06:41.173,IMU-1,0x28,-3.62,179.25,278.56,0,3,0,0
2026-08-15T23:06:41.272,IMU-1,0x28,-3.62,179.25,278.56,0,3,0,0
2026-08-15T23:06:41.372,IMU-1,0x28,-3.62,179.25,278.56,0,3,0,0
2026-08-15T23:06:41.473,IMU-1,0x28,-3.62,179.25,278.56,0,3,0,0
2026-08-15T23:06:41.573,IMU-1,0x28,-3.62,179.25,278.56,0,3,0,0
2026-08-15T23:06:41.673,IMU-1,0x28,-3.62,179.25,278.56,0,3,0,0
2026-08-15T23:06:41.773,IMU-1,0x28,-3.62,179.25,278.56,0,3,0,0
2026-08-15T23:06:41.872,IMU-1,0x28,-3.62,179.25,278.56,0,3,0,0
2026-08-15T23:06:41.972,IMU-1,0x28,-3.62,179.25,278.56,0,3,0,0
2026-08-15T23:06:42.072,IMU-1,0x28,-3.62,179.25,278.56,0,3,0,0
2026-08-15T23:06:42.173,IMU-1,0x28,-3.62,179.25,278.56,0,3,0,0
2026-08-15T23:06:42.272,IMU-1,0x28,-3.62,179.25,278.56,0,3,0,0
2026-08-15T23:06:42.372,IMU-1,0x28,-3.62,179.25,278.56,0,3,0,0
2026-08-15T23:06:42.472,IMU-1,0x28,-3.62,179.25,278.56,0,3,0,0
2026-08-15T23:06:42.573,IMU-1,0x28,-3.62,179.25,278.56,0,3,0,0
2026-08-15T23:06:42.673,IMU-1,0x28,-3.62,179.25,278.56,0,3,0,0
2026-08-15T23:06:42.773,IMU-1,0x28,-3.62,179.25,278.56,0,3,0,0
2026-08-15T23:06:42.873,IMU-1,0x28,-3.62,179.25,278.56,0,3,0,0
2026-08-15T23:06:42.973,IMU-1,0x28,-3.62,179.25,278.56,0,3,0,0
2026-08-15T23:06:43.073,IMU-1,0x28,-3.62,179.25,278.56,0,3,0,0
2026-08-15T23:06:43.174,IMU-1,0x28,-3.62,179.25,278.56,0,3,0,0
2026-08-15T23:06:43.274,IMU-1,0x28,-3.62,179.25,278.56,0,3,0,0
2026-08-15T23:06:43.374,IMU-1,0x28,-3.62,179.25,278.56,0,3,0,0
2026-08-15T23:06:43.474,IMU-1,0x28,-3.62,179.25,278.56,0,3,0,0
2026-08-15T23:06:43.574,IMU-1,0x28,-3.62,179.25,278.56,0,3,0,0
2026-08-15T23:06:43.674,IMU-1,0x28,-3.62,179.25,278.56,0,3,0,0
2026-08-15T23:06:43.773,IMU-1,0x28,-3.62,179.25,278.56,0,3,0,0
2026-08-15T23:06:43.873,IMU-1,0x28,-3.62,179.25,278.56,0,3,0,0
2026-08-15T23:06:43.972,IMU-1,0x28,-3.62,179.25,278.56,0,3,0,0
2026-08-15T23:06:44.073,IMU-1,0x28,-3.62,179.25,278.56,0,3,0,0
2026-08-15T23:06:44.173,IMU-1,0x28,-3.62,179.25,278.56,0,3,0,0
2026-08-15T23:06:44.273,IMU-1,0x28,-3.62,179.25,278.56,0,3,0,0
2026-08-15T23:06:44.373,IMU-1,0x28,-3.62,179.25,278.56,0,3,0,0
2026-08-15T23:06:44.473,IMU-1,0x28,-3.62,179.25,278.56,0,3,0,0
2026-08-15T23:06:44.573,IMU-1,0x28,-3.62,179.25,278.56,0,3,0,0
2026-08-15T23:06:44.673,IMU-1,0x28,-3.62,179.25,278.56,0,3,0,0
2026-08-15T23:06:44.773,IMU-1,0x28,-3.62,179.25,278.56,0,3,0,0
2026-08-15T23:06:44.873,IMU-1,0x28,-3.62,179.25,278.56,0,3,0,0
2026-08-15T23:06:44.974,IMU-1,0x28,-3.62,179.25,278.56,0,3,0,0
2026-08-15T23:06:45.074,IMU-1,0x28,-3.62,179.25,278.56,0,3,0,0
2026-08-15T23:06:45.175,IMU-1,0x28,-3.62,179.25,278.56,0,3,0,0
2026-08-15T23:06:45.275,IMU-1,0x28,-3.62,179.25,278.56,0,3,0,0
2026-08-15T23:06:45.375,IMU-1,0x28,-3.62,179.25,278.56,0,3,0,0
2026-08-15T23:06:45.475,IMU-1,0x28,-3.62,179.25,278.56,0,3,0,0
2026-08-15T23:06:45.575,IMU-1,0x28,-3.62,179.25,278.56,0,3,0,0
2026-08-15T23:06:45.675,IMU-1,0x28,-3.62,179.25,278.56,0,3,0,0
2026-08-15T23:06:45.775,IMU-1,0x28,-3.62,179.25,278.56,0,3,0,0
2026-08-15T23:06:45.876,IMU-1,0x28,-3.62,179.25,278.56,0,3,0,0
2026-08-15T23:06:45.975,IMU-1,0x28,-3.62,179.25,278.56,0,3,0,0
2026-08-15T23:06:46.075,IMU-1,0x28,-3.62,179.25,278.56,0,3,0,0
2026-08-15T23:06:46.176,IMU-1,0x28,-3.62,179.25,278.56,0,3,0,0
2026-08-15T23:06:46.276,IMU-1,0x28,-3.62,179.25,278.56,0,3,0,0
2026-08-15T23:06:46.376,IMU-1,0x28,-3.62,179.25,278.56,0,3,0,0
2026-08-15T23:06:46.475,IMU-1,0x28,-3.62,179.25,278.56,0,3,0,0
2026-08-15T23:06:46.575,IMU-1,0x28,-3.62,179.25,278.56,0,3,0,0
2026-08-15T23:06:46.675,IMU-1,0x28,-3.62,179.25,278.56,0,3,0,0
2026-08-15T23:06:46.775,IMU-1,0x28,-3.62,179.25,278.56,0,3,0,0
2026-08-15T23:06:46.875,IMU-1,0x28,-3.62,179.25,278.56,0,3,0,0
2026-08-15T23:06:46.975,IMU-1,0x28,-3.62,179.25,278.56,0,3,0,0
2026-08-15T23:06:47.074,IMU-1,0x28,-3.62,179.25,278.56,0,3,0,0
2026-08-15T23:06:47.176,IMU-1,0x28,-3.62,179.25,278.56,0,3,0,0
2026-08-15T23:06:47.275,IMU-1,0x28,-3.62,179.25,278.56,0,3,0,0
2026-08-15T23:06:47.375,IMU-1,0x28,-3.62,179.25,278.56,0,3,0,0
2026-08-15T23:06:47.476,IMU-1,0x28,-3.62,179.25,278.56,0,3,0,0
2026-08-15T23:06:47.576,IMU-1,0x28,-3.62,179.25,278.56,0,3,0,0
2026-08-15T23:06:47.676,IMU-1,0x28,-3.62,179.25,278.56,0,3,0,0
2026-08-15T23:06:47.776,IMU-1,0x28,-3.62,179.25,278.56,0,3,0,0
2026-08-15T23:06:47.876,IMU-1,0x28,-3.62,179.25,278.56,0,3,0,0
2026-08-15T23:06:47.977,IMU-1,0x28,-3.62,179.25,278.56,0,3,0,0
2026-08-15T23:06:48.077,IMU-1,0x28,-3.62,179.25,278.56,0,3,0,0
2026-08-15T23:06:48.178,IMU-1,0x28,-3.62,179.25,278.56,0,3,0,0
2026-08-15T23:06:48.277,IMU-1,0x28,-3.62,179.25,278.56,0,3,0,0
2026-08-15T23:06:48.377,IMU-1,0x28,-3.62,179.25,278.56,0,3,0,0
2026-08-15T23:06:48.477,IMU-1,0x28,-3.62,179.25,278.56,0,3,0,0
2026-08-15T23:06:48.577,IMU-1,0x28,-3.62,179.25,278.56,0,3,0,0
2026-08-15T23:06:48.677,IMU-1,0x28,-3.62,179.25,278.56,0,3,0,0
2026-08-15T23:06:48.777,IMU-1,0x28,-3.62,179.25,278.56,0,3,0,0
2026-08-15T23:06:48.876,IMU-1,0x28,-3.62,179.25,278.56,0,3,0,0
2026-08-15T23:06:48.976,IMU-1,0x28,-3.62,179.25,278.56,0,3,0,0
2026-08-15T23:06:49.077,IMU-1,0x28,-3.62,179.25,278.56,0,3,0,0
2026-08-15T23:06:49.177,IMU-1,0x28,-3.62,179.25,278.56,0,3,0,0
2026-08-15T23:06:49.277,IMU-1,0x28,-3.62,179.25,278.56,0,3,0,0
2026-08-15T23:06:49.377,IMU-1,0x28,-3.62,179.25,278.56,0,3,0,0
2026-08-15T23:06:49.477,IMU-1,0x28,-3.62,179.25,278.56,0,3,0,0
2026-08-15T23:06:49.577,IMU-1,0x28,-3.62,179.25,278.56,0,3,0,0
2026-08-15T23:06:49.677,IMU-1,0x28,-3.62,179.25,278.56,0,3,0,0
2026-08-15T23:06:49.777,IMU-1,0x28,-3.62,179.25,278.56,0,3,0,0
2026-08-15T23:06:49.877,IMU-1,0x28,-3.62,179.25,278.56,0,3,0,0
2026-08-15T23:06:49.977,IMU-1,0x28,-3.62,179.25,278.56,0,3,0,0
2026-08-15T23:06:50.078,IMU-1,0x28,-3.62,179.25,278.56,0,3,0,0
2026-08-15T23:06:50.179,IMU-1,0x28,-3.62,179.25,278.56,0,3,0,0
2026-08-15T23:06:50.278,IMU-1,0x28,-3.62,179.25,278.56,0,3,0,0
2026-08-15T23:06:50.378,IMU-1,0x28,-3.62,179.25,278.56,0,3,0,0
2026-08-15T23:06:50.478,IMU-1,0x28,-3.62,179.25,278.56,0,3,0,0
2026-08-15T23:06:50.577,IMU-1,0x28,-3.62,179.25,278.56,0,3,0,0
2026-08-15T23:06:50.677,IMU-1,0x28,-3.62,179.25,278.56,0,3,0,0
2026-08-15T23:06:50.777,IMU-1,0x28,-3.62,179.25,278.56,0,3,0,0
2026-08-15T23:06:50.877,IMU-1,0x28,-3.62,179.25,278.56,0,3,0,0
2026-08-15T23:06:50.977,IMU-1,0x28,-3.62,179.25,278.56,0,3,0,0
2026-08-15T23:06:51.077,IMU-1,0x28,-3.62,179.25,278.56,0,3,0,0
2026-08-15T23:06:51.177,IMU-1,0x28,-3.62,179.25,278.56,0,3,0,0
2026-08-15T23:06:51.277,IMU-1,0x28,-3.62,179.25,278.56,0,3,0,0
2026-08-15T23:06:51.377,IMU-1,0x28,-3.62,179.25,278.56,0,3,0,0
2026-08-15T23:06:51.477,IMU-1,0x28,-3.62,179.25,278.56,0,3,0,0
2026-08-15T23:06:51.577,IMU-1,0x28,-3.62,179.25,278.56,0,3,0,0
2026-08-15T23:06:51.677,IMU-1,0x28,-3.62,179.25,278.56,0,3,0,0
2026-08-15T23:06:51.778,IMU-1,0x28,-3.62,179.25,278.56,0,3,0,0
2026-08-15T23:06:51.878,IMU-1,0x28,-3.62,179.25,278.56,0,3,0,0
2026-08-15T23:06:51.978,IMU-1,0x28,-3.62,179.25,278.56,0,3,0,0
2026-08-15T23:06:52.078,IMU-1,0x28,-3.62,179.25,278.56,0,3,0,0
2026-08-15T23:06:52.179,IMU-1,0x28,-3.62,179.25,278.56,0,3,0,0
2026-08-15T23:06:52.279,IMU-1,0x28,-3.62,179.25,278.56,0,3,0,0
2026-08-15T23:06:52.379,IMU-1,0x28,-3.62,179.25,278.56,0,3,0,0
2026-08-15T23:06:52.479,IMU-1,0x28,-3.62,179.25,278.56,0,3,0,0
2026-08-15T23:06:52.579,IMU-1,0x28,-3.62,179.25,278.56,0,3,0,0
2026-08-15T23:06:52.680,IMU-1,0x28,-3.62,179.25,278.56,0,3,0,0
2026-08-15T23:06:52.779,IMU-1,0x28,-3.62,179.25,278.56,0,3,0,0
2026-08-15T23:06:52.880,IMU-1,0x28,-3.62,179.25,278.56,0,3,0,0
2026-08-15T23:06:52.980,IMU-1,0x28,-3.62,179.25,278.56,0,3,0,0
2026-08-15T23:06:53.080,IMU-1,0x28,-3.62,179.25,278.56,0,3,0,0
2026-08-15T23:06:53.181,IMU-1,0x28,-3.62,179.25,278.56,0,3,0,0
2026-08-15T23:06:53.280,IMU-1,0x28,-3.62,179.25,278.56,0,3,0,0
2026-08-15T23:06:53.380,IMU-1,0x28,-3.62,179.25,278.56,0,3,0,0
2026-08-15T23:06:53.480,IMU-1,0x28,-3.62,179.25,278.56,0,3,0,0
2026-08-15T23:06:53.579,IMU-1,0x28,-3.62,179.25,278.56,0,3,0,0
2026-08-15T23:06:53.679,IMU-1,0x28,-3.62,179.25,278.56,0,3,0,0
2026-08-15T23:06:53.779,IMU-1,0x28,-3.62,179.25,278.56,0,3,0,0
2026-08-15T23:06:53.879,IMU-1,0x28,-3.62,179.25,278.56,0,3,0,0
2026-08-15T23:06:53.979,IMU-1,0x28,-3.62,179.25,278.56,0,3,0,0
2026-08-15T23:06:54.080,IMU-1,0x28,-3.62,179.25,278.56,0,3,0,0
2026-08-15T23:06:54.181,IMU-1,0x28,-3.62,179.25,278.56,0,3,0,0
2026-08-15T23:06:54.280,IMU-1,0x28,-3.62,179.25,278.56,0,3,0,0
2026-08-15T23:06:54.380,IMU-1,0x28,-3.62,179.25,278.56,0,3,0,0
2026-08-15T23:06:54.480,IMU-1,0x28,-3.62,179.25,278.56,0,3,0,0
2026-08-15T23:06:54.580,IMU-1,0x28,-3.62,179.25,278.56,0,3,0,0
2026-08-15T23:06:54.681,IMU-1,0x28,-3.62,179.25,278.56,0,3,0,0
2026-08-15T23:06:54.781,IMU-1,0x28,-3.62,179.25,278.56,0,3,0,0
2026-08-15T23:06:54.881,IMU-1,0x28,-3.62,179.25,278.56,0,3,0,0
2026-08-15T23:06:54.981,IMU-1,0x28,-3.62,179.25,278.56,0,3,0,0
2026-08-15T23:06:55.081,IMU-1,0x28,-3.62,179.25,278.56,0,3,0,0
2026-08-15T23:06:55.182,IMU-1,0x28,-3.62,179.25,278.56,0,3,0,0
2026-08-15T23:06:55.281,IMU-1,0x28,-3.62,179.25,278.56,0,3,0,0
2026-08-15T23:06:55.381,IMU-1,0x28,-3.62,179.25,278.56,0,3,0,0
2026-08-15T23:06:55.481,IMU-1,0x28,-3.62,179.25,278.56,0,3,0,0
2026-08-15T23:06:55.580,IMU-1,0x28,-3.62,179.25,278.56,0,3,0,0
2026-08-15T23:06:55.680,IMU-1,0x28,-3.62,179.25,278.56,0,3,0,0
2026-08-15T23:06:55.780,IMU-1,0x28,-3.62,179.25,278.56,0,3,0,0
2026-08-15T23:06:55.880,IMU-1,0x28,-3.62,179.25,278.56,0,3,0,0
2026-08-15T23:06:55.980,IMU-1,0x28,-3.62,179.25,278.56,0,3,0,0
2026-08-15T23:06:56.080,IMU-1,0x28,-3.62,179.25,278.56,0,3,0,0
2026-08-15T23:06:56.181,IMU-1,0x28,-3.62,179.25,278.56,0,3,0,0
2026-08-15T23:06:56.281,IMU-1,0x28,-3.62,179.25,278.56,0,3,0,0
2026-08-15T23:06:56.381,IMU-1,0x28,-3.62,179.25,278.56,0,3,0,0
2026-08-15T23:06:56.481,IMU-1,0x28,-3.62,179.25,278.56,0,3,0,0
2026-08-15T23:06:56.581,IMU-1,0x28,-3.62,179.25,278.56,0,3,0,0
2026-08-15T23:06:56.681,IMU-1,0x28,-3.62,179.25,278.56,0,3,0,0
2026-08-15T23:06:56.781,IMU-1,0x28,-3.62,179.25,278.56,0,3,0,0
2026-08-15T23:06:56.882,IMU-1,0x28,-3.62,179.25,278.56,0,3,0,0
2026-08-15T23:06:56.982,IMU-1,0x28,-3.62,179.25,278.56,0,3,0,0
2026-08-15T23:06:57.082,IMU-1,0x28,-3.62,179.25,278.56,0,3,0,0
2026-08-15T23:06:57.183,IMU-1,0x28,-3.62,179.25,278.56,0,3,0,0
2026-08-15T23:06:57.282,IMU-1,0x28,-3.62,179.25,278.56,0,3,0,0
2026-08-15T23:06:57.382,IMU-1,0x28,-3.62,179.25,278.56,0,3,0,0
2026-08-15T23:06:57.482,IMU-1,0x28,-3.62,179.25,278.56,0,3,0,0
2026-08-15T23:06:57.582,IMU-1,0x28,-3.62,179.25,278.56,0,3,0,0
2026-08-15T23:06:57.682,IMU-1,0x28,-3.62,179.25,278.56,0,3,0,0
2026-08-15T23:06:57.782,IMU-1,0x28,-3.62,179.25,278.56,0,3,0,0
2026-08-15T23:06:57.882,IMU-1,0x28,-3.62,179.25,278.56,0,3,0,0
2026-08-15T23:06:57.982,IMU-1,0x28,-3.62,179.25,278.56,0,3,0,0
2026-08-15T23:06:58.081,IMU-1,0x28,-3.62,179.25,278.56,0,3,0,0
2026-08-15T23:06:58.182,IMU-1,0x28,-3.62,179.25,278.56,0,3,0,0
2026-08-15T23:06:58.281,IMU-1,0x28,-3.62,179.25,278.56,0,3,0,0
2026-08-15T23:06:58.381,IMU-1,0x28,-3.62,179.25,278.56,0,3,0,0
2026-08-15T23:06:58.481,IMU-1,0x28,-3.62,179.25,278.56,0,3,0,0
2026-08-15T23:06:58.581,IMU-1,0x28,-3.62,179.25,278.56,0,3,0,0
2026-08-15T23:06:58.682,IMU-1,0x28,-3.62,179.25,278.56,0,3,0,0
2026-08-15T23:06:58.782,IMU-1,0x28,-3.62,179.25,278.56,0,3,0,0
2026-08-15T23:06:58.882,IMU-1,0x28,-3.62,179.25,278.56,0,3,0,0
2026-08-15T23:06:58.982,IMU-1,0x28,-3.62,179.25,278.56,0,3,0,0
2026-08-15T23:06:59.083,IMU-1,0x28,-3.62,179.25,278.56,0,3,0,0
2026-08-15T23:06:59.183,IMU-1,0x28,-3.62,179.25,278.56,0,3,0,0
2026-08-15T23:06:59.283,IMU-1,0x28,-3.62,179.25,278.56,0,3,0,0
2026-08-15T23:06:59.383,IMU-1,0x28,-3.62,179.25,278.56,0,3,0,0
2026-08-15T23:06:59.484,IMU-1,0x28,-3.62,179.25,278.56,0,3,0,0
2026-08-15T23:06:59.584,IMU-1,0x28,-3.62,179.25,278.56,0,3,0,0
2026-08-15T23:06:59.684,IMU-1,0x28,-3.62,179.25,278.56,0,3,0,0
2026-08-15T23:06:59.784,IMU-1,0x28,-3.62,179.25,278.56,0,3,0,0
2026-08-15T23:06:59.884,IMU-1,0x28,-3.62,179.25,278.56,0,3,0,0
2026-08-15T23:06:59.984,IMU-1,0x28,-3.62,179.25,278.56,0,3,0,0
2026-08-15T23:07:00.084,IMU-1,0x28,-3.62,179.25,278.56,0,3,0,0
2026-08-15T23:07:00.185,IMU-1,0x28,-3.62,179.25,278.56,0,3,0,0
2026-08-15T23:07:00.284,IMU-1,0x28,-3.62,179.25,278.56,0,3,0,0
2026-08-15T23:07:00.384,IMU-1,0x28,-3.62,179.25,278.56,0,3,0,0
2026-08-15T23:07:00.484,IMU-1,0x28,-3.62,179.25,278.56,0,3,0,0
2026-08-15T23:07:00.584,IMU-1,0x28,-3.62,179.25,278.56,0,3,0,0
2026-08-15T23:07:00.684,IMU-1,0x28,-3.62,179.25,278.56,0,3,0,0
2026-08-15T23:07:00.784,IMU-1,0x28,-3.62,179.25,278.56,0,3,0,0
2026-08-15T23:07:00.884,IMU-1,0x28,-3.62,179.25,278.56,0,3,0,0
2026-08-15T23:07:00.983,IMU-1,0x28,-3.62,179.25,278.56,0,3,0,0
2026-08-15T23:07:01.083,IMU-1,0x28,-3.62,179.25,278.56,0,3,0,0
2026-08-15T23:07:01.184,IMU-1,0x28,-3.62,179.25,278.56,0,3,0,0
2026-08-15T23:07:01.283,IMU-1,0x28,-3.62,179.25,278.56,0,3,0,0
2026-08-15T23:07:01.384,IMU-1,0x28,-3.62,179.25,278.56,0,3,0,0
2026-08-15T23:07:01.484,IMU-1,0x28,-3.62,179.25,278.56,0,3,0,0
2026-08-15T23:07:01.584,IMU-1,0x28,-3.62,179.25,278.56,0,3,0,0
2026-08-15T23:07:01.685,IMU-1,0x28,-3.62,179.25,278.56,0,3,0,0
2026-08-15T23:07:01.785,IMU-1,0x28,-3.62,179.25,278.56,0,3,0,0
2026-08-15T23:07:01.885,IMU-1,0x28,-3.62,179.25,278.56,0,3,0,0
2026-08-15T23:07:01.985,IMU-1,0x28,-3.62,179.25,278.56,0,3,0,0
2026-08-15T23:07:02.085,IMU-1,0x28,-3.62,179.25,278.56,0,3,0,0
2026-08-15T23:07:02.185,IMU-1,0x28,-3.62,179.25,278.56,0,3,0,0
2026-08-15T23:07:02.284,IMU-1,0x28,-3.62,179.25,278.56,0,3,0,0
2026-08-15T23:07:02.384,IMU-1,0x28,-3.62,179.25,278.56,0,3,0,0
2026-08-15T23:07:02.484,IMU-1,0x28,-3.62,179.25,278.56,0,3,0,0
2026-08-15T23:07:02.585,IMU-1,0x28,-3.62,179.25,278.56,0,3,0,0
2026-08-15T23:07:02.685,IMU-1,0x28,-3.62,179.25,278.56,0,3,0,0
2026-08-15T23:07:02.785,IMU-1,0x28,-3.62,179.25,278.56,0,3,0,0
2026-08-15T23:07:02.885,IMU-1,0x28,-3.62,179.25,278.56,0,3,0,0
2026-08-15T23:07:02.985,IMU-1,0x28,-3.62,179.25,278.56,0,3,0,0
2026-08-15T23:07:03.085,IMU-1,0x28,-3.62,179.25,278.56,0,3,0,0
2026-08-15T23:07:03.186,IMU-1,0x28,-3.62,179.25,278.56,0,3,0,0
2026-08-15T23:07:03.285,IMU-1,0x28,-3.62,179.25,278.56,0,3,0,0
2026-08-15T23:07:03.385,IMU-1,0x28,-3.62,179.25,278.56,0,3,0,0
2026-08-15T23:07:03.485,IMU-1,0x28,-3.62,179.25,278.56,0,3,0,0
2026-08-15T23:07:03.586,IMU-1,0x28,-3.62,179.25,278.56,0,3,0,0
2026-08-15T23:07:03.686,IMU-1,0x28,-3.62,179.25,278.56,0,3,0,0
2026-08-15T23:07:03.786,IMU-1,0x28,-3.62,179.25,278.56,0,3,0,0
2026-08-15T23:07:03.886,IMU-1,0x28,-3.62,179.25,278.56,0,3,0,0
2026-08-15T23:07:03.986,IMU-1,0x28,-3.62,179.25,278.56,0,3,0,0
2026-08-15T23:07:04.086,IMU-1,0x28,-3.62,179.25,278.56,0,3,0,0
2026-08-15T23:07:04.187,IMU-1,0x28,-3.62,179.25,278.56,0,3,0,0
2026-08-15T23:07:04.287,IMU-1,0x28,-3.62,179.25,278.56,0,3,0,0
2026-08-15T23:07:04.387,IMU-1,0x28,-3.62,179.25,278.56,0,3,0,0
2026-08-15T23:07:04.487,IMU-1,0x28,-3.62,179.25,278.56,0,3,0,0
2026-08-15T23:07:04.587,IMU-1,0x28,-3.62,179.25,278.56,0,3,0,0
2026-08-15T23:07:04.687,IMU-1,0x28,-3.62,179.25,278.56,0,3,0,0
2026-08-15T23:07:04.787,IMU-1,0x28,-3.62,179.25,278.56,0,3,0,0
2026-08-15T23:07:04.887,IMU-1,0x28,-3.62,179.25,278.56,0,3,0,0
2026-08-15T23:07:04.987,IMU-1,0x28,-3.62,179.25,278.56,0,3,0,0
2026-08-15T23:07:05.087,IMU-1,0x28,-3.62,179.25,278.56,0,3,0,0
2026-08-15T23:07:05.188,IMU-1,0x28,-3.62,179.25,278.56,0,3,0,0
2026-08-15T23:07:05.286,IMU-1,0x28,-3.62,179.25,278.56,0,3,0,0
2026-08-15T23:07:05.386,IMU-1,0x28,-3.62,179.25,278.56,0,3,0,0
2026-08-15T23:07:05.486,IMU-1,0x28,-3.62,179.25,278.56,0,3,0,0
2026-08-15T23:07:05.586,IMU-1,0x28,-3.62,179.25,278.56,0,3,0,0
2026-08-15T23:07:05.686,IMU-1,0x28,-3.62,179.25,278.56,0,3,0,0
2026-08-15T23:07:05.787,IMU-1,0x28,-3.62,179.25,278.56,0,3,0,0
2026-08-15T23:07:05.887,IMU-1,0x28,-3.62,179.25,278.56,0,3,0,0
2026-08-15T23:07:05.987,IMU-1,0x28,-3.62,179.25,278.56,0,3,0,0
2026-08-15T23:07:06.087,IMU-1,0x28,-3.62,179.25,278.56,0,3,0,0
2026-08-15T23:07:06.188,IMU-1,0x28,-3.62,179.25,278.56,0,3,0,0
2026-08-15T23:07:06.287,IMU-1,0x28,-3.62,179.25,278.56,0,3,0,0
2026-08-15T23:07:06.387,IMU-1,0x28,-3.62,179.25,278.56,0,3,0,0
2026-08-15T23:07:06.488,IMU-1,0x28,-3.62,179.25,278.56,0,3,0,0
2026-08-15T23:07:06.588,IMU-1,0x28,-3.62,179.25,278.56,0,3,0,0
2026-08-15T23:07:06.688,IMU-1,0x28,-3.62,179.25,278.56,0,3,0,0
2026-08-15T23:07:06.788,IMU-1,0x28,-3.62,179.25,278.56,0,3,0,0
2026-08-15T23:07:06.888,IMU-1,0x28,-3.62,179.25,278.56,0,3,0,0
2026-08-15T23:07:06.989,IMU-1,0x28,-3.62,179.25,278.56,0,3,0,0
2026-08-15T23:07:07.088,IMU-1,0x28,-3.62,179.25,278.56,0,3,0,0
2026-08-15T23:07:07.190,IMU-1,0x28,-3.62,179.25,278.56,0,3,0,0
2026-08-15T23:07:07.289,IMU-1,0x28,-3.62,179.25,278.56,0,3,0,0
2026-08-15T23:07:07.389,IMU-1,0x28,-3.62,179.25,278.56,0,3,0,0
2026-08-15T23:07:07.488,IMU-1,0x28,-3.62,179.25,278.56,0,3,0,0
2026-08-15T23:07:07.587,IMU-1,0x28,-3.62,179.25,278.56,0,3,0,0
2026-08-15T23:07:07.687,IMU-1,0x28,-3.62,179.25,278.56,0,3,0,0
2026-08-15T23:07:07.787,IMU-1,0x28,-3.62,179.25,278.56,0,3,0,0
2026-08-15T23:07:07.887,IMU-1,0x28,-3.62,179.25,278.56,0,3,0,0
2026-08-15T23:07:07.988,IMU-1,0x28,-3.62,179.25,278.56,0,3,0,0
2026-08-15T23:07:08.088,IMU-1,0x28,-3.62,179.25,278.56,0,3,0,0
2026-08-15T23:07:08.188,IMU-1,0x28,-3.62,179.25,278.56,0,3,0,0
2026-08-15T23:07:08.288,IMU-1,0x28,-3.62,179.25,278.56,0,3,0,0
2026-08-15T23:07:08.388,IMU-1,0x28,-3.62,179.25,278.56,0,3,0,0
2026-08-15T23:07:08.488,IMU-1,0x28,-3.62,179.25,278.56,0,3,0,0
2026-08-15T23:07:08.589,IMU-1,0x28,-3.62,179.25,278.56,0,3,0,0
2026-08-15T23:07:08.689,IMU-1,0x28,-3.62,179.25,278.56,0,3,0,0
2026-08-15T23:07:08.789,IMU-1,0x28,-3.62,179.25,278.56,0,3,0,0
2026-08-15T23:07:08.889,IMU-1,0x28,-3.62,179.25,278.56,0,3,0,0
2026-08-15T23:07:08.990,IMU-1,0x28,-3.62,179.25,278.56,0,3,0,0
2026-08-15T23:07:09.090,IMU-1,0x28,-3.62,179.25,278.56,0,3,0,0
2026-08-15T23:07:09.191,IMU-1,0x28,-3.62,179.25,278.56,0,3,0,0
2026-08-15T23:07:09.290,IMU-1,0x28,-3.62,179.25,278.56,0,3,0,0
2026-08-15T23:07:09.390,IMU-1,0x28,-3.62,179.25,278.56,0,3,0,0
2026-08-15T23:07:09.490,IMU-1,0x28,-3.62,179.25,278.56,0,3,0,0
2026-08-15T23:07:09.590,IMU-1,0x28,-3.62,179.25,278.56,0,3,0,0
2026-08-15T23:07:09.690,IMU-1,0x28,-3.62,179.25,278.56,0,3,0,0
2026-08-15T23:07:09.790,IMU-1,0x28,-3.62,179.25,278.56,0,3,0,0
2026-08-15T23:07:09.890,IMU-1,0x28,-3.62,179.25,278.56,0,3,0,0
2026-08-15T23:07:09.990,IMU-1,0x28,-3.62,179.25,278.56,0,3,0,0
2026-08-15T23:07:10.090,IMU-1,0x28,-3.62,179.25,278.56,0,3,0,0
2026-08-15T23:07:10.191,IMU-1,0x28,-3.62,179.25,278.56,0,3,0,0
2026-08-15T23:07:10.290,IMU-1,0x28,-3.62,179.25,278.56,0,3,0,0
2026-08-15T23:07:10.390,IMU-1,0x28,-3.62,179.25,278.56,0,3,0,0
2026-08-15T23:07:10.490,IMU-1,0x28,-3.62,179.25,278.56,0,3,0,0
2026-08-15T23:07:10.590,IMU-1,0x28,-3.62,179.25,278.56,0,3,0,0
2026-08-15T23:07:10.690,IMU-1,0x28,-3.62,179.25,278.56,0,3,0,0
2026-08-15T23:07:10.790,IMU-1,0x28,-3.62,179.25,278.56,0,3,0,0
2026-08-15T23:07:10.890,IMU-1,0x28,-3.62,179.25,278.56,0,3,0,0
2026-08-15T23:07:10.990,IMU-1,0x28,-3.62,179.25,278.56,0,3,0,0
2026-08-15T23:07:11.091,IMU-1,0x28,-3.62,179.25,278.56,0,3,0,0
2026-08-15T23:07:11.192,IMU-1,0x28,-3.62,179.25,278.56,0,3,0,0
2026-08-15T23:07:11.291,IMU-1,0x28,-3.62,179.25,278.56,0,3,0,0
2026-08-15T23:07:11.391,IMU-1,0x28,-3.62,179.25,278.56,0,3,0,0
2026-08-15T23:07:11.491,IMU-1,0x28,-3.62,179.25,278.56,0,3,0,0
2026-08-15T23:07:11.591,IMU-1,0x28,-3.62,179.25,278.56,0,3,0,0
2026-08-15T23:07:11.692,IMU-1,0x28,-3.62,179.25,278.56,0,3,0,0
2026-08-15T23:07:11.792,IMU-1,0x28,-3.62,179.25,278.56,0,3,0,0
2026-08-15T23:07:11.892,IMU-1,0x28,-3.62,179.25,278.56,0,3,0,0
2026-08-15T23:07:11.992,IMU-1,0x28,-3.62,179.25,278.56,0,3,0,0
2026-08-15T23:07:12.092,IMU-1,0x28,-3.62,179.25,278.56,0,3,0,0
2026-08-15T23:07:12.193,IMU-1,0x28,-3.62,179.25,278.56,0,3,0,0
2026-08-15T23:07:12.292,IMU-1,0x28,-3.62,179.25,278.56,0,3,0,0
2026-08-15T23:07:12.391,IMU-1,0x28,-3.62,179.25,278.56,0,3,0,0
2026-08-15T23:07:12.492,IMU-1,0x28,-3.62,179.25,278.56,0,3,0,0
2026-08-15T23:07:12.591,IMU-1,0x28,-3.62,179.25,278.56,0,3,0,0
2026-08-15T23:07:12.691,IMU-1,0x28,-3.62,179.25,278.56,0,3,0,0
2026-08-15T23:07:12.791,IMU-1,0x28,-3.62,179.25,278.56,0,3,0,0
2026-08-15T23:07:12.891,IMU-1,0x28,-3.62,179.25,278.56,0,3,0,0
2026-08-15T23:07:12.991,IMU-1,0x28,-3.62,179.25,278.56,0,3,0,0
2026-08-15T23:07:13.092,IMU-1,0x28,-3.62,179.25,278.56,0,3,0,0
2026-08-15T23:07:13.193,IMU-1,0x28,-3.62,179.25,278.56,0,3,0,0
2026-08-15T23:07:13.292,IMU-1,0x28,-3.62,179.25,278.56,0,3,0,0
2026-08-15T23:07:13.392,IMU-1,0x28,-3.62,179.25,278.56,0,3,0,0
2026-08-15T23:07:13.492,IMU-1,0x28,-3.62,179.25,278.56,0,3,0,0
2026-08-15T23:07:13.593,IMU-1,0x28,-3.62,179.25,278.56,0,3,0,0
2026-08-15T23:07:13.692,IMU-1,0x28,-3.62,179.25,278.56,0,3,0,0
2026-08-15T23:07:13.792,IMU-1,0x28,-3.62,179.25,278.56,0,3,0,0
2026-08-15T23:07:13.891,IMU-1,0x28,-3.62,179.25,278.56,0,3,0,0
2026-08-15T23:07:13.991,IMU-1,0x28,-3.62,179.25,278.56,0,3,0,0
2026-08-15T23:07:14.091,IMU-1,0x28,-3.62,179.25,278.56,0,3,0,0
2026-08-15T23:07:14.192,IMU-1,0x28,-3.62,179.25,278.56,0,3,0,0
2026-08-15T23:07:14.292,IMU-1,0x28,-3.62,179.25,278.56,0,3,0,0
2026-08-15T23:07:14.392,IMU-1,0x28,-3.62,179.25,278.56,0,3,0,0
2026-08-15T23:07:14.492,IMU-1,0x28,-3.62,179.25,278.56,0,3,0,0
2026-08-15T23:07:14.592,IMU-1,0x28,-3.62,179.25,278.56,0,3,0,0
2026-08-15T23:07:14.692,IMU-1,0x28,-3.62,179.25,278.56,0,3,0,0
2026-08-15T23:07:14.792,IMU-1,0x28,-3.62,179.25,278.56,0,3,0,0
2026-08-15T23:07:14.892,IMU-1,0x28,-3.62,179.25,278.56,0,3,0,0
2026-08-15T23:07:14.992,IMU-1,0x28,-3.62,179.25,278.56,0,3,0,0
2026-08-15T23:07:15.092,IMU-1,0x28,-3.62,179.25,278.56,0,3,0,0
2026-08-15T23:07:15.193,IMU-1,0x28,-3.62,179.25,278.56,0,3,0,0
2026-08-15T23:07:15.293,IMU-1,0x28,-3.62,179.25,278.56,0,3,0,0
2026-08-15T23:07:15.393,IMU-1,0x28,-3.62,179.25,278.56,0,3,0,0
2026-08-15T23:07:15.493,IMU-1,0x28,-3.62,179.25,278.56,0,3,0,0
2026-08-15T23:07:15.594,IMU-1,0x28,-3.62,179.25,278.56,0,3,0,0
2026-08-15T23:07:15.694,IMU-1,0x28,-3.62,179.25,278.56,0,3,0,0
2026-08-15T23:07:15.794,IMU-1,0x28,-3.62,179.25,278.56,0,3,0,0
2026-08-15T23:07:15.894,IMU-1,0x28,-3.62,179.25,278.56,0,3,0,0
2026-08-15T23:07:15.994,IMU-1,0x28,-3.62,179.25,278.56,0,3,0,0
2026-08-15T23:07:16.094,IMU-1,0x28,-3.62,179.25,278.56,0,3,0,0
2026-08-15T23:07:16.196,IMU-1,0x28,-3.62,179.25,278.56,0,3,0,0
2026-08-15T23:07:16.294,IMU-1,0x28,-3.62,179.25,278.56,0,3,0,0
2026-08-15T23:07:16.395,IMU-1,0x28,-3.62,179.25,278.56,0,3,0,0
2026-08-15T23:07:16.495,IMU-1,0x28,-3.62,179.25,278.56,0,3,0,0
2026-08-15T23:07:16.594,IMU-1,0x28,-3.62,179.25,278.56,0,3,0,0
2026-08-15T23:07:16.695,IMU-1,0x28,-3.62,179.25,278.56,0,3,0,0
2026-08-15T23:07:16.795,IMU-1,0x28,-3.62,179.25,278.56,0,3,0,0
2026-08-15T23:07:16.894,IMU-1,0x28,-3.62,179.25,278.56,0,3,0,0
2026-08-15T23:07:16.994,IMU-1,0x28,-3.62,179.25,278.56,0,3,0,0
2026-08-15T23:07:17.094,IMU-1,0x28,-3.62,179.25,278.56,0,3,0,0
2026-08-15T23:07:17.195,IMU-1,0x28,-3.62,179.25,278.56,0,3,0,0
2026-08-15T23:07:17.293,IMU-1,0x28,-3.62,179.25,278.56,0,3,0,0
2026-08-15T23:07:17.393,IMU-1,0x28,-3.62,179.25,278.56,0,3,0,0
2026-08-15T23:07:17.493,IMU-1,0x28,-3.62,179.25,278.56,0,3,0,0
2026-08-15T23:07:17.594,IMU-1,0x28,-3.62,179.25,278.56,0,3,0,0
2026-08-15T23:07:17.694,IMU-1,0x28,-3.62,179.25,278.56,0,3,0,0
2026-08-15T23:07:17.794,IMU-1,0x28,-3.62,179.25,278.56,0,3,0,0
2026-08-15T23:07:17.895,IMU-1,0x28,-3.62,179.25,278.56,0,3,0,0
2026-08-15T23:07:17.995,IMU-1,0x28,-3.62,179.25,278.56,0,3,0,0
2026-08-15T23:07:18.095,IMU-1,0x28,-3.62,179.25,278.56,0,3,0,0
2026-08-15T23:07:18.196,IMU-1,0x28,-3.62,179.25,278.56,0,3,0,0
2026-08-15T23:07:18.295,IMU-1,0x28,-3.62,179.25,278.56,0,3,0,0
2026-08-15T23:07:18.396,IMU-1,0x28,-3.62,179.25,278.56,0,3,0,0
2026-08-15T23:07:18.496,IMU-1,0x28,-3.62,179.25,278.56,0,3,0,0
2026-08-15T23:07:18.596,IMU-1,0x28,-3.62,179.25,278.56,0,3,0,0
2026-08-15T23:07:18.696,IMU-1,0x28,-3.56,179.25,278.56,0,3,0,0
2026-08-15T23:07:18.796,IMU-1,0x28,-3.56,179.25,278.56,0,3,0,0
2026-08-15T23:07:18.896,IMU-1,0x28,-3.56,179.25,278.56,0,3,0,0
2026-08-15T23:07:18.996,IMU-1,0x28,-3.56,179.25,278.56,0,3,0,0
2026-08-15T23:07:19.096,IMU-1,0x28,-3.56,179.25,278.56,0,3,0,0
2026-08-15T23:07:19.197,IMU-1,0x28,-3.56,179.25,278.56,0,3,0,0
2026-08-15T23:07:19.295,IMU-1,0x28,-3.56,179.25,278.56,0,3,0,0
2026-08-15T23:07:19.395,IMU-1,0x28,-3.56,179.25,278.56,0,3,0,0
2026-08-15T23:07:19.495,IMU-1,0x28,-3.56,179.25,278.56,0,3,0,0
2026-08-15T23:07:19.595,IMU-1,0x28,-3.56,179.25,278.56,0,3,0,0
2026-08-15T23:07:19.696,IMU-1,0x28,-3.56,179.25,278.56,0,3,0,0
2026-08-15T23:07:19.796,IMU-1,0x28,-3.56,179.25,278.56,0,3,0,0
2026-08-15T23:07:19.896,IMU-1,0x28,-3.56,179.25,278.56,0,3,0,0
2026-08-15T23:07:19.996,IMU-1,0x28,-3.56,179.25,278.56,0,3,0,0
2026-08-15T23:07:20.096,IMU-1,0x28,-3.56,179.25,278.56,0,3,0,0
2026-08-15T23:07:20.197,IMU-1,0x28,-3.56,179.25,278.56,0,3,0,0
2026-08-15T23:07:20.297,IMU-1,0x28,-3.56,179.25,278.56,0,3,0,0
2026-08-15T23:07:20.397,IMU-1,0x28,-3.56,179.25,278.56,0,3,0,0
2026-08-15T23:07:20.497,IMU-1,0x28,-3.56,179.25,278.56,0,3,0,0
2026-08-15T23:07:20.597,IMU-1,0x28,-3.56,179.25,278.56,0,3,0,0
2026-08-15T23:07:20.697,IMU-1,0x28,-3.56,179.25,278.56,0,3,0,0
2026-08-15T23:07:20.797,IMU-1,0x28,-3.56,179.25,278.56,0,3,0,0
2026-08-15T23:07:20.897,IMU-1,0x28,-3.56,179.25,278.56,0,3,0,0
2026-08-15T23:07:20.997,IMU-1,0x28,-3.56,179.25,278.56,0,3,0,0
2026-08-15T23:07:21.097,IMU-1,0x28,-3.56,179.25,278.56,0,3,0,0
2026-08-15T23:07:21.198,IMU-1,0x28,-3.56,179.25,278.56,0,3,0,0
2026-08-15T23:07:21.296,IMU-1,0x28,-3.56,179.25,278.56,0,3,0,0
2026-08-15T23:07:21.396,IMU-1,0x28,-3.56,179.25,278.56,0,3,0,0
2026-08-15T23:07:21.496,IMU-1,0x28,-3.56,179.25,278.56,0,3,0,0
2026-08-15T23:07:21.596,IMU-1,0x28,-3.56,179.25,278.56,0,3,0,0
2026-08-15T23:07:21.696,IMU-1,0x28,-3.56,179.25,278.56,0,3,0,0
2026-08-15T23:07:21.796,IMU-1,0x28,-3.56,179.25,278.56,0,3,0,0
2026-08-15T23:07:21.896,IMU-1,0x28,-3.56,179.25,278.56,0,3,0,0
2026-08-15T23:07:21.996,IMU-1,0x28,-3.56,179.25,278.56,0,3,0,0
2026-08-15T23:07:22.097,IMU-1,0x28,-3.56,179.25,278.56,0,3,0,0
2026-08-15T23:07:22.197,IMU-1,0x28,-3.56,179.25,278.56,0,3,0,0
2026-08-15T23:07:22.297,IMU-1,0x28,-3.62,179.25,278.56,0,3,0,0
2026-08-15T23:07:22.397,IMU-1,0x28,-3.62,179.25,278.56,0,3,0,0
2026-08-15T23:07:22.498,IMU-1,0x28,-3.62,179.25,278.56,0,3,0,0
2026-08-15T23:07:22.598,IMU-1,0x28,-3.62,179.25,278.56,0,3,0,0
2026-08-15T23:07:22.698,IMU-1,0x28,-3.62,179.25,278.56,0,3,0,0
2026-08-15T23:07:22.798,IMU-1,0x28,-3.62,179.25,278.56,0,3,0,0
2026-08-15T23:07:22.898,IMU-1,0x28,-3.62,179.25,278.56,0,3,0,0
2026-08-15T23:07:22.998,IMU-1,0x28,-3.62,179.25,278.56,0,3,0,0
2026-08-15T23:07:23.098,IMU-1,0x28,-3.62,179.25,278.56,0,3,0,0
2026-08-15T23:07:23.199,IMU-1,0x28,-3.62,179.25,278.56,0,3,0,0
2026-08-15T23:07:23.299,IMU-1,0x28,-3.62,179.25,278.56,0,3,0,0
2026-08-15T23:07:23.399,IMU-1,0x28,-3.62,179.25,278.56,0,3,0,0
2026-08-15T23:07:23.498,IMU-1,0x28,-3.62,179.25,278.56,0,3,0,0
2026-08-15T23:07:23.599,IMU-1,0x28,-3.62,179.25,278.56,0,3,0,0
2026-08-15T23:07:23.698,IMU-1,0x28,-3.62,179.25,278.56,0,3,0,0
2026-08-15T23:07:23.798,IMU-1,0x28,-3.62,179.25,278.56,0,3,0,0
2026-08-15T23:07:23.898,IMU-1,0x28,-3.62,179.25,278.56,0,3,0,0
2026-08-15T23:07:23.998,IMU-1,0x28,-3.62,179.25,278.56,0,3,0,0
2026-08-15T23:07:24.098,IMU-1,0x28,-3.62,179.25,278.56,0,3,0,0
2026-08-15T23:07:24.198,IMU-1,0x28,-3.62,179.25,278.56,0,3,0,0
2026-08-15T23:07:24.298,IMU-1,0x28,-3.62,179.25,278.56,0,3,0,0
2026-08-15T23:07:24.398,IMU-1,0x28,-3.62,179.25,278.56,0,3,0,0
2026-08-15T23:07:24.498,IMU-1,0x28,-3.62,179.25,278.56,0,3,0,0
2026-08-15T23:07:24.599,IMU-1,0x28,-3.62,179.25,278.56,0,3,0,0
2026-08-15T23:07:24.699,IMU-1,0x28,-3.62,179.25,278.56,0,3,0,0
2026-08-15T23:07:24.799,IMU-1,0x28,-3.62,179.25,278.56,0,3,0,0
2026-08-15T23:07:24.899,IMU-1,0x28,-3.62,179.25,278.56,0,3,0,0
2026-08-15T23:07:24.999,IMU-1,0x28,-3.62,179.25,278.56,0,3,0,0
2026-08-15T23:07:25.099,IMU-1,0x28,-3.62,179.25,278.56,0,3,0,0
2026-08-15T23:07:25.199,IMU-1,0x28,-3.62,179.25,278.56,0,3,0,0
2026-08-15T23:07:25.298,IMU-1,0x28,-3.62,179.25,278.56,0,3,0,0
2026-08-15T23:07:25.398,IMU-1,0x28,-3.62,179.25,278.56,0,3,0,0
2026-08-15T23:07:25.498,IMU-1,0x28,-3.62,179.25,278.56,0,3,0,0
2026-08-15T23:07:25.598,IMU-1,0x28,-3.62,179.25,278.56,0,3,0,0
2026-08-15T23:07:25.699,IMU-1,0x28,-3.62,179.25,278.56,0,3,0,0
2026-08-15T23:07:25.799,IMU-1,0x28,-3.62,179.25,278.56,0,3,0,0
2026-08-15T23:07:25.899,IMU-1,0x28,-3.62,179.25,278.56,0,3,0,0
2026-08-15T23:07:25.999,IMU-1,0x28,-3.62,179.25,278.56,0,3,0,0
2026-08-15T23:07:26.099,IMU-1,0x28,-3.62,179.25,278.56,0,3,0,0
2026-08-15T23:07:26.200,IMU-1,0x28,-3.62,179.25,278.56,0,3,0,0
2026-08-15T23:07:26.299,IMU-1,0x28,-3.62,179.25,278.56,0,3,0,0
2026-08-15T23:07:26.399,IMU-1,0x28,-3.62,179.25,278.56,0,3,0,0
2026-08-15T23:07:26.500,IMU-1,0x28,-3.62,179.25,278.56,0,3,0,0
2026-08-15T23:07:26.600,IMU-1,0x28,-3.62,179.25,278.56,0,3,0,0
2026-08-15T23:07:26.700,IMU-1,0x28,-3.62,179.25,278.56,0,3,0,0
2026-08-15T23:07:26.800,IMU-1,0x28,-3.62,179.25,278.56,0,3,0,0
2026-08-15T23:07:26.900,IMU-1,0x28,-3.62,179.25,278.56,0,3,0,0
2026-08-15T23:07:27.001,IMU-1,0x28,-3.62,179.25,278.56,0,3,0,0
2026-08-15T23:07:27.101,IMU-1,0x28,-3.62,179.25,278.56,0,3,0,0
2026-08-15T23:07:27.202,IMU-1,0x28,-3.62,179.25,278.56,0,3,0,0
2026-08-15T23:07:27.301,IMU-1,0x28,-3.62,179.25,278.56,0,3,0,0
2026-08-15T23:07:27.401,IMU-1,0x28,-3.62,179.25,278.56,0,3,0,0
2026-08-15T23:07:27.501,IMU-1,0x28,-3.62,179.25,278.56,0,3,0,0
2026-08-15T23:07:27.601,IMU-1,0x28,-3.62,179.25,278.56,0,3,0,0
2026-08-15T23:07:27.701,IMU-1,0x28,-3.62,179.25,278.56,0,3,0,0
2026-08-15T23:07:27.801,IMU-1,0x28,-3.62,179.25,278.56,0,3,0,0
2026-08-15T23:07:27.901,IMU-1,0x28,-3.62,179.25,278.56,0,3,0,0
2026-08-15T23:07:28.000,IMU-1,0x28,-3.62,179.25,278.56,0,3,0,0
2026-08-15T23:07:28.100,IMU-1,0x28,-3.62,179.25,278.56,0,3,0,0
2026-08-15T23:07:28.200,IMU-1,0x28,-3.62,179.25,278.56,0,3,0,0
2026-08-15T23:07:28.300,IMU-1,0x28,-3.62,179.25,278.56,0,3,0,0
2026-08-15T23:07:28.400,IMU-1,0x28,-3.62,179.25,278.56,0,3,0,0
2026-08-15T23:07:28.500,IMU-1,0x28,-3.62,179.25,278.56,0,3,0,0
2026-08-15T23:07:28.600,IMU-1,0x28,-3.62,179.25,278.56,0,3,0,0
2026-08-15T23:07:28.700,IMU-1,0x28,-3.62,179.25,278.56,0,3,0,0
2026-08-15T23:07:28.800,IMU-1,0x28,-3.62,179.25,278.56,0,3,0,0
2026-08-15T23:07:28.901,IMU-1,0x28,-3.62,179.25,278.56,0,3,0,0
2026-08-15T23:07:29.001,IMU-1,0x28,-3.62,179.25,278.56,0,3,0,0
2026-08-15T23:07:29.101,IMU-1,0x28,-3.62,179.25,278.56,0,3,0,0
2026-08-15T23:07:29.202,IMU-1,0x28,-3.62,179.25,278.56,0,3,0,0
2026-08-15T23:07:29.302,IMU-1,0x28,-3.62,179.25,278.56,0,3,0,0
2026-08-15T23:07:29.402,IMU-1,0x28,-3.62,179.25,278.56,0,3,0,0
2026-08-15T23:07:29.502,IMU-1,0x28,-3.62,179.25,278.56,0,3,0,0
2026-08-15T23:07:29.602,IMU-1,0x28,-3.62,179.25,278.56,0,3,0,0
2026-08-15T23:07:29.703,IMU-1,0x28,-3.62,179.25,278.56,0,3,0,0
2026-08-15T23:07:29.802,IMU-1,0x28,-3.62,179.25,278.56,0,3,0,0
2026-08-15T23:07:29.902,IMU-1,0x28,-3.62,179.25,278.56,0,3,0,0
2026-08-15T23:07:30.002,IMU-1,0x28,-3.62,179.25,278.56,0,3,0,0
2026-08-15T23:07:30.101,IMU-1,0x28,-3.62,179.25,278.56,0,3,0,0
2026-08-15T23:07:30.202,IMU-1,0x28,-3.62,179.25,278.56,0,3,0,0
2026-08-15T23:07:30.301,IMU-1,0x28,-3.62,179.25,278.56,0,3,0,0
2026-08-15T23:07:30.401,IMU-1,0x28,-3.62,179.25,278.56,0,3,0,0
2026-08-15T23:07:30.501,IMU-1,0x28,-3.62,179.25,278.56,0,3,0,0
2026-08-15T23:07:30.601,IMU-1,0x28,-3.62,179.25,278.56,0,3,0,0
2026-08-15T23:07:30.701,IMU-1,0x28,-3.62,179.25,278.56,0,3,0,0
2026-08-15T23:07:30.801,IMU-1,0x28,-3.62,179.25,278.56,0,3,0,0
2026-08-15T23:07:30.901,IMU-1,0x28,-3.62,179.25,278.56,0,3,0,0
2026-08-15T23:07:31.002,IMU-1,0x28,-3.62,179.25,278.56,0,3,0,0
2026-08-15T23:07:31.102,IMU-1,0x28,-3.62,179.25,278.56,0,3,0,0
2026-08-15T23:07:31.203,IMU-1,0x28,-3.62,179.25,278.56,0,3,0,0
2026-08-15T23:07:31.302,IMU-1,0x28,-3.62,179.25,278.56,0,3,0,0
2026-08-15T23:07:31.403,IMU-1,0x28,-3.62,179.25,278.56,0,3,0,0
2026-08-15T23:07:31.503,IMU-1,0x28,-3.62,179.25,278.56,0,3,0,0
2026-08-15T23:07:31.603,IMU-1,0x28,-3.62,179.25,278.56,0,3,0,0
2026-08-15T23:07:31.703,IMU-1,0x28,-3.62,179.25,278.56,0,3,0,0
2026-08-15T23:07:31.803,IMU-1,0x28,-3.62,179.25,278.56,0,3,0,0
2026-08-15T23:07:31.903,IMU-1,0x28,-3.62,179.25,278.56,0,3,0,0
2026-08-15T23:07:32.003,IMU-1,0x28,-3.62,179.25,278.56,0,3,0,0
2026-08-15T23:07:32.104,IMU-1,0x28,-3.62,179.25,278.56,0,3,0,0
2026-08-15T23:07:32.205,IMU-1,0x28,-3.62,179.25,278.56,0,3,0,0
2026-08-15T23:07:32.304,IMU-1,0x28,-3.62,179.25,278.56,0,3,0,0
2026-08-15T23:07:32.404,IMU-1,0x28,-3.62,179.25,278.56,0,3,0,0
2026-08-15T23:07:32.504,IMU-1,0x28,-3.62,179.25,278.56,0,3,0,0
2026-08-15T23:07:32.604,IMU-1,0x28,-3.62,179.25,278.56,0,3,0,0
2026-08-15T23:07:32.704,IMU-1,0x28,-3.62,179.25,278.56,0,3,0,0
2026-08-15T23:07:32.803,IMU-1,0x28,-3.62,179.25,278.56,0,3,0,0
2026-08-15T23:07:32.903,IMU-1,0x28,-3.62,179.25,278.56,0,3,0,0
2026-08-15T23:07:33.003,IMU-1,0x28,-3.62,179.25,278.56,0,3,0,0
2026-08-15T23:07:33.103,IMU-1,0x28,-3.62,179.25,278.56,0,3,0,0
2026-08-15T23:07:33.205,IMU-1,0x28,-3.62,179.25,278.56,0,3,0,0
2026-08-15T23:07:33.304,IMU-1,0x28,-3.62,179.25,278.56,0,3,0,0
2026-08-15T23:07:33.404,IMU-1,0x28,-3.62,179.25,278.56,0,3,0,0
2026-08-15T23:07:33.504,IMU-1,0x28,-3.62,179.25,278.56,0,3,0,0
2026-08-15T23:07:33.604,IMU-1,0x28,-3.62,179.25,278.56,0,3,0,0
2026-08-15T23:07:33.704,IMU-1,0x28,-3.62,179.25,278.56,0,3,0,0
2026-08-15T23:07:33.805,IMU-1,0x28,-3.62,179.25,278.56,0,3,0,0
2026-08-15T23:07:33.905,IMU-1,0x28,-3.62,179.25,278.56,0,3,0,0
2026-08-15T23:07:34.005,IMU-1,0x28,-3.62,179.25,278.56,0,3,0,0
2026-08-15T23:07:34.105,IMU-1,0x28,-3.62,179.25,278.56,0,3,0,0
2026-08-15T23:07:34.206,IMU-1,0x28,-3.62,179.25,278.56,0,3,0,0
2026-08-15T23:07:34.305,IMU-1,0x28,-3.62,179.25,278.56,0,3,0,0
2026-08-15T23:07:34.405,IMU-1,0x28,-3.62,179.25,278.56,0,3,0,0
2026-08-15T23:07:34.505,IMU-1,0x28,-3.62,179.25,278.56,0,3,0,0
2026-08-15T23:07:34.605,IMU-1,0x28,-3.62,179.25,278.56,0,3,0,0
2026-08-15T23:07:34.704,IMU-1,0x28,-3.62,179.25,278.56,0,3,0,0
2026-08-15T23:07:34.804,IMU-1,0x28,-3.62,179.25,278.56,0,3,0,0
2026-08-15T23:07:34.904,IMU-1,0x28,-3.62,179.25,278.56,0,3,0,0
2026-08-15T23:07:35.004,IMU-1,0x28,-3.62,179.25,278.56,0,3,0,0
2026-08-15T23:07:35.104,IMU-1,0x28,-3.62,179.25,278.56,0,3,0,0
2026-08-15T23:07:35.204,IMU-1,0x28,-3.62,179.25,278.56,0,3,0,0
2026-08-15T23:07:35.304,IMU-1,0x28,-3.62,179.25,278.56,0,3,0,0
2026-08-15T23:07:35.404,IMU-1,0x28,-3.62,179.25,278.56,0,3,0,0
2026-08-15T23:07:35.504,IMU-1,0x28,-3.62,179.25,278.56,0,3,0,0
2026-08-15T23:07:35.604,IMU-1,0x28,-3.62,179.25,278.56,0,3,0,0
2026-08-15T23:07:35.705,IMU-1,0x28,-3.62,179.25,278.56,0,3,0,0
2026-08-15T23:07:35.805,IMU-1,0x28,-3.62,179.25,278.56,0,3,0,0
2026-08-15T23:07:35.906,IMU-1,0x28,-3.62,179.25,278.56,0,3,0,0
2026-08-15T23:07:36.006,IMU-1,0x28,-3.62,179.25,278.56,0,3,0,0
2026-08-15T23:07:36.106,IMU-1,0x28,-3.62,179.25,278.56,0,3,0,0
2026-08-15T23:07:36.207,IMU-1,0x28,-3.62,179.25,278.56,0,3,0,0
2026-08-15T23:07:36.306,IMU-1,0x28,-3.62,179.25,278.56,0,3,0,0
2026-08-15T23:07:36.406,IMU-1,0x28,-3.62,179.25,278.56,0,3,0,0
2026-08-15T23:07:36.506,IMU-1,0x28,-3.62,179.25,278.56,0,3,0,0
2026-08-15T23:07:36.605,IMU-1,0x28,-3.62,179.25,278.56,0,3,0,0
2026-08-15T23:07:36.706,IMU-1,0x28,-3.62,179.25,278.56,0,3,0,0
2026-08-15T23:07:36.806,IMU-1,0x28,-3.62,179.25,278.56,0,3,0,0
2026-08-15T23:07:36.906,IMU-1,0x28,-3.62,179.25,278.56,0,3,0,0
2026-08-15T23:07:37.006,IMU-1,0x28,-3.62,179.25,278.56,0,3,0,0
2026-08-15T23:07:37.106,IMU-1,0x28,-3.62,179.25,278.56,0,3,0,0
2026-08-15T23:07:37.207,IMU-1,0x28,-3.62,179.25,278.56,0,3,0,0
2026-08-15T23:07:37.306,IMU-1,0x28,-3.62,179.25,278.56,0,3,0,0
2026-08-15T23:07:37.406,IMU-1,0x28,-3.62,179.25,278.56,0,3,0,0
2026-08-15T23:07:37.506,IMU-1,0x28,-3.62,179.25,278.56,0,3,0,0
2026-08-15T23:07:37.606,IMU-1,0x28,-3.62,179.25,278.56,0,3,0,0
2026-08-15T23:07:37.706,IMU-1,0x28,-3.62,179.25,278.56,0,3,0,0
2026-08-15T23:07:37.806,IMU-1,0x28,-3.62,179.25,278.56,0,3,0,0
2026-08-15T23:07:37.907,IMU-1,0x28,-3.62,179.25,278.56,0,3,0,0
2026-08-15T23:07:38.007,IMU-1,0x28,-3.62,179.25,278.56,0,3,0,0
2026-08-15T23:07:38.107,IMU-1,0x28,-3.62,179.25,278.56,0,3,0,0
2026-08-15T23:07:38.208,IMU-1,0x28,-3.62,179.25,278.56,0,3,0,0
2026-08-15T23:07:38.307,IMU-1,0x28,-3.62,179.25,278.56,0,3,0,0
2026-08-15T23:07:38.408,IMU-1,0x28,-3.62,179.25,278.56,0,3,0,0
2026-08-15T23:07:38.507,IMU-1,0x28,-3.62,179.25,278.56,0,3,0,0
2026-08-15T23:07:38.607,IMU-1,0x28,-3.62,179.25,278.56,0,3,0,0
2026-08-15T23:07:38.708,IMU-1,0x28,-3.62,179.25,278.56,0,3,0,0
2026-08-15T23:07:38.808,IMU-1,0x28,-3.62,179.25,278.56,0,3,0,0
2026-08-15T23:07:38.908,IMU-1,0x28,-3.62,179.25,278.56,0,3,0,0
2026-08-15T23:07:39.008,IMU-1,0x28,-3.62,179.25,278.56,0,3,0,0
2026-08-15T23:07:39.108,IMU-1,0x28,-3.62,179.25,278.56,0,3,0,0
2026-08-15T23:07:39.209,IMU-1,0x28,-3.62,179.25,278.56,0,3,0,0
2026-08-15T23:07:39.308,IMU-1,0x28,-3.62,179.25,278.56,0,3,0,0
2026-08-15T23:07:39.408,IMU-1,0x28,-3.62,179.25,278.56,0,3,0,0
2026-08-15T23:07:39.508,IMU-1,0x28,-3.62,179.25,278.56,0,3,0,0
2026-08-15T23:07:39.608,IMU-1,0x28,-3.62,179.25,278.56,0,3,0,0
2026-08-15T23:07:39.708,IMU-1,0x28,-3.62,179.25,278.56,0,3,0,0
2026-08-15T23:07:39.807,IMU-1,0x28,-3.62,179.25,278.56,0,3,0,0
2026-08-15T23:07:39.908,IMU-1,0x28,-3.62,179.25,278.56,0,3,0,0
2026-08-15T23:07:40.008,IMU-1,0x28,-3.62,179.25,278.56,0,3,0,0
2026-08-15T23:07:40.108,IMU-1,0x28,-3.62,179.25,278.56,0,3,0,0
2026-08-15T23:07:40.209,IMU-1,0x28,-3.62,179.25,278.56,0,3,0,0
2026-08-15T23:07:40.308,IMU-1,0x28,-3.62,179.25,278.56,0,3,0,0
2026-08-15T23:07:40.408,IMU-1,0x28,-3.62,179.25,278.56,0,3,0,0
2026-08-15T23:07:40.508,IMU-1,0x28,-3.62,179.25,278.56,0,3,0,0
2026-08-15T23:07:40.608,IMU-1,0x28,-3.62,179.25,278.56,0,3,0,0
2026-08-15T23:07:40.708,IMU-1,0x28,-3.62,179.25,278.56,0,3,0,0
2026-08-15T23:07:40.809,IMU-1,0x28,-3.62,179.25,278.56,0,3,0,0
2026-08-15T23:07:40.909,IMU-1,0x28,-3.62,179.25,278.56,0,3,0,0
2026-08-15T23:07:41.009,IMU-1,0x28,-3.62,179.25,278.56,0,3,0,0
2026-08-15T23:07:41.109,IMU-1,0x28,-3.62,179.25,278.56,0,3,0,0
2026-08-15T23:07:41.210,IMU-1,0x28,-3.62,179.25,278.56,0,3,0,0
2026-08-15T23:07:41.309,IMU-1,0x28,-3.62,179.25,278.56,0,3,0,0
2026-08-15T23:07:41.409,IMU-1,0x28,-3.62,179.25,278.56,0,3,0,0
2026-08-15T23:07:41.509,IMU-1,0x28,-3.62,179.25,278.56,0,3,0,0
2026-08-15T23:07:41.609,IMU-1,0x28,-3.62,179.25,278.56,0,3,0,0
2026-08-15T23:07:41.709,IMU-1,0x28,-3.62,179.25,278.56,0,3,0,0
2026-08-15T23:07:41.809,IMU-1,0x28,-3.62,179.25,278.56,0,3,0,0
2026-08-15T23:07:41.908,IMU-1,0x28,-3.62,179.25,278.56,0,3,0,0
2026-08-15T23:07:42.008,IMU-1,0x28,-3.62,179.25,278.56,0,3,0,0
2026-08-15T23:07:42.108,IMU-1,0x28,-3.62,179.25,278.56,0,3,0,0
2026-08-15T23:07:42.209,IMU-1,0x28,-3.62,179.25,278.56,0,3,0,0
2026-08-15T23:07:42.308,IMU-1,0x28,-3.62,179.25,278.56,0,3,0,0
2026-08-15T23:07:42.408,IMU-1,0x28,-3.62,179.25,278.56,0,3,0,0
2026-08-15T23:07:42.508,IMU-1,0x28,-3.62,179.25,278.56,0,3,0,0
2026-08-15T23:07:42.609,IMU-1,0x28,-3.62,179.25,278.56,0,3,0,0
2026-08-15T23:07:42.709,IMU-1,0x28,-3.62,179.25,278.56,0,3,0,0
2026-08-15T23:07:42.809,IMU-1,0x28,-3.62,179.25,278.56,0,3,0,0
2026-08-15T23:07:42.909,IMU-1,0x28,-3.62,179.25,278.56,0,3,0,0
2026-08-15T23:07:43.010,IMU-1,0x28,-3.62,179.25,278.56,0,3,0,0
2026-08-15T23:07:43.110,IMU-1,0x28,-3.62,179.25,278.56,0,3,0,0
2026-08-15T23:07:43.211,IMU-1,0x28,-3.62,179.25,278.56,0,3,0,0
2026-08-15T23:07:43.310,IMU-1,0x28,-3.62,179.25,278.56,0,3,0,0
2026-08-15T23:07:43.410,IMU-1,0x28,-3.62,179.25,278.56,0,3,0,0
2026-08-15T23:07:43.511,IMU-1,0x28,-3.62,179.25,278.56,0,3,0,0
2026-08-15T23:07:43.611,IMU-1,0x28,-3.62,179.25,278.56,0,3,0,0
2026-08-15T23:07:43.711,IMU-1,0x28,-3.62,179.25,278.56,0,3,0,0
2026-08-15T23:07:43.811,IMU-1,0x28,-3.62,179.25,278.56,0,3,0,0
2026-08-15T23:07:43.911,IMU-1,0x28,-3.62,179.25,278.56,0,3,0,0
2026-08-15T23:07:44.011,IMU-1,0x28,-3.62,179.25,278.56,0,3,0,0
2026-08-15T23:07:44.111,IMU-1,0x28,-3.62,179.25,278.56,0,3,0,0
2026-08-15T23:07:44.212,IMU-1,0x28,-3.62,179.25,278.56,0,3,0,0
2026-08-15T23:07:44.311,IMU-1,0x28,-3.62,179.25,278.56,0,3,0,0
2026-08-15T23:07:44.411,IMU-1,0x28,-3.62,179.25,278.56,0,3,0,0
2026-08-15T23:07:44.510,IMU-1,0x28,-3.62,179.25,278.56,0,3,0,0
2026-08-15T23:07:44.610,IMU-1,0x28,-3.62,179.25,278.56,0,3,0,0
2026-08-15T23:07:44.710,IMU-1,0x28,-3.62,179.25,278.56,0,3,0,0
2026-08-15T23:07:44.810,IMU-1,0x28,-3.62,179.25,278.56,0,3,0,0
2026-08-15T23:07:44.910,IMU-1,0x28,-3.62,179.25,278.56,0,3,0,0
2026-08-15T23:07:45.010,IMU-1,0x28,-3.62,179.25,278.56,0,3,0,0
2026-08-15T23:07:45.110,IMU-1,0x28,-3.62,179.25,278.56,0,3,0,0
2026-08-15T23:07:45.211,IMU-1,0x28,-3.62,179.25,278.56,0,3,0,0
2026-08-15T23:07:45.311,IMU-1,0x28,-3.62,179.25,278.56,0,3,0,0
2026-08-15T23:07:45.411,IMU-1,0x28,-3.62,179.25,278.56,0,3,0,0
2026-08-15T23:07:45.511,IMU-1,0x28,-3.62,179.25,278.56,0,3,0,0
2026-08-15T23:07:45.612,IMU-1,0x28,-3.62,179.25,278.56,0,3,0,0
2026-08-15T23:07:45.712,IMU-1,0x28,-3.62,179.25,278.56,0,3,0,0
2026-08-15T23:07:45.812,IMU-1,0x28,-3.62,179.25,278.56,0,3,0,0
2026-08-15T23:07:45.912,IMU-1,0x28,-3.62,179.25,278.56,0,3,0,0
2026-08-15T23:07:46.012,IMU-1,0x28,-3.62,179.25,278.56,0,3,0,0
2026-08-15T23:07:46.112,IMU-1,0x28,-3.62,179.25,278.56,0,3,0,0
2026-08-15T23:07:46.213,IMU-1,0x28,-3.62,179.25,278.56,0,3,0,0
2026-08-15T23:07:46.312,IMU-1,0x28,-3.62,179.25,278.56,0,3,0,0
2026-08-15T23:07:46.413,IMU-1,0x28,-3.62,179.25,278.56,0,3,0,0
2026-08-15T23:07:46.512,IMU-1,0x28,-3.62,179.25,278.56,0,3,0,0
2026-08-15T23:07:46.612,IMU-1,0x28,-3.62,179.25,278.56,0,3,0,0
2026-08-15T23:07:46.712,IMU-1,0x28,-3.62,179.25,278.56,0,3,0,0
2026-08-15T23:07:46.812,IMU-1,0x28,-3.62,179.25,278.56,0,3,0,0
2026-08-15T23:07:46.911,IMU-1,0x28,-3.62,179.25,278.56,0,3,0,0
2026-08-15T23:07:47.011,IMU-1,0x28,-3.62,179.25,278.56,0,3,0,0
2026-08-15T23:07:47.111,IMU-1,0x28,-3.62,179.25,278.56,0,3,0,0
2026-08-15T23:07:47.212,IMU-1,0x28,-3.62,179.25,278.56,0,3,0,0
2026-08-15T23:07:47.311,IMU-1,0x28,-3.62,179.25,278.56,0,3,0,0
2026-08-15T23:07:47.412,IMU-1,0x28,-3.62,179.25,278.56,0,3,0,0
2026-08-15T23:07:47.512,IMU-1,0x28,-3.62,179.25,278.56,0,3,0,0
2026-08-15T23:07:47.612,IMU-1,0x28,-3.62,179.25,278.56,0,3,0,0
2026-08-15T23:07:47.713,IMU-1,0x28,-3.62,179.25,278.56,0,3,0,0
2026-08-15T23:07:47.813,IMU-1,0x28,-3.62,179.25,278.56,0,3,0,0
2026-08-15T23:07:47.913,IMU-1,0x28,-3.62,179.25,278.56,0,3,0,0
2026-08-15T23:07:48.013,IMU-1,0x28,-3.62,179.25,278.56,0,3,0,0
2026-08-15T23:07:48.112,IMU-1,0x28,-3.62,179.25,278.56,0,3,0,0
2026-08-15T23:07:48.213,IMU-1,0x28,-3.62,179.25,278.56,0,3,0,0
2026-08-15T23:07:48.312,IMU-1,0x28,-3.62,179.25,278.56,0,3,0,0
2026-08-15T23:07:48.412,IMU-1,0x28,-3.62,179.25,278.56,0,3,0,0
2026-08-15T23:07:48.512,IMU-1,0x28,-3.62,179.25,278.56,0,3,0,0
2026-08-15T23:07:48.612,IMU-1,0x28,-3.62,179.25,278.56,0,3,0,0
2026-08-15T23:07:48.712,IMU-1,0x28,-3.62,179.25,278.56,0,3,0,0
2026-08-15T23:07:48.812,IMU-1,0x28,-3.62,179.25,278.56,0,3,0,0
2026-08-15T23:07:48.912,IMU-1,0x28,-3.62,179.25,278.56,0,3,0,0
2026-08-15T23:07:49.012,IMU-1,0x28,-3.62,179.25,278.56,0,3,0,0
2026-08-15T23:07:49.113,IMU-1,0x28,-3.62,179.25,278.56,0,3,0,0
2026-08-15T23:07:49.213,IMU-1,0x28,-3.62,179.25,278.56,0,3,0,0
2026-08-15T23:07:49.313,IMU-1,0x28,-3.62,179.25,278.56,0,3,0,0
2026-08-15T23:07:49.413,IMU-1,0x28,-3.62,179.25,278.56,0,3,0,0
2026-08-15T23:07:49.513,IMU-1,0x28,-3.62,179.25,278.56,0,3,0,0
2026-08-15T23:07:49.614,IMU-1,0x28,-3.62,179.25,278.56,0,3,0,0
2026-08-15T23:07:49.714,IMU-1,0x28,-3.62,179.25,278.56,0,3,0,0
2026-08-15T23:07:49.814,IMU-1,0x28,-3.62,179.25,278.56,0,3,0,0
2026-08-15T23:07:49.914,IMU-1,0x28,-3.62,179.25,278.56,0,3,0,0
2026-08-15T23:07:50.014,IMU-1,0x28,-3.62,179.25,278.56,0,3,0,0
2026-08-15T23:07:50.115,IMU-1,0x28,-3.62,179.25,278.56,0,3,0,0
2026-08-15T23:07:50.216,IMU-1,0x28,-3.62,179.25,278.56,0,3,0,0
2026-08-15T23:07:50.314,IMU-1,0x28,-3.62,179.25,278.56,0,3,0,0
2026-08-15T23:07:50.415,IMU-1,0x28,-3.62,179.25,278.56,0,3,0,0
2026-08-15T23:07:50.515,IMU-1,0x28,-3.62,179.25,278.56,0,3,0,0
2026-08-15T23:07:50.615,IMU-1,0x28,-3.62,179.25,278.56,0,3,0,0
2026-08-15T23:07:50.715,IMU-1,0x28,-3.62,179.25,278.56,0,3,0,0
2026-08-15T23:07:50.815,IMU-1,0x28,-3.62,179.25,278.56,0,3,0,0
2026-08-15T23:07:50.915,IMU-1,0x28,-3.62,179.25,278.56,0,3,0,0
2026-08-15T23:07:51.015,IMU-1,0x28,-3.62,179.25,278.56,0,3,0,0
2026-08-15T23:07:51.113,IMU-1,0x28,-3.62,179.25,278.56,0,3,0,0
2026-08-15T23:07:51.215,IMU-1,0x28,-3.62,179.25,278.56,0,3,0,0
2026-08-15T23:07:51.314,IMU-1,0x28,-3.62,179.25,278.56,0,3,0,0
2026-08-15T23:07:51.414,IMU-1,0x28,-3.62,179.25,278.56,0,3,0,0
2026-08-15T23:07:51.514,IMU-1,0x28,-3.62,179.25,278.56,0,3,0,0
2026-08-15T23:07:51.614,IMU-1,0x28,-3.62,179.25,278.56,0,3,0,0
2026-08-15T23:07:51.714,IMU-1,0x28,-3.62,179.25,278.56,0,3,0,0
2026-08-15T23:07:51.814,IMU-1,0x28,-3.62,179.25,278.56,0,3,0,0
2026-08-15T23:07:51.914,IMU-1,0x28,-3.62,179.25,278.56,0,3,0,0
2026-08-15T23:07:52.014,IMU-1,0x28,-3.62,179.25,278.56,0,3,0,0
2026-08-15T23:07:52.115,IMU-1,0x28,-3.62,179.25,278.56,0,3,0,0
2026-08-15T23:07:52.216,IMU-1,0x28,-3.62,179.25,278.56,0,3,0,0
2026-08-15T23:07:52.315,IMU-1,0x28,-3.62,179.25,278.56,0,3,0,0
2026-08-15T23:07:52.416,IMU-1,0x28,-3.62,179.25,278.56,0,3,0,0
2026-08-15T23:07:52.516,IMU-1,0x28,-3.62,179.25,278.56,0,3,0,0
2026-08-15T23:07:52.616,IMU-1,0x28,-3.62,179.25,278.56,0,3,0,0
2026-08-15T23:07:52.716,IMU-1,0x28,-3.62,179.25,278.56,0,3,0,0
2026-08-15T23:07:52.816,IMU-1,0x28,-3.62,179.25,278.56,0,3,0,0
2026-08-15T23:07:52.916,IMU-1,0x28,-3.62,179.25,278.56,0,3,0,0
2026-08-15T23:07:53.016,IMU-1,0x28,-3.62,179.25,278.56,0,3,0,0
2026-08-15T23:07:53.116,IMU-1,0x28,-3.62,179.25,278.56,0,3,0,0
2026-08-15T23:07:53.217,IMU-1,0x28,-3.62,179.25,278.56,0,3,0,0
2026-08-15T23:07:53.316,IMU-1,0x28,-3.62,179.25,278.56,0,3,0,0
2026-08-15T23:07:53.416,IMU-1,0x28,-3.62,179.25,278.56,0,3,0,0
2026-08-15T23:07:53.516,IMU-1,0x28,-3.62,179.25,278.56,0,3,0,0
2026-08-15T23:07:53.616,IMU-1,0x28,-3.62,179.25,278.56,0,3,0,0
2026-08-15T23:07:53.716,IMU-1,0x28,-3.62,179.25,278.56,0,3,0,0
2026-08-15T23:07:53.816,IMU-1,0x28,-3.62,179.25,278.56,0,3,0,0
2026-08-15T23:07:53.916,IMU-1,0x28,-3.62,179.25,278.56,0,3,0,0
2026-08-15T23:07:54.016,IMU-1,0x28,-3.62,179.25,278.56,0,3,0,0
2026-08-15T23:07:54.116,IMU-1,0x28,-3.62,179.25,278.56,0,3,0,0
2026-08-15T23:07:54.217,IMU-1,0x28,-3.62,179.25,278.56,0,3,0,0
2026-08-15T23:07:54.316,IMU-1,0x28,-3.62,179.25,278.56,0,3,0,0
2026-08-15T23:07:54.416,IMU-1,0x28,-3.62,179.25,278.56,0,3,0,0
2026-08-15T23:07:54.517,IMU-1,0x28,-3.62,179.25,278.56,0,3,0,0
2026-08-15T23:07:54.617,IMU-1,0x28,-3.62,179.25,278.56,0,3,0,0
2026-08-15T23:07:54.717,IMU-1,0x28,-3.62,179.25,278.56,0,3,0,0
2026-08-15T23:07:54.817,IMU-1,0x28,-3.62,179.25,278.56,0,3,0,0
2026-08-15T23:07:54.917,IMU-1,0x28,-3.62,179.25,278.56,0,3,0,0
2026-08-15T23:07:55.017,IMU-1,0x28,-3.62,179.25,278.56,0,3,0,0
2026-08-15T23:07:55.117,IMU-1,0x28,-3.62,179.25,278.56,0,3,0,0
2026-08-15T23:07:55.218,IMU-1,0x28,-3.62,179.25,278.56,0,3,0,0
2026-08-15T23:07:55.317,IMU-1,0x28,-3.62,179.25,278.56,0,3,0,0
2026-08-15T23:07:55.417,IMU-1,0x28,-3.62,179.25,278.56,0,3,0,0
2026-08-15T23:07:55.516,IMU-1,0x28,-3.62,179.25,278.56,0,3,0,0
2026-08-15T23:07:55.616,IMU-1,0x28,-3.62,179.25,278.56,0,3,0,0
2026-08-15T23:07:55.716,IMU-1,0x28,-3.62,179.25,278.56,0,3,0,0
2026-08-15T23:07:55.816,IMU-1,0x28,-3.62,179.25,278.56,0,3,0,0
2026-08-15T23:07:55.916,IMU-1,0x28,-3.62,179.25,278.56,0,3,0,0
2026-08-15T23:07:56.017,IMU-1,0x28,-3.62,179.25,278.56,0,3,0,0
2026-08-15T23:07:56.117,IMU-1,0x28,-3.62,179.25,278.56,0,3,0,0
2026-08-15T23:07:56.217,IMU-1,0x28,-3.62,179.25,278.56,0,3,0,0
2026-08-15T23:07:56.317,IMU-1,0x28,-3.62,179.25,278.56,0,3,0,0
2026-08-15T23:07:56.417,IMU-1,0x28,-3.62,179.25,278.56,0,3,0,0
2026-08-15T23:07:56.518,IMU-1,0x28,-3.62,179.25,278.56,0,3,0,0
2026-08-15T23:07:56.618,IMU-1,0x28,-3.62,179.25,278.56,0,3,0,0
2026-08-15T23:07:56.718,IMU-1,0x28,-3.62,179.25,278.56,0,3,0,0
2026-08-15T23:07:56.818,IMU-1,0x28,-3.62,179.25,278.56,0,3,0,0
2026-08-15T23:07:56.918,IMU-1,0x28,-3.62,179.25,278.56,0,3,0,0
2026-08-15T23:07:57.018,IMU-1,0x28,-3.62,179.25,278.56,0,3,0,0
2026-08-15T23:07:57.119,IMU-1,0x28,-3.62,179.25,278.56,0,3,0,0
2026-08-15T23:07:57.220,IMU-1,0x28,-3.62,179.25,278.56,0,3,0,0
2026-08-15T23:07:57.319,IMU-1,0x28,-3.62,179.25,278.56,0,3,0,0
2026-08-15T23:07:57.419,IMU-1,0x28,-3.62,179.25,278.56,0,3,0,0
2026-08-15T23:07:57.519,IMU-1,0x28,-3.62,179.25,278.56,0,3,0,0
2026-08-15T23:07:57.619,IMU-1,0x28,-3.62,179.25,278.56,0,3,0,0
2026-08-15T23:07:57.719,IMU-1,0x28,-3.62,179.25,278.56,0,3,0,0
2026-08-15T23:07:57.819,IMU-1,0x28,-3.62,179.25,278.56,0,3,0,0
2026-08-15T23:07:57.919,IMU-1,0x28,-3.62,179.25,278.56,0,3,0,0
2026-08-15T23:07:58.019,IMU-1,0x28,-3.62,179.25,278.56,0,3,0,0
2026-08-15T23:07:58.118,IMU-1,0x28,-3.62,179.25,278.56,0,3,0,0
2026-08-15T23:07:58.218,IMU-1,0x28,-3.62,179.25,278.56,0,3,0,0
2026-08-15T23:07:58.318,IMU-1,0x28,-3.62,179.25,278.56,0,3,0,0
2026-08-15T23:07:58.418,IMU-1,0x28,-3.62,179.25,278.56,0,3,0,0
2026-08-15T23:07:58.518,IMU-1,0x28,-3.62,179.25,278.56,0,3,0,0
2026-08-15T23:07:58.618,IMU-1,0x28,-3.62,179.25,278.56,0,3,0,0
2026-08-15T23:07:58.718,IMU-1,0x28,-3.62,179.25,278.56,0,3,0,0
2026-08-15T23:07:58.819,IMU-1,0x28,-3.62,179.25,278.56,0,3,0,0
2026-08-15T23:07:58.919,IMU-1,0x28,-3.62,179.25,278.56,0,3,0,0
2026-08-15T23:07:59.019,IMU-1,0x28,-3.62,179.25,278.56,0,3,0,0
2026-08-15T23:07:59.119,IMU-1,0x28,-3.62,179.25,278.56,0,3,0,0
2026-08-15T23:07:59.220,IMU-1,0x28,-3.62,179.25,278.56,0,3,0,0
2026-08-15T23:07:59.319,IMU-1,0x28,-3.62,179.25,278.56,0,3,0,0
2026-08-15T23:07:59.419,IMU-1,0x28,-3.62,179.25,278.56,0,3,0,0
2026-08-15T23:07:59.519,IMU-1,0x28,-3.62,179.25,278.56,0,3,0,0
2026-08-15T23:07:59.619,IMU-1,0x28,-3.62,179.25,278.56,0,3,0,0
2026-08-15T23:07:59.719,IMU-1,0x28,-3.62,179.25,278.56,0,3,0,0
2026-08-15T23:07:59.819,IMU-1,0x28,-3.62,179.25,278.56,0,3,0,0
2026-08-15T23:07:59.919,IMU-1,0x28,-3.62,179.25,278.56,0,3,0,0
2026-08-15T23:08:00.019,IMU-1,0x28,-3.62,179.25,278.56,0,3,0,0
2026-08-15T23:08:00.120,IMU-1,0x28,-3.62,179.25,278.56,0,3,0,0
2026-08-15T23:08:00.220,IMU-1,0x28,-3.62,179.25,278.56,0,3,0,0
2026-08-15T23:08:00.320,IMU-1,0x28,-3.62,179.25,278.56,0,3,0,0
2026-08-15T23:08:00.420,IMU-1,0x28,-3.62,179.25,278.56,0,3,0,0
2026-08-15T23:08:00.520,IMU-1,0x28,-3.62,179.25,278.56,0,3,0,0
2026-08-15T23:08:00.620,IMU-1,0x28,-3.62,179.25,278.56,0,3,0,0
2026-08-15T23:08:00.720,IMU-1,0x28,-3.62,179.25,278.56,0,3,0,0
2026-08-15T23:08:00.820,IMU-1,0x28,-3.62,179.25,278.56,0,3,0,0
2026-08-15T23:08:00.920,IMU-1,0x28,-3.62,179.25,278.56,0,3,0,0
2026-08-15T23:08:01.020,IMU-1,0x28,-3.62,179.25,278.56,0,3,0,0
2026-08-15T23:08:01.120,IMU-1,0x28,-3.62,179.25,278.56,0,3,0,0
2026-08-15T23:08:01.221,IMU-1,0x28,-3.62,179.25,278.56,0,3,0,0
2026-08-15T23:08:01.320,IMU-1,0x28,-3.62,179.25,278.56,0,3,0,0
2026-08-15T23:08:01.421,IMU-1,0x28,-3.62,179.25,278.56,0,3,0,0
2026-08-15T23:08:01.521,IMU-1,0x28,-3.62,179.25,278.56,0,3,0,0
2026-08-15T23:08:01.621,IMU-1,0x28,-3.62,179.25,278.56,0,3,0,0
2026-08-15T23:08:01.721,IMU-1,0x28,-3.62,179.25,278.56,0,3,0,0
2026-08-15T23:08:01.821,IMU-1,0x28,-3.62,179.25,278.56,0,3,0,0
2026-08-15T23:08:01.922,IMU-1,0x28,-3.62,179.25,278.56,0,3,0,0
2026-08-15T23:08:02.021,IMU-1,0x28,-3.62,179.25,278.56,0,3,0,0
2026-08-15T23:08:02.122,IMU-1,0x28,-3.62,179.25,278.56,0,3,0,0
2026-08-15T23:08:02.222,IMU-1,0x28,-3.62,179.25,278.56,0,3,0,0
2026-08-15T23:08:02.322,IMU-1,0x28,-3.62,179.25,278.56,0,3,0,0
2026-08-15T23:08:02.421,IMU-1,0x28,-3.62,179.25,278.56,0,3,0,0
2026-08-15T23:08:02.521,IMU-1,0x28,-3.62,179.25,278.56,0,3,0,0
2026-08-15T23:08:02.620,IMU-1,0x28,-3.62,179.25,278.56,0,3,0,0
2026-08-15T23:08:02.720,IMU-1,0x28,-3.62,179.25,278.56,0,3,0,0
2026-08-15T23:08:02.820,IMU-1,0x28,-3.62,179.25,278.56,0,3,0,0
2026-08-15T23:08:02.920,IMU-1,0x28,-3.62,179.25,278.56,0,3,0,0
2026-08-15T23:08:03.021,IMU-1,0x28,-3.62,179.25,278.56,0,3,0,0
2026-08-15T23:08:03.121,IMU-1,0x28,-3.62,179.25,278.56,0,3,0,0
2026-08-15T23:08:03.222,IMU-1,0x28,-3.62,179.25,278.56,0,3,0,0
2026-08-15T23:08:03.321,IMU-1,0x28,-3.62,179.25,278.56,0,3,0,0
2026-08-15T23:08:03.421,IMU-1,0x28,-3.62,179.25,278.56,0,3,0,0
2026-08-15T23:08:03.522,IMU-1,0x28,-3.62,179.25,278.56,0,3,0,0
2026-08-15T23:08:03.622,IMU-1,0x28,-3.62,179.25,278.56,0,3,0,0
2026-08-15T23:08:03.722,IMU-1,0x28,-3.62,179.25,278.56,0,3,0,0
2026-08-15T23:08:03.822,IMU-1,0x28,-3.62,179.25,278.56,0,3,0,0
2026-08-15T23:08:03.922,IMU-1,0x28,-3.62,179.25,278.56,0,3,0,0
2026-08-15T23:08:04.023,IMU-1,0x28,-3.62,179.25,278.56,0,3,0,0
2026-08-15T23:08:04.123,IMU-1,0x28,-3.62,179.25,278.56,0,3,0,0
2026-08-15T23:08:04.224,IMU-1,0x28,-3.62,179.25,278.56,0,3,0,0
2026-08-15T23:08:04.323,IMU-1,0x28,-3.62,179.25,278.56,0,3,0,0
2026-08-15T23:08:04.423,IMU-1,0x28,-3.62,179.25,278.56,0,3,0,0
2026-08-15T23:08:04.523,IMU-1,0x28,-3.62,179.25,278.56,0,3,0,0
2026-08-15T23:08:04.623,IMU-1,0x28,-3.62,179.25,278.56,0,3,0,0
2026-08-15T23:08:04.723,IMU-1,0x28,-3.62,179.25,278.56,0,3,0,0
2026-08-15T23:08:04.823,IMU-1,0x28,-3.62,179.25,278.56,0,3,0,0
2026-08-15T23:08:04.922,IMU-1,0x28,-3.62,179.25,278.56,0,3,0,0
2026-08-15T23:08:05.022,IMU-1,0x28,-3.62,179.25,278.56,0,3,0,0
2026-08-15T23:08:05.122,IMU-1,0x28,-3.62,179.25,278.56,0,3,0,0
2026-08-15T23:08:05.222,IMU-1,0x28,-3.62,179.25,278.56,0,3,0,0
2026-08-15T23:08:05.322,IMU-1,0x28,-3.62,179.25,278.56,0,3,0,0
2026-08-15T23:08:05.422,IMU-1,0x28,-3.62,179.25,278.56,0,3,0,0
2026-08-15T23:08:05.522,IMU-1,0x28,-3.62,179.25,278.56,0,3,0,0
2026-08-15T23:08:05.622,IMU-1,0x28,-3.62,179.25,278.56,0,3,0,0
2026-08-15T23:08:05.722,IMU-1,0x28,-3.62,179.25,278.56,0,3,0,0
2026-08-15T23:08:05.823,IMU-1,0x28,-3.62,179.25,278.56,0,3,0,0
2026-08-15T23:08:05.923,IMU-1,0x28,-3.62,179.25,278.56,0,3,0,0
2026-08-15T23:08:06.023,IMU-1,0x28,-3.62,179.25,278.56,0,3,0,0
2026-08-15T23:08:06.124,IMU-1,0x28,-3.62,179.25,278.56,0,3,0,0
2026-08-15T23:08:06.224,IMU-1,0x28,-3.62,179.25,278.56,0,3,0,0
2026-08-15T23:08:06.324,IMU-1,0x28,-3.62,179.25,278.56,0,3,0,0
2026-08-15T23:08:06.424,IMU-1,0x28,-3.62,179.25,278.56,0,3,0,0
2026-08-15T23:08:06.525,IMU-1,0x28,-3.62,179.25,278.56,0,3,0,0
2026-08-15T23:08:06.624,IMU-1,0x28,-3.62,179.25,278.56,0,3,0,0
2026-08-15T23:08:06.725,IMU-1,0x28,-3.62,179.25,278.56,0,3,0,0
2026-08-15T23:08:06.824,IMU-1,0x28,-3.62,179.25,278.56,0,3,0,0
2026-08-15T23:08:06.925,IMU-1,0x28,-3.62,179.25,278.56,0,3,0,0
2026-08-15T23:08:07.024,IMU-1,0x28,-3.62,179.25,278.56,0,3,0,0
2026-08-15T23:08:07.125,IMU-1,0x28,-3.62,179.25,278.56,0,3,0,0
2026-08-15T23:08:07.226,IMU-1,0x28,-3.62,179.25,278.56,0,3,0,0
2026-08-15T23:08:07.324,IMU-1,0x28,-3.62,179.25,278.56,0,3,0,0
2026-08-15T23:08:07.424,IMU-1,0x28,-3.62,179.25,278.56,0,3,0,0
2026-08-15T23:08:07.524,IMU-1,0x28,-3.62,179.25,278.56,0,3,0,0
2026-08-15T23:08:07.624,IMU-1,0x28,-3.62,179.25,278.56,0,3,0,0
2026-08-15T23:08:07.724,IMU-1,0x28,-3.62,179.25,278.56,0,3,0,0
2026-08-15T23:08:07.824,IMU-1,0x28,-3.62,179.25,278.56,0,3,0,0
2026-08-15T23:08:07.924,IMU-1,0x28,-3.62,179.25,278.56,0,3,0,0
2026-08-15T23:08:08.025,IMU-1,0x28,-3.62,179.25,278.56,0,3,0,0
2026-08-15T23:08:08.124,IMU-1,0x28,-3.62,179.25,278.56,0,3,0,0
2026-08-15T23:08:08.225,IMU-1,0x28,-3.62,179.25,278.56,0,3,0,0
2026-08-15T23:08:08.325,IMU-1,0x28,-3.62,179.25,278.56,0,3,0,0
2026-08-15T23:08:08.425,IMU-1,0x28,-3.62,179.25,278.56,0,3,0,0
2026-08-15T23:08:08.525,IMU-1,0x28,-3.62,179.25,278.56,0,3,0,0
2026-08-15T23:08:08.625,IMU-1,0x28,-3.62,179.25,278.56,0,3,0,0
2026-08-15T23:08:08.725,IMU-1,0x28,-3.62,179.25,278.56,0,3,0,0
2026-08-15T23:08:08.826,IMU-1,0x28,-3.62,179.25,278.56,0,3,0,0
2026-08-15T23:08:08.926,IMU-1,0x28,-3.62,179.25,278.56,0,3,0,0
2026-08-15T23:08:09.026,IMU-1,0x28,-3.62,179.25,278.56,0,3,0,0
2026-08-15T23:08:09.126,IMU-1,0x28,-3.62,179.25,278.56,0,3,0,0
2026-08-15T23:08:09.226,IMU-1,0x28,-3.62,179.25,278.56,0,3,0,0
2026-08-15T23:08:09.325,IMU-1,0x28,-3.62,179.25,278.56,0,3,0,0
2026-08-15T23:08:09.425,IMU-1,0x28,-3.62,179.25,278.56,0,3,0,0
2026-08-15T23:08:09.525,IMU-1,0x28,-3.62,179.25,278.56,0,3,0,0
2026-08-15T23:08:09.625,IMU-1,0x28,-3.62,179.25,278.56,0,3,0,0
2026-08-15T23:08:09.725,IMU-1,0x28,-3.62,179.25,278.56,0,3,0,0
2026-08-15T23:08:09.825,IMU-1,0x28,-3.62,179.25,278.56,0,3,0,0
2026-08-15T23:08:09.925,IMU-1,0x28,-3.62,179.25,278.56,0,3,0,0
2026-08-15T23:08:10.026,IMU-1,0x28,-3.62,179.25,278.56,0,3,0,0
2026-08-15T23:08:10.125,IMU-1,0x28,-3.62,179.25,278.56,0,3,0,0
2026-08-15T23:08:10.226,IMU-1,0x28,-3.62,179.25,278.56,0,3,0,0
2026-08-15T23:08:10.326,IMU-1,0x28,-3.62,179.25,278.56,0,3,0,0
2026-08-15T23:08:10.426,IMU-1,0x28,-3.62,179.25,278.56,0,3,0,0
2026-08-15T23:08:10.526,IMU-1,0x28,-3.62,179.25,278.56,0,3,0,0
2026-08-15T23:08:10.626,IMU-1,0x28,-3.62,179.25,278.56,0,3,0,0
2026-08-15T23:08:10.727,IMU-1,0x28,-3.62,179.25,278.56,0,3,0,0
2026-08-15T23:08:10.827,IMU-1,0x28,-3.62,179.25,278.56,0,3,0,0
2026-08-15T23:08:10.927,IMU-1,0x28,-3.62,179.25,278.56,0,3,0,0
2026-08-15T23:08:11.027,IMU-1,0x28,-3.62,179.25,278.56,0,3,0,0
2026-08-15T23:08:11.127,IMU-1,0x28,-3.62,179.25,278.56,0,3,0,0
2026-08-15T23:08:11.227,IMU-1,0x28,-3.62,179.25,278.56,0,3,0,0
2026-08-15T23:08:11.326,IMU-1,0x28,-3.62,179.25,278.56,0,3,0,0
2026-08-15T23:08:11.426,IMU-1,0x28,-3.62,179.25,278.56,0,3,0,0
2026-08-15T23:08:11.525,IMU-1,0x28,-3.62,179.25,278.56,0,3,0,0
2026-08-15T23:08:11.626,IMU-1,0x28,-3.62,179.25,278.56,0,3,0,0
2026-08-15T23:08:11.726,IMU-1,0x28,-3.62,179.25,278.56,0,3,0,0
2026-08-15T23:08:11.826,IMU-1,0x28,-3.62,179.25,278.56,0,3,0,0
2026-08-15T23:08:11.926,IMU-1,0x28,-3.62,179.25,278.56,0,3,0,0
2026-08-15T23:08:12.026,IMU-1,0x28,-3.62,179.25,278.56,0,3,0,0
2026-08-15T23:08:12.126,IMU-1,0x28,-3.62,179.25,278.56,0,3,0,0
2026-08-15T23:08:12.226,IMU-1,0x28,-3.62,179.25,278.56,0,3,0,0
2026-08-15T23:08:12.326,IMU-1,0x28,-3.62,179.25,278.56,0,3,0,0
2026-08-15T23:08:12.426,IMU-1,0x28,-3.62,179.25,278.56,0,3,0,0
2026-08-15T23:08:12.527,IMU-1,0x28,-3.62,179.25,278.56,0,3,0,0
2026-08-15T23:08:12.627,IMU-1,0x28,-3.62,179.25,278.56,0,3,0,0
2026-08-15T23:08:12.727,IMU-1,0x28,-3.62,179.25,278.56,0,3,0,0
2026-08-15T23:08:12.828,IMU-1,0x28,-3.62,179.25,278.56,0,3,0,0
2026-08-15T23:08:12.928,IMU-1,0x28,-3.62,179.25,278.56,0,3,0,0
2026-08-15T23:08:13.028,IMU-1,0x28,-3.62,179.25,278.56,0,3,0,0
2026-08-15T23:08:13.128,IMU-1,0x28,-3.62,179.25,278.56,0,3,0,0
2026-08-15T23:08:13.229,IMU-1,0x28,-3.62,179.25,278.56,0,3,0,0
2026-08-15T23:08:13.328,IMU-1,0x28,-3.62,179.25,278.56,0,3,0,0
2026-08-15T23:08:13.428,IMU-1,0x28,-3.62,179.25,278.56,0,3,0,0
2026-08-15T23:08:13.528,IMU-1,0x28,-3.62,179.25,278.56,0,3,0,0
2026-08-15T23:08:13.628,IMU-1,0x28,-3.62,179.25,278.56,0,3,0,0
2026-08-15T23:08:13.728,IMU-1,0x28,-3.62,179.25,278.56,0,3,0,0
2026-08-15T23:08:13.828,IMU-1,0x28,-3.62,179.25,278.56,0,3,0,0
2026-08-15T23:08:13.928,IMU-1,0x28,-3.62,179.25,278.56,0,3,0,0
2026-08-15T23:08:14.029,IMU-1,0x28,-3.62,179.25,278.56,0,3,0,0
2026-08-15T23:08:14.129,IMU-1,0x28,-3.62,179.25,278.56,0,3,0,0
2026-08-15T23:08:14.229,IMU-1,0x28,-3.62,179.25,278.56,0,3,0,0
2026-08-15T23:08:14.328,IMU-1,0x28,-3.62,179.25,278.56,0,3,0,0
2026-08-15T23:08:14.428,IMU-1,0x28,-3.62,179.25,278.56,0,3,0,0
2026-08-15T23:08:14.528,IMU-1,0x28,-3.62,179.25,278.56,0,3,0,0
2026-08-15T23:08:14.628,IMU-1,0x28,-3.62,179.25,278.56,0,3,0,0
2026-08-15T23:08:14.728,IMU-1,0x28,-3.62,179.25,278.56,0,3,0,0
2026-08-15T23:08:14.828,IMU-1,0x28,-3.62,179.25,278.56,0,3,0,0
2026-08-15T23:08:14.928,IMU-1,0x28,-3.62,179.25,278.56,0,3,0,0
2026-08-15T23:08:15.028,IMU-1,0x28,-3.62,179.25,278.56,0,3,0,0
2026-08-15T23:08:15.128,IMU-1,0x28,-3.62,179.25,278.56,0,3,0,0
2026-08-15T23:08:15.230,IMU-1,0x28,-3.62,179.25,278.56,0,3,0,0
2026-08-15T23:08:15.329,IMU-1,0x28,-3.62,179.25,278.56,0,3,0,0
2026-08-15T23:08:15.429,IMU-1,0x28,-3.62,179.25,278.56,0,3,0,0
2026-08-15T23:08:15.529,IMU-1,0x28,-3.62,179.25,278.56,0,3,0,0
2026-08-15T23:08:15.629,IMU-1,0x28,-3.62,179.25,278.56,0,3,0,0
2026-08-15T23:08:15.730,IMU-1,0x28,-3.62,179.25,278.56,0,3,0,0
2026-08-15T23:08:15.830,IMU-1,0x28,-3.62,179.25,278.56,0,3,0,0
2026-08-15T23:08:15.930,IMU-1,0x28,-3.62,179.25,278.56,0,3,0,0
2026-08-15T23:08:16.030,IMU-1,0x28,-3.62,179.25,278.56,0,3,0,0
2026-08-15T23:08:16.130,IMU-1,0x28,-3.62,179.25,278.56,0,3,0,0
2026-08-15T23:08:16.231,IMU-1,0x28,-3.62,179.25,278.56,0,3,0,0
2026-08-15T23:08:16.329,IMU-1,0x28,-3.62,179.25,278.56,0,3,0,0
2026-08-15T23:08:16.429,IMU-1,0x28,-3.62,179.25,278.56,0,3,0,0
2026-08-15T23:08:16.530,IMU-1,0x28,-3.62,179.25,278.56,0,3,0,0
2026-08-15T23:08:16.629,IMU-1,0x28,-3.62,179.25,278.56,0,3,0,0
2026-08-15T23:08:16.729,IMU-1,0x28,-3.62,179.25,278.56,0,3,0,0
2026-08-15T23:08:16.829,IMU-1,0x28,-3.62,179.25,278.56,0,3,0,0
2026-08-15T23:08:16.929,IMU-1,0x28,-3.62,179.25,278.56,0,3,0,0
2026-08-15T23:08:17.030,IMU-1,0x28,-3.62,179.25,278.56,0,3,0,0
2026-08-15T23:08:17.130,IMU-1,0x28,-3.62,179.25,278.56,0,3,0,0
2026-08-15T23:08:17.231,IMU-1,0x28,-3.62,179.25,278.56,0,3,0,0
2026-08-15T23:08:17.330,IMU-1,0x28,-3.62,179.25,278.56,0,3,0,0
2026-08-15T23:08:17.430,IMU-1,0x28,-3.62,179.25,278.56,0,3,0,0
2026-08-15T23:08:17.530,IMU-1,0x28,-3.62,179.25,278.56,0,3,0,0
2026-08-15T23:08:17.631,IMU-1,0x28,-3.62,179.25,278.56,0,3,0,0
2026-08-15T23:08:17.731,IMU-1,0x28,-3.62,179.25,278.56,0,3,0,0
2026-08-15T23:08:17.831,IMU-1,0x28,-3.62,179.25,278.56,0,3,0,0
2026-08-15T23:08:17.931,IMU-1,0x28,-3.62,179.25,278.56,0,3,0,0
2026-08-15T23:08:18.031,IMU-1,0x28,-3.62,179.25,278.56,0,3,0,0
2026-08-15T23:08:18.131,IMU-1,0x28,-3.62,179.25,278.56,0,3,0,0
2026-08-15T23:08:18.232,IMU-1,0x28,-3.62,179.25,278.56,0,3,0,0
2026-08-15T23:08:18.331,IMU-1,0x28,-3.62,179.25,278.56,0,3,0,0
2026-08-15T23:08:18.431,IMU-1,0x28,-3.62,179.25,278.56,0,3,0,0
2026-08-15T23:08:18.530,IMU-1,0x28,-3.62,179.25,278.56,0,3,0,0
2026-08-15T23:08:18.630,IMU-1,0x28,-3.62,179.25,278.56,0,3,0,0
2026-08-15T23:08:18.730,IMU-1,0x28,-3.62,179.25,278.56,0,3,0,0
2026-08-15T23:08:18.830,IMU-1,0x28,-3.62,179.25,278.56,0,3,0,0
2026-08-15T23:08:18.930,IMU-1,0x28,-3.62,179.25,278.56,0,3,0,0
2026-08-15T23:08:19.030,IMU-1,0x28,-3.62,179.25,278.56,0,3,0,0
2026-08-15T23:08:19.130,IMU-1,0x28,-3.62,179.25,278.56,0,3,0,0
2026-08-15T23:08:19.231,IMU-1,0x28,-3.62,179.25,278.56,0,3,0,0
2026-08-15T23:08:19.330,IMU-1,0x28,-3.62,179.25,278.56,0,3,0,0
2026-08-15T23:08:19.431,IMU-1,0x28,-3.62,179.25,278.56,0,3,0,0
2026-08-15T23:08:19.531,IMU-1,0x28,-3.62,179.25,278.56,0,3,0,0
2026-08-15T23:08:19.631,IMU-1,0x28,-3.62,179.25,278.56,0,3,0,0
2026-08-15T23:08:19.732,IMU-1,0x28,-3.62,179.25,278.56,0,3,0,0
2026-08-15T23:08:19.832,IMU-1,0x28,-3.62,179.25,278.56,0,3,0,0
2026-08-15T23:08:19.932,IMU-1,0x28,-3.62,179.25,278.56,0,3,0,0
2026-08-15T23:08:20.032,IMU-1,0x28,-3.62,179.25,278.56,0,3,0,0
2026-08-15T23:08:20.132,IMU-1,0x28,-3.62,179.25,278.56,0,3,0,0
2026-08-15T23:08:20.233,IMU-1,0x28,-3.62,179.25,278.56,0,3,0,0
2026-08-15T23:08:20.333,IMU-1,0x28,-3.62,179.25,278.56,0,3,0,0
2026-08-15T23:08:20.433,IMU-1,0x28,-3.62,179.25,278.56,0,3,0,0
2026-08-15T23:08:20.533,IMU-1,0x28,-3.62,179.25,278.56,0,3,0,0
2026-08-15T23:08:20.633,IMU-1,0x28,-3.62,179.25,278.56,0,3,0,0
2026-08-15T23:08:20.732,IMU-1,0x28,-3.62,179.25,278.56,0,3,0,0
2026-08-15T23:08:20.832,IMU-1,0x28,-3.62,179.25,278.56,0,3,0,0
2026-08-15T23:08:20.931,IMU-1,0x28,-3.62,179.25,278.56,0,3,0,0
2026-08-15T23:08:21.031,IMU-1,0x28,-3.62,179.25,278.56,0,3,0,0
2026-08-15T23:08:21.131,IMU-1,0x28,-3.62,179.25,278.56,0,3,0,0
2026-08-15T23:08:21.232,IMU-1,0x28,-3.62,179.25,278.56,0,3,0,0
2026-08-15T23:08:21.331,IMU-1,0x28,-3.62,179.25,278.56,0,3,0,0
2026-08-15T23:08:21.432,IMU-1,0x28,-3.62,179.25,278.56,0,3,0,0
2026-08-15T23:08:21.532,IMU-1,0x28,-3.62,179.25,278.56,0,3,0,0
2026-08-15T23:08:21.632,IMU-1,0x28,-3.62,179.25,278.56,0,3,0,0
2026-08-15T23:08:21.732,IMU-1,0x28,-3.62,179.25,278.56,0,3,0,0
2026-08-15T23:08:21.832,IMU-1,0x28,-3.62,179.25,278.56,0,3,0,0
2026-08-15T23:08:21.933,IMU-1,0x28,-3.62,179.25,278.56,0,3,0,0
2026-08-15T23:08:22.033,IMU-1,0x28,-3.62,179.25,278.56,0,3,0,0
2026-08-15T23:08:22.133,IMU-1,0x28,-3.62,179.25,278.56,0,3,0,0
2026-08-15T23:08:22.234,IMU-1,0x28,-3.62,179.25,278.56,0,3,0,0
2026-08-15T23:08:22.333,IMU-1,0x28,-3.62,179.25,278.56,0,3,0,0
2026-08-15T23:08:22.432,IMU-1,0x28,-3.62,179.25,278.56,0,3,0,0
2026-08-15T23:08:22.532,IMU-1,0x28,-3.62,179.25,278.56,0,3,0,0
2026-08-15T23:08:22.633,IMU-1,0x28,-3.62,179.25,278.56,0,3,0,0
2026-08-15T23:08:22.733,IMU-1,0x28,-3.62,179.25,278.56,0,3,0,0
2026-08-15T23:08:22.833,IMU-1,0x28,-3.62,179.25,278.56,0,3,0,0
2026-08-15T23:08:22.933,IMU-1,0x28,-3.62,179.25,278.56,0,3,0,0
2026-08-15T23:08:23.033,IMU-1,0x28,-3.62,179.25,278.56,0,3,0,0
2026-08-15T23:08:23.134,IMU-1,0x28,-3.62,179.25,278.56,0,3,0,0
2026-08-15T23:08:23.234,IMU-1,0x28,-3.62,179.25,278.56,0,3,0,0
2026-08-15T23:08:23.333,IMU-1,0x28,-3.62,179.25,278.56,0,3,0,0
2026-08-15T23:08:23.433,IMU-1,0x28,-3.62,179.25,278.56,0,3,0,0
2026-08-15T23:08:23.534,IMU-1,0x28,-3.62,179.25,278.56,0,3,0,0
2026-08-15T23:08:23.634,IMU-1,0x28,-3.62,179.25,278.56,0,3,0,0
2026-08-15T23:08:23.734,IMU-1,0x28,-3.62,179.25,278.56,0,3,0,0
2026-08-15T23:08:23.834,IMU-1,0x28,-3.62,179.25,278.56,0,3,0,0
2026-08-15T23:08:23.934,IMU-1,0x28,-3.62,179.25,278.56,0,3,0,0
2026-08-15T23:08:24.034,IMU-1,0x28,-3.62,179.25,278.56,0,3,0,0
2026-08-15T23:08:24.134,IMU-1,0x28,-3.62,179.25,278.56,0,3,0,0
2026-08-15T23:08:24.235,IMU-1,0x28,-3.62,179.25,278.56,0,3,0,0
2026-08-15T23:08:24.335,IMU-1,0x28,-3.62,179.25,278.56,0,3,0,0
2026-08-15T23:08:24.435,IMU-1,0x28,-3.62,179.25,278.56,0,3,0,0
2026-08-15T23:08:24.535,IMU-1,0x28,-3.62,179.25,278.56,0,3,0,0
2026-08-15T23:08:24.635,IMU-1,0x28,-3.62,179.25,278.56,0,3,0,0
2026-08-15T23:08:24.735,IMU-1,0x28,-3.62,179.25,278.56,0,3,0,0
2026-08-15T23:08:24.835,IMU-1,0x28,-3.62,179.25,278.56,0,3,0,0
2026-08-15T23:08:24.935,IMU-1,0x28,-3.62,179.25,278.56,0,3,0,0
2026-08-15T23:08:25.035,IMU-1,0x28,-3.62,179.25,278.56,0,3,0,0
2026-08-15T23:08:25.135,IMU-1,0x28,-3.62,179.25,278.56,0,3,0,0
2026-08-15T23:08:25.236,IMU-1,0x28,-3.62,179.25,278.56,0,3,0,0
2026-08-15T23:08:25.334,IMU-1,0x28,-3.62,179.25,278.56,0,3,0,0
2026-08-15T23:08:25.434,IMU-1,0x28,-3.62,179.25,278.56,0,3,0,0
2026-08-15T23:08:25.534,IMU-1,0x28,-3.62,179.25,278.56,0,3,0,0
2026-08-15T23:08:25.634,IMU-1,0x28,-3.62,179.25,278.56,0,3,0,0
2026-08-15T23:08:25.734,IMU-1,0x28,-3.62,179.25,278.56,0,3,0,0
2026-08-15T23:08:25.834,IMU-1,0x28,-3.62,179.25,278.56,0,3,0,0
2026-08-15T23:08:25.935,IMU-1,0x28,-3.62,179.25,278.56,0,3,0,0
2026-08-15T23:08:26.035,IMU-1,0x28,-3.62,179.25,278.56,0,3,0,0
2026-08-15T23:08:26.135,IMU-1,0x28,-3.62,179.25,278.56,0,3,0,0
2026-08-15T23:08:26.236,IMU-1,0x28,-3.62,179.25,278.56,0,3,0,0
2026-08-15T23:08:26.335,IMU-1,0x28,-3.62,179.25,278.56,0,3,0,0
2026-08-15T23:08:26.435,IMU-1,0x28,-3.62,179.25,278.56,0,3,0,0
2026-08-15T23:08:26.536,IMU-1,0x28,-3.62,179.25,278.56,0,3,0,0
2026-08-15T23:08:26.636,IMU-1,0x28,-3.62,179.25,278.56,0,3,0,0
2026-08-15T23:08:26.736,IMU-1,0x28,-3.62,179.25,278.56,0,3,0,0
2026-08-15T23:08:26.836,IMU-1,0x28,-3.62,179.25,278.56,0,3,0,0
2026-08-15T23:08:26.936,IMU-1,0x28,-3.62,179.25,278.56,0,3,0,0
2026-08-15T23:08:27.037,IMU-1,0x28,-3.62,179.25,278.56,0,3,0,0
2026-08-15T23:08:27.137,IMU-1,0x28,-3.62,179.25,278.56,0,3,0,0
2026-08-15T23:08:27.238,IMU-1,0x28,-3.62,179.25,278.56,0,3,0,0
2026-08-15T23:08:27.337,IMU-1,0x28,-3.62,179.25,278.56,0,3,0,0
2026-08-15T23:08:27.437,IMU-1,0x28,-3.62,179.25,278.56,0,3,0,0
2026-08-15T23:08:27.536,IMU-1,0x28,-3.62,179.25,278.56,0,3,0,0
2026-08-15T23:08:27.636,IMU-1,0x28,-3.62,179.25,278.56,0,3,0,0
2026-08-15T23:08:27.735,IMU-1,0x28,-3.62,179.25,278.56,0,3,0,0
2026-08-15T23:08:27.835,IMU-1,0x28,-3.62,179.25,278.56,0,3,0,0
2026-08-15T23:08:27.935,IMU-1,0x28,-3.62,179.25,278.56,0,3,0,0
2026-08-15T23:08:28.035,IMU-1,0x28,-3.62,179.25,278.56,0,3,0,0
2026-08-15T23:08:28.135,IMU-1,0x28,-3.62,179.25,278.56,0,3,0,0
2026-08-15T23:08:28.236,IMU-1,0x28,-3.62,179.25,278.56,0,3,0,0
2026-08-15T23:08:28.335,IMU-1,0x28,-3.62,179.25,278.56,0,3,0,0
2026-08-15T23:08:28.436,IMU-1,0x28,-3.62,179.25,278.56,0,3,0,0
2026-08-15T23:08:28.536,IMU-1,0x28,-3.62,179.25,278.56,0,3,0,0
2026-08-15T23:08:28.636,IMU-1,0x28,-3.62,179.25,278.56,0,3,0,0
2026-08-15T23:08:28.737,IMU-1,0x28,-3.62,179.25,278.56,0,3,0,0
2026-08-15T23:08:28.837,IMU-1,0x28,-3.62,179.25,278.56,0,3,0,0
2026-08-15T23:08:28.937,IMU-1,0x28,-3.62,179.25,278.56,0,3,0,0
2026-08-15T23:08:29.038,IMU-1,0x28,-3.62,179.25,278.56,0,3,0,0
2026-08-15T23:08:29.138,IMU-1,0x28,-3.62,179.25,278.56,0,3,0,0
2026-08-15T23:08:29.239,IMU-1,0x28,-3.62,179.25,278.56,0,3,0,0
2026-08-15T23:08:29.338,IMU-1,0x28,-3.62,179.25,278.56,0,3,0,0
2026-08-15T23:08:29.438,IMU-1,0x28,-3.62,179.25,278.56,0,3,0,0
2026-08-15T23:08:29.538,IMU-1,0x28,-3.62,179.25,278.56,0,3,0,0
2026-08-15T23:08:29.638,IMU-1,0x28,-3.62,179.25,278.56,0,3,0,0
2026-08-15T23:08:29.738,IMU-1,0x28,-3.62,179.25,278.56,0,3,0,0
2026-08-15T23:08:29.838,IMU-1,0x28,-3.62,179.25,278.56,0,3,0,0
2026-08-15T23:08:29.938,IMU-1,0x28,-3.62,179.25,278.56,0,3,0,0
2026-08-15T23:08:30.038,IMU-1,0x28,-3.62,179.25,278.56,0,3,0,0
2026-08-15T23:08:30.138,IMU-1,0x28,-3.62,179.25,278.56,0,3,0,0
2026-08-15T23:08:30.238,IMU-1,0x28,-3.62,179.25,278.56,0,3,0,0
2026-08-15T23:08:30.337,IMU-1,0x28,-3.62,179.25,278.56,0,3,0,0
2026-08-15T23:08:30.437,IMU-1,0x28,-3.62,179.25,278.56,0,3,0,0
2026-08-15T23:08:30.538,IMU-1,0x28,-3.62,179.25,278.56,0,3,0,0
2026-08-15T23:08:30.637,IMU-1,0x28,-3.62,179.25,278.56,0,3,0,0
2026-08-15T23:08:30.738,IMU-1,0x28,-3.62,179.25,278.56,0,3,0,0
2026-08-15T23:08:30.838,IMU-1,0x28,-3.62,179.25,278.56,0,3,0,0
2026-08-15T23:08:30.938,IMU-1,0x28,-3.62,179.25,278.56,0,3,0,0
2026-08-15T23:08:31.038,IMU-1,0x28,-3.62,179.25,278.56,0,3,0,0
2026-08-15T23:08:31.138,IMU-1,0x28,-3.62,179.25,278.56,0,3,0,0
2026-08-15T23:08:31.239,IMU-1,0x28,-3.62,179.25,278.56,0,3,0,0
2026-08-15T23:08:31.339,IMU-1,0x28,-3.62,179.25,278.56,0,3,0,0
2026-08-15T23:08:31.439,IMU-1,0x28,-3.62,179.25,278.56,0,3,0,0
2026-08-15T23:08:31.539,IMU-1,0x28,-3.62,179.25,278.56,0,3,0,0
2026-08-15T23:08:31.639,IMU-1,0x28,-3.62,179.25,278.56,0,3,0,0
2026-08-15T23:08:31.739,IMU-1,0x28,-3.62,179.25,278.56,0,3,0,0
2026-08-15T23:08:31.839,IMU-1,0x28,-3.62,179.25,278.56,0,3,0,0
2026-08-15T23:08:31.939,IMU-1,0x28,-3.62,179.25,278.56,0,3,0,0
2026-08-15T23:08:32.039,IMU-1,0x28,-3.62,179.25,278.56,0,3,0,0
2026-08-15T23:08:32.139,IMU-1,0x28,-3.62,179.25,278.56,0,3,0,0
2026-08-15T23:08:32.240,IMU-1,0x28,-3.62,179.25,278.56,0,3,0,0
2026-08-15T23:08:32.339,IMU-1,0x28,-3.62,179.25,278.56,0,3,0,0
2026-08-15T23:08:32.439,IMU-1,0x28,-3.62,179.25,278.56,0,3,0,0
2026-08-15T23:08:32.539,IMU-1,0x28,-3.62,179.25,278.56,0,3,0,0
2026-08-15T23:08:32.639,IMU-1,0x28,-3.62,179.25,278.56,0,3,0,0
2026-08-15T23:08:32.739,IMU-1,0x28,-3.62,179.25,278.56,0,3,0,0
2026-08-15T23:08:32.839,IMU-1,0x28,-3.62,179.25,278.56,0,3,0,0
2026-08-15T23:08:32.939,IMU-1,0x28,-3.62,179.25,278.56,0,3,0,0
2026-08-15T23:08:33.039,IMU-1,0x28,-3.62,179.25,278.56,0,3,0,0
2026-08-15T23:08:33.139,IMU-1,0x28,-3.62,179.25,278.56,0,3,0,0
2026-08-15T23:08:33.240,IMU-1,0x28,-3.62,179.25,278.56,0,3,0,0
2026-08-15T23:08:33.339,IMU-1,0x28,-3.62,179.25,278.56,0,3,0,0
2026-08-15T23:08:33.439,IMU-1,0x28,-3.62,179.25,278.56,0,3,0,0
2026-08-15T23:08:33.540,IMU-1,0x28,-3.62,179.25,278.56,0,3,0,0
2026-08-15T23:08:33.640,IMU-1,0x28,-3.62,179.25,278.56,0,3,0,0
2026-08-15T23:08:33.741,IMU-1,0x28,-3.62,179.25,278.56,0,3,0,0
2026-08-15T23:08:33.840,IMU-1,0x28,-3.62,179.25,278.56,0,3,0,0
2026-08-15T23:08:33.939,IMU-1,0x28,-3.62,179.25,278.56,0,3,0,0
2026-08-15T23:08:34.039,IMU-1,0x28,-3.62,179.25,278.56,0,3,0,0
2026-08-15T23:08:34.139,IMU-1,0x28,-3.62,179.25,278.56,0,3,0,0
2026-08-15T23:08:34.239,IMU-1,0x28,-3.62,179.25,278.56,0,3,0,0
2026-08-15T23:08:34.339,IMU-1,0x28,-3.62,179.25,278.56,0,3,0,0
2026-08-15T23:08:34.439,IMU-1,0x28,-3.62,179.25,278.56,0,3,0,0
2026-08-15T23:08:34.539,IMU-1,0x28,-3.62,179.25,278.56,0,3,0,0
2026-08-15T23:08:34.639,IMU-1,0x28,-3.62,179.25,278.56,0,3,0,0
2026-08-15T23:08:34.739,IMU-1,0x28,-3.62,179.25,278.56,0,3,0,0
2026-08-15T23:08:34.839,IMU-1,0x28,-3.62,179.25,278.56,0,3,0,0
2026-08-15T23:08:34.939,IMU-1,0x28,-3.62,179.25,278.56,0,3,0,0
2026-08-15T23:08:35.039,IMU-1,0x28,-3.62,179.25,278.56,0,3,0,0
2026-08-15T23:08:35.140,IMU-1,0x28,-3.62,179.25,278.56,0,3,0,0
2026-08-15T23:08:35.240,IMU-1,0x28,-3.62,179.25,278.56,0,3,0,0
2026-08-15T23:08:35.340,IMU-1,0x28,-3.62,179.25,278.56,0,3,0,0
2026-08-15T23:08:35.440,IMU-1,0x28,-3.62,179.25,278.56,0,3,0,0
2026-08-15T23:08:35.540,IMU-1,0x28,-3.62,179.25,278.56,0,3,0,0
2026-08-15T23:08:35.641,IMU-1,0x28,-3.62,179.25,278.56,0,3,0,0
2026-08-15T23:08:35.741,IMU-1,0x28,-3.62,179.25,278.56,0,3,0,0
2026-08-15T23:08:35.841,IMU-1,0x28,-3.62,179.25,278.56,0,3,0,0
2026-08-15T23:08:35.942,IMU-1,0x28,-3.62,179.25,278.56,0,3,0,0
2026-08-15T23:08:36.042,IMU-1,0x28,-3.62,179.25,278.56,0,3,0,0
2026-08-15T23:08:36.142,IMU-1,0x28,-3.62,179.25,278.56,0,3,0,0
2026-08-15T23:08:36.243,IMU-1,0x28,-3.62,179.25,278.56,0,3,0,0
2026-08-15T23:08:36.342,IMU-1,0x28,-3.62,179.25,278.56,0,3,0,0
2026-08-15T23:08:36.442,IMU-1,0x28,-3.62,179.25,278.56,0,3,0,0
2026-08-15T23:08:36.542,IMU-1,0x28,-3.62,179.25,278.56,0,3,0,0
2026-08-15T23:08:36.642,IMU-1,0x28,-3.62,179.25,278.56,0,3,0,0
2026-08-15T23:08:36.741,IMU-1,0x28,-3.62,179.25,278.56,0,3,0,0
2026-08-15T23:08:36.841,IMU-1,0x28,-3.62,179.25,278.56,0,3,0,0
2026-08-15T23:08:36.940,IMU-1,0x28,-3.62,179.25,278.56,0,3,0,0
2026-08-15T23:08:37.040,IMU-1,0x28,-3.62,179.25,278.56,0,3,0,0
2026-08-15T23:08:37.140,IMU-1,0x28,-3.62,179.25,278.56,0,3,0,0
2026-08-15T23:08:37.241,IMU-1,0x28,-3.62,179.25,278.56,0,3,0,0
2026-08-15T23:08:37.341,IMU-1,0x28,-3.62,179.25,278.56,0,3,0,0
2026-08-15T23:08:37.441,IMU-1,0x28,-3.62,179.25,278.56,0,3,0,0
2026-08-15T23:08:37.541,IMU-1,0x28,-3.62,179.25,278.56,0,3,0,0
2026-08-15T23:08:37.641,IMU-1,0x28,-3.62,179.25,278.56,0,3,0,0
2026-08-15T23:08:37.741,IMU-1,0x28,-3.62,179.25,278.56,0,3,0,0
2026-08-15T23:08:37.841,IMU-1,0x28,-3.62,179.25,278.56,0,3,0,0
2026-08-15T23:08:37.942,IMU-1,0x28,-3.62,179.25,278.56,0,3,0,0
2026-08-15T23:08:38.042,IMU-1,0x28,-3.62,179.25,278.56,0,3,0,0
2026-08-15T23:08:38.142,IMU-1,0x28,-3.62,179.25,278.56,0,3,0,0
2026-08-15T23:08:38.243,IMU-1,0x28,-3.62,179.25,278.56,0,3,0,0
2026-08-15T23:08:38.343,IMU-1,0x28,-3.62,179.25,278.56,0,3,0,0
2026-08-15T23:08:38.443,IMU-1,0x28,-3.62,179.25,278.56,0,3,0,0
2026-08-15T23:08:38.543,IMU-1,0x28,-3.62,179.25,278.56,0,3,0,0
2026-08-15T23:08:38.643,IMU-1,0x28,-3.62,179.25,278.56,0,3,0,0
2026-08-15T23:08:38.743,IMU-1,0x28,-3.62,179.25,278.56,0,3,0,0
2026-08-15T23:08:38.844,IMU-1,0x28,-3.62,179.25,278.56,0,3,0,0
2026-08-15T23:08:38.943,IMU-1,0x28,-3.62,179.25,278.56,0,3,0,0
2026-08-15T23:08:39.043,IMU-1,0x28,-3.62,179.25,278.56,0,3,0,0
2026-08-15T23:08:39.143,IMU-1,0x28,-3.62,179.25,278.56,0,3,0,0
2026-08-15T23:08:39.244,IMU-1,0x28,-3.62,179.25,278.56,0,3,0,0
2026-08-15T23:08:39.342,IMU-1,0x28,-3.62,179.25,278.56,0,3,0,0
2026-08-15T23:08:39.443,IMU-1,0x28,-3.62,179.25,278.56,0,3,0,0
2026-08-15T23:08:39.543,IMU-1,0x28,-3.62,179.25,278.56,0,3,0,0
2026-08-15T23:08:39.643,IMU-1,0x28,-3.62,179.25,278.56,0,3,0,0
2026-08-15T23:08:39.743,IMU-1,0x28,-3.62,179.25,278.56,0,3,0,0
2026-08-15T23:08:39.843,IMU-1,0x28,-3.62,179.25,278.56,0,3,0,0
2026-08-15T23:08:39.943,IMU-1,0x28,-3.62,179.25,278.56,0,3,0,0
2026-08-15T23:08:40.043,IMU-1,0x28,-3.62,179.25,278.56,0,3,0,0
2026-08-15T23:08:40.143,IMU-1,0x28,-3.62,179.25,278.56,0,3,0,0
2026-08-15T23:08:40.244,IMU-1,0x28,-3.62,179.25,278.56,0,3,0,0
2026-08-15T23:08:40.343,IMU-1,0x28,-3.62,179.25,278.56,0,3,0,0
2026-08-15T23:08:40.444,IMU-1,0x28,-3.62,179.25,278.56,0,3,0,0
2026-08-15T23:08:40.544,IMU-1,0x28,-3.62,179.25,278.56,0,3,0,0
2026-08-15T23:08:40.644,IMU-1,0x28,-3.62,179.25,278.56,0,3,0,0
2026-08-15T23:08:40.744,IMU-1,0x28,-3.62,179.25,278.56,0,3,0,0
2026-08-15T23:08:40.844,IMU-1,0x28,-3.62,179.25,278.56,0,3,0,0
2026-08-15T23:08:40.944,IMU-1,0x28,-3.62,179.25,278.56,0,3,0,0
2026-08-15T23:08:41.044,IMU-1,0x28,-3.62,179.25,278.56,0,3,0,0
2026-08-15T23:08:41.144,IMU-1,0x28,-3.62,179.25,278.56,0,3,0,0
2026-08-15T23:08:41.245,IMU-1,0x28,-3.62,179.25,278.56,0,3,0,0
2026-08-15T23:08:41.344,IMU-1,0x28,-3.62,179.25,278.56,0,3,0,0
2026-08-15T23:08:41.443,IMU-1,0x28,-3.62,179.25,278.56,0,3,0,0
2026-08-15T23:08:41.543,IMU-1,0x28,-3.62,179.25,278.56,0,3,0,0
2026-08-15T23:08:41.643,IMU-1,0x28,-3.62,179.25,278.56,0,3,0,0
2026-08-15T23:08:41.743,IMU-1,0x28,-3.62,179.25,278.56,0,3,0,0
2026-08-15T23:08:41.844,IMU-1,0x28,-3.62,179.25,278.56,0,3,0,0
2026-08-15T23:08:41.944,IMU-1,0x28,-3.62,179.25,278.56,0,3,0,0
2026-08-15T23:08:42.044,IMU-1,0x28,-3.62,179.25,278.56,0,3,0,0
2026-08-15T23:08:42.144,IMU-1,0x28,-3.62,179.25,278.56,0,3,0,0
2026-08-15T23:08:42.245,IMU-1,0x28,-3.62,179.25,278.56,0,3,0,0
2026-08-15T23:08:42.344,IMU-1,0x28,-3.62,179.25,278.56,0,3,0,0
2026-08-15T23:08:42.444,IMU-1,0x28,-3.62,179.25,278.56,0,3,0,0
2026-08-15T23:08:42.545,IMU-1,0x28,-3.62,179.25,278.56,0,3,0,0
2026-08-15T23:08:42.645,IMU-1,0x28,-3.62,179.25,278.56,0,3,0,0
2026-08-15T23:08:42.745,IMU-1,0x28,-3.62,179.25,278.56,0,3,0,0
2026-08-15T23:08:42.845,IMU-1,0x28,-3.62,179.25,278.56,0,3,0,0
2026-08-15T23:08:42.945,IMU-1,0x28,-3.62,179.25,278.56,0,3,0,0
2026-08-15T23:08:43.045,IMU-1,0x28,-3.62,179.25,278.56,0,3,0,0
2026-08-15T23:08:43.145,IMU-1,0x28,-3.62,179.25,278.56,0,3,0,0
2026-08-15T23:08:43.247,IMU-1,0x28,-3.62,179.25,278.56,0,3,0,0
2026-08-15T23:08:43.346,IMU-1,0x28,-3.62,179.25,278.56,0,3,0,0
2026-08-15T23:08:43.446,IMU-1,0x28,-3.62,179.25,278.56,0,3,0,0
2026-08-15T23:08:43.546,IMU-1,0x28,-3.62,179.25,278.56,0,3,0,0
2026-08-15T23:08:43.645,IMU-1,0x28,-3.62,179.25,278.56,0,3,0,0
2026-08-15T23:08:43.744,IMU-1,0x28,-3.62,179.25,278.56,0,3,0,0
2026-08-15T23:08:43.844,IMU-1,0x28,-3.62,179.25,278.56,0,3,0,0
2026-08-15T23:08:43.944,IMU-1,0x28,-3.62,179.25,278.56,0,3,0,0
2026-08-15T23:08:44.044,IMU-1,0x28,-3.62,179.25,278.56,0,3,0,0
2026-08-15T23:08:44.144,IMU-1,0x28,-3.62,179.25,278.56,0,3,0,0
2026-08-15T23:08:44.245,IMU-1,0x28,-3.62,179.25,278.56,0,3,0,0
2026-08-15T23:08:44.344,IMU-1,0x28,-3.62,179.25,278.56,0,3,0,0
2026-08-15T23:08:44.445,IMU-1,0x28,-3.62,179.25,278.56,0,3,0,0
2026-08-15T23:08:44.545,IMU-1,0x28,-3.62,179.25,278.56,0,3,0,0
2026-08-15T23:08:44.645,IMU-1,0x28,-3.62,179.25,278.56,0,3,0,0
2026-08-15T23:08:44.745,IMU-1,0x28,-3.62,179.25,278.56,0,3,0,0
2026-08-15T23:08:44.846,IMU-1,0x28,-3.62,179.25,278.56,0,3,0,0
2026-08-15T23:08:44.946,IMU-1,0x28,-3.62,179.25,278.56,0,3,0,0
2026-08-15T23:08:45.046,IMU-1,0x28,-3.62,179.25,278.56,0,3,0,0
2026-08-15T23:08:45.147,IMU-1,0x28,-3.62,179.25,278.56,0,3,0,0
2026-08-15T23:08:45.247,IMU-1,0x28,-3.62,179.25,278.56,0,3,0,0
2026-08-15T23:08:45.347,IMU-1,0x28,-3.62,179.25,278.56,0,3,0,0
2026-08-15T23:08:45.447,IMU-1,0x28,-3.62,179.25,278.56,0,3,0,0
2026-08-15T23:08:45.546,IMU-1,0x28,-3.62,179.25,278.56,0,3,0,0
2026-08-15T23:08:45.646,IMU-1,0x28,-3.62,179.25,278.56,0,3,0,0
2026-08-15T23:08:45.746,IMU-1,0x28,-3.62,179.25,278.56,0,3,0,0
2026-08-15T23:08:45.846,IMU-1,0x28,-3.62,179.25,278.56,0,3,0,0
2026-08-15T23:08:45.946,IMU-1,0x28,-3.62,179.25,278.56,0,3,0,0
2026-08-15T23:08:46.046,IMU-1,0x28,-3.62,179.25,278.56,0,3,0,0
2026-08-15T23:08:46.146,IMU-1,0x28,-3.62,179.25,278.56,0,3,0,0
2026-08-15T23:08:46.247,IMU-1,0x28,-3.62,179.25,278.56,0,3,0,0
2026-08-15T23:08:46.346,IMU-1,0x28,-3.62,179.25,278.56,0,3,0,0
2026-08-15T23:08:46.446,IMU-1,0x28,-3.62,179.25,278.56,0,3,0,0
2026-08-15T23:08:46.547,IMU-1,0x28,-3.62,179.25,278.56,0,3,0,0
2026-08-15T23:08:46.647,IMU-1,0x28,-3.62,179.25,278.56,0,3,0,0
2026-08-15T23:08:46.747,IMU-1,0x28,-3.62,179.25,278.56,0,3,0,0
2026-08-15T23:08:46.847,IMU-1,0x28,-3.62,179.25,278.56,0,3,0,0
2026-08-15T23:08:46.947,IMU-1,0x28,-3.62,179.25,278.56,0,3,0,0
2026-08-15T23:08:47.047,IMU-1,0x28,-3.62,179.25,278.56,0,3,0,0
2026-08-15T23:08:47.147,IMU-1,0x28,-3.62,179.25,278.56,0,3,0,0
2026-08-15T23:08:47.248,IMU-1,0x28,-3.62,179.25,278.56,0,3,0,0
2026-08-15T23:08:47.348,IMU-1,0x28,-3.62,179.25,278.56,0,3,0,0
2026-08-15T23:08:47.448,IMU-1,0x28,-3.62,179.25,278.56,0,3,0,0
2026-08-15T23:08:47.548,IMU-1,0x28,-3.62,179.25,278.56,0,3,0,0
2026-08-15T23:08:47.648,IMU-1,0x28,-3.62,179.25,278.56,0,3,0,0
2026-08-15T23:08:47.748,IMU-1,0x28,-3.62,179.25,278.56,0,3,0,0
2026-08-15T23:08:47.848,IMU-1,0x28,-3.62,179.25,278.56,0,3,0,0
2026-08-15T23:08:47.948,IMU-1,0x28,-3.62,179.25,278.56,0,3,0,0
2026-08-15T23:08:48.048,IMU-1,0x28,-3.62,179.25,278.56,0,3,0,0
2026-08-15T23:08:48.148,IMU-1,0x28,-3.62,179.25,278.56,0,3,0,0
2026-08-15T23:08:48.248,IMU-1,0x28,-3.62,179.25,278.56,0,3,0,0
2026-08-15T23:08:48.347,IMU-1,0x28,-3.62,179.25,278.56,0,3,0,0
2026-08-15T23:08:48.447,IMU-1,0x28,-3.62,179.25,278.56,0,3,0,0
2026-08-15T23:08:48.548,IMU-1,0x28,-3.62,179.25,278.56,0,3,0,0
2026-08-15T23:08:48.648,IMU-1,0x28,-3.62,179.25,278.56,0,3,0,0
2026-08-15T23:08:48.748,IMU-1,0x28,-3.62,179.25,278.56,0,3,0,0
2026-08-15T23:08:48.848,IMU-1,0x28,-3.62,179.25,278.56,0,3,0,0
2026-08-15T23:08:48.948,IMU-1,0x28,-3.62,179.25,278.56,0,3,0,0
2026-08-15T23:08:49.048,IMU-1,0x28,-3.62,179.25,278.56,0,3,0,0
2026-08-15T23:08:49.148,IMU-1,0x28,-3.62,179.25,278.56,0,3,0,0
2026-08-15T23:08:49.249,IMU-1,0x28,-3.62,179.25,278.56,0,3,0,0
2026-08-15T23:08:49.348,IMU-1,0x28,-3.62,179.25,278.56,0,3,0,0
2026-08-15T23:08:49.449,IMU-1,0x28,-3.62,179.25,278.56,0,3,0,0
2026-08-15T23:08:49.549,IMU-1,0x28,-3.62,179.25,278.56,0,3,0,0
2026-08-15T23:08:49.649,IMU-1,0x28,-3.62,179.25,278.56,0,3,0,0
2026-08-15T23:08:49.749,IMU-1,0x28,-3.62,179.25,278.56,0,3,0,0
2026-08-15T23:08:49.849,IMU-1,0x28,-3.62,179.25,278.56,0,3,0,0
2026-08-15T23:08:49.949,IMU-1,0x28,-3.62,179.25,278.56,0,3,0,0
2026-08-15T23:08:50.049,IMU-1,0x28,-3.62,179.25,278.56,0,3,0,0
2026-08-15T23:08:50.150,IMU-1,0x28,-3.62,179.25,278.56,0,3,0,0
2026-08-15T23:08:50.250,IMU-1,0x28,-3.62,179.25,278.56,0,3,0,0
2026-08-15T23:08:50.350,IMU-1,0x28,-3.62,179.25,278.56,0,3,0,0
2026-08-15T23:08:50.449,IMU-1,0x28,-3.62,179.25,278.56,0,3,0,0
2026-08-15T23:08:50.549,IMU-1,0x28,-3.62,179.25,278.56,0,3,0,0
2026-08-15T23:08:50.648,IMU-1,0x28,-3.62,179.25,278.56,0,3,0,0
2026-08-15T23:08:50.748,IMU-1,0x28,-3.62,179.25,278.56,0,3,0,0
2026-08-15T23:08:50.848,IMU-1,0x28,-3.62,179.25,278.56,0,3,0,0
2026-08-15T23:08:50.948,IMU-1,0x28,-3.62,179.25,278.56,0,3,0,0
2026-08-15T23:08:51.048,IMU-1,0x28,-3.62,179.25,278.56,0,3,0,0
2026-08-15T23:08:51.148,IMU-1,0x28,-3.62,179.25,278.56,0,3,0,0
2026-08-15T23:08:51.249,IMU-1,0x28,-3.62,179.25,278.56,0,3,0,0
2026-08-15T23:08:51.349,IMU-1,0x28,-3.62,179.25,278.56,0,3,0,0
2026-08-15T23:08:51.449,IMU-1,0x28,-3.62,179.25,278.56,0,3,0,0
2026-08-15T23:08:51.549,IMU-1,0x28,-3.62,179.25,278.56,0,3,0,0
2026-08-15T23:08:51.650,IMU-1,0x28,-3.62,179.25,278.56,0,3,0,0
2026-08-15T23:08:51.750,IMU-1,0x28,-3.62,179.25,278.56,0,3,0,0
2026-08-15T23:08:51.850,IMU-1,0x28,-3.62,179.25,278.56,0,3,0,0
2026-08-15T23:08:51.951,IMU-1,0x28,-3.62,179.25,278.56,0,3,0,0
2026-08-15T23:08:52.051,IMU-1,0x28,-3.62,179.25,278.56,0,3,0,0
2026-08-15T23:08:52.151,IMU-1,0x28,-3.62,179.25,278.56,0,3,0,0
2026-08-15T23:08:52.252,IMU-1,0x28,-3.62,179.25,278.56,0,3,0,0
2026-08-15T23:08:52.351,IMU-1,0x28,-3.62,179.25,278.56,0,3,0,0
2026-08-15T23:08:52.451,IMU-1,0x28,-3.62,179.25,278.56,0,3,0,0
2026-08-15T23:08:52.551,IMU-1,0x28,-3.62,179.25,278.56,0,3,0,0
2026-08-15T23:08:52.651,IMU-1,0x28,-3.62,179.25,278.56,0,3,0,0
2026-08-15T23:08:52.750,IMU-1,0x28,-3.62,179.25,278.56,0,3,0,0
2026-08-15T23:08:52.850,IMU-1,0x28,-3.62,179.25,278.56,0,3,0,0
2026-08-15T23:08:52.950,IMU-1,0x28,-3.62,179.25,278.56,0,3,0,0
2026-08-15T23:08:53.050,IMU-1,0x28,-3.62,179.25,278.56,0,3,0,0
2026-08-15T23:08:53.150,IMU-1,0x28,-3.62,179.25,278.56,0,3,0,0
2026-08-15T23:08:53.250,IMU-1,0x28,-3.62,179.25,278.56,0,3,0,0
2026-08-15T23:08:53.350,IMU-1,0x28,-3.62,179.25,278.56,0,3,0,0
2026-08-15T23:08:53.450,IMU-1,0x28,-3.62,179.25,278.56,0,3,0,0
2026-08-15T23:08:53.550,IMU-1,0x28,-3.62,179.25,278.56,0,3,0,0
2026-08-15T23:08:53.650,IMU-1,0x28,-3.62,179.25,278.56,0,3,0,0
2026-08-15T23:08:53.751,IMU-1,0x28,-3.62,179.25,278.56,0,3,0,0
2026-08-15T23:08:53.851,IMU-1,0x28,-3.56,179.25,278.56,0,3,0,0
2026-08-15T23:08:53.951,IMU-1,0x28,-3.56,179.25,278.56,0,3,0,0
2026-08-15T23:08:54.051,IMU-1,0x28,-3.56,179.25,278.56,0,3,0,0
2026-08-15T23:08:54.152,IMU-1,0x28,-3.56,179.25,278.56,0,3,0,0
2026-08-15T23:08:54.252,IMU-1,0x28,-3.56,179.25,278.56,0,3,0,0
2026-08-15T23:08:54.352,IMU-1,0x28,-3.56,179.25,278.56,0,3,0,0
2026-08-15T23:08:54.452,IMU-1,0x28,-3.56,179.25,278.56,0,3,0,0
2026-08-15T23:08:54.552,IMU-1,0x28,-3.56,179.25,278.56,0,3,0,0
2026-08-15T23:08:54.652,IMU-1,0x28,-3.56,179.25,278.56,0,3,0,0
2026-08-15T23:08:54.753,IMU-1,0x28,-3.56,179.25,278.56,0,3,0,0
2026-08-15T23:08:54.852,IMU-1,0x28,-3.56,179.25,278.56,0,3,0,0
2026-08-15T23:08:54.953,IMU-1,0x28,-3.56,179.25,278.56,0,3,0,0
2026-08-15T23:08:55.053,IMU-1,0x28,-3.56,179.25,278.56,0,3,0,0
2026-08-15T23:08:55.153,IMU-1,0x28,-3.56,179.25,278.56,0,3,0,0
2026-08-15T23:08:55.253,IMU-1,0x28,-3.56,179.25,278.56,0,3,0,0
2026-08-15T23:08:55.353,IMU-1,0x28,-3.56,179.25,278.56,0,3,0,0
2026-08-15T23:08:55.452,IMU-1,0x28,-3.56,179.25,278.56,0,3,0,0
2026-08-15T23:08:55.552,IMU-1,0x28,-3.56,179.25,278.56,0,3,0,0
2026-08-15T23:08:55.652,IMU-1,0x28,-3.56,179.25,278.56,0,3,0,0
2026-08-15T23:08:55.752,IMU-1,0x28,-3.56,179.25,278.56,0,3,0,0
2026-08-15T23:08:55.852,IMU-1,0x28,-3.56,179.25,278.56,0,3,0,0
2026-08-15T23:08:55.952,IMU-1,0x28,-3.56,179.25,278.56,0,3,0,0
2026-08-15T23:08:56.052,IMU-1,0x28,-3.56,179.25,278.56,0,3,0,0
2026-08-15T23:08:56.152,IMU-1,0x28,-3.56,179.25,278.56,0,3,0,0
2026-08-15T23:08:56.253,IMU-1,0x28,-3.56,179.25,278.56,0,3,0,0
2026-08-15T23:08:56.353,IMU-1,0x28,-3.56,179.25,278.56,0,3,0,0
2026-08-15T23:08:56.453,IMU-1,0x28,-3.56,179.25,278.56,0,3,0,0
2026-08-15T23:08:56.553,IMU-1,0x28,-3.56,179.25,278.56,0,3,0,0
2026-08-15T23:08:56.653,IMU-1,0x28,-3.56,179.25,278.56,0,3,0,0
2026-08-15T23:08:56.753,IMU-1,0x28,-3.56,179.25,278.56,0,3,0,0
2026-08-15T23:08:56.853,IMU-1,0x28,-3.56,179.25,278.56,0,3,0,0
2026-08-15T23:08:56.952,IMU-1,0x28,-3.56,179.25,278.56,0,3,0,0
2026-08-15T23:08:57.052,IMU-1,0x28,-3.56,179.25,278.56,0,3,0,0
2026-08-15T23:08:57.152,IMU-1,0x28,-3.56,179.25,278.56,0,3,0,0
2026-08-15T23:08:57.253,IMU-1,0x28,-3.56,179.25,278.56,0,3,0,0
2026-08-15T23:08:57.352,IMU-1,0x28,-3.56,179.25,278.56,0,3,0,0
2026-08-15T23:08:57.452,IMU-1,0x28,-3.56,179.25,278.56,0,3,0,0
2026-08-15T23:08:57.552,IMU-1,0x28,-3.56,179.25,278.56,0,3,0,0
2026-08-15T23:08:57.652,IMU-1,0x28,-3.56,179.25,278.56,0,3,0,0
2026-08-15T23:08:57.752,IMU-1,0x28,-3.56,179.25,278.56,0,3,0,0
2026-08-15T23:08:57.853,IMU-1,0x28,-3.56,179.25,278.56,0,3,0,0
2026-08-15T23:08:57.953,IMU-1,0x28,-3.56,179.25,278.56,0,3,0,0
2026-08-15T23:08:58.053,IMU-1,0x28,-3.56,179.25,278.56,0,3,0,0
2026-08-15T23:08:58.153,IMU-1,0x28,-3.56,179.25,278.56,0,3,0,0
2026-08-15T23:08:58.254,IMU-1,0x28,-3.56,179.25,278.56,0,3,0,0
2026-08-15T23:08:58.354,IMU-1,0x28,-3.56,179.25,278.56,0,3,0,0
2026-08-15T23:08:58.454,IMU-1,0x28,-3.56,179.25,278.56,0,3,0,0
2026-08-15T23:08:58.554,IMU-1,0x28,-3.56,179.25,278.56,0,3,0,0
2026-08-15T23:08:58.654,IMU-1,0x28,-3.56,179.25,278.56,0,3,0,0
2026-08-15T23:08:58.754,IMU-1,0x28,-3.56,179.25,278.56,0,3,0,0
2026-08-15T23:08:58.855,IMU-1,0x28,-3.56,179.25,278.56,0,3,0,0
2026-08-15T23:08:58.955,IMU-1,0x28,-3.56,179.25,278.56,0,3,0,0
2026-08-15T23:08:59.055,IMU-1,0x28,-3.56,179.25,278.56,0,3,0,0
2026-08-15T23:08:59.155,IMU-1,0x28,-3.56,179.25,278.56,0,3,0,0
2026-08-15T23:08:59.256,IMU-1,0x28,-3.56,179.25,278.56,0,3,0,0
2026-08-15T23:08:59.355,IMU-1,0x28,-3.56,179.25,278.56,0,3,0,0
2026-08-15T23:08:59.455,IMU-1,0x28,-3.56,179.25,278.56,0,3,0,0
2026-08-15T23:08:59.555,IMU-1,0x28,-3.56,179.25,278.56,0,3,0,0
2026-08-15T23:08:59.655,IMU-1,0x28,-3.56,179.25,278.56,0,3,0,0
2026-08-15T23:08:59.755,IMU-1,0x28,-3.56,179.25,278.56,0,3,0,0
2026-08-15T23:08:59.855,IMU-1,0x28,-3.56,179.25,278.56,0,3,0,0
2026-08-15T23:08:59.954,IMU-1,0x28,-3.56,179.25,278.56,0,3,0,0
2026-08-15T23:09:00.054,IMU-1,0x28,-3.56,179.25,278.56,0,3,0,0
2026-08-15T23:09:00.154,IMU-1,0x28,-3.56,179.25,278.56,0,3,0,0
2026-08-15T23:09:00.254,IMU-1,0x28,-3.56,179.25,278.56,0,3,0,0
2026-08-15T23:09:00.354,IMU-1,0x28,-3.56,179.25,278.56,0,3,0,0
2026-08-15T23:09:00.454,IMU-1,0x28,-3.56,179.25,278.56,0,3,0,0
2026-08-15T23:09:00.554,IMU-1,0x28,-3.56,179.25,278.56,0,3,0,0
2026-08-15T23:09:00.654,IMU-1,0x28,-3.56,179.25,278.56,0,3,0,0
2026-08-15T23:09:00.755,IMU-1,0x28,-3.56,179.25,278.56,0,3,0,0
2026-08-15T23:09:00.855,IMU-1,0x28,-3.56,179.25,278.56,0,3,0,0
2026-08-15T23:09:00.955,IMU-1,0x28,-3.56,179.25,278.56,0,3,0,0
2026-08-15T23:09:01.056,IMU-1,0x28,-3.56,179.25,278.56,0,3,0,0
2026-08-15T23:09:01.156,IMU-1,0x28,-3.56,179.25,278.56,0,3,0,0
2026-08-15T23:09:01.257,IMU-1,0x28,-3.56,179.25,278.56,0,3,0,0
2026-08-15T23:09:01.356,IMU-1,0x28,-3.56,179.25,278.56,0,3,0,0
2026-08-15T23:09:01.456,IMU-1,0x28,-3.56,179.25,278.56,0,3,0,0
2026-08-15T23:09:01.556,IMU-1,0x28,-3.56,179.25,278.56,0,3,0,0
2026-08-15T23:09:01.656,IMU-1,0x28,-3.56,179.25,278.56,0,3,0,0
2026-08-15T23:09:01.756,IMU-1,0x28,-3.56,179.25,278.56,0,3,0,0
2026-08-15T23:09:01.856,IMU-1,0x28,-3.56,179.25,278.56,0,3,0,0
2026-08-15T23:09:01.957,IMU-1,0x28,-3.56,179.25,278.56,0,3,0,0
2026-08-15T23:09:02.056,IMU-1,0x28,-3.56,179.25,278.56,0,3,0,0
2026-08-15T23:09:02.156,IMU-1,0x28,-3.56,179.25,278.56,0,3,0,0
2026-08-15T23:09:02.257,IMU-1,0x28,-3.56,179.25,278.56,0,3,0,0
2026-08-15T23:09:02.356,IMU-1,0x28,-3.56,179.25,278.56,0,3,0,0
2026-08-15T23:09:02.456,IMU-1,0x28,-3.56,179.25,278.56,0,3,0,0
2026-08-15T23:09:02.556,IMU-1,0x28,-3.56,179.25,278.56,0,3,0,0
2026-08-15T23:09:02.656,IMU-1,0x28,-3.56,179.25,278.56,0,3,0,0
2026-08-15T23:09:02.756,IMU-1,0x28,-3.56,179.25,278.56,0,3,0,0
2026-08-15T23:09:02.856,IMU-1,0x28,-3.56,179.25,278.56,0,3,0,0
2026-08-15T23:09:02.956,IMU-1,0x28,-3.56,179.25,278.56,0,3,0,0
2026-08-15T23:09:03.057,IMU-1,0x28,-3.56,179.25,278.56,0,3,0,0
2026-08-15T23:09:03.157,IMU-1,0x28,-3.56,179.25,278.56,0,3,0,0
2026-08-15T23:09:03.257,IMU-1,0x28,-3.56,179.25,278.56,0,3,0,0
2026-08-15T23:09:03.357,IMU-1,0x28,-3.56,179.25,278.56,0,3,0,0
2026-08-15T23:09:03.457,IMU-1,0x28,-3.56,179.25,278.56,0,3,0,0
2026-08-15T23:09:03.557,IMU-1,0x28,-3.56,179.25,278.56,0,3,0,0
2026-08-15T23:09:03.657,IMU-1,0x28,-3.56,179.25,278.56,0,3,0,0
2026-08-15T23:09:03.757,IMU-1,0x28,-3.56,179.25,278.56,0,3,0,0
2026-08-15T23:09:03.858,IMU-1,0x28,-3.56,179.25,278.56,0,3,0,0
2026-08-15T23:09:03.958,IMU-1,0x28,-3.56,179.25,278.56,0,3,0,0
2026-08-15T23:09:04.058,IMU-1,0x28,-3.56,179.25,278.56,0,3,0,0
2026-08-15T23:09:04.158,IMU-1,0x28,-3.56,179.25,278.56,0,3,0,0
2026-08-15T23:09:04.259,IMU-1,0x28,-3.56,179.25,278.56,0,3,0,0
2026-08-15T23:09:04.357,IMU-1,0x28,-3.56,179.25,278.56,0,3,0,0
2026-08-15T23:09:04.457,IMU-1,0x28,-3.56,179.25,278.56,0,3,0,0
2026-08-15T23:09:04.557,IMU-1,0x28,-3.56,179.25,278.56,0,3,0,0
2026-08-15T23:09:04.656,IMU-1,0x28,-3.56,179.25,278.56,0,3,0,0
2026-08-15T23:09:04.756,IMU-1,0x28,-3.56,179.25,278.56,0,3,0,0
2026-08-15T23:09:04.857,IMU-1,0x28,-3.56,179.25,278.56,0,3,0,0
2026-08-15T23:09:04.957,IMU-1,0x28,-3.56,179.25,278.56,0,3,0,0
2026-08-15T23:09:05.057,IMU-1,0x28,-3.56,179.25,278.56,0,3,0,0
2026-08-15T23:09:05.157,IMU-1,0x28,-3.56,179.25,278.56,0,3,0,0
2026-08-15T23:09:05.258,IMU-1,0x28,-3.56,179.25,278.56,0,3,0,0
2026-08-15T23:09:05.358,IMU-1,0x28,-3.56,179.25,278.56,0,3,0,0
2026-08-15T23:09:05.458,IMU-1,0x28,-3.56,179.25,278.56,0,3,0,0
2026-08-15T23:09:05.558,IMU-1,0x28,-3.56,179.25,278.56,0,3,0,0
2026-08-15T23:09:05.658,IMU-1,0x28,-3.56,179.25,278.56,0,3,0,0
2026-08-15T23:09:05.758,IMU-1,0x28,-3.56,179.25,278.56,0,3,0,0
2026-08-15T23:09:05.859,IMU-1,0x28,-3.56,179.25,278.56,0,3,0,0
2026-08-15T23:09:05.959,IMU-1,0x28,-3.56,179.25,278.56,0,3,0,0
2026-08-15T23:09:06.059,IMU-1,0x28,-3.56,179.25,278.56,0,3,0,0
2026-08-15T23:09:06.159,IMU-1,0x28,-3.56,179.25,278.56,0,3,0,0
2026-08-15T23:09:06.260,IMU-1,0x28,-3.56,179.25,278.56,0,3,0,0
2026-08-15T23:09:06.359,IMU-1,0x28,-3.56,179.25,278.56,0,3,0,0
2026-08-15T23:09:06.459,IMU-1,0x28,-3.56,179.25,278.56,0,3,0,0
2026-08-15T23:09:06.559,IMU-1,0x28,-3.56,179.25,278.56,0,3,0,0
2026-08-15T23:09:06.659,IMU-1,0x28,-3.56,179.25,278.56,0,3,0,0
2026-08-15T23:09:06.759,IMU-1,0x28,-3.56,179.25,278.56,0,3,0,0
2026-08-15T23:09:06.859,IMU-1,0x28,-3.56,179.25,278.56,0,3,0,0
2026-08-15T23:09:06.958,IMU-1,0x28,-3.56,179.25,278.56,0,3,0,0
2026-08-15T23:09:07.058,IMU-1,0x28,-3.56,179.25,278.56,0,3,0,0
2026-08-15T23:09:07.158,IMU-1,0x28,-3.56,179.25,278.56,0,3,0,0
2026-08-15T23:09:07.259,IMU-1,0x28,-3.56,179.25,278.56,0,3,0,0
2026-08-15T23:09:07.358,IMU-1,0x28,-3.56,179.25,278.56,0,3,0,0
2026-08-15T23:09:07.458,IMU-1,0x28,-3.56,179.25,278.56,0,3,0,0
2026-08-15T23:09:07.558,IMU-1,0x28,-3.56,179.25,278.56,0,3,0,0
2026-08-15T23:09:07.659,IMU-1,0x28,-3.56,179.25,278.56,0,3,0,0
2026-08-15T23:09:07.759,IMU-1,0x28,-3.56,179.25,278.56,0,3,0,0
2026-08-15T23:09:07.859,IMU-1,0x28,-3.56,179.25,278.56,0,3,0,0
2026-08-15T23:09:07.959,IMU-1,0x28,-3.56,179.25,278.56,0,3,0,0
2026-08-15T23:09:08.060,IMU-1,0x28,-3.56,179.25,278.56,0,3,0,0
2026-08-15T23:09:08.160,IMU-1,0x28,-3.56,179.25,278.56,0,3,0,0
2026-08-15T23:09:08.261,IMU-1,0x28,-3.56,179.25,278.56,0,3,0,0
2026-08-15T23:09:08.359,IMU-1,0x28,-3.56,179.25,278.56,0,3,0,0
2026-08-15T23:09:08.460,IMU-1,0x28,-3.56,179.25,278.56,0,3,0,0
2026-08-15T23:09:08.560,IMU-1,0x28,-3.56,179.25,278.56,0,3,0,0
2026-08-15T23:09:08.659,IMU-1,0x28,-3.56,179.25,278.56,0,3,0,0
2026-08-15T23:09:08.760,IMU-1,0x28,-3.56,179.25,278.56,0,3,0,0
2026-08-15T23:09:08.860,IMU-1,0x28,-3.56,179.25,278.56,0,3,0,0
2026-08-15T23:09:08.960,IMU-1,0x28,-3.56,179.25,278.56,0,3,0,0
2026-08-15T23:09:09.060,IMU-1,0x28,-3.56,179.25,278.56,0,3,0,0
2026-08-15T23:09:09.160,IMU-1,0x28,-3.56,179.25,278.56,0,3,0,0
2026-08-15T23:09:09.260,IMU-1,0x28,-3.56,179.25,278.56,0,3,0,0
2026-08-15T23:09:09.359,IMU-1,0x28,-3.56,179.25,278.56,0,3,0,0
2026-08-15T23:09:09.459,IMU-1,0x28,-3.56,179.25,278.56,0,3,0,0
2026-08-15T23:09:09.559,IMU-1,0x28,-3.56,179.25,278.56,0,3,0,0
2026-08-15T23:09:09.659,IMU-1,0x28,-3.56,179.25,278.56,0,3,0,0
2026-08-15T23:09:09.760,IMU-1,0x28,-3.56,179.25,278.56,0,3,0,0
2026-08-15T23:09:09.860,IMU-1,0x28,-3.56,179.25,278.56,0,3,0,0
2026-08-15T23:09:09.960,IMU-1,0x28,-3.56,179.25,278.56,0,3,0,0
2026-08-15T23:09:10.060,IMU-1,0x28,-3.56,179.25,278.56,0,3,0,0
2026-08-15T23:09:10.161,IMU-1,0x28,-3.56,179.25,278.56,0,3,0,0
2026-08-15T23:09:10.261,IMU-1,0x28,-3.56,179.25,278.56,0,3,0,0
2026-08-15T23:09:10.361,IMU-1,0x28,-3.56,179.25,278.56,0,3,0,0
2026-08-15T23:09:10.461,IMU-1,0x28,-3.56,179.25,278.56,0,3,0,0
2026-08-15T23:09:10.561,IMU-1,0x28,-3.56,179.25,278.56,0,3,0,0
2026-08-15T23:09:10.661,IMU-1,0x28,-3.56,179.25,278.56,0,3,0,0
2026-08-15T23:09:10.761,IMU-1,0x28,-3.56,179.25,278.56,0,3,0,0
2026-08-15T23:09:10.862,IMU-1,0x28,-3.56,179.25,278.56,0,3,0,0
2026-08-15T23:09:10.962,IMU-1,0x28,-3.56,179.25,278.56,0,3,0,0
2026-08-15T23:09:11.062,IMU-1,0x28,-3.56,179.25,278.56,0,3,0,0
2026-08-15T23:09:11.162,IMU-1,0x28,-3.56,179.25,278.56,0,3,0,0
2026-08-15T23:09:11.263,IMU-1,0x28,-3.56,179.25,278.56,0,3,0,0
2026-08-15T23:09:11.361,IMU-1,0x28,-3.56,179.25,278.56,0,3,0,0
2026-08-15T23:09:11.461,IMU-1,0x28,-3.56,179.25,278.56,0,3,0,0
2026-08-15T23:09:11.560,IMU-1,0x28,-3.56,179.25,278.56,0,3,0,0
2026-08-15T23:09:11.661,IMU-1,0x28,-3.56,179.25,278.56,0,3,0,0
2026-08-15T23:09:11.761,IMU-1,0x28,-3.56,179.25,278.56,0,3,0,0
2026-08-15T23:09:11.861,IMU-1,0x28,-3.56,179.25,278.56,0,3,0,0
2026-08-15T23:09:11.961,IMU-1,0x28,-3.56,179.25,278.56,0,3,0,0
2026-08-15T23:09:12.062,IMU-1,0x28,-3.56,179.25,278.56,0,3,0,0
2026-08-15T23:09:12.162,IMU-1,0x28,-3.56,179.25,278.56,0,3,0,0
2026-08-15T23:09:12.263,IMU-1,0x28,-3.56,179.25,278.56,0,3,0,0
2026-08-15T23:09:12.362,IMU-1,0x28,-3.56,179.25,278.56,0,3,0,0
2026-08-15T23:09:12.462,IMU-1,0x28,-3.56,179.25,278.56,0,3,0,0
2026-08-15T23:09:12.562,IMU-1,0x28,-3.56,179.25,278.56,0,3,0,0
2026-08-15T23:09:12.662,IMU-1,0x28,-3.56,179.25,278.56,0,3,0,0
2026-08-15T23:09:12.763,IMU-1,0x28,-3.56,179.25,278.56,0,3,0,0
2026-08-15T23:09:12.863,IMU-1,0x28,-3.56,179.25,278.56,0,3,0,0
2026-08-15T23:09:12.963,IMU-1,0x28,-3.56,179.25,278.56,0,3,0,0
2026-08-15T23:09:13.063,IMU-1,0x28,-3.56,179.25,278.56,0,3,0,0
2026-08-15T23:09:13.163,IMU-1,0x28,-3.56,179.25,278.56,0,3,0,0
2026-08-15T23:09:13.264,IMU-1,0x28,-3.56,179.25,278.56,0,3,0,0
2026-08-15T23:09:13.363,IMU-1,0x28,-3.56,179.25,278.56,0,3,0,0
2026-08-15T23:09:13.463,IMU-1,0x28,-3.56,179.25,278.56,0,3,0,0
2026-08-15T23:09:13.563,IMU-1,0x28,-3.56,179.25,278.56,0,3,0,0
2026-08-15T23:09:13.663,IMU-1,0x28,-3.56,179.25,278.56,0,3,0,0
2026-08-15T23:09:13.763,IMU-1,0x28,-3.56,179.25,278.56,0,3,0,0
2026-08-15T23:09:13.862,IMU-1,0x28,-3.56,179.25,278.56,0,3,0,0
2026-08-15T23:09:13.962,IMU-1,0x28,-3.56,179.25,278.56,0,3,0,0
2026-08-15T23:09:14.062,IMU-1,0x28,-3.56,179.25,278.56,0,3,0,0
2026-08-15T23:09:14.162,IMU-1,0x28,-3.56,179.25,278.56,0,3,0,0
2026-08-15T23:09:14.263,IMU-1,0x28,-3.56,179.25,278.56,0,3,0,0
2026-08-15T23:09:14.362,IMU-1,0x28,-3.56,179.25,278.56,0,3,0,0
2026-08-15T23:09:14.462,IMU-1,0x28,-3.56,179.25,278.56,0,3,0,0
2026-08-15T23:09:14.563,IMU-1,0x28,-3.56,179.25,278.56,0,3,0,0
2026-08-15T23:09:14.663,IMU-1,0x28,-3.56,179.25,278.56,0,3,0,0
2026-08-15T23:09:14.763,IMU-1,0x28,-3.56,179.25,278.56,0,3,0,0
2026-08-15T23:09:14.864,IMU-1,0x28,-3.56,179.25,278.56,0,3,0,0
2026-08-15T23:09:14.964,IMU-1,0x28,-3.56,179.25,278.56,0,3,0,0
2026-08-15T23:09:15.064,IMU-1,0x28,-3.56,179.25,278.56,0,3,0,0
2026-08-15T23:09:15.164,IMU-1,0x28,-3.56,179.25,278.56,0,3,0,0
2026-08-15T23:09:15.265,IMU-1,0x28,-3.56,179.25,278.56,0,3,0,0
2026-08-15T23:09:15.364,IMU-1,0x28,-3.56,179.25,278.56,0,3,0,0
2026-08-15T23:09:15.465,IMU-1,0x28,-3.56,179.25,278.56,0,3,0,0
2026-08-15T23:09:15.565,IMU-1,0x28,-3.56,179.25,278.56,0,3,0,0
2026-08-15T23:09:15.665,IMU-1,0x28,-3.56,179.25,278.56,0,3,0,0
2026-08-15T23:09:15.765,IMU-1,0x28,-3.56,179.25,278.56,0,3,0,0
2026-08-15T23:09:15.865,IMU-1,0x28,-3.56,179.25,278.56,0,3,0,0
2026-08-15T23:09:15.965,IMU-1,0x28,-3.56,179.25,278.56,0,3,0,0
2026-08-15T23:09:16.065,IMU-1,0x28,-3.56,179.25,278.56,0,3,0,0
2026-08-15T23:09:16.165,IMU-1,0x28,-3.56,179.25,278.56,0,3,0,0
2026-08-15T23:09:16.266,IMU-1,0x28,-3.56,179.25,278.56,0,3,0,0
2026-08-15T23:09:16.364,IMU-1,0x28,-3.56,179.25,278.56,0,3,0,0
2026-08-15T23:09:16.464,IMU-1,0x28,-3.56,179.25,278.56,0,3,0,0
2026-08-15T23:09:16.564,IMU-1,0x28,-3.56,179.25,278.56,0,3,0,0
2026-08-15T23:09:16.664,IMU-1,0x28,-3.56,179.25,278.56,0,3,0,0
2026-08-15T23:09:16.765,IMU-1,0x28,-3.56,179.25,278.56,0,3,0,0
2026-08-15T23:09:16.865,IMU-1,0x28,-3.56,179.25,278.56,0,3,0,0
2026-08-15T23:09:16.965,IMU-1,0x28,-3.56,179.25,278.56,0,3,0,0
2026-08-15T23:09:17.065,IMU-1,0x28,-3.56,179.25,278.56,0,3,0,0
2026-08-15T23:09:17.165,IMU-1,0x28,-3.56,179.25,278.56,0,3,0,0
2026-08-15T23:09:17.266,IMU-1,0x28,-3.56,179.25,278.56,0,3,0,0
2026-08-15T23:09:17.366,IMU-1,0x28,-3.56,179.25,278.56,0,3,0,0
2026-08-15T23:09:17.466,IMU-1,0x28,-3.56,179.25,278.56,0,3,0,0
2026-08-15T23:09:17.566,IMU-1,0x28,-3.56,179.25,278.56,0,3,0,0
2026-08-15T23:09:17.666,IMU-1,0x28,-3.56,179.25,278.56,0,3,0,0
2026-08-15T23:09:17.766,IMU-1,0x28,-3.56,179.25,278.56,0,3,0,0
2026-08-15T23:09:17.866,IMU-1,0x28,-3.56,179.25,278.56,0,3,0,0
2026-08-15T23:09:17.966,IMU-1,0x28,-3.56,179.25,278.56,0,3,0,0
2026-08-15T23:09:18.066,IMU-1,0x28,-3.56,179.25,278.56,0,3,0,0
2026-08-15T23:09:18.166,IMU-1,0x28,-3.56,179.25,278.56,0,3,0,0
2026-08-15T23:09:18.267,IMU-1,0x28,-3.56,179.25,278.56,0,3,0,0
2026-08-15T23:09:18.366,IMU-1,0x28,-3.56,179.25,278.56,0,3,0,0
2026-08-15T23:09:18.466,IMU-1,0x28,-3.56,179.25,278.56,0,3,0,0
2026-08-15T23:09:18.566,IMU-1,0x28,-3.56,179.25,278.56,0,3,0,0
2026-08-15T23:09:18.666,IMU-1,0x28,-3.56,179.25,278.56,0,3,0,0
2026-08-15T23:09:18.766,IMU-1,0x28,-3.56,179.25,278.56,0,3,0,0
2026-08-15T23:09:18.866,IMU-1,0x28,-3.56,179.25,278.56,0,3,0,0
2026-08-15T23:09:18.966,IMU-1,0x28,-3.56,179.25,278.56,0,3,0,0
2026-08-15T23:09:19.066,IMU-1,0x28,-3.56,179.25,278.56,0,3,0,0
2026-08-15T23:09:19.166,IMU-1,0x28,-3.56,179.25,278.56,0,3,0,0
2026-08-15T23:09:19.267,IMU-1,0x28,-3.56,179.25,278.56,0,3,0,0
2026-08-15T23:09:19.366,IMU-1,0x28,-3.56,179.25,278.56,0,3,0,0
2026-08-15T23:09:19.466,IMU-1,0x28,-3.56,179.25,278.56,0,3,0,0
2026-08-15T23:09:19.567,IMU-1,0x28,-3.56,179.25,278.56,0,3,0,0
2026-08-15T23:09:19.667,IMU-1,0x28,-3.56,179.25,278.56,0,3,0,0
2026-08-15T23:09:19.767,IMU-1,0x28,-3.56,179.25,278.56,0,3,0,0
2026-08-15T23:09:19.867,IMU-1,0x28,-3.56,179.25,278.56,0,3,0,0
2026-08-15T23:09:19.967,IMU-1,0x28,-3.56,179.25,278.56,0,3,0,0
2026-08-15T23:09:20.068,IMU-1,0x28,-3.56,179.25,278.56,0,3,0,0
2026-08-15T23:09:20.167,IMU-1,0x28,-3.56,179.25,278.56,0,3,0,0
2026-08-15T23:09:20.267,IMU-1,0x28,-3.56,179.25,278.56,0,3,0,0
2026-08-15T23:09:20.366,IMU-1,0x28,-3.56,179.25,278.56,0,3,0,0
2026-08-15T23:09:20.466,IMU-1,0x28,-3.56,179.25,278.56,0,3,0,0
2026-08-15T23:09:20.566,IMU-1,0x28,-3.56,179.25,278.56,0,3,0,0
2026-08-15T23:09:20.666,IMU-1,0x28,-3.56,179.25,278.56,0,3,0,0
2026-08-15T23:09:20.766,IMU-1,0x28,-3.56,179.25,278.56,0,3,0,0
2026-08-15T23:09:20.866,IMU-1,0x28,-3.56,179.25,278.56,0,3,0,0
2026-08-15T23:09:20.966,IMU-1,0x28,-3.56,179.25,278.56,0,3,0,0
2026-08-15T23:09:21.066,IMU-1,0x28,-3.56,179.25,278.56,0,3,0,0
2026-08-15T23:09:21.166,IMU-1,0x28,-3.56,179.25,278.56,0,3,0,0
2026-08-15T23:09:21.267,IMU-1,0x28,-3.56,179.25,278.56,0,3,0,0
2026-08-15T23:09:21.367,IMU-1,0x28,-3.56,179.25,278.56,0,3,0,0
2026-08-15T23:09:21.467,IMU-1,0x28,-3.56,179.25,278.56,0,3,0,0
2026-08-15T23:09:21.567,IMU-1,0x28,-3.56,179.25,278.56,0,3,0,0
2026-08-15T23:09:21.668,IMU-1,0x28,-3.56,179.25,278.56,0,3,0,0
2026-08-15T23:09:21.768,IMU-1,0x28,-3.56,179.25,278.56,0,3,0,0
2026-08-15T23:09:21.868,IMU-1,0x28,-3.56,179.25,278.56,0,3,0,0
2026-08-15T23:09:21.968,IMU-1,0x28,-3.56,179.25,278.56,0,3,0,0
2026-08-15T23:09:22.069,IMU-1,0x28,-3.56,179.25,278.56,0,3,0,0
2026-08-15T23:09:22.169,IMU-1,0x28,-3.56,179.25,278.56,0,3,0,0
2026-08-15T23:09:22.270,IMU-1,0x28,-3.56,179.25,278.56,0,3,0,0
2026-08-15T23:09:22.369,IMU-1,0x28,-3.56,179.25,278.56,0,3,0,0
2026-08-15T23:09:22.469,IMU-1,0x28,-3.56,179.25,278.56,0,3,0,0
2026-08-15T23:09:22.569,IMU-1,0x28,-3.56,179.25,278.56,0,3,0,0
2026-08-15T23:09:22.669,IMU-1,0x28,-3.56,179.25,278.56,0,3,0,0
2026-08-15T23:09:22.769,IMU-1,0x28,-3.56,179.25,278.56,0,3,0,0
2026-08-15T23:09:22.869,IMU-1,0x28,-3.56,179.25,278.56,0,3,0,0
2026-08-15T23:09:22.969,IMU-1,0x28,-3.56,179.25,278.56,0,3,0,0
2026-08-15T23:09:23.069,IMU-1,0x28,-3.56,179.25,278.56,0,3,0,0
2026-08-15T23:09:23.169,IMU-1,0x28,-3.56,179.25,278.56,0,3,0,0
2026-08-15T23:09:23.270,IMU-1,0x28,-3.56,179.25,278.56,0,3,0,0
2026-08-15T23:09:23.368,IMU-1,0x28,-3.56,179.25,278.56,0,3,0,0
2026-08-15T23:09:23.468,IMU-1,0x28,-3.56,179.25,278.56,0,3,0,0
2026-08-15T23:09:23.568,IMU-1,0x28,-3.56,179.25,278.56,0,3,0,0
2026-08-15T23:09:23.668,IMU-1,0x28,-3.56,179.25,278.56,0,3,0,0
2026-08-15T23:09:23.768,IMU-1,0x28,-3.56,179.25,278.56,0,3,0,0
2026-08-15T23:09:23.868,IMU-1,0x28,-3.56,179.25,278.56,0,3,0,0
2026-08-15T23:09:23.969,IMU-1,0x28,-3.56,179.25,278.56,0,3,0,0
2026-08-15T23:09:24.069,IMU-1,0x28,-3.56,179.25,278.56,0,3,0,0
2026-08-15T23:09:24.169,IMU-1,0x28,-3.56,179.25,278.56,0,3,0,0
2026-08-15T23:09:24.270,IMU-1,0x28,-3.56,179.25,278.56,0,3,0,0
2026-08-15T23:09:24.370,IMU-1,0x28,-3.56,179.25,278.56,0,3,0,0
2026-08-15T23:09:24.470,IMU-1,0x28,-3.56,179.25,278.56,0,3,0,0
2026-08-15T23:09:24.570,IMU-1,0x28,-3.56,179.25,278.56,0,3,0,0
2026-08-15T23:09:24.670,IMU-1,0x28,-3.56,179.25,278.56,0,3,0,0
2026-08-15T23:09:24.771,IMU-1,0x28,-3.56,179.25,278.56,0,3,0,0
2026-08-15T23:09:24.870,IMU-1,0x28,-3.56,179.25,278.56,0,3,0,0
2026-08-15T23:09:24.970,IMU-1,0x28,-3.56,179.25,278.56,0,3,0,0
2026-08-15T23:09:25.071,IMU-1,0x28,-3.56,179.25,278.56,0,3,0,0
2026-08-15T23:09:25.171,IMU-1,0x28,-3.56,179.25,278.56,0,3,0,0
2026-08-15T23:09:25.272,IMU-1,0x28,-3.56,179.25,278.56,0,3,0,0
2026-08-15T23:09:25.370,IMU-1,0x28,-3.56,179.25,278.56,0,3,0,0
2026-08-15T23:09:25.470,IMU-1,0x28,-3.56,179.25,278.56,0,3,0,0
2026-08-15T23:09:25.570,IMU-1,0x28,-3.56,179.25,278.56,0,3,0,0
2026-08-15T23:09:25.669,IMU-1,0x28,-3.56,179.25,278.56,0,3,0,0
2026-08-15T23:09:25.769,IMU-1,0x28,-3.56,179.25,278.56,0,3,0,0
2026-08-15T23:09:25.869,IMU-1,0x28,-3.56,179.25,278.56,0,3,0,0
2026-08-15T23:09:25.970,IMU-1,0x28,-3.56,179.25,278.56,0,3,0,0
2026-08-15T23:09:26.070,IMU-1,0x28,-3.56,179.25,278.56,0,3,0,0
2026-08-15T23:09:26.170,IMU-1,0x28,-3.56,179.25,278.56,0,3,0,0
2026-08-15T23:09:26.271,IMU-1,0x28,-3.56,179.25,278.56,0,3,0,0
2026-08-15T23:09:26.370,IMU-1,0x28,-3.56,179.25,278.56,0,3,0,0
2026-08-15T23:09:26.471,IMU-1,0x28,-3.56,179.25,278.56,0,3,0,0
2026-08-15T23:09:26.571,IMU-1,0x28,-3.56,179.25,278.56,0,3,0,0
2026-08-15T23:09:26.671,IMU-1,0x28,-3.56,179.25,278.56,0,3,0,0
2026-08-15T23:09:26.772,IMU-1,0x28,-3.56,179.25,278.56,0,3,0,0
2026-08-15T23:09:26.872,IMU-1,0x28,-3.56,179.25,278.56,0,3,0,0
2026-08-15T23:09:26.972,IMU-1,0x28,-3.56,179.25,278.56,0,3,0,0
2026-08-15T23:09:27.072,IMU-1,0x28,-3.56,179.25,278.56,0,3,0,0
2026-08-15T23:09:27.172,IMU-1,0x28,-3.56,179.25,278.56,0,3,0,0
2026-08-15T23:09:27.273,IMU-1,0x28,-3.56,179.25,278.56,0,3,0,0
2026-08-15T23:09:27.372,IMU-1,0x28,-3.56,179.25,278.56,0,3,0,0
2026-08-15T23:09:27.472,IMU-1,0x28,-3.56,179.25,278.56,0,3,0,0
2026-08-15T23:09:27.572,IMU-1,0x28,-3.56,179.25,278.56,0,3,0,0
2026-08-15T23:09:27.671,IMU-1,0x28,-3.56,179.25,278.56,0,3,0,0
2026-08-15T23:09:27.771,IMU-1,0x28,-3.56,179.25,278.56,0,3,0,0
2026-08-15T23:09:27.871,IMU-1,0x28,-3.56,179.25,278.56,0,3,0,0
2026-08-15T23:09:27.971,IMU-1,0x28,-3.56,179.25,278.56,0,3,0,0
2026-08-15T23:09:28.071,IMU-1,0x28,-3.56,179.25,278.56,0,3,0,0
2026-08-15T23:09:28.172,IMU-1,0x28,-3.56,179.25,278.56,0,3,0,0
2026-08-15T23:09:28.272,IMU-1,0x28,-3.56,179.25,278.56,0,3,0,0
2026-08-15T23:09:28.372,IMU-1,0x28,-3.56,179.25,278.56,0,3,0,0
2026-08-15T23:09:28.472,IMU-1,0x28,-3.56,179.25,278.56,0,3,0,0
2026-08-15T23:09:28.573,IMU-1,0x28,-3.56,179.25,278.56,0,3,0,0
2026-08-15T23:09:28.672,IMU-1,0x28,-3.56,179.25,278.56,0,3,0,0
2026-08-15T23:09:28.772,IMU-1,0x28,-3.56,179.25,278.56,0,3,0,0
2026-08-15T23:09:28.872,IMU-1,0x28,-3.56,179.25,278.56,0,3,0,0
2026-08-15T23:09:28.973,IMU-1,0x28,-3.56,179.25,278.56,0,3,0,0
2026-08-15T23:09:29.073,IMU-1,0x28,-3.56,179.25,278.56,0,3,0,0
2026-08-15T23:09:29.173,IMU-1,0x28,-3.56,179.25,278.56,0,3,0,0
2026-08-15T23:09:29.275,IMU-1,0x28,-3.56,179.25,278.56,0,3,0,0
2026-08-15T23:09:29.373,IMU-1,0x28,-3.56,179.25,278.56,0,3,0,0
2026-08-15T23:09:29.473,IMU-1,0x28,-3.56,179.25,278.56,0,3,0,0
2026-08-15T23:09:29.573,IMU-1,0x28,-3.56,179.25,278.56,0,3,0,0
2026-08-15T23:09:29.674,IMU-1,0x28,-3.56,179.25,278.56,0,3,0,0
2026-08-15T23:09:29.773,IMU-1,0x28,-3.56,179.25,278.56,0,3,0,0
2026-08-15T23:09:29.874,IMU-1,0x28,-3.56,179.25,278.56,0,3,0,0
2026-08-15T23:09:29.973,IMU-1,0x28,-3.56,179.25,278.56,0,3,0,0
2026-08-15T23:09:30.073,IMU-1,0x28,-3.56,179.25,278.56,0,3,0,0
2026-08-15T23:09:30.172,IMU-1,0x28,-3.56,179.25,278.56,0,3,0,0
2026-08-15T23:09:30.273,IMU-1,0x28,-3.56,179.25,278.56,0,3,0,0
2026-08-15T23:09:30.372,IMU-1,0x28,-3.56,179.25,278.56,0,3,0,0
2026-08-15T23:09:30.472,IMU-1,0x28,-3.56,179.25,278.56,0,3,0,0
2026-08-15T23:09:30.572,IMU-1,0x28,-3.56,179.25,278.56,0,3,0,0
2026-08-15T23:09:30.672,IMU-1,0x28,-3.56,179.25,278.56,0,3,0,0
2026-08-15T23:09:30.772,IMU-1,0x28,-3.56,179.25,278.56,0,3,0,0
2026-08-15T23:09:30.873,IMU-1,0x28,-3.56,179.25,278.56,0,3,0,0
2026-08-15T23:09:30.973,IMU-1,0x28,-3.56,179.25,278.56,0,3,0,0
2026-08-15T23:09:31.073,IMU-1,0x28,-3.56,179.25,278.56,0,3,0,0
2026-08-15T23:09:31.174,IMU-1,0x28,-3.56,179.25,278.56,0,3,0,0
2026-08-15T23:09:31.274,IMU-1,0x28,-3.56,179.25,278.56,0,3,0,0
2026-08-15T23:09:31.374,IMU-1,0x28,-3.56,179.25,278.56,0,3,0,0
2026-08-15T23:09:31.475,IMU-1,0x28,-3.56,179.25,278.56,0,3,0,0
2026-08-15T23:09:31.575,IMU-1,0x28,-3.56,179.25,278.56,0,3,0,0
2026-08-15T23:09:31.675,IMU-1,0x28,-3.56,179.25,278.56,0,3,0,0
2026-08-15T23:09:31.775,IMU-1,0x28,-3.56,179.25,278.56,0,3,0,0
2026-08-15T23:09:31.875,IMU-1,0x28,-3.56,179.25,278.56,0,3,0,0
2026-08-15T23:09:31.975,IMU-1,0x28,-3.56,179.25,278.56,0,3,0,0
2026-08-15T23:09:32.074,IMU-1,0x28,-3.56,179.25,278.56,0,3,0,0
2026-08-15T23:09:32.174,IMU-1,0x28,-3.56,179.25,278.56,0,3,0,0
2026-08-15T23:09:32.275,IMU-1,0x28,-3.56,179.25,278.56,0,3,0,0
2026-08-15T23:09:32.374,IMU-1,0x28,-3.56,179.25,278.56,0,3,0,0
2026-08-15T23:09:32.474,IMU-1,0x28,-3.56,179.25,278.56,0,3,0,0
2026-08-15T23:09:32.574,IMU-1,0x28,-3.56,179.25,278.56,0,3,0,0
2026-08-15T23:09:32.674,IMU-1,0x28,-3.56,179.25,278.56,0,3,0,0
2026-08-15T23:09:32.774,IMU-1,0x28,-3.56,179.25,278.56,0,3,0,0
2026-08-15T23:09:32.875,IMU-1,0x28,-3.56,179.25,278.56,0,3,0,0
2026-08-15T23:09:32.975,IMU-1,0x28,-3.56,179.25,278.56,0,3,0,0
2026-08-15T23:09:33.075,IMU-1,0x28,-3.56,179.25,278.56,0,3,0,0
2026-08-15T23:09:33.175,IMU-1,0x28,-3.56,179.25,278.56,0,3,0,0
2026-08-15T23:09:33.276,IMU-1,0x28,-3.56,179.25,278.56,0,3,0,0
2026-08-15T23:09:33.375,IMU-1,0x28,-3.56,179.25,278.56,0,3,0,0
2026-08-15T23:09:33.475,IMU-1,0x28,-3.56,179.25,278.56,0,3,0,0
2026-08-15T23:09:33.575,IMU-1,0x28,-3.56,179.25,278.56,0,3,0,0
2026-08-15T23:09:33.676,IMU-1,0x28,-3.56,179.25,278.56,0,3,0,0
2026-08-15T23:09:33.776,IMU-1,0x28,-3.56,179.25,278.56,0,3,0,0
2026-08-15T23:09:33.876,IMU-1,0x28,-3.56,179.25,278.56,0,3,0,0
2026-08-15T23:09:33.976,IMU-1,0x28,-3.56,179.25,278.56,0,3,0,0
2026-08-15T23:09:34.076,IMU-1,0x28,-3.56,179.25,278.56,0,3,0,0
2026-08-15T23:09:34.176,IMU-1,0x28,-3.56,179.25,278.56,0,3,0,0
2026-08-15T23:09:34.277,IMU-1,0x28,-3.56,179.25,278.56,0,3,0,0
2026-08-15T23:09:34.376,IMU-1,0x28,-3.56,179.25,278.56,0,3,0,0
2026-08-15T23:09:34.476,IMU-1,0x28,-3.56,179.25,278.56,0,3,0,0
2026-08-15T23:09:34.576,IMU-1,0x28,-3.56,179.25,278.56,0,3,0,0
2026-08-15T23:09:34.676,IMU-1,0x28,-3.56,179.25,278.56,0,3,0,0
2026-08-15T23:09:34.776,IMU-1,0x28,-3.56,179.25,278.56,0,3,0,0
2026-08-15T23:09:34.876,IMU-1,0x28,-3.56,179.25,278.56,0,3,0,0
2026-08-15T23:09:34.976,IMU-1,0x28,-3.56,179.25,278.56,0,3,0,0
2026-08-15T23:09:35.076,IMU-1,0x28,-3.56,179.25,278.56,0,3,0,0
2026-08-15T23:09:35.176,IMU-1,0x28,-3.56,179.25,278.56,0,3,0,0
2026-08-15T23:09:35.276,IMU-1,0x28,-3.56,179.25,278.56,0,3,0,0
2026-08-15T23:09:35.376,IMU-1,0x28,-3.56,179.25,278.56,0,3,0,0
2026-08-15T23:09:35.476,IMU-1,0x28,-3.56,179.25,278.56,0,3,0,0
2026-08-15T23:09:35.576,IMU-1,0x28,-3.56,179.25,278.56,0,3,0,0
2026-08-15T23:09:35.676,IMU-1,0x28,-3.56,179.25,278.56,0,3,0,0
2026-08-15T23:09:35.777,IMU-1,0x28,-3.56,179.25,278.56,0,3,0,0
2026-08-15T23:09:35.876,IMU-1,0x28,-3.56,179.25,278.56,0,3,0,0
2026-08-15T23:09:35.976,IMU-1,0x28,-3.56,179.25,278.56,0,3,0,0
2026-08-15T23:09:36.077,IMU-1,0x28,-3.56,179.25,278.56,0,3,0,0
2026-08-15T23:09:36.177,IMU-1,0x28,-3.56,179.25,278.56,0,3,0,0
2026-08-15T23:09:36.278,IMU-1,0x28,-3.56,179.25,278.56,0,3,0,0
2026-08-15T23:09:36.378,IMU-1,0x28,-3.56,179.25,278.56,0,3,0,0
2026-08-15T23:09:36.477,IMU-1,0x28,-3.62,179.25,278.56,0,3,0,0
2026-08-15T23:09:36.578,IMU-1,0x28,-3.62,179.25,278.56,0,3,0,0
2026-08-15T23:09:36.678,IMU-1,0x28,-3.62,179.25,278.56,0,3,0,0
2026-08-15T23:09:36.778,IMU-1,0x28,-3.62,179.25,278.56,0,3,0,0
2026-08-15T23:09:36.878,IMU-1,0x28,-3.62,179.25,278.56,0,3,0,0
2026-08-15T23:09:36.978,IMU-1,0x28,-3.62,179.25,278.56,0,3,0,0
2026-08-15T23:09:37.078,IMU-1,0x28,-3.62,179.25,278.56,0,3,0,0
2026-08-15T23:09:37.177,IMU-1,0x28,-3.62,179.25,278.56,0,3,0,0
2026-08-15T23:09:37.278,IMU-1,0x28,-3.62,179.25,278.56,0,3,0,0
2026-08-15T23:09:37.376,IMU-1,0x28,-3.62,179.25,278.56,0,3,0,0
2026-08-15T23:09:37.476,IMU-1,0x28,-3.62,179.25,278.56,0,3,0,0
2026-08-15T23:09:37.577,IMU-1,0x28,-3.62,179.25,278.56,0,3,0,0
2026-08-15T23:09:37.677,IMU-1,0x28,-3.62,179.25,278.56,0,3,0,0
2026-08-15T23:09:37.777,IMU-1,0x28,-3.62,179.25,278.56,0,3,0,0
2026-08-15T23:09:37.877,IMU-1,0x28,-3.62,179.25,278.56,0,3,0,0
2026-08-15T23:09:37.977,IMU-1,0x28,-3.62,179.25,278.56,0,3,0,0
2026-08-15T23:09:38.077,IMU-1,0x28,-3.62,179.25,278.56,0,3,0,0
2026-08-15T23:09:38.177,IMU-1,0x28,-3.62,179.25,278.56,0,3,0,0
2026-08-15T23:09:38.278,IMU-1,0x28,-3.62,179.25,278.56,0,3,0,0
2026-08-15T23:09:38.378,IMU-1,0x28,-3.62,179.25,278.56,0,3,0,0
2026-08-15T23:09:38.478,IMU-1,0x28,-3.62,179.25,278.56,0,3,0,0
2026-08-15T23:09:38.578,IMU-1,0x28,-3.62,179.25,278.56,0,3,0,0
2026-08-15T23:09:38.679,IMU-1,0x28,-3.62,179.25,278.56,0,3,0,0
2026-08-15T23:09:38.779,IMU-1,0x28,-3.62,179.25,278.56,0,3,0,0
2026-08-15T23:09:38.879,IMU-1,0x28,-3.62,179.25,278.56,0,3,0,0
2026-08-15T23:09:38.979,IMU-1,0x28,-3.62,179.25,278.56,0,3,0,0
2026-08-15T23:09:39.079,IMU-1,0x28,-3.62,179.25,278.56,0,3,0,0
2026-08-15T23:09:39.179,IMU-1,0x28,-3.62,179.25,278.56,0,3,0,0
2026-08-15T23:09:39.280,IMU-1,0x28,-3.62,179.25,278.56,0,3,0,0
2026-08-15T23:09:39.379,IMU-1,0x28,-3.62,179.25,278.56,0,3,0,0
2026-08-15T23:09:39.479,IMU-1,0x28,-3.62,179.25,278.56,0,3,0,0
2026-08-15T23:09:39.579,IMU-1,0x28,-3.62,179.25,278.56,0,3,0,0
2026-08-15T23:09:39.680,IMU-1,0x28,-3.62,179.25,278.56,0,3,0,0
2026-08-15T23:09:39.779,IMU-1,0x28,-3.62,179.25,278.56,0,3,0,0
2026-08-15T23:09:39.879,IMU-1,0x28,-3.62,179.25,278.56,0,3,0,0
2026-08-15T23:09:39.979,IMU-1,0x28,-3.62,179.25,278.56,0,3,0,0
2026-08-15T23:09:40.079,IMU-1,0x28,-3.62,179.25,278.56,0,3,0,0
2026-08-15T23:09:40.179,IMU-1,0x28,-3.62,179.25,278.56,0,3,0,0
2026-08-15T23:09:40.280,IMU-1,0x28,-3.62,179.25,278.56,0,3,0,0
2026-08-15T23:09:40.379,IMU-1,0x28,-3.62,179.25,278.56,0,3,0,0
2026-08-15T23:09:40.479,IMU-1,0x28,-3.62,179.25,278.56,0,3,0,0
2026-08-15T23:09:40.579,IMU-1,0x28,-3.62,179.25,278.56,0,3,0,0
2026-08-15T23:09:40.679,IMU-1,0x28,-3.62,179.25,278.56,0,3,0,0
2026-08-15T23:09:40.779,IMU-1,0x28,-3.62,179.25,278.56,0,3,0,0
2026-08-15T23:09:40.880,IMU-1,0x28,-3.62,179.25,278.56,0,3,0,0
2026-08-15T23:09:40.980,IMU-1,0x28,-3.62,179.25,278.56,0,3,0,0
2026-08-15T23:09:41.080,IMU-1,0x28,-3.62,179.25,278.56,0,3,0,0
2026-08-15T23:09:41.180,IMU-1,0x28,-3.62,179.25,278.56,0,3,0,0
2026-08-15T23:09:41.281,IMU-1,0x28,-3.62,179.25,278.56,0,3,0,0
2026-08-15T23:09:41.380,IMU-1,0x28,-3.62,179.25,278.56,0,3,0,0
2026-08-15T23:09:41.480,IMU-1,0x28,-3.62,179.25,278.56,0,3,0,0
2026-08-15T23:09:41.580,IMU-1,0x28,-3.62,179.25,278.56,0,3,0,0
2026-08-15T23:09:41.681,IMU-1,0x28,-3.62,179.25,278.56,0,3,0,0
2026-08-15T23:09:41.781,IMU-1,0x28,-3.62,179.25,278.56,0,3,0,0
2026-08-15T23:09:41.881,IMU-1,0x28,-3.62,179.25,278.56,0,3,0,0
2026-08-15T23:09:41.981,IMU-1,0x28,-3.62,179.25,278.56,0,3,0,0
2026-08-15T23:09:42.081,IMU-1,0x28,-3.62,179.25,278.56,0,3,0,0
2026-08-15T23:09:42.181,IMU-1,0x28,-3.62,179.25,278.56,0,3,0,0
2026-08-15T23:09:42.282,IMU-1,0x28,-3.62,179.25,278.56,0,3,0,0
2026-08-15T23:09:42.380,IMU-1,0x28,-3.62,179.25,278.56,0,3,0,0
2026-08-15T23:09:42.480,IMU-1,0x28,-3.62,179.25,278.56,0,3,0,0
2026-08-15T23:09:42.580,IMU-1,0x28,-3.62,179.25,278.56,0,3,0,0
2026-08-15T23:09:42.680,IMU-1,0x28,-3.62,179.25,278.56,0,3,0,0
2026-08-15T23:09:42.780,IMU-1,0x28,-3.62,179.25,278.56,0,3,0,0
2026-08-15T23:09:42.881,IMU-1,0x28,-3.62,179.25,278.56,0,3,0,0
2026-08-15T23:09:42.981,IMU-1,0x28,-3.62,179.25,278.56,0,3,0,0
2026-08-15T23:09:43.081,IMU-1,0x28,-3.62,179.25,278.56,0,3,0,0
2026-08-15T23:09:43.181,IMU-1,0x28,-3.62,179.25,278.56,0,3,0,0
2026-08-15T23:09:43.282,IMU-1,0x28,-3.62,179.25,278.56,0,3,0,0
2026-08-15T23:09:43.380,IMU-1,0x28,-3.62,179.25,278.56,0,3,0,0
2026-08-15T23:09:43.482,IMU-1,0x28,-3.62,179.25,278.56,0,3,0,0
2026-08-15T23:09:43.581,IMU-1,0x28,-3.62,179.25,278.56,0,3,0,0
2026-08-15T23:09:43.681,IMU-1,0x28,-3.62,179.25,278.56,0,3,0,0
2026-08-15T23:09:43.780,IMU-1,0x28,-3.62,179.25,278.56,0,3,0,0
2026-08-15T23:09:43.880,IMU-1,0x28,-3.62,179.25,278.56,0,3,0,0
2026-08-15T23:09:43.980,IMU-1,0x28,-3.62,179.25,278.56,0,3,0,0
2026-08-15T23:09:44.080,IMU-1,0x28,-3.62,179.25,278.56,0,3,0,0
2026-08-15T23:09:44.181,IMU-1,0x28,-3.69,179.25,278.56,0,3,0,0
2026-08-15T23:09:44.281,IMU-1,0x28,-3.62,179.25,278.56,0,3,0,0
2026-08-15T23:09:44.381,IMU-1,0x28,-3.69,179.25,278.56,0,3,0,0
2026-08-15T23:09:44.481,IMU-1,0x28,-3.69,179.25,278.56,0,3,0,0
2026-08-15T23:09:44.581,IMU-1,0x28,-3.69,179.25,278.56,0,3,0,0
2026-08-15T23:09:44.681,IMU-1,0x28,-3.69,179.25,278.56,0,3,0,0
2026-08-15T23:09:44.781,IMU-1,0x28,-3.69,179.25,278.56,0,3,0,0
2026-08-15T23:09:44.881,IMU-1,0x28,-3.69,179.25,278.56,0,3,0,0
2026-08-15T23:09:44.981,IMU-1,0x28,-3.69,179.25,278.56,0,3,0,0
2026-08-15T23:09:45.081,IMU-1,0x28,-3.69,179.25,278.56,0,3,0,0
2026-08-15T23:09:45.182,IMU-1,0x28,-3.69,179.25,278.56,0,3,0,0
2026-08-15T23:09:45.283,IMU-1,0x28,-3.69,179.25,278.56,0,3,0,0
2026-08-15T23:09:45.382,IMU-1,0x28,-3.69,179.25,278.56,0,3,0,0
2026-08-15T23:09:45.483,IMU-1,0x28,-3.69,179.25,278.56,0,3,0,0
2026-08-15T23:09:45.583,IMU-1,0x28,-3.69,179.25,278.56,0,3,0,0
2026-08-15T23:09:45.683,IMU-1,0x28,-3.69,179.25,278.56,0,3,0,0
2026-08-15T23:09:45.783,IMU-1,0x28,-3.69,179.25,278.56,0,3,0,0
2026-08-15T23:09:45.883,IMU-1,0x28,-3.69,179.25,278.56,0,3,0,0
2026-08-15T23:09:45.983,IMU-1,0x28,-3.62,179.25,278.56,0,3,0,0
2026-08-15T23:09:46.083,IMU-1,0x28,-3.62,179.25,278.56,0,3,0,0
2026-08-15T23:09:46.184,IMU-1,0x28,-3.62,179.25,278.56,0,3,0,0
2026-08-15T23:09:46.285,IMU-1,0x28,-3.62,179.25,278.56,0,3,0,0
2026-08-15T23:09:46.384,IMU-1,0x28,-3.62,179.25,278.56,0,3,0,0
2026-08-15T23:09:46.484,IMU-1,0x28,-3.62,179.25,278.56,0,3,0,0
2026-08-15T23:09:46.584,IMU-1,0x28,-3.62,179.25,278.56,0,3,0,0
2026-08-15T23:09:46.684,IMU-1,0x28,-3.62,179.25,278.56,0,3,0,0
2026-08-15T23:09:46.784,IMU-1,0x28,-3.62,179.25,278.56,0,3,0,0
2026-08-15T23:09:46.883,IMU-1,0x28,-3.62,179.25,278.56,0,3,0,0
2026-08-15T23:09:46.983,IMU-1,0x28,-3.62,179.25,278.56,0,3,0,0
2026-08-15T23:09:47.083,IMU-1,0x28,-3.62,179.25,278.56,0,3,0,0
2026-08-15T23:09:47.182,IMU-1,0x28,-3.62,179.25,278.56,0,3,0,0
2026-08-15T23:09:47.283,IMU-1,0x28,-3.62,179.25,278.56,0,3,0,0
2026-08-15T23:09:47.383,IMU-1,0x28,-3.62,179.25,278.56,0,3,0,0
2026-08-15T23:09:47.483,IMU-1,0x28,-3.62,179.25,278.56,0,3,0,0
2026-08-15T23:09:47.583,IMU-1,0x28,-3.62,179.25,278.56,0,3,0,0
2026-08-15T23:09:47.683,IMU-1,0x28,-3.62,179.25,278.56,0,3,0,0
2026-08-15T23:09:47.784,IMU-1,0x28,-3.62,179.25,278.56,0,3,0,0
2026-08-15T23:09:47.884,IMU-1,0x28,-3.62,179.25,278.56,0,3,0,0
2026-08-15T23:09:47.984,IMU-1,0x28,-3.62,179.25,278.56,0,3,0,0
2026-08-15T23:09:48.085,IMU-1,0x28,-3.62,179.25,278.56,0,3,0,0
2026-08-15T23:09:48.185,IMU-1,0x28,-3.62,179.25,278.56,0,3,0,0
2026-08-15T23:09:48.286,IMU-1,0x28,-3.62,179.25,278.56,0,3,0,0
2026-08-15T23:09:48.385,IMU-1,0x28,-3.62,179.25,278.56,0,3,0,0
2026-08-15T23:09:48.485,IMU-1,0x28,-3.62,179.25,278.56,0,3,0,0
2026-08-15T23:09:48.585,IMU-1,0x28,-3.62,179.25,278.56,0,3,0,0
2026-08-15T23:09:48.685,IMU-1,0x28,-3.62,179.25,278.56,0,3,0,0
2026-08-15T23:09:48.785,IMU-1,0x28,-3.69,179.25,278.56,0,3,0,0
2026-08-15T23:09:48.885,IMU-1,0x28,-3.62,179.31,278.56,0,3,0,0
2026-08-15T23:09:48.985,IMU-1,0x28,-3.69,179.31,278.56,0,3,0,0
2026-08-15T23:09:49.084,IMU-1,0x28,-3.69,179.31,278.56,0,3,0,0
2026-08-15T23:09:49.185,IMU-1,0x28,-3.75,179.31,278.56,0,3,0,0
2026-08-15T23:09:49.286,IMU-1,0x28,-3.75,179.31,278.56,0,3,0,0
2026-08-15T23:09:49.385,IMU-1,0x28,-3.75,179.31,278.56,0,3,0,0
2026-08-15T23:09:49.485,IMU-1,0x28,-3.75,179.31,278.56,0,3,0,0
2026-08-15T23:09:49.585,IMU-1,0x28,-3.75,179.31,278.56,0,3,0,0
2026-08-15T23:09:49.685,IMU-1,0x28,-3.75,179.31,278.56,0,3,0,0
2026-08-15T23:09:49.785,IMU-1,0x28,-3.75,179.31,278.56,0,3,0,0
2026-08-15T23:09:49.885,IMU-1,0x28,-3.75,179.31,278.56,0,3,0,0
2026-08-15T23:09:49.985,IMU-1,0x28,-3.75,179.31,278.56,0,3,0,0
2026-08-15T23:09:50.085,IMU-1,0x28,-3.75,179.31,278.56,0,3,0,0
2026-08-15T23:09:50.185,IMU-1,0x28,-3.75,179.31,278.56,0,3,0,0
2026-08-15T23:09:50.287,IMU-1,0x28,-3.75,179.31,278.56,0,3,0,0
2026-08-15T23:09:50.386,IMU-1,0x28,-3.75,179.31,278.56,0,3,0,0
2026-08-15T23:09:50.486,IMU-1,0x28,-3.75,179.31,278.56,0,3,0,0
2026-08-15T23:09:50.586,IMU-1,0x28,-3.75,179.31,278.56,0,3,0,0
2026-08-15T23:09:50.686,IMU-1,0x28,-3.75,179.31,278.56,0,3,0,0
2026-08-15T23:09:50.786,IMU-1,0x28,-3.75,179.31,278.56,0,3,0,0
2026-08-15T23:09:50.886,IMU-1,0x28,-3.75,179.31,278.56,0,3,0,0
2026-08-15T23:09:50.986,IMU-1,0x28,-3.75,179.31,278.56,0,3,0,0
2026-08-15T23:09:51.086,IMU-1,0x28,-3.75,179.31,278.56,0,3,0,0
2026-08-15T23:09:51.186,IMU-1,0x28,-3.75,179.31,278.56,0,3,0,0
2026-08-15T23:09:51.286,IMU-1,0x28,-3.75,179.31,278.56,0,3,0,0
2026-08-15T23:09:51.385,IMU-1,0x28,-3.75,179.31,278.56,0,3,0,0
2026-08-15T23:09:51.485,IMU-1,0x28,-3.75,179.31,278.56,0,3,0,0
2026-08-15T23:09:51.585,IMU-1,0x28,-3.75,179.31,278.56,0,3,0,0
2026-08-15T23:09:51.686,IMU-1,0x28,-3.75,179.31,278.56,0,3,0,0
2026-08-15T23:09:51.786,IMU-1,0x28,-3.75,179.31,278.56,0,3,0,0
2026-08-15T23:09:51.886,IMU-1,0x28,-3.75,179.31,278.56,0,3,0,0
2026-08-15T23:09:51.986,IMU-1,0x28,-3.75,179.31,278.56,0,3,0,0
2026-08-15T23:09:52.086,IMU-1,0x28,-3.75,179.31,278.56,0,3,0,0
2026-08-15T23:09:52.187,IMU-1,0x28,-3.75,179.31,278.56,0,3,0,0
2026-08-15T23:09:52.287,IMU-1,0x28,-3.75,179.31,278.56,0,3,0,0
2026-08-15T23:09:52.387,IMU-1,0x28,-3.75,179.31,278.56,0,3,0,0
2026-08-15T23:09:52.487,IMU-1,0x28,-3.75,179.31,278.56,0,3,0,0
2026-08-15T23:09:52.587,IMU-1,0x28,-3.75,179.31,278.56,0,3,0,0
2026-08-15T23:09:52.687,IMU-1,0x28,-3.75,179.31,278.56,0,3,0,0
2026-08-15T23:09:52.787,IMU-1,0x28,-3.75,179.31,278.56,0,3,0,0
2026-08-15T23:09:52.887,IMU-1,0x28,-3.75,179.31,278.56,0,3,0,0
2026-08-15T23:09:52.987,IMU-1,0x28,-3.75,179.31,278.56,0,3,0,0
2026-08-15T23:09:53.088,IMU-1,0x28,-3.75,179.31,278.56,0,3,0,0
2026-08-15T23:09:53.188,IMU-1,0x28,-3.75,179.31,278.56,0,3,0,0
2026-08-15T23:09:53.289,IMU-1,0x28,-3.75,179.31,278.56,0,3,0,0
2026-08-15T23:09:53.388,IMU-1,0x28,-3.75,179.31,278.56,0,3,0,0
2026-08-15T23:09:53.487,IMU-1,0x28,-3.75,179.31,278.56,0,3,0,0
2026-08-15T23:09:53.587,IMU-1,0x28,-3.75,179.31,278.56,0,3,0,0
2026-08-15T23:09:53.686,IMU-1,0x28,-3.75,179.31,278.56,0,3,0,0
2026-08-15T23:09:53.786,IMU-1,0x28,-3.75,179.31,278.56,0,3,0,0
2026-08-15T23:09:53.886,IMU-1,0x28,-3.75,179.31,278.56,0,3,0,0
2026-08-15T23:09:53.986,IMU-1,0x28,-3.75,179.31,278.56,0,3,0,0
2026-08-15T23:09:54.087,IMU-1,0x28,-3.75,179.31,278.56,0,3,0,0
2026-08-15T23:09:54.187,IMU-1,0x28,-3.75,179.31,278.56,0,3,0,0
2026-08-15T23:09:54.287,IMU-1,0x28,-3.75,179.31,278.56,0,3,0,0
2026-08-15T23:09:54.387,IMU-1,0x28,-3.75,179.31,278.56,0,3,0,0
2026-08-15T23:09:54.487,IMU-1,0x28,-3.75,179.31,278.56,0,3,0,0
2026-08-15T23:09:54.587,IMU-1,0x28,-3.75,179.31,278.56,0,3,0,0
2026-08-15T23:09:54.688,IMU-1,0x28,-3.75,179.31,278.56,0,3,0,0
2026-08-15T23:09:54.788,IMU-1,0x28,-3.75,179.31,278.56,0,3,0,0
2026-08-15T23:09:54.888,IMU-1,0x28,-3.75,179.31,278.56,0,3,0,0
2026-08-15T23:09:54.989,IMU-1,0x28,-3.75,179.31,278.56,0,3,0,0
2026-08-15T23:09:55.089,IMU-1,0x28,-3.75,179.31,278.56,0,3,0,0
2026-08-15T23:09:55.189,IMU-1,0x28,-3.75,179.31,278.56,0,3,0,0
2026-08-15T23:09:55.290,IMU-1,0x28,-3.75,179.31,278.56,0,3,0,0
2026-08-15T23:09:55.389,IMU-1,0x28,-3.75,179.31,278.56,0,3,0,0
2026-08-15T23:09:55.488,IMU-1,0x28,-3.75,179.31,278.56,0,3,0,0
2026-08-15T23:09:55.588,IMU-1,0x28,-3.75,179.31,278.56,0,3,0,0
2026-08-15T23:09:55.688,IMU-1,0x28,-3.75,179.31,278.56,0,3,0,0
2026-08-15T23:09:55.788,IMU-1,0x28,-3.75,179.31,278.56,0,3,0,0
2026-08-15T23:09:55.888,IMU-1,0x28,-3.75,179.31,278.56,0,3,0,0
2026-08-15T23:09:55.988,IMU-1,0x28,-3.75,179.31,278.56,0,3,0,0
2026-08-15T23:09:56.089,IMU-1,0x28,-3.75,179.31,278.56,0,3,0,0
2026-08-15T23:09:56.189,IMU-1,0x28,-3.75,179.31,278.56,0,3,0,0
2026-08-15T23:09:56.289,IMU-1,0x28,-3.75,179.31,278.56,0,3,0,0
2026-08-15T23:09:56.389,IMU-1,0x28,-3.75,179.31,278.56,0,3,0,0
2026-08-15T23:09:56.489,IMU-1,0x28,-3.75,179.31,278.56,0,3,0,0
2026-08-15T23:09:56.589,IMU-1,0x28,-3.75,179.31,278.56,0,3,0,0
2026-08-15T23:09:56.689,IMU-1,0x28,-3.75,179.31,278.56,0,3,0,0
2026-08-15T23:09:56.789,IMU-1,0x28,-3.75,179.31,278.56,0,3,0,0
2026-08-15T23:09:56.889,IMU-1,0x28,-3.75,179.31,278.56,0,3,0,0
2026-08-15T23:09:56.989,IMU-1,0x28,-3.75,179.31,278.56,0,3,0,0
2026-08-15T23:09:57.090,IMU-1,0x28,-3.75,179.31,278.56,0,3,0,0
2026-08-15T23:09:57.190,IMU-1,0x28,-3.75,179.31,278.56,0,3,0,0
2026-08-15T23:09:57.291,IMU-1,0x28,-3.75,179.31,278.56,0,3,0,0
2026-08-15T23:09:57.390,IMU-1,0x28,-3.75,179.31,278.56,0,3,0,0
2026-08-15T23:09:57.490,IMU-1,0x28,-3.75,179.31,278.56,0,3,0,0
2026-08-15T23:09:57.590,IMU-1,0x28,-3.75,179.31,278.56,0,3,0,0
2026-08-15T23:09:57.690,IMU-1,0x28,-3.75,179.31,278.56,0,3,0,0
2026-08-15T23:09:57.790,IMU-1,0x28,-3.75,179.31,278.56,0,3,0,0
2026-08-15T23:09:57.890,IMU-1,0x28,-3.75,179.31,278.56,0,3,0,0
2026-08-15T23:09:57.990,IMU-1,0x28,-3.75,179.31,278.56,0,3,0,0
2026-08-15T23:09:58.091,IMU-1,0x28,-3.75,179.31,278.56,0,3,0,0
2026-08-15T23:09:58.191,IMU-1,0x28,-3.75,179.31,278.56,0,3,0,0
2026-08-15T23:09:58.292,IMU-1,0x28,-3.75,179.31,278.56,0,3,0,0
2026-08-15T23:09:58.391,IMU-1,0x28,-3.75,179.31,278.56,0,3,0,0
2026-08-15T23:09:58.491,IMU-1,0x28,-3.75,179.31,278.56,0,3,0,0
2026-08-15T23:09:58.590,IMU-1,0x28,-3.75,179.31,278.56,0,3,0,0
2026-08-15T23:09:58.690,IMU-1,0x28,-3.75,179.31,278.56,0,3,0,0
2026-08-15T23:09:58.790,IMU-1,0x28,-3.75,179.31,278.56,0,3,0,0
2026-08-15T23:09:58.890,IMU-1,0x28,-3.75,179.31,278.56,0,3,0,0
2026-08-15T23:09:58.990,IMU-1,0x28,-3.75,179.31,278.56,0,3,0,0
2026-08-15T23:09:59.090,IMU-1,0x28,-3.75,179.31,278.56,0,3,0,0
2026-08-15T23:09:59.191,IMU-1,0x28,-3.75,179.31,278.56,0,3,0,0
2026-08-15T23:09:59.291,IMU-1,0x28,-3.75,179.31,278.56,0,3,0,0
2026-08-15T23:09:59.391,IMU-1,0x28,-3.75,179.31,278.56,0,3,0,0
2026-08-15T23:09:59.491,IMU-1,0x28,-3.75,179.31,278.56,0,3,0,0
2026-08-15T23:09:59.591,IMU-1,0x28,-3.75,179.31,278.56,0,3,0,0
2026-08-15T23:09:59.691,IMU-1,0x28,-3.75,179.31,278.56,0,3,0,0
2026-08-15T23:09:59.792,IMU-1,0x28,-3.75,179.31,278.56,0,3,0,0
2026-08-15T23:09:59.892,IMU-1,0x28,-3.75,179.31,278.56,0,3,0,0
2026-08-15T23:09:59.992,IMU-1,0x28,-3.75,179.31,278.56,0,3,0,0
2026-08-15T23:10:00.092,IMU-1,0x28,-3.75,179.31,278.56,0,3,0,0
2026-08-15T23:10:00.192,IMU-1,0x28,-3.75,179.31,278.56,0,3,0,0
2026-08-15T23:10:00.293,IMU-1,0x28,-3.75,179.31,278.56,0,3,0,0
2026-08-15T23:10:00.392,IMU-1,0x28,-3.75,179.31,278.56,0,3,0,0
2026-08-15T23:10:00.491,IMU-1,0x28,-3.75,179.31,278.56,0,3,0,0
2026-08-15T23:10:00.591,IMU-1,0x28,-3.75,179.31,278.56,0,3,0,0
2026-08-15T23:10:00.691,IMU-1,0x28,-3.75,179.31,278.56,0,3,0,0
2026-08-15T23:10:00.791,IMU-1,0x28,-3.75,179.31,278.56,0,3,0,0
2026-08-15T23:10:00.891,IMU-1,0x28,-3.75,179.31,278.56,0,3,0,0
2026-08-15T23:10:00.991,IMU-1,0x28,-3.75,179.31,278.56,0,3,0,0
2026-08-15T23:10:01.091,IMU-1,0x28,-3.75,179.31,278.56,0,3,0,0
2026-08-15T23:10:01.191,IMU-1,0x28,-3.75,179.31,278.56,0,3,0,0
2026-08-15T23:10:01.292,IMU-1,0x28,-3.75,179.31,278.56,0,3,0,0
2026-08-15T23:10:01.392,IMU-1,0x28,-3.75,179.31,278.56,0,3,0,0
2026-08-15T23:10:01.492,IMU-1,0x28,-3.75,179.31,278.56,0,3,0,0
2026-08-15T23:10:01.592,IMU-1,0x28,-3.75,179.31,278.56,0,3,0,0
2026-08-15T23:10:01.693,IMU-1,0x28,-3.75,179.31,278.56,0,3,0,0
2026-08-15T23:10:01.793,IMU-1,0x28,-3.75,179.31,278.56,0,3,0,0
2026-08-15T23:10:01.893,IMU-1,0x28,-3.75,179.31,278.56,0,3,0,0
2026-08-15T23:10:01.993,IMU-1,0x28,-3.75,179.31,278.56,0,3,0,0
2026-08-15T23:10:02.093,IMU-1,0x28,-3.75,179.31,278.56,0,3,0,0
2026-08-15T23:10:02.193,IMU-1,0x28,-3.75,179.31,278.56,0,3,0,0
2026-08-15T23:10:02.294,IMU-1,0x28,-3.75,179.31,278.56,0,3,0,0
2026-08-15T23:10:02.393,IMU-1,0x28,-3.75,179.31,278.56,0,3,0,0
2026-08-15T23:10:02.493,IMU-1,0x28,-3.75,179.31,278.56,0,3,0,0
2026-08-15T23:10:02.593,IMU-1,0x28,-3.75,179.31,278.56,0,3,0,0
2026-08-15T23:10:02.693,IMU-1,0x28,-3.75,179.31,278.56,0,3,0,0
2026-08-15T23:10:02.793,IMU-1,0x28,-3.75,179.31,278.56,0,3,0,0
2026-08-15T23:10:02.893,IMU-1,0x28,-3.75,179.31,278.56,0,3,0,0
2026-08-15T23:10:02.993,IMU-1,0x28,-3.75,179.31,278.56,0,3,0,0
2026-08-15T23:10:03.093,IMU-1,0x28,-3.75,179.31,278.56,0,3,0,0
2026-08-15T23:10:03.193,IMU-1,0x28,-3.75,179.31,278.56,0,3,0,0
2026-08-15T23:10:03.293,IMU-1,0x28,-3.75,179.31,278.56,0,3,0,0
2026-08-15T23:10:03.392,IMU-1,0x28,-3.75,179.31,278.56,0,3,0,0
2026-08-15T23:10:03.492,IMU-1,0x28,-3.75,179.31,278.56,0,3,0,0
2026-08-15T23:10:03.593,IMU-1,0x28,-3.75,179.31,278.56,0,3,0,0
2026-08-15T23:10:03.693,IMU-1,0x28,-3.75,179.31,278.56,0,3,0,0
2026-08-15T23:10:03.793,IMU-1,0x28,-3.75,179.31,278.56,0,3,0,0
2026-08-15T23:10:03.894,IMU-1,0x28,-3.75,179.31,278.56,0,3,0,0
2026-08-15T23:10:03.994,IMU-1,0x28,-3.75,179.31,278.56,0,3,0,0
2026-08-15T23:10:04.094,IMU-1,0x28,-3.75,179.31,278.56,0,3,0,0
2026-08-15T23:10:04.194,IMU-1,0x28,-3.75,179.31,278.56,0,3,0,0
2026-08-15T23:10:04.295,IMU-1,0x28,-3.75,179.31,278.56,0,3,0,0
2026-08-15T23:10:04.394,IMU-1,0x28,-3.75,179.31,278.56,0,3,0,0
2026-08-15T23:10:04.494,IMU-1,0x28,-3.75,179.31,278.56,0,3,0,0
2026-08-15T23:10:04.595,IMU-1,0x28,-3.75,179.31,278.56,0,3,0,0
2026-08-15T23:10:04.695,IMU-1,0x28,-3.75,179.31,278.56,0,3,0,0
2026-08-15T23:10:04.795,IMU-1,0x28,-3.75,179.31,278.56,0,3,0,0
2026-08-15T23:10:04.895,IMU-1,0x28,-3.75,179.31,278.56,0,3,0,0
2026-08-15T23:10:04.995,IMU-1,0x28,-3.75,179.31,278.56,0,3,0,0
2026-08-15T23:10:05.095,IMU-1,0x28,-3.75,179.31,278.56,0,3,0,0
2026-08-15T23:10:05.195,IMU-1,0x28,-3.75,179.31,278.56,0,3,0,0
2026-08-15T23:10:05.295,IMU-1,0x28,-3.75,179.31,278.56,0,3,0,0
2026-08-15T23:10:05.394,IMU-1,0x28,-3.75,179.31,278.56,0,3,0,0
2026-08-15T23:10:05.494,IMU-1,0x28,-3.75,179.31,278.56,0,3,0,0
2026-08-15T23:10:05.594,IMU-1,0x28,-3.75,179.31,278.56,0,3,0,0
2026-08-15T23:10:05.694,IMU-1,0x28,-3.75,179.31,278.56,0,3,0,0
2026-08-15T23:10:05.794,IMU-1,0x28,-3.75,179.31,278.56,0,3,0,0
2026-08-15T23:10:05.895,IMU-1,0x28,-3.75,179.31,278.56,0,3,0,0
2026-08-15T23:10:05.995,IMU-1,0x28,-3.75,179.31,278.56,0,3,0,0
2026-08-15T23:10:06.095,IMU-1,0x28,-3.75,179.31,278.56,0,3,0,0
2026-08-15T23:10:06.195,IMU-1,0x28,-3.75,179.31,278.56,0,3,0,0
2026-08-15T23:10:06.296,IMU-1,0x28,-3.75,179.31,278.56,0,3,0,0
2026-08-15T23:10:06.396,IMU-1,0x28,-3.75,179.31,278.56,0,3,0,0
2026-08-15T23:10:06.496,IMU-1,0x28,-3.75,179.31,278.56,0,3,0,0
2026-08-15T23:10:06.595,IMU-1,0x28,-3.75,179.31,278.56,0,3,0,0
2026-08-15T23:10:06.694,IMU-1,0x28,-3.75,179.31,278.56,0,3,0,0
2026-08-15T23:10:06.794,IMU-1,0x28,-3.75,179.31,278.56,0,3,0,0
2026-08-15T23:10:06.894,IMU-1,0x28,-3.75,179.31,278.56,0,3,0,0
2026-08-15T23:10:06.994,IMU-1,0x28,-3.75,179.31,278.56,0,3,0,0
2026-08-15T23:10:07.094,IMU-1,0x28,-3.75,179.31,278.56,0,3,0,0
2026-08-15T23:10:07.194,IMU-1,0x28,-3.75,179.31,278.56,0,3,0,0
2026-08-15T23:10:07.295,IMU-1,0x28,-3.75,179.31,278.56,0,3,0,0
2026-08-15T23:10:07.395,IMU-1,0x28,-3.75,179.31,278.56,0,3,0,0
2026-08-15T23:10:07.495,IMU-1,0x28,-3.75,179.31,278.56,0,3,0,0
2026-08-15T23:10:07.595,IMU-1,0x28,-3.75,179.31,278.56,0,3,0,0
2026-08-15T23:10:07.695,IMU-1,0x28,-3.75,179.31,278.56,0,3,0,0
2026-08-15T23:10:07.795,IMU-1,0x28,-3.75,179.31,278.56,0,3,0,0
2026-08-15T23:10:07.895,IMU-1,0x28,-3.75,179.31,278.56,0,3,0,0
2026-08-15T23:10:07.996,IMU-1,0x28,-3.75,179.31,278.56,0,3,0,0
2026-08-15T23:10:08.096,IMU-1,0x28,-3.75,179.31,278.56,0,3,0,0
2026-08-15T23:10:08.196,IMU-1,0x28,-3.75,179.31,278.56,0,3,0,0
2026-08-15T23:10:08.297,IMU-1,0x28,-3.75,179.31,278.56,0,3,0,0
2026-08-15T23:10:08.396,IMU-1,0x28,-3.75,179.31,278.56,0,3,0,0
2026-08-15T23:10:08.497,IMU-1,0x28,-3.75,179.31,278.56,0,3,0,0
2026-08-15T23:10:08.597,IMU-1,0x28,-3.75,179.31,278.56,0,3,0,0
2026-08-15T23:10:08.697,IMU-1,0x28,-3.75,179.31,278.56,0,3,0,0
2026-08-15T23:10:08.797,IMU-1,0x28,-3.75,179.31,278.56,0,3,0,0
2026-08-15T23:10:08.897,IMU-1,0x28,-3.75,179.31,278.56,0,3,0,0
2026-08-15T23:10:08.997,IMU-1,0x28,-3.75,179.31,278.56,0,3,0,0
2026-08-15T23:10:09.097,IMU-1,0x28,-3.75,179.31,278.56,0,3,0,0
2026-08-15T23:10:09.197,IMU-1,0x28,-3.75,179.31,278.56,0,3,0,0
2026-08-15T23:10:09.298,IMU-1,0x28,-3.75,179.31,278.56,0,3,0,0
2026-08-15T23:10:09.397,IMU-1,0x28,-3.75,179.31,278.56,0,3,0,0
2026-08-15T23:10:09.498,IMU-1,0x28,-3.75,179.31,278.56,0,3,0,0
2026-08-15T23:10:09.598,IMU-1,0x28,-3.75,179.31,278.56,0,3,0,0
2026-08-15T23:10:09.697,IMU-1,0x28,-3.75,179.31,278.56,0,3,0,0
2026-08-15T23:10:09.796,IMU-1,0x28,-3.75,179.31,278.56,0,3,0,0
2026-08-15T23:10:09.896,IMU-1,0x28,-3.75,179.31,278.56,0,3,0,0
2026-08-15T23:10:09.996,IMU-1,0x28,-3.75,179.31,278.56,0,3,0,0
2026-08-15T23:10:10.096,IMU-1,0x28,-3.75,179.31,278.56,0,3,0,0
2026-08-15T23:10:10.196,IMU-1,0x28,-3.75,179.31,278.56,0,3,0,0
2026-08-15T23:10:10.297,IMU-1,0x28,-3.75,179.31,278.56,0,3,0,0
2026-08-15T23:10:10.397,IMU-1,0x28,-3.75,179.31,278.56,0,3,0,0
2026-08-15T23:10:10.497,IMU-1,0x28,-3.75,179.31,278.56,0,3,0,0
2026-08-15T23:10:10.597,IMU-1,0x28,-3.75,179.31,278.56,0,3,0,0
2026-08-15T23:10:10.698,IMU-1,0x28,-3.75,179.31,278.56,0,3,0,0
2026-08-15T23:10:10.798,IMU-1,0x28,-3.75,179.31,278.56,0,3,0,0
2026-08-15T23:10:10.898,IMU-1,0x28,-3.75,179.31,278.56,0,3,0,0
2026-08-15T23:10:10.998,IMU-1,0x28,-3.75,179.31,278.56,0,3,0,0
2026-08-15T23:10:11.099,IMU-1,0x28,-3.75,179.31,278.56,0,3,0,0
2026-08-15T23:10:11.199,IMU-1,0x28,-3.75,179.31,278.56,0,3,0,0
2026-08-15T23:10:11.299,IMU-1,0x28,-3.75,179.31,278.56,0,3,0,0
2026-08-15T23:10:11.399,IMU-1,0x28,-3.75,179.31,278.56,0,3,0,0
2026-08-15T23:10:11.499,IMU-1,0x28,-3.75,179.31,278.56,0,3,0,0
2026-08-15T23:10:11.599,IMU-1,0x28,-3.75,179.31,278.56,0,3,0,0
2026-08-15T23:10:11.699,IMU-1,0x28,-3.75,179.31,278.56,0,3,0,0
2026-08-15T23:10:11.799,IMU-1,0x28,-3.75,179.31,278.56,0,3,0,0
2026-08-15T23:10:11.899,IMU-1,0x28,-3.75,179.31,278.56,0,3,0,0
2026-08-15T23:10:11.998,IMU-1,0x28,-3.75,179.31,278.56,0,3,0,0
2026-08-15T23:10:12.098,IMU-1,0x28,-3.75,179.31,278.56,0,3,0,0
2026-08-15T23:10:12.198,IMU-1,0x28,-3.75,179.31,278.56,0,3,0,0
2026-08-15T23:10:12.299,IMU-1,0x28,-3.75,179.31,278.56,0,3,0,0
2026-08-15T23:10:12.398,IMU-1,0x28,-3.75,179.31,278.56,0,3,0,0
2026-08-15T23:10:12.499,IMU-1,0x28,-3.75,179.31,278.56,0,3,0,0
2026-08-15T23:10:12.599,IMU-1,0x28,-3.75,179.31,278.56,0,3,0,0
2026-08-15T23:10:12.699,IMU-1,0x28,-3.75,179.31,278.56,0,3,0,0
2026-08-15T23:10:12.799,IMU-1,0x28,-3.75,179.31,278.56,0,3,0,0
2026-08-15T23:10:12.899,IMU-1,0x28,-3.75,179.31,278.56,0,3,0,0
2026-08-15T23:10:12.999,IMU-1,0x28,-3.75,179.31,278.56,0,3,0,0
2026-08-15T23:10:13.099,IMU-1,0x28,-3.75,179.31,278.56,0,3,0,0
2026-08-15T23:10:13.200,IMU-1,0x28,-3.75,179.31,278.56,0,3,0,0
2026-08-15T23:10:13.301,IMU-1,0x28,-3.75,179.31,278.56,0,3,0,0
2026-08-15T23:10:13.400,IMU-1,0x28,-3.75,179.31,278.56,0,3,0,0
2026-08-15T23:10:13.500,IMU-1,0x28,-3.75,179.31,278.56,0,3,0,0
2026-08-15T23:10:13.600,IMU-1,0x28,-3.75,179.31,278.56,0,3,0,0
2026-08-15T23:10:13.700,IMU-1,0x28,-3.75,179.31,278.56,0,3,0,0
2026-08-15T23:10:13.800,IMU-1,0x28,-3.75,179.31,278.56,0,3,0,0
2026-08-15T23:10:13.900,IMU-1,0x28,-3.75,179.31,278.56,0,3,0,0
2026-08-15T23:10:14.000,IMU-1,0x28,-3.75,179.31,278.56,0,3,0,0
2026-08-15T23:10:14.100,IMU-1,0x28,-3.69,179.31,278.56,0,3,0,0
2026-08-15T23:10:14.200,IMU-1,0x28,-3.69,179.31,278.56,0,3,0,0
2026-08-15T23:10:14.301,IMU-1,0x28,-3.69,179.31,278.56,0,3,0,0
2026-08-15T23:10:14.400,IMU-1,0x28,-3.69,179.31,278.56,0,3,0,0
2026-08-15T23:10:14.500,IMU-1,0x28,-3.69,179.31,278.56,0,3,0,0
2026-08-15T23:10:14.600,IMU-1,0x28,-3.69,179.31,278.56,0,3,0,0
2026-08-15T23:10:14.700,IMU-1,0x28,-3.69,179.31,278.56,0,3,0,0
2026-08-15T23:10:14.800,IMU-1,0x28,-3.69,179.31,278.56,0,3,0,0
2026-08-15T23:10:14.900,IMU-1,0x28,-3.69,179.31,278.56,0,3,0,0
2026-08-15T23:10:15.000,IMU-1,0x28,-3.69,179.31,278.56,0,3,0,0
2026-08-15T23:10:15.100,IMU-1,0x28,-3.69,179.31,278.56,0,3,0,0
2026-08-15T23:10:15.200,IMU-1,0x28,-3.69,179.31,278.56,0,3,0,0
2026-08-15T23:10:15.301,IMU-1,0x28,-3.69,179.31,278.56,0,3,0,0
2026-08-15T23:10:15.401,IMU-1,0x28,-3.69,179.31,278.56,0,3,0,0
2026-08-15T23:10:15.501,IMU-1,0x28,-3.69,179.31,278.56,0,3,0,0
2026-08-15T23:10:15.601,IMU-1,0x28,-3.69,179.31,278.56,0,3,0,0
2026-08-15T23:10:15.701,IMU-1,0x28,-3.69,179.31,278.56,0,3,0,0
2026-08-15T23:10:15.801,IMU-1,0x28,-3.69,179.31,278.56,0,3,0,0
2026-08-15T23:10:15.901,IMU-1,0x28,-3.69,179.31,278.56,0,3,0,0
2026-08-15T23:10:16.001,IMU-1,0x28,-3.69,179.31,278.56,0,3,0,0
2026-08-15T23:10:16.101,IMU-1,0x28,-3.69,179.31,278.56,0,3,0,0
2026-08-15T23:10:16.201,IMU-1,0x28,-3.69,179.31,278.56,0,3,0,0
2026-08-15T23:10:16.302,IMU-1,0x28,-3.69,179.31,278.56,0,3,0,0
2026-08-15T23:10:16.401,IMU-1,0x28,-3.69,179.31,278.56,0,3,0,0
2026-08-15T23:10:16.500,IMU-1,0x28,-3.69,179.31,278.56,0,3,0,0
2026-08-15T23:10:16.600,IMU-1,0x28,-3.69,179.31,278.56,0,3,0,0
2026-08-15T23:10:16.700,IMU-1,0x28,-3.69,179.31,278.56,0,3,0,0
2026-08-15T23:10:16.800,IMU-1,0x28,-3.69,179.31,278.56,0,3,0,0
2026-08-15T23:10:16.900,IMU-1,0x28,-3.69,179.31,278.56,0,3,0,0
2026-08-15T23:10:17.001,IMU-1,0x28,-3.69,179.31,278.56,0,3,0,0
2026-08-15T23:10:17.101,IMU-1,0x28,-3.69,179.31,278.56,0,3,0,0
2026-08-15T23:10:17.201,IMU-1,0x28,-3.69,179.31,278.56,0,3,0,0
2026-08-15T23:10:17.302,IMU-1,0x28,-3.69,179.31,278.56,0,3,0,0
2026-08-15T23:10:17.402,IMU-1,0x28,-3.69,179.31,278.56,0,3,0,0
2026-08-15T23:10:17.502,IMU-1,0x28,-3.69,179.31,278.56,0,3,0,0
2026-08-15T23:10:17.602,IMU-1,0x28,-3.69,179.31,278.56,0,3,0,0
2026-08-15T23:10:17.702,IMU-1,0x28,-3.69,179.31,278.56,0,3,0,0
2026-08-15T23:10:17.803,IMU-1,0x28,-3.69,179.31,278.56,0,3,0,0
2026-08-15T23:10:17.903,IMU-1,0x28,-3.69,179.31,278.56,0,3,0,0
2026-08-15T23:10:18.003,IMU-1,0x28,-3.69,179.31,278.56,0,3,0,0
2026-08-15T23:10:18.103,IMU-1,0x28,-3.69,179.31,278.56,0,3,0,0
2026-08-15T23:10:18.203,IMU-1,0x28,-3.69,179.31,278.56,0,3,0,0
2026-08-15T23:10:18.303,IMU-1,0x28,-3.69,179.31,278.56,0,3,0,0
2026-08-15T23:10:18.402,IMU-1,0x28,-3.69,179.31,278.56,0,3,0,0
2026-08-15T23:10:18.502,IMU-1,0x28,-3.69,179.31,278.56,0,3,0,0
2026-08-15T23:10:18.602,IMU-1,0x28,-3.69,179.31,278.56,0,3,0,0
2026-08-15T23:10:18.702,IMU-1,0x28,-3.69,179.31,278.56,0,3,0,0
2026-08-15T23:10:18.802,IMU-1,0x28,-3.69,179.31,278.56,0,3,0,0
2026-08-15T23:10:18.903,IMU-1,0x28,-3.69,179.31,278.56,0,3,0,0
2026-08-15T23:10:19.003,IMU-1,0x28,-3.69,179.31,278.56,0,3,0,0
2026-08-15T23:10:19.102,IMU-1,0x28,-3.69,179.31,278.56,0,3,0,0
2026-08-15T23:10:19.202,IMU-1,0x28,-3.69,179.31,278.56,0,3,0,0
2026-08-15T23:10:19.303,IMU-1,0x28,-3.69,179.31,278.56,0,3,0,0
2026-08-15T23:10:19.402,IMU-1,0x28,-3.69,179.31,278.56,0,3,0,0
2026-08-15T23:10:19.502,IMU-1,0x28,-3.69,179.31,278.56,0,3,0,0
2026-08-15T23:10:19.603,IMU-1,0x28,-3.69,179.31,278.56,0,3,0,0
2026-08-15T23:10:19.703,IMU-1,0x28,-3.69,179.31,278.56,0,3,0,0
2026-08-15T23:10:19.803,IMU-1,0x28,-3.69,179.31,278.56,0,3,0,0
2026-08-15T23:10:19.904,IMU-1,0x28,-3.69,179.31,278.56,0,3,0,0
2026-08-15T23:10:20.004,IMU-1,0x28,-3.69,179.31,278.56,0,3,0,0
2026-08-15T23:10:20.104,IMU-1,0x28,-3.69,179.31,278.56,0,3,0,0
2026-08-15T23:10:20.204,IMU-1,0x28,-3.69,179.31,278.56,0,3,0,0
2026-08-15T23:10:20.305,IMU-1,0x28,-3.69,179.31,278.56,0,3,0,0
2026-08-15T23:10:20.404,IMU-1,0x28,-3.69,179.31,278.56,0,3,0,0
2026-08-15T23:10:20.504,IMU-1,0x28,-3.69,179.31,278.56,0,3,0,0
2026-08-15T23:10:20.605,IMU-1,0x28,-3.69,179.31,278.56,0,3,0,0
2026-08-15T23:10:20.705,IMU-1,0x28,-3.69,179.31,278.56,0,3,0,0
2026-08-15T23:10:20.804,IMU-1,0x28,-3.69,179.31,278.56,0,3,0,0
2026-08-15T23:10:20.905,IMU-1,0x28,-3.69,179.31,278.56,0,3,0,0
2026-08-15T23:10:21.005,IMU-1,0x28,-3.69,179.31,278.56,0,3,0,0
2026-08-15T23:10:21.105,IMU-1,0x28,-3.69,179.31,278.56,0,3,0,0
2026-08-15T23:10:21.205,IMU-1,0x28,-3.69,179.31,278.56,0,3,0,0
2026-08-15T23:10:21.306,IMU-1,0x28,-3.69,179.31,278.56,0,3,0,0
2026-08-15T23:10:21.404,IMU-1,0x28,-3.69,179.31,278.56,0,3,0,0
2026-08-15T23:10:21.504,IMU-1,0x28,-3.69,179.31,278.56,0,3,0,0
2026-08-15T23:10:21.604,IMU-1,0x28,-3.69,179.31,278.56,0,3,0,0
2026-08-15T23:10:21.704,IMU-1,0x28,-3.69,179.31,278.56,0,3,0,0
2026-08-15T23:10:21.804,IMU-1,0x28,-3.69,179.31,278.56,0,3,0,0
2026-08-15T23:10:21.904,IMU-1,0x28,-3.69,179.31,278.56,0,3,0,0
2026-08-15T23:10:22.005,IMU-1,0x28,-3.69,179.31,278.56,0,3,0,0
2026-08-15T23:10:22.105,IMU-1,0x28,-3.69,179.31,278.56,0,3,0,0
2026-08-15T23:10:22.205,IMU-1,0x28,-3.69,179.31,278.56,0,3,0,0
2026-08-15T23:10:22.306,IMU-1,0x28,-3.69,179.31,278.56,0,3,0,0
2026-08-15T23:10:22.405,IMU-1,0x28,-3.69,179.31,278.56,0,3,0,0
2026-08-15T23:10:22.505,IMU-1,0x28,-3.69,179.31,278.56,0,3,0,0
2026-08-15T23:10:22.605,IMU-1,0x28,-3.69,179.31,278.56,0,3,0,0
2026-08-15T23:10:22.706,IMU-1,0x28,-3.69,179.31,278.56,0,3,0,0
2026-08-15T23:10:22.806,IMU-1,0x28,-3.69,179.31,278.56,0,3,0,0
2026-08-15T23:10:22.906,IMU-1,0x28,-3.69,179.31,278.56,0,3,0,0
2026-08-15T23:10:23.006,IMU-1,0x28,-3.69,179.31,278.56,0,3,0,0
2026-08-15T23:10:23.106,IMU-1,0x28,-3.69,179.31,278.56,0,3,0,0
2026-08-15T23:10:23.206,IMU-1,0x28,-3.69,179.31,278.56,0,3,0,0
2026-08-15T23:10:23.307,IMU-1,0x28,-3.69,179.31,278.56,0,3,0,0
2026-08-15T23:10:23.406,IMU-1,0x28,-3.69,179.31,278.56,0,3,0,0
2026-08-15T23:10:23.506,IMU-1,0x28,-3.69,179.31,278.56,0,3,0,0
2026-08-15T23:10:23.605,IMU-1,0x28,-3.69,179.31,278.56,0,3,0,0
2026-08-15T23:10:23.705,IMU-1,0x28,-3.69,179.31,278.56,0,3,0,0
2026-08-15T23:10:23.805,IMU-1,0x28,-3.69,179.31,278.56,0,3,0,0
2026-08-15T23:10:23.905,IMU-1,0x28,-3.69,179.31,278.56,0,3,0,0
2026-08-15T23:10:24.006,IMU-1,0x28,-3.69,179.31,278.56,0,3,0,0
2026-08-15T23:10:24.106,IMU-1,0x28,-3.69,179.31,278.56,0,3,0,0
2026-08-15T23:10:24.206,IMU-1,0x28,-3.69,179.31,278.56,0,3,0,0
2026-08-15T23:10:24.306,IMU-1,0x28,-3.69,179.31,278.56,0,3,0,0
2026-08-15T23:10:24.406,IMU-1,0x28,-3.69,179.31,278.56,0,3,0,0
2026-08-15T23:10:24.506,IMU-1,0x28,-3.69,179.31,278.56,0,3,0,0
2026-08-15T23:10:24.606,IMU-1,0x28,-3.69,179.31,278.56,0,3,0,0
2026-08-15T23:10:24.706,IMU-1,0x28,-3.69,179.31,278.56,0,3,0,0
2026-08-15T23:10:24.806,IMU-1,0x28,-3.69,179.31,278.56,0,3,0,0
2026-08-15T23:10:24.907,IMU-1,0x28,-3.69,179.31,278.56,0,3,0,0
2026-08-15T23:10:25.007,IMU-1,0x28,-3.69,179.31,278.56,0,3,0,0
2026-08-15T23:10:25.107,IMU-1,0x28,-3.69,179.31,278.56,0,3,0,0
2026-08-15T23:10:25.207,IMU-1,0x28,-3.69,179.31,278.56,0,3,0,0
2026-08-15T23:10:25.308,IMU-1,0x28,-3.69,179.31,278.56,0,3,0,0
2026-08-15T23:10:25.408,IMU-1,0x28,-3.69,179.31,278.56,0,3,0,0
2026-08-15T23:10:25.507,IMU-1,0x28,-3.69,179.31,278.56,0,3,0,0
2026-08-15T23:10:25.607,IMU-1,0x28,-3.69,179.31,278.56,0,3,0,0
2026-08-15T23:10:25.708,IMU-1,0x28,-3.69,179.31,278.56,0,3,0,0
2026-08-15T23:10:25.808,IMU-1,0x28,-3.69,179.31,278.56,0,3,0,0
2026-08-15T23:10:25.908,IMU-1,0x28,-3.69,179.31,278.56,0,3,0,0
2026-08-15T23:10:26.007,IMU-1,0x28,-3.69,179.31,278.56,0,3,0,0
2026-08-15T23:10:26.107,IMU-1,0x28,-3.69,179.31,278.56,0,3,0,0
2026-08-15T23:10:26.206,IMU-1,0x28,-3.69,179.31,278.56,0,3,0,0
2026-08-15T23:10:26.307,IMU-1,0x28,-3.69,179.31,278.56,0,3,0,0
2026-08-15T23:10:26.406,IMU-1,0x28,-3.69,179.31,278.56,0,3,0,0
2026-08-15T23:10:26.506,IMU-1,0x28,-3.69,179.31,278.56,0,3,0,0
2026-08-15T23:10:26.607,IMU-1,0x28,-3.69,179.31,278.56,0,3,0,0
2026-08-15T23:10:26.707,IMU-1,0x28,-3.69,179.31,278.56,0,3,0,0
2026-08-15T23:10:26.807,IMU-1,0x28,-3.69,179.31,278.56,0,3,0,0
2026-08-15T23:10:26.907,IMU-1,0x28,-3.69,179.31,278.56,0,3,0,0
2026-08-15T23:10:27.007,IMU-1,0x28,-3.69,179.31,278.56,0,3,0,0
2026-08-15T23:10:27.107,IMU-1,0x28,-3.69,179.31,278.56,0,3,0,0
2026-08-15T23:10:27.208,IMU-1,0x28,-3.69,179.31,278.56,0,3,0,0
2026-08-15T23:10:27.308,IMU-1,0x28,-3.69,179.31,278.56,0,3,0,0
2026-08-15T23:10:27.408,IMU-1,0x28,-3.69,179.31,278.56,0,3,0,0
2026-08-15T23:10:27.509,IMU-1,0x28,-3.69,179.31,278.56,0,3,0,0
2026-08-15T23:10:27.609,IMU-1,0x28,-3.69,179.31,278.56,0,3,0,0
2026-08-15T23:10:27.709,IMU-1,0x28,-3.69,179.31,278.56,0,3,0,0
2026-08-15T23:10:27.809,IMU-1,0x28,-3.69,179.31,278.56,0,3,0,0
2026-08-15T23:10:27.909,IMU-1,0x28,-3.69,179.31,278.56,0,3,0,0
2026-08-15T23:10:28.009,IMU-1,0x28,-3.69,179.31,278.56,0,3,0,0
2026-08-15T23:10:28.109,IMU-1,0x28,-3.69,179.31,278.56,0,3,0,0
2026-08-15T23:10:28.209,IMU-1,0x28,-3.69,179.31,278.56,0,3,0,0
2026-08-15T23:10:28.310,IMU-1,0x28,-3.69,179.31,278.56,0,3,0,0
2026-08-15T23:10:28.410,IMU-1,0x28,-3.69,179.31,278.56,0,3,0,0
2026-08-15T23:10:28.509,IMU-1,0x28,-3.69,179.31,278.56,0,3,0,0
2026-08-15T23:10:28.609,IMU-1,0x28,-3.69,179.31,278.56,0,3,0,0
2026-08-15T23:10:28.709,IMU-1,0x28,-3.69,179.31,278.56,0,3,0,0
2026-08-15T23:10:28.808,IMU-1,0x28,-3.69,179.31,278.56,0,3,0,0
2026-08-15T23:10:28.908,IMU-1,0x28,-3.69,179.31,278.56,0,3,0,0
2026-08-15T23:10:29.008,IMU-1,0x28,-3.69,179.31,278.56,0,3,0,0
2026-08-15T23:10:29.108,IMU-1,0x28,-3.69,179.31,278.56,0,3,0,0
2026-08-15T23:10:29.208,IMU-1,0x28,-3.69,179.31,278.56,0,3,0,0
2026-08-15T23:10:29.309,IMU-1,0x28,-3.69,179.31,278.56,0,3,0,0
2026-08-15T23:10:29.409,IMU-1,0x28,-3.69,179.31,278.56,0,3,0,0
2026-08-15T23:10:29.509,IMU-1,0x28,-3.69,179.31,278.56,0,3,0,0
2026-08-15T23:10:29.609,IMU-1,0x28,-3.69,179.31,278.56,0,3,0,0
2026-08-15T23:10:29.710,IMU-1,0x28,-3.69,179.31,278.56,0,3,0,0
2026-08-15T23:10:29.810,IMU-1,0x28,-3.69,179.31,278.56,0,3,0,0
2026-08-15T23:10:29.910,IMU-1,0x28,-3.69,179.31,278.56,0,3,0,0
2026-08-15T23:10:30.010,IMU-1,0x28,-3.69,179.31,278.56,0,3,0,0
2026-08-15T23:10:30.110,IMU-1,0x28,-3.69,179.31,278.56,0,3,0,0
2026-08-15T23:10:30.210,IMU-1,0x28,-3.69,179.31,278.56,0,3,0,0
2026-08-15T23:10:30.311,IMU-1,0x28,-3.69,179.31,278.56,0,3,0,0
2026-08-15T23:10:30.410,IMU-1,0x28,-3.69,179.31,278.56,0,3,0,0
2026-08-15T23:10:30.510,IMU-1,0x28,-3.69,179.31,278.56,0,3,0,0
2026-08-15T23:10:30.610,IMU-1,0x28,-3.69,179.31,278.56,0,3,0,0
2026-08-15T23:10:30.710,IMU-1,0x28,-3.69,179.31,278.56,0,3,0,0
2026-08-15T23:10:30.810,IMU-1,0x28,-3.69,179.31,278.56,0,3,0,0
2026-08-15T23:10:30.910,IMU-1,0x28,-3.69,179.31,278.56,0,3,0,0
2026-08-15T23:10:31.010,IMU-1,0x28,-3.69,179.31,278.56,0,3,0,0
2026-08-15T23:10:31.110,IMU-1,0x28,-3.69,179.31,278.56,0,3,0,0
2026-08-15T23:10:31.210,IMU-1,0x28,-3.69,179.31,278.56,0,3,0,0
2026-08-15T23:10:31.311,IMU-1,0x28,-3.69,179.31,278.56,0,3,0,0
2026-08-15T23:10:31.410,IMU-1,0x28,-3.69,179.31,278.56,0,3,0,0
2026-08-15T23:10:31.510,IMU-1,0x28,-3.69,179.31,278.56,0,3,0,0
2026-08-15T23:10:31.610,IMU-1,0x28,-3.69,179.31,278.56,0,3,0,0
2026-08-15T23:10:31.710,IMU-1,0x28,-3.69,179.31,278.56,0,3,0,0
2026-08-15T23:10:31.810,IMU-1,0x28,-3.69,179.31,278.56,0,3,0,0
2026-08-15T23:10:31.910,IMU-1,0x28,-3.69,179.31,278.56,0,3,0,0
2026-08-15T23:10:32.011,IMU-1,0x28,-3.69,179.31,278.56,0,3,0,0
2026-08-15T23:10:32.111,IMU-1,0x28,-3.69,179.31,278.56,0,3,0,0
2026-08-15T23:10:32.211,IMU-1,0x28,-3.69,179.31,278.56,0,3,0,0
2026-08-15T23:10:32.312,IMU-1,0x28,-3.69,179.31,278.56,0,3,0,0
2026-08-15T23:10:32.412,IMU-1,0x28,-3.69,179.31,278.56,0,3,0,0
2026-08-15T23:10:32.512,IMU-1,0x28,-3.69,179.31,278.56,0,3,0,0
2026-08-15T23:10:32.612,IMU-1,0x28,-3.69,179.31,278.56,0,3,0,0
2026-08-15T23:10:32.712,IMU-1,0x28,-3.69,179.31,278.56,0,3,0,0
2026-08-15T23:10:32.812,IMU-1,0x28,-3.69,179.31,278.56,0,3,0,0
2026-08-15T23:10:32.912,IMU-1,0x28,-3.69,179.31,278.56,0,3,0,0
2026-08-15T23:10:33.012,IMU-1,0x28,-3.69,179.31,278.56,0,3,0,0
2026-08-15T23:10:33.112,IMU-1,0x28,-3.69,179.31,278.56,0,3,0,0
2026-08-15T23:10:33.212,IMU-1,0x28,-3.69,179.31,278.56,0,3,0,0
2026-08-15T23:10:33.313,IMU-1,0x28,-3.69,179.31,278.56,0,3,0,0
2026-08-15T23:10:33.411,IMU-1,0x28,-3.69,179.31,278.56,0,3,0,0
2026-08-15T23:10:33.511,IMU-1,0x28,-3.69,179.31,278.56,0,3,0,0
2026-08-15T23:10:33.611,IMU-1,0x28,-3.69,179.31,278.56,0,3,0,0
2026-08-15T23:10:33.711,IMU-1,0x28,-3.69,179.31,278.56,0,3,0,0
2026-08-15T23:10:33.811,IMU-1,0x28,-3.69,179.31,278.56,0,3,0,0
2026-08-15T23:10:33.912,IMU-1,0x28,-3.69,179.31,278.56,0,3,0,0
2026-08-15T23:10:34.012,IMU-1,0x28,-3.69,179.31,278.56,0,3,0,0
2026-08-15T23:10:34.112,IMU-1,0x28,-3.69,179.31,278.56,0,3,0,0
2026-08-15T23:10:34.212,IMU-1,0x28,-3.69,179.31,278.56,0,3,0,0
2026-08-15T23:10:34.313,IMU-1,0x28,-3.69,179.31,278.56,0,3,0,0
2026-08-15T23:10:34.412,IMU-1,0x28,-3.69,179.31,278.56,0,3,0,0
2026-08-15T23:10:34.513,IMU-1,0x28,-3.69,179.31,278.56,0,3,0,0
2026-08-15T23:10:34.613,IMU-1,0x28,-3.69,179.31,278.56,0,3,0,0
2026-08-15T23:10:34.713,IMU-1,0x28,-3.69,179.31,278.56,0,3,0,0
2026-08-15T23:10:34.813,IMU-1,0x28,-3.69,179.31,278.56,0,3,0,0
2026-08-15T23:10:34.914,IMU-1,0x28,-3.69,179.31,278.56,0,3,0,0
2026-08-15T23:10:35.014,IMU-1,0x28,-3.69,179.31,278.56,0,3,0,0
2026-08-15T23:10:35.113,IMU-1,0x28,-3.69,179.31,278.56,0,3,0,0
2026-08-15T23:10:35.214,IMU-1,0x28,-3.69,179.31,278.56,0,3,0,0
2026-08-15T23:10:35.315,IMU-1,0x28,-3.69,179.31,278.56,0,3,0,0
2026-08-15T23:10:35.414,IMU-1,0x28,-3.69,179.31,278.56,0,3,0,0
2026-08-15T23:10:35.514,IMU-1,0x28,-3.69,179.31,278.56,0,3,0,0
2026-08-15T23:10:35.614,IMU-1,0x28,-3.69,179.31,278.56,0,3,0,0
2026-08-15T23:10:35.713,IMU-1,0x28,-3.69,179.31,278.56,0,3,0,0
2026-08-15T23:10:35.813,IMU-1,0x28,-3.69,179.31,278.56,0,3,0,0
2026-08-15T23:10:35.912,IMU-1,0x28,-3.69,179.31,278.56,0,3,0,0
2026-08-15T23:10:36.013,IMU-1,0x28,-3.69,179.31,278.56,0,3,0,0
2026-08-15T23:10:36.113,IMU-1,0x28,-3.69,179.31,278.56,0,3,0,0
2026-08-15T23:10:36.213,IMU-1,0x28,-3.69,179.31,278.56,0,3,0,0
2026-08-15T23:10:36.313,IMU-1,0x28,-3.69,179.31,278.56,0,3,0,0
2026-08-15T23:10:36.413,IMU-1,0x28,-3.69,179.31,278.56,0,3,0,0
2026-08-15T23:10:36.513,IMU-1,0x28,-3.69,179.31,278.56,0,3,0,0
2026-08-15T23:10:36.614,IMU-1,0x28,-3.69,179.31,278.56,0,3,0,0
2026-08-15T23:10:36.714,IMU-1,0x28,-3.69,179.31,278.56,0,3,0,0
2026-08-15T23:10:36.814,IMU-1,0x28,-3.69,179.31,278.56,0,3,0,0
2026-08-15T23:10:36.915,IMU-1,0x28,-3.69,179.31,278.56,0,3,0,0
2026-08-15T23:10:37.015,IMU-1,0x28,-3.69,179.31,278.56,0,3,0,0
2026-08-15T23:10:37.115,IMU-1,0x28,-3.69,179.31,278.56,0,3,0,0
2026-08-15T23:10:37.215,IMU-1,0x28,-3.69,179.31,278.56,0,3,0,0
2026-08-15T23:10:37.316,IMU-1,0x28,-3.69,179.31,278.56,0,3,0,0
2026-08-15T23:10:37.415,IMU-1,0x28,-3.69,179.31,278.56,0,3,0,0
2026-08-15T23:10:37.515,IMU-1,0x28,-3.69,179.31,278.56,0,3,0,0
2026-08-15T23:10:37.615,IMU-1,0x28,-3.69,179.31,278.56,0,3,0,0
2026-08-15T23:10:37.715,IMU-1,0x28,-3.69,179.31,278.56,0,3,0,0
2026-08-15T23:10:37.815,IMU-1,0x28,-3.69,179.31,278.56,0,3,0,0
2026-08-15T23:10:37.915,IMU-1,0x28,-3.69,179.31,278.56,0,3,0,0
2026-08-15T23:10:38.015,IMU-1,0x28,-3.69,179.31,278.56,0,3,0,0
2026-08-15T23:10:38.115,IMU-1,0x28,-3.69,179.31,278.56,0,3,0,0
2026-08-15T23:10:38.215,IMU-1,0x28,-3.69,179.31,278.56,0,3,0,0
2026-08-15T23:10:38.316,IMU-1,0x28,-3.69,179.31,278.56,0,3,0,0
2026-08-15T23:10:38.415,IMU-1,0x28,-3.69,179.31,278.56,0,3,0,0
2026-08-15T23:10:38.515,IMU-1,0x28,-3.69,179.31,278.56,0,3,0,0
2026-08-15T23:10:38.615,IMU-1,0x28,-3.69,179.31,278.56,0,3,0,0
2026-08-15T23:10:38.715,IMU-1,0x28,-3.69,179.31,278.56,0,3,0,0
2026-08-15T23:10:38.815,IMU-1,0x28,-3.69,179.31,278.56,0,3,0,0
2026-08-15T23:10:38.916,IMU-1,0x28,-3.69,179.31,278.56,0,3,0,0
2026-08-15T23:10:39.016,IMU-1,0x28,-3.69,179.31,278.56,0,3,0,0
2026-08-15T23:10:39.116,IMU-1,0x28,-3.69,179.31,278.56,0,3,0,0
2026-08-15T23:10:39.216,IMU-1,0x28,-3.69,179.31,278.56,0,3,0,0
2026-08-15T23:10:39.317,IMU-1,0x28,-3.69,179.31,278.56,0,3,0,0
2026-08-15T23:10:39.416,IMU-1,0x28,-3.69,179.31,278.56,0,3,0,0
2026-08-15T23:10:39.516,IMU-1,0x28,-3.69,179.31,278.56,0,3,0,0
2026-08-15T23:10:39.616,IMU-1,0x28,-3.69,179.31,278.56,0,3,0,0
2026-08-15T23:10:39.716,IMU-1,0x28,-3.69,179.31,278.56,0,3,0,0
2026-08-15T23:10:39.817,IMU-1,0x28,-3.69,179.31,278.56,0,3,0,0
2026-08-15T23:10:39.917,IMU-1,0x28,-3.69,179.31,278.56,0,3,0,0
2026-08-15T23:10:40.016,IMU-1,0x28,-3.69,179.31,278.56,0,3,0,0
2026-08-15T23:10:40.116,IMU-1,0x28,-3.69,179.31,278.56,0,3,0,0
2026-08-15T23:10:40.215,IMU-1,0x28,-3.69,179.31,278.56,0,3,0,0
2026-08-15T23:10:40.316,IMU-1,0x28,-3.69,179.31,278.56,0,3,0,0
2026-08-15T23:10:40.416,IMU-1,0x28,-3.69,179.31,278.56,0,3,0,0
2026-08-15T23:10:40.516,IMU-1,0x28,-3.69,179.31,278.56,0,3,0,0
2026-08-15T23:10:40.616,IMU-1,0x28,-3.69,179.31,278.56,0,3,0,0
2026-08-15T23:10:40.716,IMU-1,0x28,-3.69,179.31,278.56,0,3,0,0
2026-08-15T23:10:40.816,IMU-1,0x28,-3.69,179.31,278.56,0,3,0,0
2026-08-15T23:10:40.917,IMU-1,0x28,-3.69,179.31,278.56,0,3,0,0
2026-08-15T23:10:41.017,IMU-1,0x28,-3.69,179.31,278.56,0,3,0,0
2026-08-15T23:10:41.117,IMU-1,0x28,-3.69,179.31,278.56,0,3,0,0
2026-08-15T23:10:41.217,IMU-1,0x28,-3.69,179.31,278.56,0,3,0,0
2026-08-15T23:10:41.318,IMU-1,0x28,-3.69,179.31,278.56,0,3,0,0
2026-08-15T23:10:41.418,IMU-1,0x28,-3.69,179.31,278.56,0,3,0,0
2026-08-15T23:10:41.518,IMU-1,0x28,-3.69,179.31,278.56,0,3,0,0
2026-08-15T23:10:41.618,IMU-1,0x28,-3.69,179.31,278.56,0,3,0,0
2026-08-15T23:10:41.718,IMU-1,0x28,-3.69,179.31,278.56,0,3,0,0
2026-08-15T23:10:41.818,IMU-1,0x28,-3.69,179.31,278.56,0,3,0,0
2026-08-15T23:10:41.917,IMU-1,0x28,-3.69,179.31,278.56,0,3,0,0
2026-08-15T23:10:42.017,IMU-1,0x28,-3.69,179.31,278.56,0,3,0,0
2026-08-15T23:10:42.117,IMU-1,0x28,-3.69,179.31,278.56,0,3,0,0
2026-08-15T23:10:42.217,IMU-1,0x28,-3.69,179.31,278.56,0,3,0,0
2026-08-15T23:10:42.318,IMU-1,0x28,-3.69,179.31,278.56,0,3,0,0
2026-08-15T23:10:42.417,IMU-1,0x28,-3.69,179.31,278.56,0,3,0,0
2026-08-15T23:10:42.517,IMU-1,0x28,-3.69,179.31,278.56,0,3,0,0
2026-08-15T23:10:42.617,IMU-1,0x28,-3.69,179.31,278.56,0,3,0,0
2026-08-15T23:10:42.717,IMU-1,0x28,-3.69,179.31,278.56,0,3,0,0
2026-08-15T23:10:42.817,IMU-1,0x28,-3.69,179.31,278.56,0,3,0,0
2026-08-15T23:10:42.917,IMU-1,0x28,-3.69,179.31,278.56,0,3,0,0
2026-08-15T23:10:43.017,IMU-1,0x28,-3.69,179.31,278.56,0,3,0,0
2026-08-15T23:10:43.118,IMU-1,0x28,-3.69,179.31,278.56,0,3,0,0
2026-08-15T23:10:43.218,IMU-1,0x28,-3.69,179.31,278.56,0,3,0,0
2026-08-15T23:10:43.319,IMU-1,0x28,-3.69,179.31,278.56,0,3,0,0
2026-08-15T23:10:43.419,IMU-1,0x28,-3.69,179.31,278.56,0,3,0,0
2026-08-15T23:10:43.519,IMU-1,0x28,-3.69,179.31,278.56,0,3,0,0
2026-08-15T23:10:43.619,IMU-1,0x28,-3.69,179.31,278.56,0,3,0,0
2026-08-15T23:10:43.720,IMU-1,0x28,-3.69,179.31,278.56,0,3,0,0
2026-08-15T23:10:43.819,IMU-1,0x28,-3.69,179.31,278.56,0,3,0,0
2026-08-15T23:10:43.919,IMU-1,0x28,-3.69,179.31,278.56,0,3,0,0
2026-08-15T23:10:44.020,IMU-1,0x28,-3.69,179.31,278.56,0,3,0,0
2026-08-15T23:10:44.119,IMU-1,0x28,-3.69,179.31,278.56,0,3,0,0
2026-08-15T23:10:44.219,IMU-1,0x28,-3.69,179.31,278.56,0,3,0,0
2026-08-15T23:10:44.321,IMU-1,0x28,-3.69,179.31,278.56,0,3,0,0
2026-08-15T23:10:44.420,IMU-1,0x28,-3.69,179.31,278.56,0,3,0,0
2026-08-15T23:10:44.520,IMU-1,0x28,-3.69,179.31,278.56,0,3,0,0
2026-08-15T23:10:44.620,IMU-1,0x28,-3.69,179.31,278.56,0,3,0,0
2026-08-15T23:10:44.720,IMU-1,0x28,-3.69,179.31,278.56,0,3,0,0
2026-08-15T23:10:44.820,IMU-1,0x28,-3.69,179.31,278.56,0,3,0,0
2026-08-15T23:10:44.919,IMU-1,0x28,-3.69,179.31,278.56,0,3,0,0
2026-08-15T23:10:45.019,IMU-1,0x28,-3.69,179.31,278.56,0,3,0,0
2026-08-15T23:10:45.119,IMU-1,0x28,-3.69,179.31,278.56,0,3,0,0
2026-08-15T23:10:45.219,IMU-1,0x28,-3.69,179.31,278.56,0,3,0,0
2026-08-15T23:10:45.320,IMU-1,0x28,-3.69,179.31,278.56,0,3,0,0
2026-08-15T23:10:45.420,IMU-1,0x28,-3.69,179.31,278.56,0,3,0,0
2026-08-15T23:10:45.520,IMU-1,0x28,-3.69,179.31,278.56,0,3,0,0
2026-08-15T23:10:45.620,IMU-1,0x28,-3.69,179.31,278.56,0,3,0,0
2026-08-15T23:10:45.720,IMU-1,0x28,-3.69,179.31,278.56,0,3,0,0
2026-08-15T23:10:45.820,IMU-1,0x28,-3.69,179.31,278.56,0,3,0,0
2026-08-15T23:10:45.921,IMU-1,0x28,-3.69,179.31,278.56,0,3,0,0
2026-08-15T23:10:46.021,IMU-1,0x28,-3.69,179.31,278.56,0,3,0,0
2026-08-15T23:10:46.121,IMU-1,0x28,-3.69,179.31,278.56,0,3,0,0
2026-08-15T23:10:46.221,IMU-1,0x28,-3.69,179.31,278.56,0,3,0,0
2026-08-15T23:10:46.322,IMU-1,0x28,-3.69,179.31,278.56,0,3,0,0
2026-08-15T23:10:46.421,IMU-1,0x28,-3.69,179.31,278.56,0,3,0,0
2026-08-15T23:10:46.521,IMU-1,0x28,-3.69,179.31,278.56,0,3,0,0
2026-08-15T23:10:46.621,IMU-1,0x28,-3.69,179.31,278.56,0,3,0,0
2026-08-15T23:10:46.721,IMU-1,0x28,-3.69,179.31,278.56,0,3,0,0
2026-08-15T23:10:46.821,IMU-1,0x28,-3.69,179.31,278.56,0,3,0,0
2026-08-15T23:10:46.921,IMU-1,0x28,-3.69,179.31,278.56,0,3,0,0
2026-08-15T23:10:47.021,IMU-1,0x28,-3.69,179.31,278.56,0,3,0,0
2026-08-15T23:10:47.121,IMU-1,0x28,-3.69,179.31,278.56,0,3,0,0
2026-08-15T23:10:47.221,IMU-1,0x28,-3.69,179.31,278.56,0,3,0,0
2026-08-15T23:10:47.322,IMU-1,0x28,-3.69,179.31,278.56,0,3,0,0
2026-08-15T23:10:47.421,IMU-1,0x28,-3.69,179.31,278.56,0,3,0,0
2026-08-15T23:10:47.521,IMU-1,0x28,-3.69,179.31,278.56,0,3,0,0
2026-08-15T23:10:47.621,IMU-1,0x28,-3.69,179.31,278.56,0,3,0,0
2026-08-15T23:10:47.721,IMU-1,0x28,-3.69,179.31,278.56,0,3,0,0
2026-08-15T23:10:47.822,IMU-1,0x28,-3.69,179.31,278.56,0,3,0,0
2026-08-15T23:10:47.921,IMU-1,0x28,-3.69,179.31,278.56,0,3,0,0
2026-08-15T23:10:48.022,IMU-1,0x28,-3.69,179.31,278.56,0,3,0,0
2026-08-15T23:10:48.122,IMU-1,0x28,-3.69,179.31,278.56,0,3,0,0
2026-08-15T23:10:48.222,IMU-1,0x28,-3.69,179.31,278.56,0,3,0,0
2026-08-15T23:10:48.323,IMU-1,0x28,-3.69,179.31,278.56,0,3,0,0
2026-08-15T23:10:48.422,IMU-1,0x28,-3.69,179.31,278.56,0,3,0,0
2026-08-15T23:10:48.522,IMU-1,0x28,-3.69,179.31,278.56,0,3,0,0
2026-08-15T23:10:48.623,IMU-1,0x28,-3.69,179.31,278.56,0,3,0,0
2026-08-15T23:10:48.723,IMU-1,0x28,-3.69,179.31,278.56,0,3,0,0
2026-08-15T23:10:48.823,IMU-1,0x28,-3.69,179.31,278.56,0,3,0,0
2026-08-15T23:10:48.923,IMU-1,0x28,-3.69,179.31,278.56,0,3,0,0
2026-08-15T23:10:49.023,IMU-1,0x28,-3.69,179.31,278.56,0,3,0,0
2026-08-15T23:10:49.122,IMU-1,0x28,-3.69,179.31,278.56,0,3,0,0
2026-08-15T23:10:49.222,IMU-1,0x28,-3.69,179.31,278.56,0,3,0,0
2026-08-15T23:10:49.322,IMU-1,0x28,-3.69,179.31,278.56,0,3,0,0
2026-08-15T23:10:49.422,IMU-1,0x28,-3.69,179.31,278.56,0,3,0,0
2026-08-15T23:10:49.522,IMU-1,0x28,-3.69,179.31,278.56,0,3,0,0
2026-08-15T23:10:49.622,IMU-1,0x28,-3.69,179.31,278.56,0,3,0,0
2026-08-15T23:10:49.722,IMU-1,0x28,-3.69,179.31,278.56,0,3,0,0
2026-08-15T23:10:49.822,IMU-1,0x28,-3.69,179.31,278.56,0,3,0,0
2026-08-15T23:10:49.922,IMU-1,0x28,-3.69,179.31,278.56,0,3,0,0
2026-08-15T23:10:50.022,IMU-1,0x28,-3.69,179.31,278.56,0,3,0,0
2026-08-15T23:10:50.122,IMU-1,0x28,-3.69,179.31,278.56,0,3,0,0
2026-08-15T23:10:50.223,IMU-1,0x28,-3.69,179.31,278.56,0,3,0,0
2026-08-15T23:10:50.324,IMU-1,0x28,-3.69,179.31,278.56,0,3,0,0
2026-08-15T23:10:50.423,IMU-1,0x28,-3.69,179.31,278.56,0,3,0,0
2026-08-15T23:10:50.524,IMU-1,0x28,-3.69,179.31,278.56,0,3,0,0
2026-08-15T23:10:50.624,IMU-1,0x28,-3.69,179.31,278.56,0,3,0,0
2026-08-15T23:10:50.724,IMU-1,0x28,-3.69,179.31,278.56,0,3,0,0
2026-08-15T23:10:50.824,IMU-1,0x28,-3.69,179.31,278.56,0,3,0,0
2026-08-15T23:10:50.924,IMU-1,0x28,-3.69,179.31,278.56,0,3,0,0
2026-08-15T23:10:51.025,IMU-1,0x28,-3.69,179.31,278.56,0,3,0,0
2026-08-15T23:10:51.124,IMU-1,0x28,-3.69,179.31,278.56,0,3,0,0
2026-08-15T23:10:51.224,IMU-1,0x28,-3.69,179.31,278.56,0,3,0,0
2026-08-15T23:10:51.325,IMU-1,0x28,-3.69,179.31,278.56,0,3,0,0
2026-08-15T23:10:51.425,IMU-1,0x28,-3.69,179.31,278.56,0,3,0,0
2026-08-15T23:10:51.525,IMU-1,0x28,-3.69,179.31,278.56,0,3,0,0
2026-08-15T23:10:51.625,IMU-1,0x28,-3.69,179.31,278.56,0,3,0,0
2026-08-15T23:10:51.725,IMU-1,0x28,-3.69,179.31,278.56,0,3,0,0
2026-08-15T23:10:51.825,IMU-1,0x28,-3.69,179.31,278.56,0,3,0,0
2026-08-15T23:10:51.924,IMU-1,0x28,-3.69,179.31,278.56,0,3,0,0
2026-08-15T23:10:52.023,IMU-1,0x28,-3.69,179.31,278.56,0,3,0,0
2026-08-15T23:10:52.123,IMU-1,0x28,-3.69,179.31,278.56,0,3,0,0
2026-08-15T23:10:52.223,IMU-1,0x28,-3.69,179.31,278.56,0,3,0,0
2026-08-15T23:10:52.324,IMU-1,0x28,-3.69,179.31,278.56,0,3,0,0
2026-08-15T23:10:52.424,IMU-1,0x28,-3.69,179.31,278.56,0,3,0,0
2026-08-15T23:10:52.524,IMU-1,0x28,-3.69,179.31,278.56,0,3,0,0
2026-08-15T23:10:52.625,IMU-1,0x28,-3.69,179.31,278.56,0,3,0,0
2026-08-15T23:10:52.725,IMU-1,0x28,-3.69,179.31,278.56,0,3,0,0
2026-08-15T23:10:52.825,IMU-1,0x28,-3.69,179.31,278.56,0,3,0,0
2026-08-15T23:10:52.925,IMU-1,0x28,-3.69,179.31,278.56,0,3,0,0
2026-08-15T23:10:53.026,IMU-1,0x28,-3.69,179.31,278.56,0,3,0,0
2026-08-15T23:10:53.125,IMU-1,0x28,-3.69,179.31,278.56,0,3,0,0
2026-08-15T23:10:53.225,IMU-1,0x28,-3.69,179.31,278.56,0,3,0,0
2026-08-15T23:10:53.326,IMU-1,0x28,-3.69,179.31,278.56,0,3,0,0
2026-08-15T23:10:53.425,IMU-1,0x28,-3.69,179.31,278.56,0,3,0,0
2026-08-15T23:10:53.525,IMU-1,0x28,-3.69,179.31,278.56,0,3,0,0
2026-08-15T23:10:53.625,IMU-1,0x28,-3.69,179.31,278.56,0,3,0,0
2026-08-15T23:10:53.725,IMU-1,0x28,-3.69,179.31,278.56,0,3,0,0
2026-08-15T23:10:53.826,IMU-1,0x28,-3.69,179.31,278.56,0,3,0,0
2026-08-15T23:10:53.925,IMU-1,0x28,-3.69,179.31,278.56,0,3,0,0
2026-08-15T23:10:54.026,IMU-1,0x28,-3.69,179.31,278.56,0,3,0,0
2026-08-15T23:10:54.126,IMU-1,0x28,-3.69,179.31,278.56,0,3,0,0
2026-08-15T23:10:54.226,IMU-1,0x28,-3.69,179.31,278.56,0,3,0,0
2026-08-15T23:10:54.327,IMU-1,0x28,-3.69,179.31,278.56,0,3,0,0
2026-08-15T23:10:54.426,IMU-1,0x28,-3.69,179.31,278.56,0,3,0,0
2026-08-15T23:10:54.526,IMU-1,0x28,-3.69,179.31,278.56,0,3,0,0
2026-08-15T23:10:54.626,IMU-1,0x28,-3.69,179.31,278.56,0,3,0,0
2026-08-15T23:10:54.726,IMU-1,0x28,-3.69,179.31,278.56,0,3,0,0
2026-08-15T23:10:54.826,IMU-1,0x28,-3.69,179.31,278.56,0,3,0,0
2026-08-15T23:10:54.927,IMU-1,0x28,-3.69,179.31,278.56,0,3,0,0
2026-08-15T23:10:55.027,IMU-1,0x28,-3.69,179.31,278.56,0,3,0,0
2026-08-15T23:10:55.127,IMU-1,0x28,-3.69,179.31,278.56,0,3,0,0
2026-08-15T23:10:55.228,IMU-1,0x28,-3.69,179.31,278.56,0,3,0,0
2026-08-15T23:10:55.328,IMU-1,0x28,-3.69,179.31,278.56,0,3,0,0
2026-08-15T23:10:55.427,IMU-1,0x28,-3.69,179.31,278.56,0,3,0,0
2026-08-15T23:10:55.528,IMU-1,0x28,-3.69,179.31,278.56,0,3,0,0
2026-08-15T23:10:55.628,IMU-1,0x28,-3.69,179.31,278.56,0,3,0,0
2026-08-15T23:10:55.728,IMU-1,0x28,-3.69,179.31,278.56,0,3,0,0
2026-08-15T23:10:55.828,IMU-1,0x28,-3.69,179.31,278.56,0,3,0,0
2026-08-15T23:10:55.928,IMU-1,0x28,-3.69,179.31,278.56,0,3,0,0
2026-08-15T23:10:56.028,IMU-1,0x28,-3.69,179.31,278.56,0,3,0,0
2026-08-15T23:10:56.127,IMU-1,0x28,-3.69,179.31,278.56,0,3,0,0
2026-08-15T23:10:56.227,IMU-1,0x28,-3.69,179.31,278.56,0,3,0,0
2026-08-15T23:10:56.327,IMU-1,0x28,-3.69,179.31,278.56,0,3,0,0
2026-08-15T23:10:56.427,IMU-1,0x28,-3.69,179.31,278.56,0,3,0,0
2026-08-15T23:10:56.527,IMU-1,0x28,-3.69,179.31,278.56,0,3,0,0
2026-08-15T23:10:56.627,IMU-1,0x28,-3.69,179.31,278.56,0,3,0,0
2026-08-15T23:10:56.727,IMU-1,0x28,-3.69,179.31,278.56,0,3,0,0
2026-08-15T23:10:56.827,IMU-1,0x28,-3.69,179.31,278.56,0,3,0,0
2026-08-15T23:10:56.927,IMU-1,0x28,-3.69,179.31,278.56,0,3,0,0
2026-08-15T23:10:57.028,IMU-1,0x28,-3.69,179.31,278.56,0,3,0,0
2026-08-15T23:10:57.128,IMU-1,0x28,-3.69,179.31,278.56,0,3,0,0
2026-08-15T23:10:57.228,IMU-1,0x28,-3.69,179.31,278.56,0,3,0,0
2026-08-15T23:10:57.329,IMU-1,0x28,-3.69,179.31,278.56,0,3,0,0
2026-08-15T23:10:57.429,IMU-1,0x28,-3.69,179.31,278.56,0,3,0,0
2026-08-15T23:10:57.529,IMU-1,0x28,-3.69,179.31,278.56,0,3,0,0
2026-08-15T23:10:57.629,IMU-1,0x28,-3.69,179.31,278.56,0,3,0,0
2026-08-15T23:10:57.729,IMU-1,0x28,-3.69,179.31,278.56,0,3,0,0
2026-08-15T23:10:57.829,IMU-1,0x28,-3.69,179.31,278.56,0,3,0,0
2026-08-15T23:10:57.929,IMU-1,0x28,-3.69,179.31,278.56,0,3,0,0
2026-08-15T23:10:58.029,IMU-1,0x28,-3.69,179.31,278.56,0,3,0,0
2026-08-15T23:10:58.130,IMU-1,0x28,-3.69,179.31,278.56,0,3,0,0
2026-08-15T23:10:58.229,IMU-1,0x28,-3.69,179.31,278.56,0,3,0,0
2026-08-15T23:10:58.330,IMU-1,0x28,-3.69,179.31,278.56,0,3,0,0
2026-08-15T23:10:58.429,IMU-1,0x28,-3.69,179.31,278.56,0,3,0,0
2026-08-15T23:10:58.530,IMU-1,0x28,-3.69,179.31,278.56,0,3,0,0
2026-08-15T23:10:58.629,IMU-1,0x28,-3.69,179.31,278.56,0,3,0,0
2026-08-15T23:10:58.729,IMU-1,0x28,-3.69,179.31,278.56,0,3,0,0
2026-08-15T23:10:58.828,IMU-1,0x28,-3.69,179.31,278.56,0,3,0,0
2026-08-15T23:10:58.928,IMU-1,0x28,-3.69,179.31,278.56,0,3,0,0
2026-08-15T23:10:59.028,IMU-1,0x28,-3.69,179.31,278.56,0,3,0,0
2026-08-15T23:10:59.128,IMU-1,0x28,-3.69,179.31,278.56,0,3,0,0
2026-08-15T23:10:59.229,IMU-1,0x28,-3.69,179.31,278.56,0,3,0,0
2026-08-15T23:10:59.329,IMU-1,0x28,-3.69,179.31,278.56,0,3,0,0
2026-08-15T23:10:59.429,IMU-1,0x28,-3.69,179.31,278.56,0,3,0,0
2026-08-15T23:10:59.529,IMU-1,0x28,-3.69,179.31,278.56,0,3,0,0
2026-08-15T23:10:59.630,IMU-1,0x28,-3.69,179.31,278.56,0,3,0,0
2026-08-15T23:10:59.730,IMU-1,0x28,-3.69,179.31,278.56,0,3,0,0
2026-08-15T23:10:59.830,IMU-1,0x28,-3.69,179.31,278.56,0,3,0,0
2026-08-15T23:10:59.931,IMU-1,0x28,-3.69,179.31,278.56,0,3,0,0
2026-08-15T23:11:00.031,IMU-1,0x28,-3.69,179.31,278.56,0,3,0,0
2026-08-15T23:11:00.131,IMU-1,0x28,-3.69,179.31,278.56,0,3,0,0
2026-08-15T23:11:00.231,IMU-1,0x28,-3.69,179.31,278.56,0,3,0,0
2026-08-15T23:11:00.332,IMU-1,0x28,-3.69,179.31,278.56,0,3,0,0
2026-08-15T23:11:00.431,IMU-1,0x28,-3.69,179.31,278.56,0,3,0,0
2026-08-15T23:11:00.531,IMU-1,0x28,-3.69,179.31,278.56,0,3,0,0
2026-08-15T23:11:00.631,IMU-1,0x28,-3.69,179.31,278.56,0,3,0,0
2026-08-15T23:11:00.731,IMU-1,0x28,-3.69,179.31,278.56,0,3,0,0
2026-08-15T23:11:00.831,IMU-1,0x28,-3.69,179.31,278.56,0,3,0,0
2026-08-15T23:11:00.931,IMU-1,0x28,-3.69,179.31,278.56,0,3,0,0
2026-08-15T23:11:01.031,IMU-1,0x28,-3.69,179.31,278.56,0,3,0,0
2026-08-15T23:11:01.131,IMU-1,0x28,-3.69,179.31,278.56,0,3,0,0
2026-08-15T23:11:01.231,IMU-1,0x28,-3.69,179.31,278.56,0,3,0,0
2026-08-15T23:11:01.332,IMU-1,0x28,-3.69,179.31,278.56,0,3,0,0
2026-08-15T23:11:01.431,IMU-1,0x28,-3.69,179.31,278.56,0,3,0,0
2026-08-15T23:11:01.531,IMU-1,0x28,-3.69,179.31,278.56,0,3,0,0
2026-08-15T23:11:01.631,IMU-1,0x28,-3.69,179.31,278.56,0,3,0,0
2026-08-15T23:11:01.731,IMU-1,0x28,-3.69,179.31,278.56,0,3,0,0
2026-08-15T23:11:01.831,IMU-1,0x28,-3.69,179.31,278.56,0,3,0,0
2026-08-15T23:11:01.932,IMU-1,0x28,-3.69,179.31,278.56,0,3,0,0
2026-08-15T23:11:02.032,IMU-1,0x28,-3.69,179.31,278.56,0,3,0,0
2026-08-15T23:11:02.132,IMU-1,0x28,-3.69,179.31,278.56,0,3,0,0
2026-08-15T23:11:02.232,IMU-1,0x28,-3.69,179.31,278.56,0,3,0,0
2026-08-15T23:11:02.334,IMU-1,0x28,-3.69,179.31,278.56,0,3,0,0
2026-08-15T23:11:02.432,IMU-1,0x28,-3.69,179.31,278.56,0,3,0,0
2026-08-15T23:11:02.532,IMU-1,0x28,-3.69,179.31,278.56,0,3,0,0
2026-08-15T23:11:02.633,IMU-1,0x28,-3.69,179.31,278.56,0,3,0,0
2026-08-15T23:11:02.733,IMU-1,0x28,-3.69,179.31,278.56,0,3,0,0
2026-08-15T23:11:02.833,IMU-1,0x28,-3.69,179.31,278.56,0,3,0,0
2026-08-15T23:11:02.932,IMU-1,0x28,-3.69,179.31,278.56,0,3,0,0
2026-08-15T23:11:03.032,IMU-1,0x28,-3.69,179.31,278.56,0,3,0,0
2026-08-15T23:11:03.131,IMU-1,0x28,-3.69,179.31,278.56,0,3,0,0
2026-08-15T23:11:03.231,IMU-1,0x28,-3.69,179.31,278.56,0,3,0,0
2026-08-15T23:11:03.332,IMU-1,0x28,-3.69,179.31,278.56,0,3,0,0
2026-08-15T23:11:03.432,IMU-1,0x28,-3.69,179.31,278.56,0,3,0,0
2026-08-15T23:11:03.532,IMU-1,0x28,-3.69,179.31,278.56,0,3,0,0
2026-08-15T23:11:03.632,IMU-1,0x28,-3.69,179.31,278.56,0,3,0,0
2026-08-15T23:11:03.733,IMU-1,0x28,-3.69,179.31,278.56,0,3,0,0
2026-08-15T23:11:03.833,IMU-1,0x28,-3.69,179.31,278.56,0,3,0,0
2026-08-15T23:11:03.933,IMU-1,0x28,-3.69,179.31,278.56,0,3,0,0
2026-08-15T23:11:04.033,IMU-1,0x28,-3.69,179.31,278.56,0,3,0,0
2026-08-15T23:11:04.133,IMU-1,0x28,-3.69,179.31,278.56,0,3,0,0
2026-08-15T23:11:04.233,IMU-1,0x28,-3.69,179.31,278.56,0,3,0,0
2026-08-15T23:11:04.335,IMU-1,0x28,-3.69,179.31,278.56,0,3,0,0
2026-08-15T23:11:04.434,IMU-1,0x28,-3.69,179.31,278.56,0,3,0,0
2026-08-15T23:11:04.533,IMU-1,0x28,-3.69,179.31,278.56,0,3,0,0
2026-08-15T23:11:04.633,IMU-1,0x28,-3.69,179.31,278.56,0,3,0,0
2026-08-15T23:11:04.732,IMU-1,0x28,-3.69,179.31,278.56,0,3,0,0
2026-08-15T23:11:04.833,IMU-1,0x28,-3.69,179.31,278.56,0,3,0,0
2026-08-15T23:11:04.933,IMU-1,0x28,-3.69,179.31,278.56,0,3,0,0
2026-08-15T23:11:05.033,IMU-1,0x28,-3.69,179.31,278.56,0,3,0,0
2026-08-15T23:11:05.133,IMU-1,0x28,-3.69,179.31,278.56,0,3,0,0
2026-08-15T23:11:05.233,IMU-1,0x28,-3.69,179.31,278.56,0,3,0,0
2026-08-15T23:11:05.333,IMU-1,0x28,-3.69,179.31,278.56,0,3,0,0
2026-08-15T23:11:05.433,IMU-1,0x28,-3.69,179.31,278.56,0,3,0,0
2026-08-15T23:11:05.533,IMU-1,0x28,-3.69,179.31,278.56,0,3,0,0
2026-08-15T23:11:05.633,IMU-1,0x28,-3.69,179.31,278.56,0,3,0,0
2026-08-15T23:11:05.733,IMU-1,0x28,-3.69,179.31,278.56,0,3,0,0
2026-08-15T23:11:05.833,IMU-1,0x28,-3.69,179.31,278.56,0,3,0,0
2026-08-15T23:11:05.933,IMU-1,0x28,-3.69,179.31,278.56,0,3,0,0
2026-08-15T23:11:06.034,IMU-1,0x28,-3.69,179.31,278.56,0,3,0,0
2026-08-15T23:11:06.134,IMU-1,0x28,-3.69,179.31,278.56,0,3,0,0
2026-08-15T23:11:06.234,IMU-1,0x28,-3.69,179.31,278.56,0,3,0,0
2026-08-15T23:11:06.335,IMU-1,0x28,-3.69,179.31,278.56,0,3,0,0
2026-08-15T23:11:06.435,IMU-1,0x28,-3.69,179.31,278.56,0,3,0,0
2026-08-15T23:11:06.535,IMU-1,0x28,-3.69,179.31,278.56,0,3,0,0
2026-08-15T23:11:06.636,IMU-1,0x28,-3.69,179.31,278.56,0,3,0,0
2026-08-15T23:11:06.735,IMU-1,0x28,-3.69,179.31,278.56,0,3,0,0
2026-08-15T23:11:06.836,IMU-1,0x28,-3.69,179.31,278.56,0,3,0,0
2026-08-15T23:11:06.935,IMU-1,0x28,-3.69,179.31,278.56,0,3,0,0
2026-08-15T23:11:07.036,IMU-1,0x28,-3.69,179.31,278.56,0,3,0,0
2026-08-15T23:11:07.136,IMU-1,0x28,-3.69,179.31,278.56,0,3,0,0
2026-08-15T23:11:07.236,IMU-1,0x28,-3.69,179.31,278.56,0,3,0,0
2026-08-15T23:11:07.337,IMU-1,0x28,-3.69,179.31,278.56,0,3,0,0
2026-08-15T23:11:07.436,IMU-1,0x28,-3.69,179.31,278.56,0,3,0,0
2026-08-15T23:11:07.536,IMU-1,0x28,-3.69,179.31,278.56,0,3,0,0
2026-08-15T23:11:07.636,IMU-1,0x28,-3.69,179.31,278.56,0,3,0,0
2026-08-15T23:11:07.735,IMU-1,0x28,-3.69,179.31,278.56,0,3,0,0
2026-08-15T23:11:07.835,IMU-1,0x28,-3.69,179.31,278.56,0,3,0,0
2026-08-15T23:11:07.935,IMU-1,0x28,-3.69,179.31,278.56,0,3,0,0
2026-08-15T23:11:08.035,IMU-1,0x28,-3.69,179.31,278.56,0,3,0,0
2026-08-15T23:11:08.135,IMU-1,0x28,-3.69,179.31,278.56,0,3,0,0
2026-08-15T23:11:08.235,IMU-1,0x28,-3.69,179.31,278.56,0,3,0,0
2026-08-15T23:11:08.336,IMU-1,0x28,-3.69,179.31,278.56,0,3,0,0
2026-08-15T23:11:08.435,IMU-1,0x28,-3.69,179.31,278.56,0,3,0,0
2026-08-15T23:11:08.536,IMU-1,0x28,-3.69,179.31,278.56,0,3,0,0
2026-08-15T23:11:08.636,IMU-1,0x28,-3.69,179.31,278.56,0,3,0,0
2026-08-15T23:11:08.736,IMU-1,0x28,-3.69,179.31,278.56,0,3,0,0
2026-08-15T23:11:08.837,IMU-1,0x28,-3.69,179.31,278.56,0,3,0,0
2026-08-15T23:11:08.937,IMU-1,0x28,-3.69,179.31,278.56,0,3,0,0
2026-08-15T23:11:09.037,IMU-1,0x28,-3.69,179.31,278.56,0,3,0,0
2026-08-15T23:11:09.137,IMU-1,0x28,-3.69,179.31,278.56,0,3,0,0
2026-08-15T23:11:09.237,IMU-1,0x28,-3.69,179.31,278.56,0,3,0,0
2026-08-15T23:11:09.338,IMU-1,0x28,-3.69,179.31,278.56,0,3,0,0
2026-08-15T23:11:09.437,IMU-1,0x28,-3.69,179.31,278.56,0,3,0,0
2026-08-15T23:11:09.537,IMU-1,0x28,-3.69,179.31,278.56,0,3,0,0
2026-08-15T23:11:09.638,IMU-1,0x28,-3.69,179.31,278.56,0,3,0,0
2026-08-15T23:11:09.737,IMU-1,0x28,-3.69,179.31,278.56,0,3,0,0
2026-08-15T23:11:09.837,IMU-1,0x28,-3.69,179.31,278.56,0,3,0,0
2026-08-15T23:11:09.938,IMU-1,0x28,-3.69,179.31,278.56,0,3,0,0
2026-08-15T23:11:10.037,IMU-1,0x28,-3.69,179.31,278.56,0,3,0,0
2026-08-15T23:11:10.137,IMU-1,0x28,-3.69,179.31,278.56,0,3,0,0
2026-08-15T23:11:10.237,IMU-1,0x28,-3.69,179.31,278.56,0,3,0,0
2026-08-15T23:11:10.338,IMU-1,0x28,-3.69,179.31,278.56,0,3,0,0
2026-08-15T23:11:10.437,IMU-1,0x28,-3.69,179.31,278.56,0,3,0,0
2026-08-15T23:11:10.537,IMU-1,0x28,-3.69,179.31,278.56,0,3,0,0
2026-08-15T23:11:10.637,IMU-1,0x28,-3.69,179.31,278.56,0,3,0,0
2026-08-15T23:11:10.737,IMU-1,0x28,-3.69,179.31,278.56,0,3,0,0
2026-08-15T23:11:10.838,IMU-1,0x28,-3.69,179.31,278.56,0,3,0,0
2026-08-15T23:11:10.938,IMU-1,0x28,-3.69,179.31,278.56,0,3,0,0
2026-08-15T23:11:11.038,IMU-1,0x28,-3.69,179.31,278.56,0,3,0,0
2026-08-15T23:11:11.138,IMU-1,0x28,-3.69,179.31,278.56,0,3,0,0
2026-08-15T23:11:11.238,IMU-1,0x28,-3.69,179.31,278.56,0,3,0,0
2026-08-15T23:11:11.340,IMU-1,0x28,-3.69,179.31,278.56,0,3,0,0
2026-08-15T23:11:11.439,IMU-1,0x28,-3.69,179.31,278.56,0,3,0,0
2026-08-15T23:11:11.539,IMU-1,0x28,-3.69,179.31,278.56,0,3,0,0
2026-08-15T23:11:11.639,IMU-1,0x28,-3.69,179.31,278.56,0,3,0,0
2026-08-15T23:11:11.739,IMU-1,0x28,-3.69,179.31,278.56,0,3,0,0
2026-08-15T23:11:11.839,IMU-1,0x28,-3.69,179.31,278.56,0,3,0,0
2026-08-15T23:11:11.939,IMU-1,0x28,-3.69,179.31,278.56,0,3,0,0
2026-08-15T23:11:12.038,IMU-1,0x28,-3.69,179.31,278.56,0,3,0,0
2026-08-15T23:11:12.138,IMU-1,0x28,-3.69,179.31,278.56,0,3,0,0
2026-08-15T23:11:12.238,IMU-1,0x28,-3.69,179.31,278.56,0,3,0,0
2026-08-15T23:11:12.338,IMU-1,0x28,-3.69,179.31,278.56,0,3,0,0
2026-08-15T23:11:12.438,IMU-1,0x28,-3.69,179.31,278.56,0,3,0,0
2026-08-15T23:11:12.538,IMU-1,0x28,-3.69,179.31,278.56,0,3,0,0
2026-08-15T23:11:12.638,IMU-1,0x28,-3.69,179.31,278.56,0,3,0,0
2026-08-15T23:11:12.738,IMU-1,0x28,-3.69,179.31,278.56,0,3,0,0
2026-08-15T23:11:12.839,IMU-1,0x28,-3.69,179.31,278.56,0,3,0,0
2026-08-15T23:11:12.939,IMU-1,0x28,-3.69,179.31,278.56,0,3,0,0
2026-08-15T23:11:13.039,IMU-1,0x28,-3.69,179.31,278.56,0,3,0,0
2026-08-15T23:11:13.139,IMU-1,0x28,-3.69,179.31,278.56,0,3,0,0
2026-08-15T23:11:13.239,IMU-1,0x28,-3.69,179.31,278.56,0,3,0,0
2026-08-15T23:11:13.340,IMU-1,0x28,-3.69,179.31,278.56,0,3,0,0
2026-08-15T23:11:13.440,IMU-1,0x28,-3.69,179.31,278.56,0,3,0,0
2026-08-15T23:11:13.540,IMU-1,0x28,-3.69,179.31,278.56,0,3,0,0
2026-08-15T23:11:13.641,IMU-1,0x28,-3.69,179.31,278.56,0,3,0,0
2026-08-15T23:11:13.740,IMU-1,0x28,-3.69,179.31,278.56,0,3,0,0
2026-08-15T23:11:13.840,IMU-1,0x28,-3.69,179.31,278.56,0,3,0,0
2026-08-15T23:11:13.940,IMU-1,0x28,-3.69,179.31,278.56,0,3,0,0
2026-08-15T23:11:14.040,IMU-1,0x28,-3.69,179.31,278.56,0,3,0,0
2026-08-15T23:11:14.141,IMU-1,0x28,-3.69,179.31,278.56,0,3,0,0
2026-08-15T23:11:14.241,IMU-1,0x28,-3.69,179.31,278.56,0,3,0,0
2026-08-15T23:11:14.342,IMU-1,0x28,-3.69,179.31,278.56,0,3,0,0
2026-08-15T23:11:14.440,IMU-1,0x28,-3.69,179.31,278.56,0,3,0,0
2026-08-15T23:11:14.539,IMU-1,0x28,-3.69,179.31,278.56,0,3,0,0
2026-08-15T23:11:14.639,IMU-1,0x28,-3.69,179.31,278.56,0,3,0,0
2026-08-15T23:11:14.739,IMU-1,0x28,-3.69,179.31,278.56,0,3,0,0
2026-08-15T23:11:14.839,IMU-1,0x28,-3.69,179.31,278.56,0,3,0,0
2026-08-15T23:11:14.939,IMU-1,0x28,-3.69,179.31,278.56,0,3,0,0
2026-08-15T23:11:15.040,IMU-1,0x28,-3.69,179.31,278.56,0,3,0,0
2026-08-15T23:11:15.140,IMU-1,0x28,-3.69,179.31,278.56,0,3,0,0
2026-08-15T23:11:15.240,IMU-1,0x28,-3.69,179.31,278.56,0,3,0,0
2026-08-15T23:11:15.341,IMU-1,0x28,-3.69,179.31,278.56,0,3,0,0
2026-08-15T23:11:15.441,IMU-1,0x28,-3.69,179.31,278.56,0,3,0,0
2026-08-15T23:11:15.541,IMU-1,0x28,-3.69,179.31,278.56,0,3,0,0
2026-08-15T23:11:15.642,IMU-1,0x28,-3.69,179.31,278.56,0,3,0,0
2026-08-15T23:11:15.742,IMU-1,0x28,-3.69,179.31,278.56,0,3,0,0
2026-08-15T23:11:15.842,IMU-1,0x28,-3.69,179.31,278.56,0,3,0,0
2026-08-15T23:11:15.942,IMU-1,0x28,-3.69,179.31,278.56,0,3,0,0
2026-08-15T23:11:16.042,IMU-1,0x28,-3.69,179.31,278.56,0,3,0,0
2026-08-15T23:11:16.142,IMU-1,0x28,-3.69,179.31,278.56,0,3,0,0
2026-08-15T23:11:16.241,IMU-1,0x28,-3.69,179.31,278.56,0,3,0,0
2026-08-15T23:11:16.342,IMU-1,0x28,-3.69,179.31,278.56,0,3,0,0
2026-08-15T23:11:16.441,IMU-1,0x28,-3.69,179.31,278.56,0,3,0,0
2026-08-15T23:11:16.541,IMU-1,0x28,-3.69,179.31,278.56,0,3,0,0
2026-08-15T23:11:16.641,IMU-1,0x28,-3.69,179.31,278.56,0,3,0,0
2026-08-15T23:11:16.741,IMU-1,0x28,-3.69,179.31,278.56,0,3,0,0
2026-08-15T23:11:16.842,IMU-1,0x28,-3.69,179.31,278.56,0,3,0,0
2026-08-15T23:11:16.942,IMU-1,0x28,-3.69,179.31,278.56,0,3,0,0
2026-08-15T23:11:17.042,IMU-1,0x28,-3.69,179.31,278.56,0,3,0,0
2026-08-15T23:11:17.142,IMU-1,0x28,-3.69,179.31,278.56,0,3,0,0
2026-08-15T23:11:17.242,IMU-1,0x28,-3.69,179.31,278.56,0,3,0,0
2026-08-15T23:11:17.343,IMU-1,0x28,-3.69,179.31,278.56,0,3,0,0
2026-08-15T23:11:17.442,IMU-1,0x28,-3.69,179.31,278.56,0,3,0,0
2026-08-15T23:11:17.542,IMU-1,0x28,-3.69,179.31,278.56,0,3,0,0
2026-08-15T23:11:17.643,IMU-1,0x28,-3.69,179.31,278.56,0,3,0,0
2026-08-15T23:11:17.743,IMU-1,0x28,-3.69,179.31,278.56,0,3,0,0
2026-08-15T23:11:17.843,IMU-1,0x28,-3.69,179.31,278.56,0,3,0,0
2026-08-15T23:11:17.943,IMU-1,0x28,-3.69,179.31,278.56,0,3,0,0
2026-08-15T23:11:18.043,IMU-1,0x28,-3.69,179.31,278.56,0,3,0,0
2026-08-15T23:11:18.143,IMU-1,0x28,-3.69,179.31,278.56,0,3,0,0
2026-08-15T23:11:18.243,IMU-1,0x28,-3.69,179.31,278.56,0,3,0,0
2026-08-15T23:11:18.344,IMU-1,0x28,-3.69,179.31,278.56,0,3,0,0
2026-08-15T23:11:18.443,IMU-1,0x28,-3.69,179.31,278.56,0,3,0,0
2026-08-15T23:11:18.543,IMU-1,0x28,-3.69,179.31,278.56,0,3,0,0
2026-08-15T23:11:18.643,IMU-1,0x28,-3.69,179.31,278.56,0,3,0,0
2026-08-15T23:11:18.743,IMU-1,0x28,-3.69,179.31,278.56,0,3,0,0
2026-08-15T23:11:18.842,IMU-1,0x28,-3.69,179.31,278.56,0,3,0,0
2026-08-15T23:11:18.942,IMU-1,0x28,-3.69,179.31,278.56,0,3,0,0
2026-08-15T23:11:19.043,IMU-1,0x28,-3.69,179.31,278.56,0,3,0,0
2026-08-15T23:11:19.143,IMU-1,0x28,-3.69,179.31,278.56,0,3,0,0
2026-08-15T23:11:19.243,IMU-1,0x28,-3.69,179.31,278.56,0,3,0,0
2026-08-15T23:11:19.344,IMU-1,0x28,-3.69,179.31,278.56,0,3,0,0
2026-08-15T23:11:19.443,IMU-1,0x28,-3.69,179.31,278.56,0,3,0,0
2026-08-15T23:11:19.543,IMU-1,0x28,-3.69,179.31,278.56,0,3,0,0
2026-08-15T23:11:19.644,IMU-1,0x28,-3.69,179.31,278.56,0,3,0,0
2026-08-15T23:11:19.743,IMU-1,0x28,-3.69,179.31,278.56,0,3,0,0
2026-08-15T23:11:19.844,IMU-1,0x28,-3.69,179.31,278.56,0,3,0,0
2026-08-15T23:11:19.944,IMU-1,0x28,-3.69,179.31,278.56,0,3,0,0
2026-08-15T23:11:20.044,IMU-1,0x28,-3.69,179.31,278.56,0,3,0,0
2026-08-15T23:11:20.145,IMU-1,0x28,-3.69,179.31,278.56,0,3,0,0
2026-08-15T23:11:20.245,IMU-1,0x28,-3.69,179.31,278.56,0,3,0,0
2026-08-15T23:11:20.346,IMU-1,0x28,-3.69,179.31,278.56,0,3,0,0
2026-08-15T23:11:20.445,IMU-1,0x28,-3.69,179.31,278.56,0,3,0,0
2026-08-15T23:11:20.545,IMU-1,0x28,-3.69,179.31,278.56,0,3,0,0
2026-08-15T23:11:20.645,IMU-1,0x28,-3.69,179.31,278.56,0,3,0,0
2026-08-15T23:11:20.745,IMU-1,0x28,-3.69,179.31,278.56,0,3,0,0
2026-08-15T23:11:20.844,IMU-1,0x28,-3.69,179.31,278.56,0,3,0,0
2026-08-15T23:11:20.944,IMU-1,0x28,-3.69,179.31,278.56,0,3,0,0
2026-08-15T23:11:21.044,IMU-1,0x28,-3.69,179.31,278.56,0,3,0,0
2026-08-15T23:11:21.144,IMU-1,0x28,-3.69,179.31,278.56,0,3,0,0
2026-08-15T23:11:21.244,IMU-1,0x28,-3.69,179.31,278.56,0,3,0,0
2026-08-15T23:11:21.344,IMU-1,0x28,-3.69,179.31,278.56,0,3,0,0
2026-08-15T23:11:21.444,IMU-1,0x28,-3.69,179.31,278.56,0,3,0,0
2026-08-15T23:11:21.544,IMU-1,0x28,-3.69,179.31,278.56,0,3,0,0
2026-08-15T23:11:21.644,IMU-1,0x28,-3.69,179.31,278.56,0,3,0,0
2026-08-15T23:11:21.744,IMU-1,0x28,-3.69,179.31,278.56,0,3,0,0
2026-08-15T23:11:21.844,IMU-1,0x28,-3.69,179.31,278.56,0,3,0,0
2026-08-15T23:11:21.945,IMU-1,0x28,-3.69,179.31,278.56,0,3,0,0
2026-08-15T23:11:22.045,IMU-1,0x28,-3.69,179.31,278.56,0,3,0,0
2026-08-15T23:11:22.145,IMU-1,0x28,-3.69,179.31,278.56,0,3,0,0
2026-08-15T23:11:22.246,IMU-1,0x28,-3.69,179.31,278.56,0,3,0,0
2026-08-15T23:11:22.346,IMU-1,0x28,-3.69,179.31,278.56,0,3,0,0
2026-08-15T23:11:22.446,IMU-1,0x28,-3.69,179.31,278.56,0,3,0,0
2026-08-15T23:11:22.547,IMU-1,0x28,-3.69,179.31,278.56,0,3,0,0
2026-08-15T23:11:22.646,IMU-1,0x28,-3.69,179.31,278.56,0,3,0,0
2026-08-15T23:11:22.746,IMU-1,0x28,-3.69,179.31,278.56,0,3,0,0
2026-08-15T23:11:22.846,IMU-1,0x28,-3.69,179.31,278.56,0,3,0,0
2026-08-15T23:11:22.946,IMU-1,0x28,-3.69,179.31,278.56,0,3,0,0
2026-08-15T23:11:23.047,IMU-1,0x28,-3.69,179.31,278.56,0,3,0,0
2026-08-15T23:11:23.147,IMU-1,0x28,-3.69,179.31,278.56,0,3,0,0
2026-08-15T23:11:23.247,IMU-1,0x28,-3.69,179.31,278.56,0,3,0,0
2026-08-15T23:11:23.348,IMU-1,0x28,-3.69,179.31,278.56,0,3,0,0
2026-08-15T23:11:23.447,IMU-1,0x28,-3.69,179.31,278.56,0,3,0,0
2026-08-15T23:11:23.547,IMU-1,0x28,-3.69,179.31,278.56,0,3,0,0
2026-08-15T23:11:23.646,IMU-1,0x28,-3.69,179.31,278.56,0,3,0,0
2026-08-15T23:11:23.746,IMU-1,0x28,-3.69,179.31,278.56,0,3,0,0
2026-08-15T23:11:23.846,IMU-1,0x28,-3.69,179.31,278.56,0,3,0,0
2026-08-15T23:11:23.946,IMU-1,0x28,-3.69,179.31,278.56,0,3,0,0
2026-08-15T23:11:24.046,IMU-1,0x28,-3.69,179.31,278.56,0,3,0,0
2026-08-15T23:11:24.146,IMU-1,0x28,-3.69,179.31,278.56,0,3,0,0
2026-08-15T23:11:24.247,IMU-1,0x28,-3.69,179.31,278.56,0,3,0,0
2026-08-15T23:11:24.347,IMU-1,0x28,-3.69,179.31,278.56,0,3,0,0
2026-08-15T23:11:24.447,IMU-1,0x28,-3.69,179.31,278.56,0,3,0,0
2026-08-15T23:11:24.547,IMU-1,0x28,-3.69,179.31,278.56,0,3,0,0
2026-08-15T23:11:24.647,IMU-1,0x28,-3.69,179.31,278.56,0,3,0,0
2026-08-15T23:11:24.748,IMU-1,0x28,-3.69,179.31,278.56,0,3,0,0
2026-08-15T23:11:24.848,IMU-1,0x28,-3.69,179.31,278.56,0,3,0,0
2026-08-15T23:11:24.948,IMU-1,0x28,-3.69,179.31,278.56,0,3,0,0
2026-08-15T23:11:25.048,IMU-1,0x28,-3.69,179.31,278.56,0,3,0,0
2026-08-15T23:11:25.148,IMU-1,0x28,-3.69,179.31,278.56,0,3,0,0
2026-08-15T23:11:25.248,IMU-1,0x28,-3.69,179.31,278.56,0,3,0,0
2026-08-15T23:11:25.349,IMU-1,0x28,-3.69,179.31,278.56,0,3,0,0
2026-08-15T23:11:25.448,IMU-1,0x28,-3.69,179.31,278.56,0,3,0,0
2026-08-15T23:11:25.548,IMU-1,0x28,-3.69,179.31,278.56,0,3,0,0
2026-08-15T23:11:25.648,IMU-1,0x28,-3.69,179.31,278.56,0,3,0,0
2026-08-15T23:11:25.748,IMU-1,0x28,-3.69,179.31,278.56,0,3,0,0
2026-08-15T23:11:25.848,IMU-1,0x28,-3.69,179.31,278.56,0,3,0,0
2026-08-15T23:11:25.948,IMU-1,0x28,-3.69,179.31,278.56,0,3,0,0
2026-08-15T23:11:26.048,IMU-1,0x28,-3.69,179.31,278.56,0,3,0,0
2026-08-15T23:11:26.148,IMU-1,0x28,-3.69,179.31,278.56,0,3,0,0
2026-08-15T23:11:26.248,IMU-1,0x28,-3.69,179.31,278.56,0,3,0,0
2026-08-15T23:11:26.349,IMU-1,0x28,-3.69,179.31,278.56,0,3,0,0
2026-08-15T23:11:26.448,IMU-1,0x28,-3.69,179.31,278.56,0,3,0,0
2026-08-15T23:11:26.548,IMU-1,0x28,-3.69,179.31,278.56,0,3,0,0
2026-08-15T23:11:26.648,IMU-1,0x28,-3.69,179.31,278.56,0,3,0,0
2026-08-15T23:11:26.748,IMU-1,0x28,-3.69,179.31,278.56,0,3,0,0
2026-08-15T23:11:26.849,IMU-1,0x28,-3.69,179.31,278.56,0,3,0,0
2026-08-15T23:11:26.949,IMU-1,0x28,-3.69,179.31,278.56,0,3,0,0
2026-08-15T23:11:27.049,IMU-1,0x28,-3.69,179.31,278.56,0,3,0,0
2026-08-15T23:11:27.149,IMU-1,0x28,-3.69,179.31,278.56,0,3,0,0
2026-08-15T23:11:27.249,IMU-1,0x28,-3.69,179.31,278.56,0,3,0,0
2026-08-15T23:11:27.350,IMU-1,0x28,-3.69,179.31,278.56,0,3,0,0
2026-08-15T23:11:27.449,IMU-1,0x28,-3.69,179.31,278.56,0,3,0,0
2026-08-15T23:11:27.548,IMU-1,0x28,-3.69,179.31,278.56,0,3,0,0
2026-08-15T23:11:27.648,IMU-1,0x28,-3.69,179.31,278.56,0,3,0,0
2026-08-15T23:11:27.748,IMU-1,0x28,-3.69,179.31,278.56,0,3,0,0
2026-08-15T23:11:27.848,IMU-1,0x28,-3.69,179.31,278.56,0,3,0,0
2026-08-15T23:11:27.948,IMU-1,0x28,-3.69,179.31,278.56,0,3,0,0
2026-08-15T23:11:28.048,IMU-1,0x28,-3.69,179.31,278.56,0,3,0,0
2026-08-15T23:11:28.148,IMU-1,0x28,-3.69,179.31,278.56,0,3,0,0
2026-08-15T23:11:28.248,IMU-1,0x28,-3.69,179.31,278.56,0,3,0,0
2026-08-15T23:11:28.349,IMU-1,0x28,-3.69,179.31,278.56,0,3,0,0
2026-08-15T23:11:28.449,IMU-1,0x28,-3.69,179.31,278.56,0,3,0,0
2026-08-15T23:11:28.549,IMU-1,0x28,-3.69,179.31,278.56,0,3,0,0
2026-08-15T23:11:28.649,IMU-1,0x28,-3.69,179.31,278.56,0,3,0,0
2026-08-15T23:11:28.749,IMU-1,0x28,-3.69,179.31,278.56,0,3,0,0
2026-08-15T23:11:28.849,IMU-1,0x28,-3.69,179.31,278.56,0,3,0,0
2026-08-15T23:11:28.950,IMU-1,0x28,-3.69,179.31,278.56,0,3,0,0
2026-08-15T23:11:29.050,IMU-1,0x28,-3.69,179.31,278.56,0,3,0,0
2026-08-15T23:11:29.150,IMU-1,0x28,-3.69,179.31,278.56,0,3,0,0
2026-08-15T23:11:29.251,IMU-1,0x28,-3.69,179.31,278.56,0,3,0,0
2026-08-15T23:11:29.352,IMU-1,0x28,-3.69,179.31,278.56,0,3,0,0
2026-08-15T23:11:29.451,IMU-1,0x28,-3.69,179.31,278.56,0,3,0,0
2026-08-15T23:11:29.551,IMU-1,0x28,-3.69,179.31,278.56,0,3,0,0
2026-08-15T23:11:29.651,IMU-1,0x28,-3.69,179.31,278.56,0,3,0,0
2026-08-15T23:11:29.751,IMU-1,0x28,-3.69,179.31,278.56,0,3,0,0
2026-08-15T23:11:29.851,IMU-1,0x28,-3.69,179.31,278.56,0,3,0,0
2026-08-15T23:11:29.951,IMU-1,0x28,-3.69,179.31,278.56,0,3,0,0
2026-08-15T23:11:30.051,IMU-1,0x28,-3.69,179.31,278.56,0,3,0,0
2026-08-15T23:11:30.151,IMU-1,0x28,-3.69,179.31,278.56,0,3,0,0
2026-08-15T23:11:30.252,IMU-1,0x28,-3.69,179.31,278.56,0,3,0,0
2026-08-15T23:11:30.352,IMU-1,0x28,-3.69,179.31,278.56,0,3,0,0
2026-08-15T23:11:30.452,IMU-1,0x28,-3.69,179.31,278.56,0,3,0,0
2026-08-15T23:11:30.551,IMU-1,0x28,-3.69,179.31,278.56,0,3,0,0
2026-08-15T23:11:30.651,IMU-1,0x28,-3.69,179.31,278.56,0,3,0,0
2026-08-15T23:11:30.751,IMU-1,0x28,-3.69,179.31,278.56,0,3,0,0
2026-08-15T23:11:30.851,IMU-1,0x28,-3.69,179.31,278.56,0,3,0,0
2026-08-15T23:11:30.951,IMU-1,0x28,-3.69,179.31,278.56,0,3,0,0
2026-08-15T23:11:31.050,IMU-1,0x28,-3.69,179.31,278.56,0,3,0,0
2026-08-15T23:11:31.151,IMU-1,0x28,-3.69,179.31,278.56,0,3,0,0
2026-08-15T23:11:31.251,IMU-1,0x28,-3.69,179.31,278.56,0,3,0,0
2026-08-15T23:11:31.352,IMU-1,0x28,-3.69,179.31,278.56,0,3,0,0
2026-08-15T23:11:31.452,IMU-1,0x28,-3.69,179.31,278.56,0,3,0,0
2026-08-15T23:11:31.552,IMU-1,0x28,-3.69,179.31,278.56,0,3,0,0
2026-08-15T23:11:31.652,IMU-1,0x28,-3.69,179.31,278.56,0,3,0,0
2026-08-15T23:11:31.752,IMU-1,0x28,-3.69,179.31,278.56,0,3,0,0
2026-08-15T23:11:31.852,IMU-1,0x28,-3.69,179.31,278.56,0,3,0,0
2026-08-15T23:11:31.953,IMU-1,0x28,-3.69,179.31,278.56,0,3,0,0
2026-08-15T23:11:32.053,IMU-1,0x28,-3.69,179.31,278.56,0,3,0,0
2026-08-15T23:11:32.153,IMU-1,0x28,-3.69,179.31,278.56,0,3,0,0
2026-08-15T23:11:32.253,IMU-1,0x28,-3.69,179.31,278.56,0,3,0,0
2026-08-15T23:11:32.354,IMU-1,0x28,-3.69,179.31,278.56,0,3,0,0
2026-08-15T23:11:32.453,IMU-1,0x28,-3.69,179.31,278.56,0,3,0,0
2026-08-15T23:11:32.553,IMU-1,0x28,-3.69,179.31,278.56,0,3,0,0
2026-08-15T23:11:32.653,IMU-1,0x28,-3.69,179.31,278.56,0,3,0,0
2026-08-15T23:11:32.753,IMU-1,0x28,-3.69,179.31,278.56,0,3,0,0
2026-08-15T23:11:32.854,IMU-1,0x28,-3.69,179.31,278.56,0,3,0,0
2026-08-15T23:11:32.953,IMU-1,0x28,-3.69,179.31,278.56,0,3,0,0
2026-08-15T23:11:33.053,IMU-1,0x28,-3.69,179.31,278.56,0,3,0,0
2026-08-15T23:11:33.153,IMU-1,0x28,-3.69,179.31,278.56,0,3,0,0
2026-08-15T23:11:33.253,IMU-1,0x28,-3.69,179.31,278.56,0,3,0,0
2026-08-15T23:11:33.354,IMU-1,0x28,-3.69,179.31,278.56,0,3,0,0
2026-08-15T23:11:33.453,IMU-1,0x28,-3.69,179.31,278.56,0,3,0,0
2026-08-15T23:11:33.553,IMU-1,0x28,-3.69,179.31,278.56,0,3,0,0
2026-08-15T23:11:33.653,IMU-1,0x28,-3.69,179.31,278.56,0,3,0,0
2026-08-15T23:11:33.753,IMU-1,0x28,-3.69,179.31,278.56,0,3,0,0
2026-08-15T23:11:33.854,IMU-1,0x28,-3.69,179.31,278.56,0,3,0,0
2026-08-15T23:11:33.954,IMU-1,0x28,-3.69,179.31,278.56,0,3,0,0
2026-08-15T23:11:34.054,IMU-1,0x28,-3.69,179.31,278.56,0,3,0,0
2026-08-15T23:11:34.154,IMU-1,0x28,-3.69,179.31,278.56,0,3,0,0
2026-08-15T23:11:34.255,IMU-1,0x28,-3.69,179.31,278.56,0,3,0,0
2026-08-15T23:11:34.355,IMU-1,0x28,-3.69,179.31,278.56,0,3,0,0
2026-08-15T23:11:34.454,IMU-1,0x28,-3.69,179.31,278.56,0,3,0,0
2026-08-15T23:11:34.554,IMU-1,0x28,-3.69,179.31,278.56,0,3,0,0
2026-08-15T23:11:34.654,IMU-1,0x28,-3.69,179.31,278.56,0,3,0,0
2026-08-15T23:11:34.755,IMU-1,0x28,-3.69,179.31,278.56,0,3,0,0
2026-08-15T23:11:34.854,IMU-1,0x28,-3.69,179.31,278.56,0,3,0,0
2026-08-15T23:11:34.954,IMU-1,0x28,-3.69,179.31,278.56,0,3,0,0
2026-08-15T23:11:35.053,IMU-1,0x28,-3.69,179.31,278.56,0,3,0,0
2026-08-15T23:11:35.153,IMU-1,0x28,-3.69,179.31,278.56,0,3,0,0
2026-08-15T23:11:35.253,IMU-1,0x28,-3.69,179.31,278.56,0,3,0,0
2026-08-15T23:11:35.354,IMU-1,0x28,-3.69,179.31,278.56,0,3,0,0
2026-08-15T23:11:35.453,IMU-1,0x28,-3.69,179.31,278.56,0,3,0,0
2026-08-15T23:11:35.553,IMU-1,0x28,-3.69,179.31,278.56,0,3,0,0
2026-08-15T23:11:35.654,IMU-1,0x28,-3.69,179.31,278.56,0,3,0,0
2026-08-15T23:11:35.754,IMU-1,0x28,-3.69,179.31,278.56,0,3,0,0
2026-08-15T23:11:35.854,IMU-1,0x28,-3.69,179.31,278.56,0,3,0,0
2026-08-15T23:11:35.954,IMU-1,0x28,-3.69,179.31,278.56,0,3,0,0
2026-08-15T23:11:36.055,IMU-1,0x28,-3.69,179.31,278.56,0,3,0,0
2026-08-15T23:11:36.155,IMU-1,0x28,-3.69,179.31,278.56,0,3,0,0
2026-08-15T23:11:36.255,IMU-1,0x28,-3.69,179.31,278.56,0,3,0,0
2026-08-15T23:11:36.356,IMU-1,0x28,-3.69,179.31,278.56,0,3,0,0
2026-08-15T23:11:36.456,IMU-1,0x28,-3.69,179.31,278.56,0,3,0,0
2026-08-15T23:11:36.556,IMU-1,0x28,-3.69,179.31,278.56,0,3,0,0
2026-08-15T23:11:36.656,IMU-1,0x28,-3.69,179.31,278.56,0,3,0,0
2026-08-15T23:11:36.756,IMU-1,0x28,-3.69,179.31,278.56,0,3,0,0
2026-08-15T23:11:36.856,IMU-1,0x28,-3.69,179.31,278.56,0,3,0,0
2026-08-15T23:11:36.956,IMU-1,0x28,-3.69,179.31,278.56,0,3,0,0
2026-08-15T23:11:37.056,IMU-1,0x28,-3.69,179.31,278.56,0,3,0,0
2026-08-15T23:11:37.156,IMU-1,0x28,-3.69,179.31,278.56,0,3,0,0
2026-08-15T23:11:37.255,IMU-1,0x28,-3.69,179.31,278.56,0,3,0,0
2026-08-15T23:11:37.356,IMU-1,0x28,-3.69,179.31,278.56,0,3,0,0
2026-08-15T23:11:37.455,IMU-1,0x28,-3.69,179.31,278.56,0,3,0,0
2026-08-15T23:11:37.555,IMU-1,0x28,-3.69,179.31,278.56,0,3,0,0
2026-08-15T23:11:37.655,IMU-1,0x28,-3.69,179.31,278.56,0,3,0,0
2026-08-15T23:11:37.755,IMU-1,0x28,-3.69,179.31,278.56,0,3,0,0
2026-08-15T23:11:37.855,IMU-1,0x28,-3.69,179.31,278.56,0,3,0,0
2026-08-15T23:11:37.955,IMU-1,0x28,-3.69,179.31,278.56,0,3,0,0
2026-08-15T23:11:38.055,IMU-1,0x28,-3.69,179.31,278.56,0,3,0,0
2026-08-15T23:11:38.156,IMU-1,0x28,-3.69,179.31,278.56,0,3,0,0
2026-08-15T23:11:38.256,IMU-1,0x28,-3.69,179.31,278.56,0,3,0,0
2026-08-15T23:11:38.357,IMU-1,0x28,-3.69,179.31,278.56,0,3,0,0
2026-08-15T23:11:38.456,IMU-1,0x28,-3.69,179.31,278.56,0,3,0,0
2026-08-15T23:11:38.557,IMU-1,0x28,-3.69,179.31,278.56,0,3,0,0
2026-08-15T23:11:38.657,IMU-1,0x28,-3.69,179.31,278.56,0,3,0,0
2026-08-15T23:11:38.757,IMU-1,0x28,-3.69,179.31,278.56,0,3,0,0
2026-08-15T23:11:38.857,IMU-1,0x28,-3.69,179.31,278.56,0,3,0,0
2026-08-15T23:11:38.956,IMU-1,0x28,-3.69,179.31,278.56,0,3,0,0
2026-08-15T23:11:39.056,IMU-1,0x28,-3.69,179.31,278.56,0,3,0,0
2026-08-15T23:11:39.156,IMU-1,0x28,-3.69,179.31,278.56,0,3,0,0
2026-08-15T23:11:39.256,IMU-1,0x28,-3.69,179.31,278.56,0,3,0,0
2026-08-15T23:11:39.357,IMU-1,0x28,-3.69,179.31,278.56,0,3,0,0
2026-08-15T23:11:39.457,IMU-1,0x28,-3.69,179.31,278.56,0,3,0,0
2026-08-15T23:11:39.557,IMU-1,0x28,-3.69,179.31,278.56,0,3,0,0
2026-08-15T23:11:39.657,IMU-1,0x28,-3.69,179.31,278.56,0,3,0,0
2026-08-15T23:11:39.757,IMU-1,0x28,-3.69,179.31,278.56,0,3,0,0
2026-08-15T23:11:39.857,IMU-1,0x28,-3.69,179.31,278.56,0,3,0,0
2026-08-15T23:11:39.957,IMU-1,0x28,-3.69,179.31,278.56,0,3,0,0
2026-08-15T23:11:40.057,IMU-1,0x28,-3.69,179.31,278.56,0,3,0,0
2026-08-15T23:11:40.157,IMU-1,0x28,-3.69,179.31,278.56,0,3,0,0
2026-08-15T23:11:40.257,IMU-1,0x28,-3.69,179.31,278.56,0,3,0,0
2026-08-15T23:11:40.358,IMU-1,0x28,-3.69,179.31,278.56,0,3,0,0
2026-08-15T23:11:40.458,IMU-1,0x28,-3.69,179.31,278.56,0,3,0,0
2026-08-15T23:11:40.558,IMU-1,0x28,-3.69,179.31,278.56,0,3,0,0
2026-08-15T23:11:40.658,IMU-1,0x28,-3.69,179.31,278.56,0,3,0,0
2026-08-15T23:11:40.758,IMU-1,0x28,-3.69,179.31,278.56,0,3,0,0
2026-08-15T23:11:40.858,IMU-1,0x28,-3.69,179.31,278.56,0,3,0,0
2026-08-15T23:11:40.959,IMU-1,0x28,-3.69,179.31,278.56,0,3,0,0
2026-08-15T23:11:41.059,IMU-1,0x28,-3.69,179.31,278.56,0,3,0,0
2026-08-15T23:11:41.159,IMU-1,0x28,-3.69,179.31,278.56,0,3,0,0
2026-08-15T23:11:41.259,IMU-1,0x28,-3.69,179.31,278.56,0,3,0,0
2026-08-15T23:11:41.360,IMU-1,0x28,-3.69,179.31,278.56,0,3,0,0
2026-08-15T23:11:41.459,IMU-1,0x28,-3.69,179.31,278.56,0,3,0,0
2026-08-15T23:11:41.559,IMU-1,0x28,-3.69,179.31,278.56,0,3,0,0
2026-08-15T23:11:41.659,IMU-1,0x28,-3.69,179.31,278.56,0,3,0,0
2026-08-15T23:11:41.759,IMU-1,0x28,-3.69,179.31,278.56,0,3,0,0
2026-08-15T23:11:41.859,IMU-1,0x28,-3.69,179.31,278.56,0,3,0,0
2026-08-15T23:11:41.958,IMU-1,0x28,-3.69,179.31,278.56,0,3,0,0
2026-08-15T23:11:42.058,IMU-1,0x28,-3.69,179.31,278.56,0,3,0,0
2026-08-15T23:11:42.158,IMU-1,0x28,-3.69,179.31,278.56,0,3,0,0
2026-08-15T23:11:42.258,IMU-1,0x28,-3.69,179.31,278.56,0,3,0,0
2026-08-15T23:11:42.358,IMU-1,0x28,-3.69,179.31,278.56,0,3,0,0
2026-08-15T23:11:42.458,IMU-1,0x28,-3.69,179.31,278.56,0,3,0,0
2026-08-15T23:11:42.559,IMU-1,0x28,-3.69,179.31,278.56,0,3,0,0
2026-08-15T23:11:42.659,IMU-1,0x28,-3.69,179.31,278.56,0,3,0,0
2026-08-15T23:11:42.759,IMU-1,0x28,-3.69,179.31,278.56,0,3,0,0
2026-08-15T23:11:42.859,IMU-1,0x28,-3.69,179.31,278.56,0,3,0,0
2026-08-15T23:11:42.959,IMU-1,0x28,-3.69,179.31,278.56,0,3,0,0
2026-08-15T23:11:43.059,IMU-1,0x28,-3.69,179.31,278.56,0,3,0,0
2026-08-15T23:11:43.160,IMU-1,0x28,-3.69,179.31,278.56,0,3,0,0
2026-08-15T23:11:43.260,IMU-1,0x28,-3.69,179.31,278.56,0,3,0,0
2026-08-15T23:11:43.361,IMU-1,0x28,-3.69,179.31,278.56,0,3,0,0
2026-08-15T23:11:43.460,IMU-1,0x28,-3.69,179.31,278.56,0,3,0,0
2026-08-15T23:11:43.560,IMU-1,0x28,-3.69,179.31,278.56,0,3,0,0
2026-08-15T23:11:43.660,IMU-1,0x28,-3.69,179.31,278.56,0,3,0,0
2026-08-15T23:11:43.760,IMU-1,0x28,-3.69,179.31,278.56,0,3,0,0
2026-08-15T23:11:43.860,IMU-1,0x28,-3.69,179.31,278.56,0,3,0,0
2026-08-15T23:11:43.960,IMU-1,0x28,-3.69,179.31,278.56,0,3,0,0
2026-08-15T23:11:44.061,IMU-1,0x28,-3.69,179.31,278.56,0,3,0,0
2026-08-15T23:11:44.160,IMU-1,0x28,-3.69,179.31,278.56,0,3,0,0
2026-08-15T23:11:44.259,IMU-1,0x28,-3.69,179.31,278.56,0,3,0,0
2026-08-15T23:11:44.360,IMU-1,0x28,-3.69,179.31,278.56,0,3,0,0
2026-08-15T23:11:44.459,IMU-1,0x28,-3.69,179.31,278.56,0,3,0,0
2026-08-15T23:11:44.559,IMU-1,0x28,-3.69,179.31,278.56,0,3,0,0
2026-08-15T23:11:44.659,IMU-1,0x28,-3.69,179.31,278.56,0,3,0,0
2026-08-15T23:11:44.759,IMU-1,0x28,-3.69,179.31,278.56,0,3,0,0
2026-08-15T23:11:44.859,IMU-1,0x28,-3.69,179.31,278.56,0,3,0,0
2026-08-15T23:11:44.960,IMU-1,0x28,-3.69,179.31,278.56,0,3,0,0
2026-08-15T23:11:45.060,IMU-1,0x28,-3.69,179.31,278.56,0,3,0,0
2026-08-15T23:11:45.160,IMU-1,0x28,-3.69,179.31,278.56,0,3,0,0
2026-08-15T23:11:45.260,IMU-1,0x28,-3.69,179.31,278.56,0,3,0,0
2026-08-15T23:11:45.361,IMU-1,0x28,-3.69,179.31,278.56,0,3,0,0
2026-08-15T23:11:45.461,IMU-1,0x28,-3.69,179.31,278.56,0,3,0,0
2026-08-15T23:11:45.561,IMU-1,0x28,-3.69,179.31,278.56,0,3,0,0
2026-08-15T23:11:45.661,IMU-1,0x28,-3.69,179.31,278.56,0,3,0,0
2026-08-15T23:11:45.761,IMU-1,0x28,-3.69,179.31,278.56,0,3,0,0
2026-08-15T23:11:45.862,IMU-1,0x28,-3.69,179.31,278.56,0,3,0,0
2026-08-15T23:11:45.962,IMU-1,0x28,-3.69,179.31,278.56,0,3,0,0
2026-08-15T23:11:46.062,IMU-1,0x28,-3.69,179.31,278.56,0,3,0,0
2026-08-15T23:11:46.162,IMU-1,0x28,-3.69,179.31,278.56,0,3,0,0
2026-08-15T23:11:46.262,IMU-1,0x28,-3.69,179.31,278.56,0,3,0,0
2026-08-15T23:11:46.363,IMU-1,0x28,-3.69,179.31,278.56,0,3,0,0
2026-08-15T23:11:46.462,IMU-1,0x28,-3.69,179.31,278.56,0,3,0,0
2026-08-15T23:11:46.562,IMU-1,0x28,-3.69,179.31,278.56,0,3,0,0
2026-08-15T23:11:46.662,IMU-1,0x28,-3.69,179.31,278.56,0,3,0,0
2026-08-15T23:11:46.763,IMU-1,0x28,-3.69,179.31,278.56,0,3,0,0
2026-08-15T23:11:46.862,IMU-1,0x28,-3.69,179.31,278.56,0,3,0,0
2026-08-15T23:11:46.963,IMU-1,0x28,-3.69,179.31,278.56,0,3,0,0
2026-08-15T23:11:47.062,IMU-1,0x28,-3.69,179.31,278.56,0,3,0,0
2026-08-15T23:11:47.162,IMU-1,0x28,-3.69,179.31,278.56,0,3,0,0
2026-08-15T23:11:47.262,IMU-1,0x28,-3.69,179.31,278.56,0,3,0,0
2026-08-15T23:11:47.362,IMU-1,0x28,-3.69,179.31,278.56,0,3,0,0
2026-08-15T23:11:47.461,IMU-1,0x28,-3.69,179.31,278.56,0,3,0,0
2026-08-15T23:11:47.561,IMU-1,0x28,-3.69,179.31,278.56,0,3,0,0
2026-08-15T23:11:47.662,IMU-1,0x28,-3.69,179.31,278.56,0,3,0,0
2026-08-15T23:11:47.762,IMU-1,0x28,-3.69,179.31,278.56,0,3,0,0
2026-08-15T23:11:47.862,IMU-1,0x28,-3.69,179.31,278.56,0,3,0,0
2026-08-15T23:11:47.963,IMU-1,0x28,-3.69,179.31,278.56,0,3,0,0
2026-08-15T23:11:48.063,IMU-1,0x28,-3.69,179.31,278.56,0,3,0,0
2026-08-15T23:11:48.163,IMU-1,0x28,-3.69,179.31,278.56,0,3,0,0
2026-08-15T23:11:48.263,IMU-1,0x28,-3.69,179.31,278.56,0,3,0,0
2026-08-15T23:11:48.364,IMU-1,0x28,-3.69,179.31,278.56,0,3,0,0
2026-08-15T23:11:48.464,IMU-1,0x28,-3.69,179.31,278.56,0,3,0,0
2026-08-15T23:11:48.564,IMU-1,0x28,-3.69,179.31,278.56,0,3,0,0
2026-08-15T23:11:48.664,IMU-1,0x28,-3.69,179.31,278.56,0,3,0,0
2026-08-15T23:11:48.764,IMU-1,0x28,-3.69,179.31,278.56,0,3,0,0
2026-08-15T23:11:48.864,IMU-1,0x28,-3.69,179.31,278.56,0,3,0,0
2026-08-15T23:11:48.964,IMU-1,0x28,-3.69,179.31,278.56,0,3,0,0
2026-08-15T23:11:49.064,IMU-1,0x28,-3.69,179.31,278.56,0,3,0,0
2026-08-15T23:11:49.164,IMU-1,0x28,-3.69,179.31,278.56,0,3,0,0
2026-08-15T23:11:49.264,IMU-1,0x28,-3.69,179.31,278.56,0,3,0,0
2026-08-15T23:11:49.365,IMU-1,0x28,-3.69,179.31,278.56,0,3,0,0
2026-08-15T23:11:49.464,IMU-1,0x28,-3.69,179.31,278.56,0,3,0,0
2026-08-15T23:11:49.564,IMU-1,0x28,-3.69,179.31,278.56,0,3,0,0
2026-08-15T23:11:49.664,IMU-1,0x28,-3.69,179.31,278.56,0,3,0,0
2026-08-15T23:11:49.764,IMU-1,0x28,-3.69,179.31,278.56,0,3,0,0
2026-08-15T23:11:49.864,IMU-1,0x28,-3.69,179.31,278.56,0,3,0,0
2026-08-15T23:11:49.964,IMU-1,0x28,-3.69,179.31,278.56,0,3,0,0
2026-08-15T23:11:50.064,IMU-1,0x28,-3.69,179.31,278.56,0,3,0,0
2026-08-15T23:11:50.164,IMU-1,0x28,-3.69,179.31,278.56,0,3,0,0
2026-08-15T23:11:50.264,IMU-1,0x28,-3.69,179.31,278.56,0,3,0,0
2026-08-15T23:11:50.365,IMU-1,0x28,-3.69,179.31,278.56,0,3,0,0
2026-08-15T23:11:50.465,IMU-1,0x28,-3.69,179.31,278.56,0,3,0,0
2026-08-15T23:11:50.565,IMU-1,0x28,-3.69,179.31,278.56,0,3,0,0
2026-08-15T23:11:50.665,IMU-1,0x28,-3.69,179.31,278.56,0,3,0,0
2026-08-15T23:11:50.765,IMU-1,0x28,-3.69,179.31,278.56,0,3,0,0
2026-08-15T23:11:50.865,IMU-1,0x28,-3.69,179.31,278.56,0,3,0,0
2026-08-15T23:11:50.964,IMU-1,0x28,-3.69,179.31,278.56,0,3,0,0
2026-08-15T23:11:51.064,IMU-1,0x28,-3.69,179.31,278.56,0,3,0,0
2026-08-15T23:11:51.164,IMU-1,0x28,-3.69,179.31,278.56,0,3,0,0
2026-08-15T23:11:51.264,IMU-1,0x28,-3.69,179.31,278.56,0,3,0,0
2026-08-15T23:11:51.364,IMU-1,0x28,-3.69,179.31,278.56,0,3,0,0
2026-08-15T23:11:51.464,IMU-1,0x28,-3.69,179.31,278.56,0,3,0,0
2026-08-15T23:11:51.564,IMU-1,0x28,-3.69,179.31,278.56,0,3,0,0
2026-08-15T23:11:51.664,IMU-1,0x28,-3.69,179.31,278.56,0,3,0,0
2026-08-15T23:11:51.764,IMU-1,0x28,-3.69,179.31,278.56,0,3,0,0
2026-08-15T23:11:51.865,IMU-1,0x28,-3.69,179.31,278.56,0,3,0,0
2026-08-15T23:11:51.965,IMU-1,0x28,-3.69,179.31,278.56,0,3,0,0
2026-08-15T23:11:52.065,IMU-1,0x28,-3.69,179.31,278.56,0,3,0,0
2026-08-15T23:11:52.165,IMU-1,0x28,-3.69,179.31,278.56,0,3,0,0
2026-08-15T23:11:52.265,IMU-1,0x28,-3.69,179.31,278.56,0,3,0,0
2026-08-15T23:11:52.366,IMU-1,0x28,-3.69,179.31,278.56,0,3,0,0
2026-08-15T23:11:52.466,IMU-1,0x28,-3.69,179.31,278.56,0,3,0,0
2026-08-15T23:11:52.566,IMU-1,0x28,-3.69,179.31,278.56,0,3,0,0
2026-08-15T23:11:52.666,IMU-1,0x28,-3.69,179.31,278.56,0,3,0,0
2026-08-15T23:11:52.766,IMU-1,0x28,-3.69,179.31,278.56,0,3,0,0
2026-08-15T23:11:52.866,IMU-1,0x28,-3.69,179.31,278.56,0,3,0,0
2026-08-15T23:11:52.967,IMU-1,0x28,-3.69,179.31,278.56,0,3,0,0
2026-08-15T23:11:53.067,IMU-1,0x28,-3.69,179.31,278.56,0,3,0,0
2026-08-15T23:11:53.167,IMU-1,0x28,-3.69,179.31,278.56,0,3,0,0
2026-08-15T23:11:53.267,IMU-1,0x28,-3.69,179.31,278.56,0,3,0,0
2026-08-15T23:11:53.368,IMU-1,0x28,-3.69,179.31,278.56,0,3,0,0
2026-08-15T23:11:53.467,IMU-1,0x28,-3.69,179.31,278.56,0,3,0,0
2026-08-15T23:11:53.567,IMU-1,0x28,-3.69,179.31,278.56,0,3,0,0
2026-08-15T23:11:53.667,IMU-1,0x28,-3.69,179.31,278.56,0,3,0,0
2026-08-15T23:11:53.767,IMU-1,0x28,-3.69,179.31,278.56,0,3,0,0
2026-08-15T23:11:53.867,IMU-1,0x28,-3.69,179.31,278.56,0,3,0,0
2026-08-15T23:11:53.966,IMU-1,0x28,-3.69,179.31,278.56,0,3,0,0
2026-08-15T23:11:54.066,IMU-1,0x28,-3.69,179.31,278.56,0,3,0,0
2026-08-15T23:11:54.166,IMU-1,0x28,-3.69,179.31,278.56,0,3,0,0
2026-08-15T23:11:54.266,IMU-1,0x28,-3.69,179.31,278.56,0,3,0,0
2026-08-15T23:11:54.366,IMU-1,0x28,-3.69,179.31,278.56,0,3,0,0
2026-08-15T23:11:54.466,IMU-1,0x28,-3.69,179.31,278.56,0,3,0,0
2026-08-15T23:11:54.566,IMU-1,0x28,-3.69,179.31,278.56,0,3,0,0
2026-08-15T23:11:54.666,IMU-1,0x28,-3.69,179.31,278.56,0,3,0,0
2026-08-15T23:11:54.766,IMU-1,0x28,-3.69,179.31,278.56,0,3,0,0
2026-08-15T23:11:54.867,IMU-1,0x28,-3.69,179.31,278.56,0,3,0,0
2026-08-15T23:11:54.967,IMU-1,0x28,-3.69,179.31,278.56,0,3,0,0
2026-08-15T23:11:55.067,IMU-1,0x28,-3.69,179.31,278.56,0,3,0,0
2026-08-15T23:11:55.168,IMU-1,0x28,-3.69,179.31,278.56,0,3,0,0
2026-08-15T23:11:55.268,IMU-1,0x28,-3.69,179.31,278.56,0,3,0,0
2026-08-15T23:11:55.369,IMU-1,0x28,-3.69,179.31,278.56,0,3,0,0
2026-08-15T23:11:55.469,IMU-1,0x28,-3.69,179.31,278.56,0,3,0,0
2026-08-15T23:11:55.568,IMU-1,0x28,-3.69,179.31,278.56,0,3,0,0
2026-08-15T23:11:55.668,IMU-1,0x28,-3.69,179.31,278.56,0,3,0,0
2026-08-15T23:11:55.768,IMU-1,0x28,-3.69,179.31,278.56,0,3,0,0
2026-08-15T23:11:55.868,IMU-1,0x28,-3.69,179.31,278.56,0,3,0,0
2026-08-15T23:11:55.969,IMU-1,0x28,-3.69,179.31,278.56,0,3,0,0
2026-08-15T23:11:56.068,IMU-1,0x28,-3.69,179.31,278.56,0,3,0,0
2026-08-15T23:11:56.169,IMU-1,0x28,-3.69,179.31,278.56,0,3,0,0
2026-08-15T23:11:56.269,IMU-1,0x28,-3.69,179.31,278.56,0,3,0,0
2026-08-15T23:11:56.370,IMU-1,0x28,-3.69,179.31,278.56,0,3,0,0
2026-08-15T23:11:56.469,IMU-1,0x28,-3.75,179.31,278.56,0,3,0,0
2026-08-15T23:11:56.568,IMU-1,0x28,-3.75,179.31,278.56,0,3,0,0
2026-08-15T23:11:56.668,IMU-1,0x28,-3.75,179.31,278.56,0,3,0,0
2026-08-15T23:11:56.768,IMU-1,0x28,-3.75,179.31,278.56,0,3,0,0
2026-08-15T23:11:56.868,IMU-1,0x28,-3.75,179.31,278.56,0,3,0,0
2026-08-15T23:11:56.968,IMU-1,0x28,-3.75,179.31,278.56,0,3,0,0
2026-08-15T23:11:57.068,IMU-1,0x28,-3.75,179.31,278.56,0,3,0,0
2026-08-15T23:11:57.168,IMU-1,0x28,-3.75,179.31,278.56,0,3,0,0
2026-08-15T23:11:57.268,IMU-1,0x28,-3.75,179.31,278.56,0,3,0,0
2026-08-15T23:11:57.369,IMU-1,0x28,-3.75,179.31,278.56,0,3,0,0
2026-08-15T23:11:57.469,IMU-1,0x28,-3.75,179.31,278.56,0,3,0,0
2026-08-15T23:11:57.569,IMU-1,0x28,-3.75,179.31,278.56,0,3,0,0
2026-08-15T23:11:57.670,IMU-1,0x28,-3.75,179.31,278.56,0,3,0,0
2026-08-15T23:11:57.770,IMU-1,0x28,-3.75,179.31,278.56,0,3,0,0
2026-08-15T23:11:57.870,IMU-1,0x28,-3.75,179.31,278.56,0,3,0,0
2026-08-15T23:11:57.970,IMU-1,0x28,-3.75,179.31,278.56,0,3,0,0
2026-08-15T23:11:58.070,IMU-1,0x28,-3.75,179.31,278.56,0,3,0,0
2026-08-15T23:11:58.170,IMU-1,0x28,-3.75,179.31,278.56,0,3,0,0
2026-08-15T23:11:58.270,IMU-1,0x28,-3.75,179.31,278.56,0,3,0,0
2026-08-15T23:11:58.371,IMU-1,0x28,-3.75,179.31,278.56,0,3,0,0
2026-08-15T23:11:58.470,IMU-1,0x28,-3.75,179.31,278.56,0,3,0,0
2026-08-15T23:11:58.570,IMU-1,0x28,-3.75,179.31,278.56,0,3,0,0
2026-08-15T23:11:58.670,IMU-1,0x28,-3.75,179.31,278.56,0,3,0,0
2026-08-15T23:11:58.770,IMU-1,0x28,-3.75,179.31,278.56,0,3,0,0
2026-08-15T23:11:58.870,IMU-1,0x28,-3.75,179.31,278.56,0,3,0,0
2026-08-15T23:11:58.970,IMU-1,0x28,-3.75,179.31,278.56,0,3,0,0
2026-08-15T23:11:59.070,IMU-1,0x28,-3.75,179.31,278.56,0,3,0,0
2026-08-15T23:11:59.170,IMU-1,0x28,-3.75,179.31,278.56,0,3,0,0
2026-08-15T23:11:59.270,IMU-1,0x28,-3.75,179.31,278.56,0,3,0,0
2026-08-15T23:11:59.371,IMU-1,0x28,-3.75,179.31,278.56,0,3,0,0
2026-08-15T23:11:59.470,IMU-1,0x28,-3.75,179.31,278.56,0,3,0,0
2026-08-15T23:11:59.570,IMU-1,0x28,-3.75,179.31,278.56,0,3,0,0
2026-08-15T23:11:59.670,IMU-1,0x28,-3.75,179.31,278.56,0,3,0,0
2026-08-15T23:11:59.770,IMU-1,0x28,-3.75,179.31,278.56,0,3,0,0
2026-08-15T23:11:59.871,IMU-1,0x28,-3.75,179.31,278.56,0,3,0,0
2026-08-15T23:11:59.971,IMU-1,0x28,-3.75,179.31,278.56,0,3,0,0
2026-08-15T23:12:00.071,IMU-1,0x28,-3.75,179.31,278.56,0,3,0,0
2026-08-15T23:12:00.172,IMU-1,0x28,-3.75,179.31,278.56,0,3,0,0
2026-08-15T23:12:00.272,IMU-1,0x28,-3.75,179.31,278.56,0,3,0,0
2026-08-15T23:12:00.373,IMU-1,0x28,-3.75,179.31,278.56,0,3,0,0
2026-08-15T23:12:00.471,IMU-1,0x28,-3.75,179.31,278.56,0,3,0,0
2026-08-15T23:12:00.571,IMU-1,0x28,-3.75,179.31,278.56,0,3,0,0
2026-08-15T23:12:00.672,IMU-1,0x28,-3.75,179.31,278.56,0,3,0,0
2026-08-15T23:12:00.772,IMU-1,0x28,-3.75,179.31,278.56,0,3,0,0
2026-08-15T23:12:00.871,IMU-1,0x28,-3.75,179.31,278.56,0,3,0,0
2026-08-15T23:12:00.971,IMU-1,0x28,-3.75,179.31,278.56,0,3,0,0
2026-08-15T23:12:01.071,IMU-1,0x28,-3.75,179.31,278.56,0,3,0,0
2026-08-15T23:12:01.170,IMU-1,0x28,-3.75,179.31,278.56,0,3,0,0
2026-08-15T23:12:01.271,IMU-1,0x28,-3.75,179.31,278.56,0,3,0,0
2026-08-15T23:12:01.371,IMU-1,0x28,-3.75,179.31,278.56,0,3,0,0
2026-08-15T23:12:01.471,IMU-1,0x28,-3.75,179.31,278.56,0,3,0,0
2026-08-15T23:12:01.571,IMU-1,0x28,-3.75,179.31,278.56,0,3,0,0
2026-08-15T23:12:01.671,IMU-1,0x28,-3.75,179.31,278.56,0,3,0,0
2026-08-15T23:12:01.772,IMU-1,0x28,-3.75,179.31,278.56,0,3,0,0
2026-08-15T23:12:01.872,IMU-1,0x28,-3.75,179.31,278.56,0,3,0,0
2026-08-15T23:12:01.972,IMU-1,0x28,-3.75,179.31,278.56,0,3,0,0
2026-08-15T23:12:02.072,IMU-1,0x28,-3.75,179.31,278.56,0,3,0,0
2026-08-15T23:12:02.172,IMU-1,0x28,-3.75,179.31,278.56,0,3,0,0
2026-08-15T23:12:02.273,IMU-1,0x28,-3.75,179.31,278.56,0,3,0,0
2026-08-15T23:12:02.374,IMU-1,0x28,-3.75,179.31,278.56,0,3,0,0
2026-08-15T23:12:02.473,IMU-1,0x28,-3.75,179.31,278.56,0,3,0,0
2026-08-15T23:12:02.573,IMU-1,0x28,-3.75,179.31,278.56,0,3,0,0
2026-08-15T23:12:02.673,IMU-1,0x28,-3.75,179.31,278.56,0,3,0,0
2026-08-15T23:12:02.773,IMU-1,0x28,-3.75,179.31,278.56,0,3,0,0
2026-08-15T23:12:02.873,IMU-1,0x28,-3.75,179.31,278.56,0,3,0,0
2026-08-15T23:12:02.973,IMU-1,0x28,-3.75,179.31,278.56,0,3,0,0
2026-08-15T23:12:03.073,IMU-1,0x28,-3.75,179.31,278.56,0,3,0,0
2026-08-15T23:12:03.173,IMU-1,0x28,-3.75,179.31,278.56,0,3,0,0
2026-08-15T23:12:03.272,IMU-1,0x28,-3.75,179.31,278.56,0,3,0,0
2026-08-15T23:12:03.373,IMU-1,0x28,-3.75,179.31,278.56,0,3,0,0
2026-08-15T23:12:03.472,IMU-1,0x28,-3.75,179.31,278.56,0,3,0,0
2026-08-15T23:12:03.572,IMU-1,0x28,-3.75,179.31,278.56,0,3,0,0
2026-08-15T23:12:03.672,IMU-1,0x28,-3.75,179.31,278.56,0,3,0,0
2026-08-15T23:12:03.772,IMU-1,0x28,-3.75,179.31,278.56,0,3,0,0
2026-08-15T23:12:03.872,IMU-1,0x28,-3.75,179.31,278.56,0,3,0,0
2026-08-15T23:12:03.972,IMU-1,0x28,-3.75,179.31,278.56,0,3,0,0
2026-08-15T23:12:04.073,IMU-1,0x28,-3.75,179.31,278.56,0,3,0,0
2026-08-15T23:12:04.173,IMU-1,0x28,-3.75,179.31,278.56,0,3,0,0
2026-08-15T23:12:04.273,IMU-1,0x28,-3.75,179.31,278.56,0,3,0,0
2026-08-15T23:12:04.374,IMU-1,0x28,-3.75,179.31,278.56,0,3,0,0
2026-08-15T23:12:04.474,IMU-1,0x28,-3.75,179.31,278.56,0,3,0,0
2026-08-15T23:12:04.574,IMU-1,0x28,-3.75,179.31,278.56,0,3,0,0
2026-08-15T23:12:04.675,IMU-1,0x28,-3.75,179.31,278.56,0,3,0,0
2026-08-15T23:12:04.774,IMU-1,0x28,-3.75,179.31,278.56,0,3,0,0
2026-08-15T23:12:04.874,IMU-1,0x28,-3.75,179.31,278.56,0,3,0,0
2026-08-15T23:12:04.975,IMU-1,0x28,-3.75,179.31,278.56,0,3,0,0
2026-08-15T23:12:05.075,IMU-1,0x28,-3.75,179.31,278.56,0,3,0,0
2026-08-15T23:12:05.175,IMU-1,0x28,-3.75,179.31,278.56,0,3,0,0
2026-08-15T23:12:05.275,IMU-1,0x28,-3.75,179.31,278.56,0,3,0,0
2026-08-15T23:12:05.376,IMU-1,0x28,-3.75,179.31,278.56,0,3,0,0
2026-08-15T23:12:05.475,IMU-1,0x28,-3.75,179.31,278.56,0,3,0,0
2026-08-15T23:12:05.575,IMU-1,0x28,-3.75,179.31,278.56,0,3,0,0
2026-08-15T23:12:05.675,IMU-1,0x28,-3.75,179.31,278.56,0,3,0,0
2026-08-15T23:12:05.774,IMU-1,0x28,-3.75,179.31,278.56,0,3,0,0
2026-08-15T23:12:05.874,IMU-1,0x28,-3.75,179.31,278.56,0,3,0,0
2026-08-15T23:12:05.974,IMU-1,0x28,-3.75,179.31,278.56,0,3,0,0
2026-08-15T23:12:06.074,IMU-1,0x28,-3.75,179.31,278.56,0,3,0,0
2026-08-15T23:12:06.174,IMU-1,0x28,-3.75,179.31,278.56,0,3,0,0
2026-08-15T23:12:06.275,IMU-1,0x28,-3.75,179.31,278.56,0,3,0,0
2026-08-15T23:12:06.376,IMU-1,0x28,-3.75,179.31,278.56,0,3,0,0
2026-08-15T23:12:06.475,IMU-1,0x28,-3.75,179.31,278.56,0,3,0,0
2026-08-15T23:12:06.575,IMU-1,0x28,-3.75,179.31,278.56,0,3,0,0
2026-08-15T23:12:06.675,IMU-1,0x28,-3.75,179.31,278.56,0,3,0,0
2026-08-15T23:12:06.775,IMU-1,0x28,-3.75,179.31,278.56,0,3,0,0
2026-08-15T23:12:06.876,IMU-1,0x28,-3.75,179.31,278.56,0,3,0,0
2026-08-15T23:12:06.976,IMU-1,0x28,-3.75,179.31,278.56,0,3,0,0
2026-08-15T23:12:07.076,IMU-1,0x28,-3.75,179.31,278.56,0,3,0,0
2026-08-15T23:12:07.176,IMU-1,0x28,-3.75,179.31,278.56,0,3,0,0
2026-08-15T23:12:07.276,IMU-1,0x28,-3.75,179.31,278.56,0,3,0,0
2026-08-15T23:12:07.377,IMU-1,0x28,-3.75,179.31,278.56,0,3,0,0
2026-08-15T23:12:07.476,IMU-1,0x28,-3.75,179.31,278.56,0,3,0,0
2026-08-15T23:12:07.576,IMU-1,0x28,-3.75,179.31,278.56,0,3,0,0
2026-08-15T23:12:07.675,IMU-1,0x28,-3.75,179.31,278.56,0,3,0,0
2026-08-15T23:12:07.775,IMU-1,0x28,-3.75,179.31,278.56,0,3,0,0
2026-08-15T23:12:07.875,IMU-1,0x28,-3.75,179.31,278.56,0,3,0,0
2026-08-15T23:12:07.975,IMU-1,0x28,-3.75,179.31,278.56,0,3,0,0
2026-08-15T23:12:08.075,IMU-1,0x28,-3.75,179.31,278.56,0,3,0,0
2026-08-15T23:12:08.175,IMU-1,0x28,-3.75,179.31,278.56,0,3,0,0
2026-08-15T23:12:08.276,IMU-1,0x28,-3.75,179.31,278.56,0,3,0,0
2026-08-15T23:12:08.377,IMU-1,0x28,-3.75,179.31,278.56,0,3,0,0
2026-08-15T23:12:08.476,IMU-1,0x28,-3.75,179.31,278.56,0,3,0,0
2026-08-15T23:12:08.576,IMU-1,0x28,-3.75,179.31,278.56,0,3,0,0
2026-08-15T23:12:08.676,IMU-1,0x28,-3.75,179.31,278.56,0,3,0,0
2026-08-15T23:12:08.776,IMU-1,0x28,-3.75,179.31,278.56,0,3,0,0
2026-08-15T23:12:08.876,IMU-1,0x28,-3.75,179.31,278.56,0,3,0,0
2026-08-15T23:12:08.977,IMU-1,0x28,-3.75,179.31,278.56,0,3,0,0
2026-08-15T23:12:09.077,IMU-1,0x28,-3.75,179.31,278.56,0,3,0,0
2026-08-15T23:12:09.177,IMU-1,0x28,-3.75,179.31,278.56,0,3,0,0
2026-08-15T23:12:09.277,IMU-1,0x28,-3.75,179.31,278.56,0,3,0,0
2026-08-15T23:12:09.378,IMU-1,0x28,-3.75,179.31,278.56,0,3,0,0
2026-08-15T23:12:09.477,IMU-1,0x28,-3.75,179.31,278.56,0,3,0,0
2026-08-15T23:12:09.577,IMU-1,0x28,-3.75,179.31,278.56,0,3,0,0
2026-08-15T23:12:09.677,IMU-1,0x28,-3.75,179.31,278.56,0,3,0,0
2026-08-15T23:12:09.777,IMU-1,0x28,-3.75,179.31,278.56,0,3,0,0
2026-08-15T23:12:09.878,IMU-1,0x28,-3.75,179.31,278.56,0,3,0,0
2026-08-15T23:12:09.977,IMU-1,0x28,-3.75,179.31,278.56,0,3,0,0
2026-08-15T23:12:10.076,IMU-1,0x28,-3.75,179.31,278.56,0,3,0,0
2026-08-15T23:12:10.176,IMU-1,0x28,-3.75,179.31,278.56,0,3,0,0
2026-08-15T23:12:10.276,IMU-1,0x28,-3.75,179.31,278.56,0,3,0,0
2026-08-15T23:12:10.377,IMU-1,0x28,-3.75,179.31,278.56,0,3,0,0
2026-08-15T23:12:10.477,IMU-1,0x28,-3.75,179.31,278.56,0,3,0,0
2026-08-15T23:12:10.576,IMU-1,0x28,-3.75,179.31,278.56,0,3,0,0
2026-08-15T23:12:10.676,IMU-1,0x28,-3.75,179.31,278.56,0,3,0,0
2026-08-15T23:12:10.777,IMU-1,0x28,-3.75,179.31,278.56,0,3,0,0
2026-08-15T23:12:10.877,IMU-1,0x28,-3.75,179.31,278.56,0,3,0,0
2026-08-15T23:12:10.977,IMU-1,0x28,-3.75,179.31,278.56,0,3,0,0
2026-08-15T23:12:11.077,IMU-1,0x28,-3.75,179.31,278.56,0,3,0,0
2026-08-15T23:12:11.178,IMU-1,0x28,-3.75,179.31,278.56,0,3,0,0
2026-08-15T23:12:11.278,IMU-1,0x28,-3.75,179.31,278.56,0,3,0,0
2026-08-15T23:12:11.379,IMU-1,0x28,-3.75,179.31,278.56,0,3,0,0
2026-08-15T23:12:11.479,IMU-1,0x28,-3.75,179.31,278.56,0,3,0,0
2026-08-15T23:12:11.579,IMU-1,0x28,-3.75,179.31,278.56,0,3,0,0
2026-08-15T23:12:11.679,IMU-1,0x28,-3.75,179.31,278.56,0,3,0,0
2026-08-15T23:12:11.779,IMU-1,0x28,-3.75,179.31,278.56,0,3,0,0
2026-08-15T23:12:11.879,IMU-1,0x28,-3.75,179.31,278.56,0,3,0,0
2026-08-15T23:12:11.979,IMU-1,0x28,-3.75,179.31,278.56,0,3,0,0
2026-08-15T23:12:12.079,IMU-1,0x28,-3.75,179.31,278.56,0,3,0,0
2026-08-15T23:12:12.179,IMU-1,0x28,-3.75,179.31,278.56,0,3,0,0
2026-08-15T23:12:12.279,IMU-1,0x28,-3.75,179.31,278.56,0,3,0,0
2026-08-15T23:12:12.380,IMU-1,0x28,-3.75,179.31,278.56,0,3,0,0
2026-08-15T23:12:12.479,IMU-1,0x28,-3.75,179.31,278.56,0,3,0,0
2026-08-15T23:12:12.579,IMU-1,0x28,-3.75,179.31,278.56,0,3,0,0
2026-08-15T23:12:12.679,IMU-1,0x28,-3.75,179.31,278.56,0,3,0,0
2026-08-15T23:12:12.779,IMU-1,0x28,-3.75,179.31,278.56,0,3,0,0
2026-08-15T23:12:12.879,IMU-1,0x28,-3.75,179.31,278.56,0,3,0,0
2026-08-15T23:12:12.979,IMU-1,0x28,-3.75,179.31,278.56,0,3,0,0
2026-08-15T23:12:13.079,IMU-1,0x28,-3.75,179.31,278.56,0,3,0,0
2026-08-15T23:12:13.179,IMU-1,0x28,-3.75,179.31,278.56,0,3,0,0
2026-08-15T23:12:13.279,IMU-1,0x28,-3.75,179.31,278.56,0,3,0,0
2026-08-15T23:12:13.380,IMU-1,0x28,-3.75,179.31,278.56,0,3,0,0
2026-08-15T23:12:13.479,IMU-1,0x28,-3.75,179.31,278.56,0,3,0,0
2026-08-15T23:12:13.579,IMU-1,0x28,-3.75,179.31,278.56,0,3,0,0
2026-08-15T23:12:13.680,IMU-1,0x28,-3.75,179.31,278.56,0,3,0,0
2026-08-15T23:12:13.780,IMU-1,0x28,-3.75,179.31,278.56,0,3,0,0
2026-08-15T23:12:13.880,IMU-1,0x28,-3.75,179.31,278.56,0,3,0,0
2026-08-15T23:12:13.980,IMU-1,0x28,-3.75,179.31,278.56,0,3,0,0
2026-08-15T23:12:14.079,IMU-1,0x28,-3.75,179.31,278.56,0,3,0,0
2026-08-15T23:12:14.179,IMU-1,0x28,-3.75,179.31,278.56,0,3,0,0
2026-08-15T23:12:14.279,IMU-1,0x28,-3.75,179.31,278.56,0,3,0,0
2026-08-15T23:12:14.379,IMU-1,0x28,-3.75,179.31,278.56,0,3,0,0
2026-08-15T23:12:14.479,IMU-1,0x28,-3.75,179.31,278.56,0,3,0,0
2026-08-15T23:12:14.579,IMU-1,0x28,-3.75,179.31,278.56,0,3,0,0
2026-08-15T23:12:14.680,IMU-1,0x28,-3.75,179.31,278.56,0,3,0,0
2026-08-15T23:12:14.780,IMU-1,0x28,-3.75,179.31,278.56,0,3,0,0
2026-08-15T23:12:14.880,IMU-1,0x28,-3.75,179.31,278.56,0,3,0,0
2026-08-15T23:12:14.980,IMU-1,0x28,-3.75,179.31,278.56,0,3,0,0
2026-08-15T23:12:15.080,IMU-1,0x28,-3.75,179.31,278.56,0,3,0,0
2026-08-15T23:12:15.180,IMU-1,0x28,-3.75,179.31,278.56,0,3,0,0
2026-08-15T23:12:15.280,IMU-1,0x28,-3.75,179.31,278.56,0,3,0,0
2026-08-15T23:12:15.381,IMU-1,0x28,-3.75,179.31,278.56,0,3,0,0
2026-08-15T23:12:15.481,IMU-1,0x28,-3.75,179.31,278.56,0,3,0,0
2026-08-15T23:12:15.581,IMU-1,0x28,-3.75,179.31,278.56,0,3,0,0
2026-08-15T23:12:15.681,IMU-1,0x28,-3.75,179.31,278.56,0,3,0,0
2026-08-15T23:12:15.781,IMU-1,0x28,-3.75,179.31,278.56,0,3,0,0
2026-08-15T23:12:15.881,IMU-1,0x28,-3.75,179.31,278.56,0,3,0,0
2026-08-15T23:12:15.981,IMU-1,0x28,-3.75,179.31,278.56,0,3,0,0
2026-08-15T23:12:16.082,IMU-1,0x28,-3.75,179.31,278.56,0,3,0,0
2026-08-15T23:12:16.182,IMU-1,0x28,-3.75,179.31,278.56,0,3,0,0
2026-08-15T23:12:16.282,IMU-1,0x28,-3.75,179.31,278.56,0,3,0,0
2026-08-15T23:12:16.383,IMU-1,0x28,-3.75,179.31,278.56,0,3,0,0
2026-08-15T23:12:16.482,IMU-1,0x28,-3.75,179.31,278.56,0,3,0,0
2026-08-15T23:12:16.582,IMU-1,0x28,-3.75,179.31,278.56,0,3,0,0
2026-08-15T23:12:16.682,IMU-1,0x28,-3.75,179.31,278.56,0,3,0,0
2026-08-15T23:12:16.782,IMU-1,0x28,-3.75,179.31,278.56,0,3,0,0
2026-08-15T23:12:16.882,IMU-1,0x28,-3.75,179.31,278.56,0,3,0,0
2026-08-15T23:12:16.981,IMU-1,0x28,-3.75,179.31,278.56,0,3,0,0
2026-08-15T23:12:17.081,IMU-1,0x28,-3.75,179.31,278.56,0,3,0,0
2026-08-15T23:12:17.181,IMU-1,0x28,-3.75,179.31,278.56,0,3,0,0
2026-08-15T23:12:17.281,IMU-1,0x28,-3.75,179.31,278.56,0,3,0,0
2026-08-15T23:12:17.381,IMU-1,0x28,-3.75,179.31,278.56,0,3,0,0
2026-08-15T23:12:17.481,IMU-1,0x28,-3.75,179.31,278.56,0,3,0,0
2026-08-15T23:12:17.581,IMU-1,0x28,-3.75,179.31,278.56,0,3,0,0
2026-08-15T23:12:17.681,IMU-1,0x28,-3.75,179.31,278.56,0,3,0,0
2026-08-15T23:12:17.781,IMU-1,0x28,-3.75,179.31,278.56,0,3,0,0
2026-08-15T23:12:17.882,IMU-1,0x28,-3.75,179.31,278.56,0,3,0,0
2026-08-15T23:12:17.982,IMU-1,0x28,-3.75,179.31,278.56,0,3,0,0
2026-08-15T23:12:18.082,IMU-1,0x28,-3.75,179.31,278.56,0,3,0,0
2026-08-15T23:12:18.182,IMU-1,0x28,-3.75,179.31,278.56,0,3,0,0
2026-08-15T23:12:18.283,IMU-1,0x28,-3.75,179.31,278.56,0,3,0,0
2026-08-15T23:12:18.384,IMU-1,0x28,-3.75,179.31,278.56,0,3,0,0
2026-08-15T23:12:18.483,IMU-1,0x28,-3.75,179.31,278.56,0,3,0,0
2026-08-15T23:12:18.583,IMU-1,0x28,-3.75,179.31,278.56,0,3,0,0
2026-08-15T23:12:18.683,IMU-1,0x28,-3.75,179.31,278.56,0,3,0,0
2026-08-15T23:12:18.783,IMU-1,0x28,-3.75,179.31,278.56,0,3,0,0
2026-08-15T23:12:18.883,IMU-1,0x28,-3.75,179.31,278.56,0,3,0,0
2026-08-15T23:12:18.983,IMU-1,0x28,-3.75,179.31,278.56,0,3,0,0
2026-08-15T23:12:19.084,IMU-1,0x28,-3.75,179.31,278.56,0,3,0,0
2026-08-15T23:12:19.184,IMU-1,0x28,-3.75,179.31,278.56,0,3,0,0
2026-08-15T23:12:19.284,IMU-1,0x28,-3.75,179.31,278.56,0,3,0,0
2026-08-15T23:12:19.385,IMU-1,0x28,-3.75,179.31,278.56,0,3,0,0
2026-08-15T23:12:19.484,IMU-1,0x28,-3.75,179.31,278.56,0,3,0,0
2026-08-15T23:12:19.583,IMU-1,0x28,-3.75,179.31,278.56,0,3,0,0
2026-08-15T23:12:19.683,IMU-1,0x28,-3.75,179.31,278.56,0,3,0,0
2026-08-15T23:12:19.783,IMU-1,0x28,-3.75,179.31,278.56,0,3,0,0
2026-08-15T23:12:19.883,IMU-1,0x28,-3.75,179.31,278.56,0,3,0,0
2026-08-15T23:12:19.983,IMU-1,0x28,-3.75,179.31,278.56,0,3,0,0
2026-08-15T23:12:20.083,IMU-1,0x28,-3.75,179.31,278.56,0,3,0,0
2026-08-15T23:12:20.183,IMU-1,0x28,-3.75,179.31,278.56,0,3,0,0
2026-08-15T23:12:20.283,IMU-1,0x28,-3.75,179.31,278.56,0,3,0,0
2026-08-15T23:12:20.385,IMU-1,0x28,-3.75,179.31,278.56,0,3,0,0
2026-08-15T23:12:20.484,IMU-1,0x28,-3.75,179.31,278.56,0,3,0,0
2026-08-15T23:12:20.584,IMU-1,0x28,-3.75,179.31,278.56,0,3,0,0
2026-08-15T23:12:20.685,IMU-1,0x28,-3.75,179.31,278.56,0,3,0,0
2026-08-15T23:12:20.785,IMU-1,0x28,-3.75,179.31,278.56,0,3,0,0
2026-08-15T23:12:20.885,IMU-1,0x28,-3.75,179.31,278.56,0,3,0,0
2026-08-15T23:12:20.985,IMU-1,0x28,-3.75,179.31,278.56,0,3,0,0
2026-08-15T23:12:21.085,IMU-1,0x28,-3.75,179.31,278.56,0,3,0,0
2026-08-15T23:12:21.185,IMU-1,0x28,-3.75,179.31,278.56,0,3,0,0
2026-08-15T23:12:21.285,IMU-1,0x28,-3.75,179.31,278.56,0,3,0,0
2026-08-15T23:12:21.386,IMU-1,0x28,-3.75,179.31,278.56,0,3,0,0
2026-08-15T23:12:21.485,IMU-1,0x28,-3.75,179.31,278.56,0,3,0,0
2026-08-15T23:12:21.585,IMU-1,0x28,-3.75,179.31,278.56,0,3,0,0
2026-08-15T23:12:21.685,IMU-1,0x28,-3.75,179.31,278.56,0,3,0,0
2026-08-15T23:12:21.785,IMU-1,0x28,-3.75,179.31,278.56,0,3,0,0
2026-08-15T23:12:21.885,IMU-1,0x28,-3.75,179.31,278.56,0,3,0,0
2026-08-15T23:12:21.985,IMU-1,0x28,-3.75,179.31,278.56,0,3,0,0
2026-08-15T23:12:22.085,IMU-1,0x28,-3.75,179.31,278.56,0,3,0,0
2026-08-15T23:12:22.185,IMU-1,0x28,-3.75,179.31,278.56,0,3,0,0
2026-08-15T23:12:22.285,IMU-1,0x28,-3.75,179.31,278.56,0,3,0,0
2026-08-15T23:12:22.386,IMU-1,0x28,-3.75,179.31,278.56,0,3,0,0
2026-08-15T23:12:22.485,IMU-1,0x28,-3.75,179.31,278.56,0,3,0,0
2026-08-15T23:12:22.585,IMU-1,0x28,-3.75,179.31,278.56,0,3,0,0
2026-08-15T23:12:22.686,IMU-1,0x28,-3.75,179.31,278.56,0,3,0,0
2026-08-15T23:12:22.786,IMU-1,0x28,-3.75,179.31,278.56,0,3,0,0
2026-08-15T23:12:22.886,IMU-1,0x28,-3.75,179.31,278.56,0,3,0,0
2026-08-15T23:12:22.986,IMU-1,0x28,-3.75,179.31,278.56,0,3,0,0
2026-08-15T23:12:23.086,IMU-1,0x28,-3.75,179.31,278.56,0,3,0,0
2026-08-15T23:12:23.186,IMU-1,0x28,-3.75,179.31,278.56,0,3,0,0
2026-08-15T23:12:23.286,IMU-1,0x28,-3.75,179.31,278.56,0,3,0,0
2026-08-15T23:12:23.388,IMU-1,0x28,-3.75,179.31,278.56,0,3,0,0
2026-08-15T23:12:23.487,IMU-1,0x28,-3.75,179.31,278.56,0,3,0,0
2026-08-15T23:12:23.587,IMU-1,0x28,-3.75,179.31,278.56,0,3,0,0
2026-08-15T23:12:23.687,IMU-1,0x28,-3.75,179.31,278.56,0,3,0,0
2026-08-15T23:12:23.786,IMU-1,0x28,-3.75,179.31,278.56,0,3,0,0
2026-08-15T23:12:23.886,IMU-1,0x28,-3.75,179.31,278.56,0,3,0,0
2026-08-15T23:12:23.985,IMU-1,0x28,-3.75,179.31,278.56,0,3,0,0
2026-08-15T23:12:24.085,IMU-1,0x28,-3.75,179.31,278.56,0,3,0,0
2026-08-15T23:12:24.185,IMU-1,0x28,-3.75,179.31,278.56,0,3,0,0
2026-08-15T23:12:24.286,IMU-1,0x28,-3.75,179.31,278.56,0,3,0,0
2026-08-15T23:12:24.386,IMU-1,0x28,-3.75,179.31,278.56,0,3,0,0
2026-08-15T23:12:24.486,IMU-1,0x28,-3.75,179.31,278.56,0,3,0,0
2026-08-15T23:12:24.586,IMU-1,0x28,-3.75,179.31,278.56,0,3,0,0
2026-08-15T23:12:24.686,IMU-1,0x28,-3.75,179.31,278.56,0,3,0,0
2026-08-15T23:12:24.786,IMU-1,0x28,-3.75,179.31,278.56,0,3,0,0
2026-08-15T23:12:24.887,IMU-1,0x28,-3.75,179.31,278.56,0,3,0,0
2026-08-15T23:12:24.987,IMU-1,0x28,-3.75,179.31,278.56,0,3,0,0
2026-08-15T23:12:25.087,IMU-1,0x28,-3.75,179.31,278.56,0,3,0,0
2026-08-15T23:12:25.188,IMU-1,0x28,-3.75,179.31,278.56,0,3,0,0
2026-08-15T23:12:25.288,IMU-1,0x28,-3.75,179.31,278.56,0,3,0,0
2026-08-15T23:12:25.389,IMU-1,0x28,-3.75,179.31,278.56,0,3,0,0
2026-08-15T23:12:25.488,IMU-1,0x28,-3.75,179.31,278.56,0,3,0,0
2026-08-15T23:12:25.588,IMU-1,0x28,-3.75,179.31,278.56,0,3,0,0
2026-08-15T23:12:25.688,IMU-1,0x28,-3.75,179.31,278.56,0,3,0,0
2026-08-15T23:12:25.787,IMU-1,0x28,-3.75,179.31,278.56,0,3,0,0
2026-08-15T23:12:25.887,IMU-1,0x28,-3.75,179.31,278.56,0,3,0,0
2026-08-15T23:12:25.987,IMU-1,0x28,-3.75,179.31,278.56,0,3,0,0
2026-08-15T23:12:26.087,IMU-1,0x28,-3.75,179.31,278.56,0,3,0,0
2026-08-15T23:12:26.187,IMU-1,0x28,-3.75,179.31,278.56,0,3,0,0
2026-08-15T23:12:26.287,IMU-1,0x28,-3.75,179.31,278.56,0,3,0,0
2026-08-15T23:12:26.387,IMU-1,0x28,-3.75,179.31,278.56,0,3,0,0
2026-08-15T23:12:26.487,IMU-1,0x28,-3.75,179.31,278.56,0,3,0,0
2026-08-15T23:12:26.587,IMU-1,0x28,-3.75,179.31,278.56,0,3,0,0
2026-08-15T23:12:26.687,IMU-1,0x28,-3.75,179.31,278.56,0,3,0,0
2026-08-15T23:12:26.787,IMU-1,0x28,-3.75,179.31,278.56,0,3,0,0
2026-08-15T23:12:26.888,IMU-1,0x28,-3.75,179.31,278.56,0,3,0,0
2026-08-15T23:12:26.988,IMU-1,0x28,-3.75,179.31,278.56,0,3,0,0
2026-08-15T23:12:27.088,IMU-1,0x28,-3.75,179.31,278.56,0,3,0,0
2026-08-15T23:12:27.188,IMU-1,0x28,-3.75,179.31,278.56,0,3,0,0
2026-08-15T23:12:27.289,IMU-1,0x28,-3.75,179.31,278.56,0,3,0,0
2026-08-15T23:12:27.390,IMU-1,0x28,-3.75,179.31,278.56,0,3,0,0
2026-08-15T23:12:27.489,IMU-1,0x28,-3.75,179.31,278.56,0,3,0,0
2026-08-15T23:12:27.589,IMU-1,0x28,-3.75,179.31,278.56,0,3,0,0
2026-08-15T23:12:27.689,IMU-1,0x28,-3.75,179.31,278.56,0,3,0,0
2026-08-15T23:12:27.789,IMU-1,0x28,-3.75,179.31,278.56,0,3,0,0
2026-08-15T23:12:27.890,IMU-1,0x28,-3.75,179.31,278.56,0,3,0,0
2026-08-15T23:12:27.990,IMU-1,0x28,-3.75,179.31,278.56,0,3,0,0
2026-08-15T23:12:28.090,IMU-1,0x28,-3.75,179.31,278.56,0,3,0,0
2026-08-15T23:12:28.190,IMU-1,0x28,-3.75,179.31,278.56,0,3,0,0
2026-08-15T23:12:28.290,IMU-1,0x28,-3.75,179.31,278.56,0,3,0,0
2026-08-15T23:12:28.391,IMU-1,0x28,-3.75,179.31,278.56,0,3,0,0
2026-08-15T23:12:28.490,IMU-1,0x28,-3.75,179.31,278.56,0,3,0,0
2026-08-15T23:12:28.590,IMU-1,0x28,-3.75,179.31,278.56,0,3,0,0
2026-08-15T23:12:28.690,IMU-1,0x28,-3.75,179.31,278.56,0,3,0,0
2026-08-15T23:12:28.789,IMU-1,0x28,-3.75,179.31,278.56,0,3,0,0
2026-08-15T23:12:28.890,IMU-1,0x28,-3.75,179.31,278.56,0,3,0,0
2026-08-15T23:12:28.989,IMU-1,0x28,-3.75,179.31,278.56,0,3,0,0
2026-08-15T23:12:29.090,IMU-1,0x28,-3.75,179.31,278.56,0,3,0,0
2026-08-15T23:12:29.190,IMU-1,0x28,-3.75,179.31,278.56,0,3,0,0
2026-08-15T23:12:29.290,IMU-1,0x28,-3.75,179.31,278.56,0,3,0,0
2026-08-15T23:12:29.391,IMU-1,0x28,-3.75,179.31,278.56,0,3,0,0
2026-08-15T23:12:29.490,IMU-1,0x28,-3.75,179.31,278.56,0,3,0,0
2026-08-15T23:12:29.590,IMU-1,0x28,-3.75,179.31,278.56,0,3,0,0
2026-08-15T23:12:29.690,IMU-1,0x28,-3.75,179.31,278.56,0,3,0,0
2026-08-15T23:12:29.791,IMU-1,0x28,-3.75,179.31,278.56,0,3,0,0
2026-08-15T23:12:29.891,IMU-1,0x28,-3.75,179.31,278.56,0,3,0,0
2026-08-15T23:12:29.991,IMU-1,0x28,-3.75,179.31,278.56,0,3,0,0
2026-08-15T23:12:30.091,IMU-1,0x28,-3.75,179.31,278.56,0,3,0,0
2026-08-15T23:12:30.191,IMU-1,0x28,-3.75,179.31,278.56,0,3,0,0
2026-08-15T23:12:30.291,IMU-1,0x28,-3.75,179.31,278.56,0,3,0,0
2026-08-15T23:12:30.392,IMU-1,0x28,-3.75,179.31,278.56,0,3,0,0
2026-08-15T23:12:30.491,IMU-1,0x28,-3.75,179.31,278.56,0,3,0,0
2026-08-15T23:12:30.591,IMU-1,0x28,-3.75,179.31,278.56,0,3,0,0
2026-08-15T23:12:30.690,IMU-1,0x28,-3.75,179.31,278.56,0,3,0,0
2026-08-15T23:12:30.790,IMU-1,0x28,-3.75,179.31,278.56,0,3,0,0
2026-08-15T23:12:30.890,IMU-1,0x28,-3.75,179.31,278.56,0,3,0,0
2026-08-15T23:12:30.990,IMU-1,0x28,-3.75,179.31,278.56,0,3,0,0
2026-08-15T23:12:31.090,IMU-1,0x28,-3.75,179.31,278.56,0,3,0,0
2026-08-15T23:12:31.190,IMU-1,0x28,-3.75,179.31,278.56,0,3,0,0
2026-08-15T23:12:31.290,IMU-1,0x28,-3.75,179.31,278.56,0,3,0,0
2026-08-15T23:12:31.391,IMU-1,0x28,-3.75,179.31,278.56,0,3,0,0
2026-08-15T23:12:31.491,IMU-1,0x28,-3.75,179.31,278.56,0,3,0,0
2026-08-15T23:12:31.591,IMU-1,0x28,-3.75,179.31,278.56,0,3,0,0
2026-08-15T23:12:31.691,IMU-1,0x28,-3.75,179.31,278.56,0,3,0,0
2026-08-15T23:12:31.791,IMU-1,0x28,-3.75,179.31,278.56,0,3,0,0
2026-08-15T23:12:31.892,IMU-1,0x28,-3.75,179.31,278.56,0,3,0,0
2026-08-15T23:12:31.992,IMU-1,0x28,-3.75,179.31,278.56,0,3,0,0
2026-08-15T23:12:32.092,IMU-1,0x28,-3.75,179.31,278.56,0,3,0,0
2026-08-15T23:12:32.193,IMU-1,0x28,-3.75,179.31,278.56,0,3,0,0
2026-08-15T23:12:32.292,IMU-1,0x28,-3.75,179.31,278.56,0,3,0,0
2026-08-15T23:12:32.393,IMU-1,0x28,-3.75,179.31,278.56,0,3,0,0
2026-08-15T23:12:32.493,IMU-1,0x28,-3.75,179.31,278.56,0,3,0,0
2026-08-15T23:12:32.593,IMU-1,0x28,-3.75,179.31,278.56,0,3,0,0
2026-08-15T23:12:32.693,IMU-1,0x28,-3.75,179.31,278.56,0,3,0,0
2026-08-15T23:12:32.793,IMU-1,0x28,-3.75,179.31,278.56,0,3,0,0
2026-08-15T23:12:32.893,IMU-1,0x28,-3.75,179.31,278.56,0,3,0,0
2026-08-15T23:12:32.993,IMU-1,0x28,-3.75,179.31,278.56,0,3,0,0
2026-08-15T23:12:33.093,IMU-1,0x28,-3.75,179.31,278.56,0,3,0,0
2026-08-15T23:12:33.193,IMU-1,0x28,-3.75,179.31,278.56,0,3,0,0
2026-08-15T23:12:33.292,IMU-1,0x28,-3.75,179.31,278.56,0,3,0,0
2026-08-15T23:12:33.393,IMU-1,0x28,-3.75,179.31,278.56,0,3,0,0
2026-08-15T23:12:33.492,IMU-1,0x28,-3.75,179.31,278.56,0,3,0,0
2026-08-15T23:12:33.592,IMU-1,0x28,-3.75,179.31,278.56,0,3,0,0
2026-08-15T23:12:33.692,IMU-1,0x28,-3.75,179.31,278.56,0,3,0,0
2026-08-15T23:12:33.792,IMU-1,0x28,-3.75,179.31,278.56,0,3,0,0
2026-08-15T23:12:33.892,IMU-1,0x28,-3.75,179.31,278.56,0,3,0,0
2026-08-15T23:12:33.993,IMU-1,0x28,-3.75,179.31,278.56,0,3,0,0
2026-08-15T23:12:34.093,IMU-1,0x28,-3.75,179.31,278.56,0,3,0,0
2026-08-15T23:12:34.193,IMU-1,0x28,-3.75,179.31,278.56,0,3,0,0
2026-08-15T23:12:34.293,IMU-1,0x28,-3.75,179.31,278.56,0,3,0,0
2026-08-15T23:12:34.394,IMU-1,0x28,-3.75,179.31,278.56,0,3,0,0
2026-08-15T23:12:34.494,IMU-1,0x28,-3.75,179.31,278.56,0,3,0,0
2026-08-15T23:12:34.594,IMU-1,0x28,-3.75,179.31,278.56,0,3,0,0
2026-08-15T23:12:34.694,IMU-1,0x28,-3.75,179.31,278.56,0,3,0,0
2026-08-15T23:12:34.794,IMU-1,0x28,-3.75,179.31,278.56,0,3,0,0
2026-08-15T23:12:34.894,IMU-1,0x28,-3.75,179.31,278.56,0,3,0,0
2026-08-15T23:12:34.994,IMU-1,0x28,-3.75,179.31,278.56,0,3,0,0
2026-08-15T23:12:35.095,IMU-1,0x28,-3.75,179.31,278.56,0,3,0,0
2026-08-15T23:12:35.194,IMU-1,0x28,-3.75,179.31,278.56,0,3,0,0
2026-08-15T23:12:35.295,IMU-1,0x28,-3.75,179.31,278.56,0,3,0,0
2026-08-15T23:12:35.395,IMU-1,0x28,-3.75,179.31,278.56,0,3,0,0
2026-08-15T23:12:35.494,IMU-1,0x28,-3.75,179.31,278.56,0,3,0,0
2026-08-15T23:12:35.594,IMU-1,0x28,-3.75,179.31,278.56,0,3,0,0
2026-08-15T23:12:35.694,IMU-1,0x28,-3.75,179.31,278.56,0,3,0,0
2026-08-15T23:12:35.794,IMU-1,0x28,-3.75,179.31,278.56,0,3,0,0
2026-08-15T23:12:35.894,IMU-1,0x28,-3.75,179.31,278.56,0,3,0,0
2026-08-15T23:12:35.994,IMU-1,0x28,-3.75,179.31,278.56,0,3,0,0
2026-08-15T23:12:36.094,IMU-1,0x28,-3.75,179.31,278.56,0,3,0,0
2026-08-15T23:12:36.194,IMU-1,0x28,-3.75,179.31,278.56,0,3,0,0
2026-08-15T23:12:36.294,IMU-1,0x28,-3.75,179.31,278.56,0,3,0,0
2026-08-15T23:12:36.395,IMU-1,0x28,-3.75,179.31,278.56,0,3,0,0
2026-08-15T23:12:36.495,IMU-1,0x28,-3.75,179.31,278.56,0,3,0,0
2026-08-15T23:12:36.595,IMU-1,0x28,-3.75,179.31,278.56,0,3,0,0
2026-08-15T23:12:36.695,IMU-1,0x28,-3.75,179.31,278.56,0,3,0,0
2026-08-15T23:12:36.795,IMU-1,0x28,-3.75,179.31,278.56,0,3,0,0
2026-08-15T23:12:36.895,IMU-1,0x28,-3.75,179.31,278.56,0,3,0,0
2026-08-15T23:12:36.994,IMU-1,0x28,-3.75,179.31,278.56,0,3,0,0
2026-08-15T23:12:37.094,IMU-1,0x28,-3.75,179.31,278.56,0,3,0,0
2026-08-15T23:12:37.194,IMU-1,0x28,-3.75,179.31,278.56,0,3,0,0
2026-08-15T23:12:37.294,IMU-1,0x28,-3.75,179.31,278.56,0,3,0,0
2026-08-15T23:12:37.394,IMU-1,0x28,-3.75,179.31,278.56,0,3,0,0
2026-08-15T23:12:37.494,IMU-1,0x28,-3.75,179.31,278.56,0,3,0,0
2026-08-15T23:12:37.594,IMU-1,0x28,-3.75,179.31,278.56,0,3,0,0
2026-08-15T23:12:37.694,IMU-1,0x28,-3.75,179.31,278.56,0,3,0,0
2026-08-15T23:12:37.795,IMU-1,0x28,-3.75,179.31,278.56,0,3,0,0
2026-08-15T23:12:37.895,IMU-1,0x28,-3.75,179.31,278.56,0,3,0,0
2026-08-15T23:12:37.995,IMU-1,0x28,-3.75,179.31,278.56,0,3,0,0
2026-08-15T23:12:38.095,IMU-1,0x28,-3.75,179.31,278.56,0,3,0,0
2026-08-15T23:12:38.196,IMU-1,0x28,-3.75,179.31,278.56,0,3,0,0
2026-08-15T23:12:38.295,IMU-1,0x28,-3.75,179.31,278.56,0,3,0,0
2026-08-15T23:12:38.396,IMU-1,0x28,-3.75,179.31,278.56,0,3,0,0
2026-08-15T23:12:38.496,IMU-1,0x28,-3.75,179.31,278.56,0,3,0,0
2026-08-15T23:12:38.596,IMU-1,0x28,-3.75,179.31,278.56,0,3,0,0
2026-08-15T23:12:38.696,IMU-1,0x28,-3.75,179.31,278.56,0,3,0,0
2026-08-15T23:12:38.796,IMU-1,0x28,-3.75,179.31,278.56,0,3,0,0
2026-08-15T23:12:38.897,IMU-1,0x28,-3.75,179.31,278.56,0,3,0,0
2026-08-15T23:12:38.997,IMU-1,0x28,-3.75,179.31,278.56,0,3,0,0
2026-08-15T23:12:39.097,IMU-1,0x28,-3.75,179.31,278.56,0,3,0,0
2026-08-15T23:12:39.197,IMU-1,0x28,-3.75,179.31,278.56,0,3,0,0
2026-08-15T23:12:39.297,IMU-1,0x28,-3.75,179.31,278.56,0,3,0,0
2026-08-15T23:12:39.398,IMU-1,0x28,-3.75,179.31,278.56,0,3,0,0
2026-08-15T23:12:39.497,IMU-1,0x28,-3.75,179.31,278.56,0,3,0,0
2026-08-15T23:12:39.597,IMU-1,0x28,-3.75,179.31,278.56,0,3,0,0
2026-08-15T23:12:39.697,IMU-1,0x28,-3.75,179.31,278.56,0,3,0,0
2026-08-15T23:12:39.797,IMU-1,0x28,-3.75,179.31,278.56,0,3,0,0
2026-08-15T23:12:39.896,IMU-1,0x28,-3.75,179.31,278.56,0,3,0,0
2026-08-15T23:12:39.996,IMU-1,0x28,-3.75,179.31,278.56,0,3,0,0
2026-08-15T23:12:40.096,IMU-1,0x28,-3.75,179.31,278.56,0,3,0,0
2026-08-15T23:12:40.196,IMU-1,0x28,-3.75,179.31,278.56,0,3,0,0
2026-08-15T23:12:40.296,IMU-1,0x28,-3.75,179.31,278.56,0,3,0,0
2026-08-15T23:12:40.396,IMU-1,0x28,-3.75,179.31,278.56,0,3,0,0
2026-08-15T23:12:40.496,IMU-1,0x28,-3.75,179.31,278.56,0,3,0,0
2026-08-15T23:12:40.596,IMU-1,0x28,-3.75,179.31,278.56,0,3,0,0
2026-08-15T23:12:40.696,IMU-1,0x28,-3.75,179.31,278.56,0,3,0,0
2026-08-15T23:12:40.797,IMU-1,0x28,-3.75,179.31,278.56,0,3,0,0
2026-08-15T23:12:40.897,IMU-1,0x28,-3.75,179.31,278.56,0,3,0,0
2026-08-15T23:12:40.997,IMU-1,0x28,-3.75,179.31,278.56,0,3,0,0
2026-08-15T23:12:41.098,IMU-1,0x28,-3.75,179.31,278.56,0,3,0,0
2026-08-15T23:12:41.198,IMU-1,0x28,-3.75,179.31,278.56,0,3,0,0
2026-08-15T23:12:41.298,IMU-1,0x28,-3.75,179.31,278.56,0,3,0,0
2026-08-15T23:12:41.399,IMU-1,0x28,-3.75,179.31,278.56,0,3,0,0
2026-08-15T23:12:41.498,IMU-1,0x28,-3.75,179.31,278.56,0,3,0,0
2026-08-15T23:12:41.598,IMU-1,0x28,-3.75,179.31,278.56,0,3,0,0
2026-08-15T23:12:41.698,IMU-1,0x28,-3.75,179.31,278.56,0,3,0,0
2026-08-15T23:12:41.798,IMU-1,0x28,-3.75,179.31,278.56,0,3,0,0
2026-08-15T23:12:41.899,IMU-1,0x28,-3.75,179.31,278.56,0,3,0,0
2026-08-15T23:12:41.998,IMU-1,0x28,-3.75,179.31,278.56,0,3,0,0
2026-08-15T23:12:42.098,IMU-1,0x28,-3.75,179.31,278.56,0,3,0,0
2026-08-15T23:12:42.197,IMU-1,0x28,-3.75,179.31,278.56,0,3,0,0
2026-08-15T23:12:42.297,IMU-1,0x28,-3.75,179.31,278.56,0,3,0,0
2026-08-15T23:12:42.398,IMU-1,0x28,-3.75,179.31,278.56,0,3,0,0
2026-08-15T23:12:42.497,IMU-1,0x28,-3.75,179.31,278.56,0,3,0,0
2026-08-15T23:12:42.597,IMU-1,0x28,-3.75,179.31,278.56,0,3,0,0
2026-08-15T23:12:42.697,IMU-1,0x28,-3.75,179.31,278.56,0,3,0,0
2026-08-15T23:12:42.797,IMU-1,0x28,-3.75,179.31,278.56,0,3,0,0
2026-08-15T23:12:42.898,IMU-1,0x28,-3.75,179.31,278.56,0,3,0,0
2026-08-15T23:12:42.998,IMU-1,0x28,-3.75,179.31,278.56,0,3,0,0
2026-08-15T23:12:43.098,IMU-1,0x28,-3.75,179.31,278.56,0,3,0,0
2026-08-15T23:12:43.198,IMU-1,0x28,-3.75,179.31,278.56,0,3,0,0
2026-08-15T23:12:43.299,IMU-1,0x28,-3.75,179.31,278.56,0,3,0,0
2026-08-15T23:12:43.400,IMU-1,0x28,-3.75,179.31,278.56,0,3,0,0
2026-08-15T23:12:43.499,IMU-1,0x28,-3.75,179.31,278.56,0,3,0,0
2026-08-15T23:12:43.599,IMU-1,0x28,-3.75,179.31,278.56,0,3,0,0
2026-08-15T23:12:43.699,IMU-1,0x28,-3.75,179.31,278.56,0,3,0,0
2026-08-15T23:12:43.799,IMU-1,0x28,-3.75,179.31,278.56,0,3,0,0
2026-08-15T23:12:43.900,IMU-1,0x28,-3.75,179.31,278.56,0,3,0,0
2026-08-15T23:12:44.000,IMU-1,0x28,-3.75,179.31,278.56,0,3,0,0
2026-08-15T23:12:44.100,IMU-1,0x28,-3.75,179.31,278.56,0,3,0,0
2026-08-15T23:12:44.200,IMU-1,0x28,-3.75,179.31,278.56,0,3,0,0
2026-08-15T23:12:44.300,IMU-1,0x28,-3.75,179.31,278.56,0,3,0,0
2026-08-15T23:12:44.401,IMU-1,0x28,-3.75,179.31,278.56,0,3,0,0
2026-08-15T23:12:44.500,IMU-1,0x28,-3.75,179.31,278.56,0,3,0,0
2026-08-15T23:12:44.600,IMU-1,0x28,-3.75,179.31,278.56,0,3,0,0
2026-08-15T23:12:44.699,IMU-1,0x28,-3.75,179.31,278.56,0,3,0,0
2026-08-15T23:12:44.800,IMU-1,0x28,-3.75,179.31,278.56,0,3,0,0
2026-08-15T23:12:44.899,IMU-1,0x28,-3.75,179.31,278.56,0,3,0,0
2026-08-15T23:12:45.000,IMU-1,0x28,-3.75,179.31,278.56,0,3,0,0
2026-08-15T23:12:45.100,IMU-1,0x28,-3.75,179.31,278.56,0,3,0,0
2026-08-15T23:12:45.200,IMU-1,0x28,-3.75,179.31,278.56,0,3,0,0
2026-08-15T23:12:45.300,IMU-1,0x28,-3.75,179.31,278.56,0,3,0,0
2026-08-15T23:12:45.401,IMU-1,0x28,-3.75,179.31,278.56,0,3,0,0
2026-08-15T23:12:45.500,IMU-1,0x28,-3.75,179.31,278.56,0,3,0,0
2026-08-15T23:12:45.600,IMU-1,0x28,-3.75,179.31,278.56,0,3,0,0
2026-08-15T23:12:45.701,IMU-1,0x28,-3.75,179.31,278.56,0,3,0,0
2026-08-15T23:12:45.801,IMU-1,0x28,-3.75,179.31,278.56,0,3,0,0
2026-08-15T23:12:45.901,IMU-1,0x28,-3.75,179.31,278.56,0,3,0,0
2026-08-15T23:12:46.001,IMU-1,0x28,-3.75,179.31,278.56,0,3,0,0
2026-08-15T23:12:46.101,IMU-1,0x28,-3.75,179.31,278.56,0,3,0,0
2026-08-15T23:12:46.201,IMU-1,0x28,-3.75,179.31,278.56,0,3,0,0
2026-08-15T23:12:46.301,IMU-1,0x28,-3.75,179.31,278.56,0,3,0,0
2026-08-15T23:12:46.402,IMU-1,0x28,-3.75,179.31,278.56,0,3,0,0
2026-08-15T23:12:46.501,IMU-1,0x28,-3.75,179.31,278.56,0,3,0,0
2026-08-15T23:12:46.601,IMU-1,0x28,-3.75,179.31,278.56,0,3,0,0
2026-08-15T23:12:46.700,IMU-1,0x28,-3.75,179.31,278.56,0,3,0,0
2026-08-15T23:12:46.800,IMU-1,0x28,-3.75,179.31,278.56,0,3,0,0
2026-08-15T23:12:46.900,IMU-1,0x28,-3.75,179.31,278.56,0,3,0,0
2026-08-15T23:12:47.000,IMU-1,0x28,-3.75,179.31,278.56,0,3,0,0
2026-08-15T23:12:47.100,IMU-1,0x28,-3.75,179.31,278.56,0,3,0,0
2026-08-15T23:12:47.200,IMU-1,0x28,-3.75,179.31,278.56,0,3,0,0
2026-08-15T23:12:47.300,IMU-1,0x28,-3.75,179.31,278.56,0,3,0,0
2026-08-15T23:12:47.401,IMU-1,0x28,-3.75,179.31,278.56,0,3,0,0
2026-08-15T23:12:47.501,IMU-1,0x28,-3.75,179.31,278.56,0,3,0,0
2026-08-15T23:12:47.601,IMU-1,0x28,-3.75,179.31,278.56,0,3,0,0
2026-08-15T23:12:47.702,IMU-1,0x28,-3.75,179.31,278.56,0,3,0,0
2026-08-15T23:12:47.802,IMU-1,0x28,-3.75,179.31,278.56,0,3,0,0
2026-08-15T23:12:47.902,IMU-1,0x28,-3.75,179.31,278.56,0,3,0,0
2026-08-15T23:12:48.002,IMU-1,0x28,-3.75,179.31,278.56,0,3,0,0
2026-08-15T23:12:48.102,IMU-1,0x28,-3.75,179.31,278.56,0,3,0,0
2026-08-15T23:12:48.202,IMU-1,0x28,-3.75,179.31,278.56,0,3,0,0
2026-08-15T23:12:48.303,IMU-1,0x28,-3.75,179.31,278.56,0,3,0,0
2026-08-15T23:12:48.403,IMU-1,0x28,-3.75,179.31,278.56,0,3,0,0
2026-08-15T23:12:48.502,IMU-1,0x28,-3.75,179.31,278.56,0,3,0,0
2026-08-15T23:12:48.602,IMU-1,0x28,-3.75,179.31,278.56,0,3,0,0
2026-08-15T23:12:48.702,IMU-1,0x28,-3.75,179.31,278.56,0,3,0,0
2026-08-15T23:12:48.802,IMU-1,0x28,-3.75,179.31,278.56,0,3,0,0
2026-08-15T23:12:48.902,IMU-1,0x28,-3.75,179.31,278.56,0,3,0,0
2026-08-15T23:12:49.002,IMU-1,0x28,-3.75,179.31,278.56,0,3,0,0
2026-08-15T23:12:49.102,IMU-1,0x28,-3.75,179.31,278.56,0,3,0,0
2026-08-15T23:12:49.202,IMU-1,0x28,-3.75,179.31,278.56,0,3,0,0
2026-08-15T23:12:49.302,IMU-1,0x28,-3.75,179.31,278.56,0,3,0,0
2026-08-15T23:12:49.403,IMU-1,0x28,-3.75,179.31,278.56,0,3,0,0
2026-08-15T23:12:49.502,IMU-1,0x28,-3.75,179.31,278.56,0,3,0,0
2026-08-15T23:12:49.603,IMU-1,0x28,-3.75,179.31,278.56,0,3,0,0
2026-08-15T23:12:49.703,IMU-1,0x28,-3.75,179.31,278.56,0,3,0,0
2026-08-15T23:12:49.803,IMU-1,0x28,-3.75,179.31,278.56,0,3,0,0
2026-08-15T23:12:49.903,IMU-1,0x28,-3.75,179.31,278.56,0,3,0,0
2026-08-15T23:12:50.003,IMU-1,0x28,-3.75,179.31,278.56,0,3,0,0
2026-08-15T23:12:50.104,IMU-1,0x28,-3.75,179.31,278.56,0,3,0,0
2026-08-15T23:12:50.204,IMU-1,0x28,-3.75,179.31,278.56,0,3,0,0
2026-08-15T23:12:50.304,IMU-1,0x28,-3.75,179.31,278.56,0,3,0,0
2026-08-15T23:12:50.405,IMU-1,0x28,-3.75,179.31,278.56,0,3,0,0
2026-08-15T23:12:50.504,IMU-1,0x28,-3.75,179.31,278.56,0,3,0,0
2026-08-15T23:12:50.604,IMU-1,0x28,-3.75,179.31,278.56,0,3,0,0
2026-08-15T23:12:50.704,IMU-1,0x28,-3.75,179.31,278.56,0,3,0,0
2026-08-15T23:12:50.804,IMU-1,0x28,-3.75,179.31,278.56,0,3,0,0
2026-08-15T23:12:50.904,IMU-1,0x28,-3.75,179.31,278.56,0,3,0,0
2026-08-15T23:12:51.003,IMU-1,0x28,-3.75,179.31,278.56,0,3,0,0
2026-08-15T23:12:51.103,IMU-1,0x28,-3.75,179.31,278.56,0,3,0,0
2026-08-15T23:12:51.203,IMU-1,0x28,-3.75,179.31,278.56,0,3,0,0
2026-08-15T23:12:51.303,IMU-1,0x28,-3.75,179.31,278.56,0,3,0,0
2026-08-15T23:12:51.404,IMU-1,0x28,-3.75,179.31,278.56,0,3,0,0
2026-08-15T23:12:51.503,IMU-1,0x28,-3.75,179.31,278.56,0,3,0,0
2026-08-15T23:12:51.604,IMU-1,0x28,-3.75,179.31,278.56,0,3,0,0
2026-08-15T23:12:51.704,IMU-1,0x28,-3.75,179.31,278.56,0,3,0,0
2026-08-15T23:12:51.804,IMU-1,0x28,-3.75,179.31,278.56,0,3,0,0
2026-08-15T23:12:51.904,IMU-1,0x28,-3.75,179.31,278.56,0,3,0,0
2026-08-15T23:12:52.004,IMU-1,0x28,-3.75,179.31,278.56,0,3,0,0
2026-08-15T23:12:52.104,IMU-1,0x28,-3.75,179.31,278.56,0,3,0,0
2026-08-15T23:12:52.204,IMU-1,0x28,-3.75,179.31,278.56,0,3,0,0
2026-08-15T23:12:52.305,IMU-1,0x28,-3.75,179.31,278.56,0,3,0,0
2026-08-15T23:12:52.406,IMU-1,0x28,-3.75,179.31,278.56,0,3,0,0
2026-08-15T23:12:52.505,IMU-1,0x28,-3.75,179.31,278.56,0,3,0,0
2026-08-15T23:12:52.605,IMU-1,0x28,-3.75,179.31,278.56,0,3,0,0
2026-08-15T23:12:52.706,IMU-1,0x28,-3.75,179.31,278.56,0,3,0,0
2026-08-15T23:12:52.806,IMU-1,0x28,-3.75,179.31,278.56,0,3,0,0
2026-08-15T23:12:52.906,IMU-1,0x28,-3.75,179.31,278.56,0,3,0,0
2026-08-15T23:12:53.006,IMU-1,0x28,-3.75,179.31,278.56,0,3,0,0
2026-08-15T23:12:53.106,IMU-1,0x28,-3.75,179.31,278.56,0,3,0,0
2026-08-15T23:12:53.205,IMU-1,0x28,-3.75,179.31,278.56,0,3,0,0
2026-08-15T23:12:53.304,IMU-1,0x28,-3.75,179.31,278.56,0,3,0,0
2026-08-15T23:12:53.405,IMU-1,0x28,-3.75,179.31,278.56,0,3,0,0
2026-08-15T23:12:53.504,IMU-1,0x28,-3.75,179.31,278.56,0,3,0,0
2026-08-15T23:12:53.604,IMU-1,0x28,-3.75,179.31,278.56,0,3,0,0
2026-08-15T23:12:53.704,IMU-1,0x28,-3.75,179.31,278.56,0,3,0,0
2026-08-15T23:12:53.804,IMU-1,0x28,-3.75,179.31,278.56,0,3,0,0
2026-08-15T23:12:53.904,IMU-1,0x28,-3.75,179.31,278.56,0,3,0,0
2026-08-15T23:12:54.005,IMU-1,0x28,-3.75,179.31,278.56,0,3,0,0
2026-08-15T23:12:54.105,IMU-1,0x28,-3.75,179.31,278.56,0,3,0,0
2026-08-15T23:12:54.205,IMU-1,0x28,-3.75,179.31,278.56,0,3,0,0
2026-08-15T23:12:54.306,IMU-1,0x28,-3.75,179.31,278.56,0,3,0,0
2026-08-15T23:12:54.406,IMU-1,0x28,-3.75,179.31,278.56,0,3,0,0
2026-08-15T23:12:54.506,IMU-1,0x28,-3.75,179.31,278.56,0,3,0,0
2026-08-15T23:12:54.607,IMU-1,0x28,-3.75,179.31,278.56,0,3,0,0
2026-08-15T23:12:54.706,IMU-1,0x28,-3.75,179.31,278.56,0,3,0,0
2026-08-15T23:12:54.807,IMU-1,0x28,-3.75,179.31,278.56,0,3,0,0
2026-08-15T23:12:54.907,IMU-1,0x28,-3.75,179.31,278.56,0,3,0,0
2026-08-15T23:12:55.007,IMU-1,0x28,-3.75,179.31,278.56,0,3,0,0
2026-08-15T23:12:55.107,IMU-1,0x28,-3.75,179.31,278.56,0,3,0,0
2026-08-15T23:12:55.207,IMU-1,0x28,-3.75,179.31,278.56,0,3,0,0
2026-08-15T23:12:55.307,IMU-1,0x28,-3.75,179.31,278.56,0,3,0,0
2026-08-15T23:12:55.408,IMU-1,0x28,-3.75,179.31,278.56,0,3,0,0
2026-08-15T23:12:55.507,IMU-1,0x28,-3.75,179.31,278.56,0,3,0,0
2026-08-15T23:12:55.607,IMU-1,0x28,-3.75,179.31,278.56,0,3,0,0
2026-08-15T23:12:55.707,IMU-1,0x28,-3.75,179.31,278.56,0,3,0,0
2026-08-15T23:12:55.806,IMU-1,0x28,-3.75,179.31,278.56,0,3,0,0
2026-08-15T23:12:55.906,IMU-1,0x28,-3.75,179.31,278.56,0,3,0,0
2026-08-15T23:12:56.006,IMU-1,0x28,-3.75,179.31,278.56,0,3,0,0
2026-08-15T23:12:56.107,IMU-1,0x28,-3.75,179.31,278.56,0,3,0,0
2026-08-15T23:12:56.207,IMU-1,0x28,-3.75,179.31,278.56,0,3,0,0
2026-08-15T23:12:56.307,IMU-1,0x28,-3.75,179.31,278.56,0,3,0,0
2026-08-15T23:12:56.408,IMU-1,0x28,-3.75,179.31,278.56,0,3,0,0
2026-08-15T23:12:56.507,IMU-1,0x28,-3.75,179.31,278.56,0,3,0,0
2026-08-15T23:12:56.607,IMU-1,0x28,-3.75,179.31,278.56,0,3,0,0
2026-08-15T23:12:56.707,IMU-1,0x28,-3.75,179.31,278.56,0,3,0,0
2026-08-15T23:12:56.808,IMU-1,0x28,-3.75,179.31,278.56,0,3,0,0
2026-08-15T23:12:56.908,IMU-1,0x28,-3.75,179.31,278.56,0,3,0,0
2026-08-15T23:12:57.008,IMU-1,0x28,-3.75,179.31,278.56,0,3,0,0
2026-08-15T23:12:57.108,IMU-1,0x28,-3.75,179.31,278.56,0,3,0,0
2026-08-15T23:12:57.208,IMU-1,0x28,-3.75,179.31,278.56,0,3,0,0
2026-08-15T23:12:57.308,IMU-1,0x28,-3.75,179.31,278.56,0,3,0,0
2026-08-15T23:12:57.409,IMU-1,0x28,-3.75,179.31,278.56,0,3,0,0
2026-08-15T23:12:57.508,IMU-1,0x28,-3.75,179.31,278.56,0,3,0,0
2026-08-15T23:12:57.608,IMU-1,0x28,-3.75,179.31,278.56,0,3,0,0
2026-08-15T23:12:57.708,IMU-1,0x28,-3.75,179.31,278.56,0,3,0,0
2026-08-15T23:12:57.808,IMU-1,0x28,-3.75,179.31,278.56,0,3,0,0
2026-08-15T23:12:57.908,IMU-1,0x28,-3.75,179.31,278.56,0,3,0,0
2026-08-15T23:12:58.008,IMU-1,0x28,-3.75,179.31,278.56,0,3,0,0
2026-08-15T23:12:58.108,IMU-1,0x28,-3.75,179.31,278.56,0,3,0,0
2026-08-15T23:12:58.208,IMU-1,0x28,-3.75,179.31,278.56,0,3,0,0
2026-08-15T23:12:58.308,IMU-1,0x28,-3.75,179.31,278.56,0,3,0,0
2026-08-15T23:12:58.409,IMU-1,0x28,-3.75,179.31,278.56,0,3,0,0
2026-08-15T23:12:58.508,IMU-1,0x28,-3.75,179.31,278.56,0,3,0,0
2026-08-15T23:12:58.608,IMU-1,0x28,-3.75,179.31,278.56,0,3,0,0
2026-08-15T23:12:58.708,IMU-1,0x28,-3.75,179.31,278.56,0,3,0,0
2026-08-15T23:12:58.808,IMU-1,0x28,-3.75,179.31,278.56,0,3,0,0
2026-08-15T23:12:58.909,IMU-1,0x28,-3.75,179.31,278.56,0,3,0,0
2026-08-15T23:12:59.009,IMU-1,0x28,-3.75,179.31,278.56,0,3,0,0
2026-08-15T23:12:59.109,IMU-1,0x28,-3.75,179.31,278.56,0,3,0,0
2026-08-15T23:12:59.209,IMU-1,0x28,-3.75,179.31,278.56,0,3,0,0
2026-08-15T23:12:59.309,IMU-1,0x28,-3.75,179.31,278.56,0,3,0,0
2026-08-15T23:12:59.409,IMU-1,0x28,-3.75,179.31,278.56,0,3,0,0
2026-08-15T23:12:59.508,IMU-1,0x28,-3.75,179.31,278.56,0,3,0,0
2026-08-15T23:12:59.608,IMU-1,0x28,-3.75,179.31,278.56,0,3,0,0
2026-08-15T23:12:59.708,IMU-1,0x28,-3.75,179.31,278.56,0,3,0,0
2026-08-15T23:12:59.808,IMU-1,0x28,-3.75,179.31,278.56,0,3,0,0
2026-08-15T23:12:59.908,IMU-1,0x28,-3.75,179.31,278.56,0,3,0,0
2026-08-15T23:13:00.008,IMU-1,0x28,-3.75,179.31,278.56,0,3,0,0
2026-08-15T23:13:00.108,IMU-1,0x28,-3.75,179.31,278.56,0,3,0,0
2026-08-15T23:13:00.208,IMU-1,0x28,-3.75,179.31,278.56,0,3,0,0
2026-08-15T23:13:00.308,IMU-1,0x28,-3.75,179.31,278.56,0,3,0,0
2026-08-15T23:13:00.409,IMU-1,0x28,-3.75,179.31,278.56,0,3,0,0
2026-08-15T23:13:00.509,IMU-1,0x28,-3.75,179.31,278.56,0,3,0,0
2026-08-15T23:13:00.609,IMU-1,0x28,-3.75,179.31,278.56,0,3,0,0
2026-08-15T23:13:00.709,IMU-1,0x28,-3.75,179.31,278.56,0,3,0,0
2026-08-15T23:13:00.809,IMU-1,0x28,-3.75,179.31,278.56,0,3,0,0
2026-08-15T23:13:00.909,IMU-1,0x28,-3.75,179.31,278.56,0,3,0,0
2026-08-15T23:13:01.010,IMU-1,0x28,-3.75,179.31,278.56,0,3,0,0
2026-08-15T23:13:01.110,IMU-1,0x28,-3.75,179.31,278.56,0,3,0,0
2026-08-15T23:13:01.210,IMU-1,0x28,-3.75,179.31,278.56,0,3,0,0
2026-08-15T23:13:01.311,IMU-1,0x28,-3.75,179.31,278.56,0,3,0,0
2026-08-15T23:13:01.411,IMU-1,0x28,-3.75,179.31,278.56,0,3,0,0
2026-08-15T23:13:01.511,IMU-1,0x28,-3.75,179.31,278.56,0,3,0,0
2026-08-15T23:13:01.611,IMU-1,0x28,-3.75,179.31,278.56,0,3,0,0
2026-08-15T23:13:01.711,IMU-1,0x28,-3.75,179.31,278.56,0,3,0,0
2026-08-15T23:13:01.811,IMU-1,0x28,-3.75,179.31,278.56,0,3,0,0
2026-08-15T23:13:01.911,IMU-1,0x28,-3.75,179.31,278.56,0,3,0,0
2026-08-15T23:13:02.011,IMU-1,0x28,-3.75,179.31,278.56,0,3,0,0
2026-08-15T23:13:02.111,IMU-1,0x28,-3.75,179.31,278.56,0,3,0,0
2026-08-15T23:13:02.211,IMU-1,0x28,-3.75,179.31,278.56,0,3,0,0
2026-08-15T23:13:02.312,IMU-1,0x28,-3.75,179.31,278.56,0,3,0,0
2026-08-15T23:13:02.412,IMU-1,0x28,-3.75,179.31,278.56,0,3,0,0
2026-08-15T23:13:02.511,IMU-1,0x28,-3.75,179.31,278.56,0,3,0,0
2026-08-15T23:13:02.611,IMU-1,0x28,-3.75,179.31,278.56,0,3,0,0
2026-08-15T23:13:02.711,IMU-1,0x28,-3.75,179.31,278.56,0,3,0,0
2026-08-15T23:13:02.811,IMU-1,0x28,-3.75,179.31,278.56,0,3,0,0
2026-08-15T23:13:02.910,IMU-1,0x28,-3.75,179.31,278.56,0,3,0,0
2026-08-15T23:13:03.010,IMU-1,0x28,-3.75,179.31,278.56,0,3,0,0
2026-08-15T23:13:03.110,IMU-1,0x28,-3.75,179.31,278.56,0,3,0,0
2026-08-15T23:13:03.211,IMU-1,0x28,-3.75,179.31,278.56,0,3,0,0
2026-08-15T23:13:03.311,IMU-1,0x28,-3.75,179.31,278.56,0,3,0,0
2026-08-15T23:13:03.412,IMU-1,0x28,-3.75,179.31,278.56,0,3,0,0
2026-08-15T23:13:03.511,IMU-1,0x28,-3.75,179.31,278.56,0,3,0,0
2026-08-15T23:13:03.612,IMU-1,0x28,-3.75,179.31,278.56,0,3,0,0
2026-08-15T23:13:03.712,IMU-1,0x28,-3.75,179.31,278.56,0,3,0,0
2026-08-15T23:13:03.812,IMU-1,0x28,-3.75,179.31,278.56,0,3,0,0
2026-08-15T23:13:03.912,IMU-1,0x28,-3.75,179.31,278.56,0,3,0,0
2026-08-15T23:13:04.012,IMU-1,0x28,-3.75,179.31,278.56,0,3,0,0
2026-08-15T23:13:04.112,IMU-1,0x28,-3.75,179.31,278.56,0,3,0,0
2026-08-15T23:13:04.213,IMU-1,0x28,-3.75,179.31,278.56,0,3,0,0
2026-08-15T23:13:04.313,IMU-1,0x28,-3.75,179.31,278.56,0,3,0,0
2026-08-15T23:13:04.414,IMU-1,0x28,-3.75,179.31,278.56,0,3,0,0
2026-08-15T23:13:04.513,IMU-1,0x28,-3.75,179.31,278.56,0,3,0,0
2026-08-15T23:13:04.613,IMU-1,0x28,-3.75,179.31,278.56,0,3,0,0
2026-08-15T23:13:04.713,IMU-1,0x28,-3.75,179.31,278.56,0,3,0,0
2026-08-15T23:13:04.813,IMU-1,0x28,-3.75,179.31,278.56,0,3,0,0
2026-08-15T23:13:04.913,IMU-1,0x28,-3.75,179.31,278.56,0,3,0,0
2026-08-15T23:13:05.012,IMU-1,0x28,-3.75,179.31,278.56,0,3,0,0
2026-08-15T23:13:05.112,IMU-1,0x28,-3.75,179.31,278.56,0,3,0,0
2026-08-15T23:13:05.213,IMU-1,0x28,-3.75,179.31,278.56,0,3,0,0
2026-08-15T23:13:05.313,IMU-1,0x28,-3.75,179.31,278.56,0,3,0,0
2026-08-15T23:13:05.413,IMU-1,0x28,-3.75,179.31,278.56,0,3,0,0
2026-08-15T23:13:05.513,IMU-1,0x28,-3.75,179.31,278.56,0,3,0,0
2026-08-15T23:13:05.613,IMU-1,0x28,-3.75,179.31,278.56,0,3,0,0
2026-08-15T23:13:05.713,IMU-1,0x28,-3.75,179.31,278.56,0,3,0,0
2026-08-15T23:13:05.813,IMU-1,0x28,-3.75,179.31,278.56,0,3,0,0
2026-08-15T23:13:05.913,IMU-1,0x28,-3.75,179.31,278.56,0,3,0,0
2026-08-15T23:13:06.013,IMU-1,0x28,-3.75,179.31,278.56,0,3,0,0
2026-08-15T23:13:06.114,IMU-1,0x28,-3.75,179.31,278.56,0,3,0,0
2026-08-15T23:13:06.214,IMU-1,0x28,-3.75,179.31,278.56,0,3,0,0
2026-08-15T23:13:06.314,IMU-1,0x28,-3.75,179.31,278.56,0,3,0,0
2026-08-15T23:13:06.415,IMU-1,0x28,-3.75,179.31,278.56,0,3,0,0
2026-08-15T23:13:06.514,IMU-1,0x28,-3.75,179.31,278.56,0,3,0,0
2026-08-15T23:13:06.614,IMU-1,0x28,-3.75,179.31,278.56,0,3,0,0
2026-08-15T23:13:06.714,IMU-1,0x28,-3.75,179.31,278.56,0,3,0,0
2026-08-15T23:13:06.814,IMU-1,0x28,-3.75,179.31,278.56,0,3,0,0
2026-08-15T23:13:06.914,IMU-1,0x28,-3.75,179.31,278.56,0,3,0,0
2026-08-15T23:13:07.014,IMU-1,0x28,-3.75,179.31,278.56,0,3,0,0
2026-08-15T23:13:07.113,IMU-1,0x28,-3.75,179.31,278.56,0,3,0,0
2026-08-15T23:13:07.213,IMU-1,0x28,-3.75,179.31,278.56,0,3,0,0
2026-08-15T23:13:07.313,IMU-1,0x28,-3.75,179.31,278.56,0,3,0,0
2026-08-15T23:13:07.414,IMU-1,0x28,-3.75,179.31,278.56,0,3,0,0
2026-08-15T23:13:07.513,IMU-1,0x28,-3.75,179.31,278.56,0,3,0,0
2026-08-15T23:13:07.614,IMU-1,0x28,-3.75,179.31,278.56,0,3,0,0
2026-08-15T23:13:07.714,IMU-1,0x28,-3.75,179.31,278.56,0,3,0,0
2026-08-15T23:13:07.814,IMU-1,0x28,-3.75,179.31,278.56,0,3,0,0
2026-08-15T23:13:07.914,IMU-1,0x28,-3.75,179.31,278.56,0,3,0,0
2026-08-15T23:13:08.014,IMU-1,0x28,-3.75,179.31,278.56,0,3,0,0
2026-08-15T23:13:08.114,IMU-1,0x28,-3.75,179.31,278.56,0,3,0,0
2026-08-15T23:13:08.215,IMU-1,0x28,-3.75,179.31,278.56,0,3,0,0
2026-08-15T23:13:08.315,IMU-1,0x28,-3.75,179.31,278.56,0,3,0,0
2026-08-15T23:13:08.416,IMU-1,0x28,-3.75,179.31,278.56,0,3,0,0
2026-08-15T23:13:08.515,IMU-1,0x28,-3.75,179.31,278.56,0,3,0,0
2026-08-15T23:13:08.615,IMU-1,0x28,-3.75,179.31,278.56,0,3,0,0
2026-08-15T23:13:08.715,IMU-1,0x28,-3.75,179.31,278.56,0,3,0,0
2026-08-15T23:13:08.816,IMU-1,0x28,-3.75,179.31,278.56,0,3,0,0
2026-08-15T23:13:08.916,IMU-1,0x28,-3.75,179.31,278.56,0,3,0,0
2026-08-15T23:13:09.015,IMU-1,0x28,-3.75,179.31,278.56,0,3,0,0
2026-08-15T23:13:09.116,IMU-1,0x28,-3.75,179.31,278.56,0,3,0,0
2026-08-15T23:13:09.216,IMU-1,0x28,-3.75,179.31,278.56,0,3,0,0
2026-08-15T23:13:09.316,IMU-1,0x28,-3.75,179.31,278.56,0,3,0,0
2026-08-15T23:13:09.417,IMU-1,0x28,-3.75,179.31,278.56,0,3,0,0
2026-08-15T23:13:09.514,IMU-1,0x28,-3.75,179.31,278.56,0,3,0,0
2026-08-15T23:13:09.614,IMU-1,0x28,-3.75,179.31,278.56,0,3,0,0
2026-08-15T23:13:09.714,IMU-1,0x28,-3.75,179.31,278.56,0,3,0,0
2026-08-15T23:13:09.814,IMU-1,0x28,-3.75,179.31,278.56,0,3,0,0
2026-08-15T23:13:09.915,IMU-1,0x28,-3.75,179.31,278.56,0,3,0,0
2026-08-15T23:13:10.015,IMU-1,0x28,-3.75,179.31,278.56,0,3,0,0
2026-08-15T23:13:10.115,IMU-1,0x28,-3.75,179.31,278.56,0,3,0,0
2026-08-15T23:13:10.215,IMU-1,0x28,-3.75,179.31,278.56,0,3,0,0
2026-08-15T23:13:10.315,IMU-1,0x28,-3.75,179.31,278.56,0,3,0,0
2026-08-15T23:13:10.416,IMU-1,0x28,-3.75,179.31,278.56,0,3,0,0
2026-08-15T23:13:10.516,IMU-1,0x28,-3.75,179.31,278.56,0,3,0,0
2026-08-15T23:13:10.616,IMU-1,0x28,-3.75,179.31,278.56,0,3,0,0
2026-08-15T23:13:10.717,IMU-1,0x28,-3.75,179.31,278.56,0,3,0,0
2026-08-15T23:13:10.817,IMU-1,0x28,-3.75,179.31,278.56,0,3,0,0
2026-08-15T23:13:10.917,IMU-1,0x28,-3.75,179.31,278.56,0,3,0,0
2026-08-15T23:13:11.017,IMU-1,0x28,-3.75,179.31,278.56,0,3,0,0
2026-08-15T23:13:11.117,IMU-1,0x28,-3.75,179.31,278.56,0,3,0,0
2026-08-15T23:13:11.217,IMU-1,0x28,-3.75,179.31,278.56,0,3,0,0
2026-08-15T23:13:11.316,IMU-1,0x28,-3.75,179.31,278.56,0,3,0,0
2026-08-15T23:13:11.417,IMU-1,0x28,-3.75,179.31,278.56,0,3,0,0
2026-08-15T23:13:11.516,IMU-1,0x28,-3.75,179.31,278.56,0,3,0,0
2026-08-15T23:13:11.616,IMU-1,0x28,-3.75,179.31,278.56,0,3,0,0
2026-08-15T23:13:11.716,IMU-1,0x28,-3.75,179.31,278.56,0,3,0,0
2026-08-15T23:13:11.817,IMU-1,0x28,-3.75,179.31,278.56,0,3,0,0
2026-08-15T23:13:11.917,IMU-1,0x28,-3.75,179.31,278.56,0,3,0,0
2026-08-15T23:13:12.017,IMU-1,0x28,-3.75,179.31,278.56,0,3,0,0
2026-08-15T23:13:12.117,IMU-1,0x28,-3.75,179.31,278.56,0,3,0,0
2026-08-15T23:13:12.217,IMU-1,0x28,-3.75,179.31,278.56,0,3,0,0
2026-08-15T23:13:12.317,IMU-1,0x28,-3.75,179.31,278.56,0,3,0,0
2026-08-15T23:13:12.418,IMU-1,0x28,-3.75,179.31,278.56,0,3,0,0
2026-08-15T23:13:12.517,IMU-1,0x28,-3.75,179.31,278.56,0,3,0,0
2026-08-15T23:13:12.618,IMU-1,0x28,-3.75,179.31,278.56,0,3,0,0
2026-08-15T23:13:12.717,IMU-1,0x28,-3.75,179.31,278.56,0,3,0,0
2026-08-15T23:13:12.818,IMU-1,0x28,-3.75,179.31,278.56,0,3,0,0
2026-08-15T23:13:12.918,IMU-1,0x28,-3.75,179.31,278.56,0,3,0,0
2026-08-15T23:13:13.018,IMU-1,0x28,-3.75,179.31,278.56,0,3,0,0
2026-08-15T23:13:13.118,IMU-1,0x28,-3.75,179.31,278.56,0,3,0,0
2026-08-15T23:13:13.218,IMU-1,0x28,-3.75,179.31,278.56,0,3,0,0
2026-08-15T23:13:13.318,IMU-1,0x28,-3.75,179.31,278.56,0,3,0,0
2026-08-15T23:13:13.419,IMU-1,0x28,-3.75,179.31,278.56,0,3,0,0
2026-08-15T23:13:13.518,IMU-1,0x28,-3.75,179.31,278.56,0,3,0,0
2026-08-15T23:13:13.618,IMU-1,0x28,-3.75,179.31,278.56,0,3,0,0
2026-08-15T23:13:13.719,IMU-1,0x28,-3.75,179.31,278.56,0,3,0,0
2026-08-15T23:13:13.819,IMU-1,0x28,-3.75,179.31,278.56,0,3,0,0
2026-08-15T23:13:13.919,IMU-1,0x28,-3.75,179.31,278.56,0,3,0,0
2026-08-15T23:13:14.019,IMU-1,0x28,-3.75,179.31,278.56,0,3,0,0
2026-08-15T23:13:14.119,IMU-1,0x28,-3.75,179.31,278.56,0,3,0,0
2026-08-15T23:13:14.219,IMU-1,0x28,-3.75,179.31,278.56,0,3,0,0
2026-08-15T23:13:14.318,IMU-1,0x28,-3.75,179.31,278.56,0,3,0,0
2026-08-15T23:13:14.419,IMU-1,0x28,-3.75,179.31,278.56,0,3,0,0
2026-08-15T23:13:14.518,IMU-1,0x28,-3.75,179.31,278.56,0,3,0,0
2026-08-15T23:13:14.618,IMU-1,0x28,-3.75,179.31,278.56,0,3,0,0
2026-08-15T23:13:14.718,IMU-1,0x28,-3.75,179.31,278.56,0,3,0,0
2026-08-15T23:13:14.819,IMU-1,0x28,-3.75,179.31,278.56,0,3,0,0
2026-08-15T23:13:14.919,IMU-1,0x28,-3.75,179.31,278.56,0,3,0,0
2026-08-15T23:13:15.019,IMU-1,0x28,-3.75,179.31,278.56,0,3,0,0
2026-08-15T23:13:15.119,IMU-1,0x28,-3.75,179.31,278.56,0,3,0,0
2026-08-15T23:13:15.219,IMU-1,0x28,-3.75,179.31,278.56,0,3,0,0
2026-08-15T23:13:15.320,IMU-1,0x28,-3.75,179.31,278.56,0,3,0,0
2026-08-15T23:13:15.420,IMU-1,0x28,-3.75,179.31,278.56,0,3,0,0
2026-08-15T23:13:15.520,IMU-1,0x28,-3.75,179.31,278.56,0,3,0,0
2026-08-15T23:13:15.620,IMU-1,0x28,-3.75,179.31,278.56,0,3,0,0
2026-08-15T23:13:15.720,IMU-1,0x28,-3.75,179.31,278.56,0,3,0,0
2026-08-15T23:13:15.820,IMU-1,0x28,-3.75,179.31,278.56,0,3,0,0
2026-08-15T23:13:15.920,IMU-1,0x28,-3.75,179.31,278.56,0,3,0,0
2026-08-15T23:13:16.019,IMU-1,0x28,-3.75,179.31,278.56,0,3,0,0
2026-08-15T23:13:16.119,IMU-1,0x28,-3.75,179.31,278.56,0,3,0,0
2026-08-15T23:13:16.219,IMU-1,0x28,-3.75,179.31,278.56,0,3,0,0
2026-08-15T23:13:16.319,IMU-1,0x28,-3.75,179.31,278.56,0,3,0,0
2026-08-15T23:13:16.419,IMU-1,0x28,-3.75,179.31,278.56,0,3,0,0
2026-08-15T23:13:16.519,IMU-1,0x28,-3.75,179.31,278.56,0,3,0,0
2026-08-15T23:13:16.619,IMU-1,0x28,-3.75,179.31,278.56,0,3,0,0
2026-08-15T23:13:16.719,IMU-1,0x28,-3.75,179.31,278.56,0,3,0,0
2026-08-15T23:13:16.819,IMU-1,0x28,-3.75,179.31,278.56,0,3,0,0
2026-08-15T23:13:16.919,IMU-1,0x28,-3.75,179.31,278.56,0,3,0,0
2026-08-15T23:13:17.019,IMU-1,0x28,-3.75,179.31,278.56,0,3,0,0
2026-08-15T23:13:17.120,IMU-1,0x28,-3.75,179.31,278.56,0,3,0,0
2026-08-15T23:13:17.220,IMU-1,0x28,-3.75,179.31,278.56,0,3,0,0
2026-08-15T23:13:17.320,IMU-1,0x28,-3.75,179.31,278.56,0,3,0,0
2026-08-15T23:13:17.421,IMU-1,0x28,-3.75,179.31,278.56,0,3,0,0
2026-08-15T23:13:17.521,IMU-1,0x28,-3.75,179.31,278.56,0,3,0,0
2026-08-15T23:13:17.621,IMU-1,0x28,-3.75,179.31,278.56,0,3,0,0
2026-08-15T23:13:17.721,IMU-1,0x28,-3.75,179.31,278.56,0,3,0,0
2026-08-15T23:13:17.821,IMU-1,0x28,-3.75,179.31,278.56,0,3,0,0
2026-08-15T23:13:17.921,IMU-1,0x28,-3.75,179.31,278.56,0,3,0,0
2026-08-15T23:13:18.021,IMU-1,0x28,-3.75,179.31,278.56,0,3,0,0
2026-08-15T23:13:18.122,IMU-1,0x28,-3.75,179.31,278.56,0,3,0,0
2026-08-15T23:13:18.222,IMU-1,0x28,-3.75,179.31,278.56,0,3,0,0
2026-08-15T23:13:18.321,IMU-1,0x28,-3.75,179.31,278.56,0,3,0,0
2026-08-15T23:13:18.423,IMU-1,0x28,-3.75,179.31,278.56,0,3,0,0
2026-08-15T23:13:18.522,IMU-1,0x28,-3.75,179.31,278.56,0,3,0,0
2026-08-15T23:13:18.622,IMU-1,0x28,-3.75,179.31,278.56,0,3,0,0
2026-08-15T23:13:18.721,IMU-1,0x28,-3.75,179.31,278.56,0,3,0,0
2026-08-15T23:13:18.821,IMU-1,0x28,-3.75,179.31,278.56,0,3,0,0
2026-08-15T23:13:18.921,IMU-1,0x28,-3.75,179.31,278.56,0,3,0,0
2026-08-15T23:13:19.021,IMU-1,0x28,-3.75,179.31,278.56,0,3,0,0
2026-08-15T23:13:19.121,IMU-1,0x28,-3.75,179.31,278.56,0,3,0,0
2026-08-15T23:13:19.221,IMU-1,0x28,-3.75,179.31,278.56,0,3,0,0
2026-08-15T23:13:19.322,IMU-1,0x28,-3.75,179.31,278.56,0,3,0,0
2026-08-15T23:13:19.423,IMU-1,0x28,-3.75,179.31,278.56,0,3,0,0
2026-08-15T23:13:19.522,IMU-1,0x28,-3.75,179.31,278.56,0,3,0,0
2026-08-15T23:13:19.622,IMU-1,0x28,-3.75,179.31,278.56,0,3,0,0
2026-08-15T23:13:19.722,IMU-1,0x28,-3.75,179.31,278.56,0,3,0,0
2026-08-15T23:13:19.822,IMU-1,0x28,-3.75,179.31,278.56,0,3,0,0
2026-08-15T23:13:19.923,IMU-1,0x28,-3.75,179.31,278.56,0,3,0,0
2026-08-15T23:13:20.023,IMU-1,0x28,-3.75,179.31,278.56,0,3,0,0
2026-08-15T23:13:20.123,IMU-1,0x28,-3.75,179.31,278.56,0,3,0,0
2026-08-15T23:13:20.223,IMU-1,0x28,-3.75,179.31,278.56,0,3,0,0
2026-08-15T23:13:20.323,IMU-1,0x28,-3.75,179.31,278.56,0,3,0,0
2026-08-15T23:13:20.424,IMU-1,0x28,-3.75,179.31,278.56,0,3,0,0
2026-08-15T23:13:20.523,IMU-1,0x28,-3.75,179.31,278.56,0,3,0,0
2026-08-15T23:13:20.623,IMU-1,0x28,-3.75,179.31,278.56,0,3,0,0
2026-08-15T23:13:20.723,IMU-1,0x28,-3.75,179.31,278.56,0,3,0,0
2026-08-15T23:13:20.823,IMU-1,0x28,-3.75,179.31,278.56,0,3,0,0
2026-08-15T23:13:20.923,IMU-1,0x28,-3.75,179.31,278.56,0,3,0,0
2026-08-15T23:13:21.023,IMU-1,0x28,-3.75,179.31,278.56,0,3,0,0
2026-08-15T23:13:21.123,IMU-1,0x28,-3.75,179.31,278.56,0,3,0,0
2026-08-15T23:13:21.223,IMU-1,0x28,-3.75,179.31,278.56,0,3,0,0
2026-08-15T23:13:21.323,IMU-1,0x28,-3.75,179.31,278.56,0,3,0,0
2026-08-15T23:13:21.424,IMU-1,0x28,-3.75,179.31,278.56,0,3,0,0
2026-08-15T23:13:21.523,IMU-1,0x28,-3.75,179.31,278.56,0,3,0,0
2026-08-15T23:13:21.623,IMU-1,0x28,-3.75,179.31,278.56,0,3,0,0
2026-08-15T23:13:21.723,IMU-1,0x28,-3.75,179.31,278.56,0,3,0,0
2026-08-15T23:13:21.823,IMU-1,0x28,-3.75,179.31,278.56,0,3,0,0
2026-08-15T23:13:21.923,IMU-1,0x28,-3.75,179.31,278.56,0,3,0,0
2026-08-15T23:13:22.024,IMU-1,0x28,-3.75,179.31,278.56,0,3,0,0
2026-08-15T23:13:22.124,IMU-1,0x28,-3.75,179.31,278.56,0,3,0,0
2026-08-15T23:13:22.224,IMU-1,0x28,-3.75,179.31,278.56,0,3,0,0
2026-08-15T23:13:22.324,IMU-1,0x28,-3.75,179.31,278.56,0,3,0,0
2026-08-15T23:13:22.425,IMU-1,0x28,-3.75,179.31,278.56,0,3,0,0
2026-08-15T23:13:22.524,IMU-1,0x28,-3.75,179.31,278.56,0,3,0,0
2026-08-15T23:13:22.623,IMU-1,0x28,-3.75,179.31,278.56,0,3,0,0
2026-08-15T23:13:22.723,IMU-1,0x28,-3.75,179.31,278.56,0,3,0,0
2026-08-15T23:13:22.823,IMU-1,0x28,-3.75,179.31,278.56,0,3,0,0
2026-08-15T23:13:22.923,IMU-1,0x28,-3.75,179.31,278.56,0,3,0,0
2026-08-15T23:13:23.023,IMU-1,0x28,-3.75,179.31,278.56,0,3,0,0
2026-08-15T23:13:23.123,IMU-1,0x28,-3.75,179.31,278.56,0,3,0,0
2026-08-15T23:13:23.223,IMU-1,0x28,-3.75,179.31,278.56,0,3,0,0
2026-08-15T23:13:23.323,IMU-1,0x28,-3.75,179.31,278.56,0,3,0,0
2026-08-15T23:13:23.424,IMU-1,0x28,-3.75,179.31,278.56,0,3,0,0
2026-08-15T23:13:23.523,IMU-1,0x28,-3.75,179.31,278.56,0,3,0,0
2026-08-15T23:13:23.624,IMU-1,0x28,-3.75,179.31,278.56,0,3,0,0
2026-08-15T23:13:23.724,IMU-1,0x28,-3.75,179.31,278.56,0,3,0,0
2026-08-15T23:13:23.824,IMU-1,0x28,-3.75,179.31,278.56,0,3,0,0
2026-08-15T23:13:23.924,IMU-1,0x28,-3.75,179.31,278.56,0,3,0,0
2026-08-15T23:13:24.024,IMU-1,0x28,-3.75,179.31,278.56,0,3,0,0
2026-08-15T23:13:24.125,IMU-1,0x28,-3.75,179.31,278.56,0,3,0,0
2026-08-15T23:13:24.225,IMU-1,0x28,-3.75,179.31,278.56,0,3,0,0
2026-08-15T23:13:24.325,IMU-1,0x28,-3.75,179.31,278.56,0,3,0,0
2026-08-15T23:13:24.426,IMU-1,0x28,-3.75,179.31,278.56,0,3,0,0
2026-08-15T23:13:24.526,IMU-1,0x28,-3.75,179.31,278.56,0,3,0,0
2026-08-15T23:13:24.626,IMU-1,0x28,-3.75,179.31,278.56,0,3,0,0
2026-08-15T23:13:24.726,IMU-1,0x28,-3.75,179.31,278.56,0,3,0,0
2026-08-15T23:13:24.826,IMU-1,0x28,-3.75,179.31,278.56,0,3,0,0
2026-08-15T23:13:24.926,IMU-1,0x28,-3.75,179.31,278.56,0,3,0,0
2026-08-15T23:13:25.026,IMU-1,0x28,-3.75,179.31,278.56,0,3,0,0
2026-08-15T23:13:25.126,IMU-1,0x28,-3.75,179.31,278.56,0,3,0,0
2026-08-15T23:13:25.226,IMU-1,0x28,-3.75,179.31,278.56,0,3,0,0
2026-08-15T23:13:25.326,IMU-1,0x28,-3.75,179.31,278.56,0,3,0,0
2026-08-15T23:13:25.427,IMU-1,0x28,-3.75,179.31,278.56,0,3,0,0
2026-08-15T23:13:25.526,IMU-1,0x28,-3.75,179.31,278.56,0,3,0,0
2026-08-15T23:13:25.626,IMU-1,0x28,-3.75,179.31,278.56,0,3,0,0
2026-08-15T23:13:25.726,IMU-1,0x28,-3.75,179.31,278.56,0,3,0,0
2026-08-15T23:13:25.826,IMU-1,0x28,-3.75,179.31,278.56,0,3,0,0
2026-08-15T23:13:25.926,IMU-1,0x28,-3.75,179.31,278.56,0,3,0,0
2026-08-15T23:13:26.026,IMU-1,0x28,-3.75,179.31,278.56,0,3,0,0
2026-08-15T23:13:26.126,IMU-1,0x28,-3.75,179.31,278.56,0,3,0,0
2026-08-15T23:13:26.226,IMU-1,0x28,-3.75,179.31,278.56,0,3,0,0
2026-08-15T23:13:26.326,IMU-1,0x28,-3.75,179.31,278.56,0,3,0,0
2026-08-15T23:13:26.427,IMU-1,0x28,-3.75,179.31,278.56,0,3,0,0
2026-08-15T23:13:26.526,IMU-1,0x28,-3.75,179.31,278.56,0,3,0,0
2026-08-15T23:13:26.627,IMU-1,0x28,-3.75,179.31,278.56,0,3,0,0
2026-08-15T23:13:26.727,IMU-1,0x28,-3.75,179.31,278.56,0,3,0,0
2026-08-15T23:13:26.827,IMU-1,0x28,-3.75,179.31,278.56,0,3,0,0
2026-08-15T23:13:26.927,IMU-1,0x28,-3.75,179.31,278.56,0,3,0,0
2026-08-15T23:13:27.027,IMU-1,0x28,-3.75,179.31,278.56,0,3,0,0
2026-08-15T23:13:27.127,IMU-1,0x28,-3.75,179.31,278.56,0,3,0,0
2026-08-15T23:13:27.227,IMU-1,0x28,-3.75,179.31,278.56,0,3,0,0
2026-08-15T23:13:27.327,IMU-1,0x28,-3.75,179.31,278.56,0,3,0,0
2026-08-15T23:13:27.428,IMU-1,0x28,-3.75,179.31,278.56,0,3,0,0
2026-08-15T23:13:27.527,IMU-1,0x28,-3.75,179.31,278.56,0,3,0,0
2026-08-15T23:13:27.627,IMU-1,0x28,-3.75,179.31,278.56,0,3,0,0
2026-08-15T23:13:27.727,IMU-1,0x28,-3.75,179.31,278.56,0,3,0,0
2026-08-15T23:13:27.827,IMU-1,0x28,-3.75,179.31,278.56,0,3,0,0
2026-08-15T23:13:27.927,IMU-1,0x28,-3.75,179.31,278.56,0,3,0,0
2026-08-15T23:13:28.027,IMU-1,0x28,-3.75,179.31,278.56,0,3,0,0
2026-08-15T23:13:28.127,IMU-1,0x28,-3.75,179.31,278.56,0,3,0,0
2026-08-15T23:13:28.227,IMU-1,0x28,-3.75,179.31,278.56,0,3,0,0
2026-08-15T23:13:28.327,IMU-1,0x28,-3.75,179.31,278.56,0,3,0,0
2026-08-15T23:13:28.428,IMU-1,0x28,-3.75,179.31,278.56,0,3,0,0
2026-08-15T23:13:28.528,IMU-1,0x28,-3.75,179.31,278.56,0,3,0,0
2026-08-15T23:13:28.627,IMU-1,0x28,-3.75,179.31,278.56,0,3,0,0
2026-08-15T23:13:28.728,IMU-1,0x28,-3.75,179.31,278.56,0,3,0,0
2026-08-15T23:13:28.828,IMU-1,0x28,-3.75,179.31,278.56,0,3,0,0
2026-08-15T23:13:28.928,IMU-1,0x28,-3.75,179.31,278.56,0,3,0,0
2026-08-15T23:13:29.028,IMU-1,0x28,-3.75,179.31,278.56,0,3,0,0
2026-08-15T23:13:29.128,IMU-1,0x28,-3.75,179.31,278.56,0,3,0,0
2026-08-15T23:13:29.229,IMU-1,0x28,-3.75,179.31,278.56,0,3,0,0
2026-08-15T23:13:29.329,IMU-1,0x28,-3.75,179.31,278.56,0,3,0,0
2026-08-15T23:13:29.430,IMU-1,0x28,-3.75,179.31,278.56,0,3,0,0
2026-08-15T23:13:29.529,IMU-1,0x28,-3.75,179.31,278.56,0,3,0,0
2026-08-15T23:13:29.629,IMU-1,0x28,-3.75,179.31,278.56,0,3,0,0
2026-08-15T23:13:29.729,IMU-1,0x28,-3.75,179.31,278.56,0,3,0,0
2026-08-15T23:13:29.829,IMU-1,0x28,-3.75,179.31,278.56,0,3,0,0
2026-08-15T23:13:29.929,IMU-1,0x28,-3.75,179.31,278.56,0,3,0,0
2026-08-15T23:13:30.028,IMU-1,0x28,-3.75,179.31,278.56,0,3,0,0
2026-08-15T23:13:30.128,IMU-1,0x28,-3.75,179.31,278.56,0,3,0,0
2026-08-15T23:13:30.228,IMU-1,0x28,-3.75,179.31,278.56,0,3,0,0
2026-08-15T23:13:30.328,IMU-1,0x28,-3.75,179.31,278.56,0,3,0,0
2026-08-15T23:13:30.428,IMU-1,0x28,-3.75,179.31,278.56,0,3,0,0
2026-08-15T23:13:30.528,IMU-1,0x28,-3.75,179.31,278.56,0,3,0,0
2026-08-15T23:13:30.628,IMU-1,0x28,-3.75,179.31,278.56,0,3,0,0
2026-08-15T23:13:30.728,IMU-1,0x28,-3.75,179.31,278.56,0,3,0,0
2026-08-15T23:13:30.829,IMU-1,0x28,-3.75,179.31,278.56,0,3,0,0
2026-08-15T23:13:30.929,IMU-1,0x28,-3.75,179.31,278.56,0,3,0,0
2026-08-15T23:13:31.029,IMU-1,0x28,-3.75,179.31,278.56,0,3,0,0
2026-08-15T23:13:31.130,IMU-1,0x28,-3.75,179.31,278.56,0,3,0,0
2026-08-15T23:13:31.230,IMU-1,0x28,-3.75,179.31,278.56,0,3,0,0
2026-08-15T23:13:31.330,IMU-1,0x28,-3.75,179.31,278.56,0,3,0,0
2026-08-15T23:13:31.431,IMU-1,0x28,-3.75,179.31,278.56,0,3,0,0
2026-08-15T23:13:31.530,IMU-1,0x28,-3.75,179.31,278.56,0,3,0,0
2026-08-15T23:13:31.630,IMU-1,0x28,-3.75,179.31,278.56,0,3,0,0
2026-08-15T23:13:31.730,IMU-1,0x28,-3.75,179.31,278.56,0,3,0,0
2026-08-15T23:13:31.830,IMU-1,0x28,-3.75,179.31,278.56,0,3,0,0
2026-08-15T23:13:31.930,IMU-1,0x28,-3.75,179.31,278.56,0,3,0,0
2026-08-15T23:13:32.030,IMU-1,0x28,-3.75,179.31,278.56,0,3,0,0
2026-08-15T23:13:32.130,IMU-1,0x28,-3.75,179.31,278.56,0,3,0,0
2026-08-15T23:13:32.230,IMU-1,0x28,-3.75,179.31,278.56,0,3,0,0
2026-08-15T23:13:32.329,IMU-1,0x28,-3.75,179.31,278.56,0,3,0,0
2026-08-15T23:13:32.430,IMU-1,0x28,-3.75,179.31,278.56,0,3,0,0
2026-08-15T23:13:32.529,IMU-1,0x28,-3.75,179.31,278.56,0,3,0,0
2026-08-15T23:13:32.629,IMU-1,0x28,-3.75,179.31,278.56,0,3,0,0
2026-08-15T23:13:32.729,IMU-1,0x28,-3.75,179.31,278.56,0,3,0,0
2026-08-15T23:13:32.829,IMU-1,0x28,-3.75,179.31,278.56,0,3,0,0
2026-08-15T23:13:32.930,IMU-1,0x28,-3.75,179.31,278.56,0,3,0,0
2026-08-15T23:13:33.030,IMU-1,0x28,-3.75,179.31,278.56,0,3,0,0
2026-08-15T23:13:33.130,IMU-1,0x28,-3.75,179.31,278.56,0,3,0,0
2026-08-15T23:13:33.230,IMU-1,0x28,-3.75,179.31,278.56,0,3,0,0
2026-08-15T23:13:33.331,IMU-1,0x28,-3.75,179.31,278.56,0,3,0,0
2026-08-15T23:13:33.432,IMU-1,0x28,-3.75,179.31,278.56,0,3,0,0
2026-08-15T23:13:33.531,IMU-1,0x28,-3.75,179.31,278.56,0,3,0,0
2026-08-15T23:13:33.631,IMU-1,0x28,-3.75,179.31,278.56,0,3,0,0
2026-08-15T23:13:33.731,IMU-1,0x28,-3.75,179.31,278.56,0,3,0,0
2026-08-15T23:13:33.830,IMU-1,0x28,-3.75,179.31,278.56,0,3,0,0
2026-08-15T23:13:33.930,IMU-1,0x28,-3.75,179.31,278.56,0,3,0,0
2026-08-15T23:13:34.030,IMU-1,0x28,-3.75,179.31,278.56,0,3,0,0
2026-08-15T23:13:34.130,IMU-1,0x28,-3.75,179.31,278.56,0,3,0,0
2026-08-15T23:13:34.230,IMU-1,0x28,-3.75,179.31,278.56,0,3,0,0
2026-08-15T23:13:34.330,IMU-1,0x28,-3.75,179.31,278.56,0,3,0,0
2026-08-15T23:13:34.431,IMU-1,0x28,-3.75,179.31,278.56,0,3,0,0
2026-08-15T23:13:34.530,IMU-1,0x28,-3.75,179.31,278.56,0,3,0,0
2026-08-15T23:13:34.630,IMU-1,0x28,-3.75,179.31,278.56,0,3,0,0
2026-08-15T23:13:34.731,IMU-1,0x28,-3.75,179.31,278.56,0,3,0,0
2026-08-15T23:13:34.831,IMU-1,0x28,-3.75,179.31,278.56,0,3,0,0
2026-08-15T23:13:34.931,IMU-1,0x28,-3.75,179.31,278.56,0,3,0,0
2026-08-15T23:13:35.031,IMU-1,0x28,-3.75,179.31,278.56,0,3,0,0
2026-08-15T23:13:35.132,IMU-1,0x28,-3.75,179.31,278.56,0,3,0,0
2026-08-15T23:13:35.232,IMU-1,0x28,-3.75,179.31,278.56,0,3,0,0
2026-08-15T23:13:35.332,IMU-1,0x28,-3.75,179.31,278.56,0,3,0,0
2026-08-15T23:13:35.433,IMU-1,0x28,-3.75,179.31,278.56,0,3,0,0
2026-08-15T23:13:35.532,IMU-1,0x28,-3.75,179.31,278.56,0,3,0,0
2026-08-15T23:13:35.633,IMU-1,0x28,-3.75,179.31,278.56,0,3,0,0
2026-08-15T23:13:35.733,IMU-1,0x28,-3.75,179.31,278.56,0,3,0,0
2026-08-15T23:13:35.833,IMU-1,0x28,-3.75,179.31,278.56,0,3,0,0
2026-08-15T23:13:35.933,IMU-1,0x28,-3.75,179.31,278.56,0,3,0,0
2026-08-15T23:13:36.033,IMU-1,0x28,-3.75,179.31,278.56,0,3,0,0
2026-08-15T23:13:36.133,IMU-1,0x28,-3.75,179.31,278.56,0,3,0,0
2026-08-15T23:13:36.233,IMU-1,0x28,-3.75,179.31,278.56,0,3,0,0
2026-08-15T23:13:36.333,IMU-1,0x28,-3.75,179.31,278.56,0,3,0,0
2026-08-15T23:13:36.434,IMU-1,0x28,-3.75,179.31,278.56,0,3,0,0
2026-08-15T23:13:36.533,IMU-1,0x28,-3.75,179.31,278.56,0,3,0,0
2026-08-15T23:13:36.633,IMU-1,0x28,-3.75,179.31,278.56,0,3,0,0
2026-08-15T23:13:36.733,IMU-1,0x28,-3.75,179.31,278.56,0,3,0,0
2026-08-15T23:13:36.833,IMU-1,0x28,-3.75,179.31,278.56,0,3,0,0
2026-08-15T23:13:36.933,IMU-1,0x28,-3.81,179.31,278.56,0,3,0,0
2026-08-15T23:13:37.032,IMU-1,0x28,-3.81,179.31,278.56,0,3,0,0
2026-08-15T23:13:37.132,IMU-1,0x28,-3.81,179.31,278.56,0,3,0,0
2026-08-15T23:13:37.232,IMU-1,0x28,-3.81,179.31,278.56,0,3,0,0
2026-08-15T23:13:37.332,IMU-1,0x28,-3.81,179.31,278.56,0,3,0,0
2026-08-15T23:13:37.433,IMU-1,0x28,-3.81,179.31,278.56,0,3,0,0
2026-08-15T23:13:37.533,IMU-1,0x28,-3.81,179.31,278.56,0,3,0,0
2026-08-15T23:13:37.633,IMU-1,0x28,-3.81,179.31,278.56,0,3,0,0
2026-08-15T23:13:37.733,IMU-1,0x28,-3.81,179.31,278.56,0,3,0,0
2026-08-15T23:13:37.834,IMU-1,0x28,-3.81,179.31,278.56,0,3,0,0
2026-08-15T23:13:37.934,IMU-1,0x28,-3.81,179.31,278.56,0,3,0,0
2026-08-15T23:13:38.034,IMU-1,0x28,-3.81,179.31,278.56,0,3,0,0
2026-08-15T23:13:38.134,IMU-1,0x28,-3.81,179.31,278.56,0,3,0,0
2026-08-15T23:13:38.234,IMU-1,0x28,-3.81,179.31,278.56,0,3,0,0
2026-08-15T23:13:38.334,IMU-1,0x28,-3.81,179.31,278.56,0,3,0,0
2026-08-15T23:13:38.435,IMU-1,0x28,-3.81,179.31,278.56,0,3,0,0
2026-08-15T23:13:38.535,IMU-1,0x28,-3.81,179.31,278.56,0,3,0,0
2026-08-15T23:13:38.634,IMU-1,0x28,-3.81,179.31,278.56,0,3,0,0
2026-08-15T23:13:38.734,IMU-1,0x28,-3.81,179.31,278.56,0,3,0,0
2026-08-15T23:13:38.835,IMU-1,0x28,-3.81,179.31,278.56,0,3,0,0
2026-08-15T23:13:38.935,IMU-1,0x28,-3.81,179.31,278.56,0,3,0,0
2026-08-15T23:13:39.034,IMU-1,0x28,-3.81,179.31,278.56,0,3,0,0
2026-08-15T23:13:39.134,IMU-1,0x28,-3.81,179.31,278.56,0,3,0,0
2026-08-15T23:13:39.234,IMU-1,0x28,-3.81,179.31,278.56,0,3,0,0
2026-08-15T23:13:39.334,IMU-1,0x28,-3.81,179.31,278.56,0,3,0,0
2026-08-15T23:13:39.435,IMU-1,0x28,-3.81,179.31,278.56,0,3,0,0
2026-08-15T23:13:39.534,IMU-1,0x28,-3.81,179.31,278.56,0,3,0,0
2026-08-15T23:13:39.634,IMU-1,0x28,-3.81,179.31,278.56,0,3,0,0
2026-08-15T23:13:39.735,IMU-1,0x28,-3.81,179.31,278.56,0,3,0,0
2026-08-15T23:13:39.834,IMU-1,0x28,-3.81,179.31,278.56,0,3,0,0
2026-08-15T23:13:39.935,IMU-1,0x28,-3.81,179.31,278.56,0,3,0,0
2026-08-15T23:13:40.035,IMU-1,0x28,-3.81,179.31,278.56,0,3,0,0
2026-08-15T23:13:40.135,IMU-1,0x28,-3.81,179.31,278.56,0,3,0,0
2026-08-15T23:13:40.236,IMU-1,0x28,-3.81,179.31,278.56,0,3,0,0
2026-08-15T23:13:40.336,IMU-1,0x28,-3.81,179.31,278.56,0,3,0,0
2026-08-15T23:13:40.437,IMU-1,0x28,-3.81,179.31,278.56,0,3,0,0
2026-08-15T23:13:40.536,IMU-1,0x28,-3.81,179.31,278.56,0,3,0,0
2026-08-15T23:13:40.636,IMU-1,0x28,-3.81,179.31,278.56,0,3,0,0
2026-08-15T23:13:40.736,IMU-1,0x28,-3.81,179.31,278.56,0,3,0,0
2026-08-15T23:13:40.836,IMU-1,0x28,-3.81,179.31,278.56,0,3,0,0
2026-08-15T23:13:40.936,IMU-1,0x28,-3.81,179.31,278.56,0,3,0,0
2026-08-15T23:13:41.036,IMU-1,0x28,-3.81,179.31,278.56,0,3,0,0
2026-08-15T23:13:41.135,IMU-1,0x28,-3.81,179.31,278.56,0,3,0,0
2026-08-15T23:13:41.235,IMU-1,0x28,-3.81,179.31,278.56,0,3,0,0
2026-08-15T23:13:41.335,IMU-1,0x28,-3.81,179.31,278.56,0,3,0,0
2026-08-15T23:13:41.435,IMU-1,0x28,-3.81,179.31,278.56,0,3,0,0
2026-08-15T23:13:41.535,IMU-1,0x28,-3.81,179.31,278.56,0,3,0,0
2026-08-15T23:13:41.635,IMU-1,0x28,-3.81,179.31,278.56,0,3,0,0
2026-08-15T23:13:41.735,IMU-1,0x28,-3.81,179.31,278.56,0,3,0,0
2026-08-15T23:13:41.835,IMU-1,0x28,-3.81,179.31,278.56,0,3,0,0
2026-08-15T23:13:41.935,IMU-1,0x28,-3.81,179.31,278.56,0,3,0,0
2026-08-15T23:13:42.035,IMU-1,0x28,-3.81,179.31,278.56,0,3,0,0
2026-08-15T23:13:42.136,IMU-1,0x28,-3.81,179.31,278.56,0,3,0,0
2026-08-15T23:13:42.236,IMU-1,0x28,-3.81,179.31,278.56,0,3,0,0
2026-08-15T23:13:42.336,IMU-1,0x28,-3.81,179.31,278.56,0,3,0,0
2026-08-15T23:13:42.437,IMU-1,0x28,-3.81,179.31,278.56,0,3,0,0
2026-08-15T23:13:42.537,IMU-1,0x28,-3.81,179.31,278.56,0,3,0,0
2026-08-15T23:13:42.637,IMU-1,0x28,-3.81,179.31,278.56,0,3,0,0
2026-08-15T23:13:42.737,IMU-1,0x28,-3.81,179.31,278.56,0,3,0,0
2026-08-15T23:13:42.837,IMU-1,0x28,-3.81,179.31,278.56,0,3,0,0
2026-08-15T23:13:42.937,IMU-1,0x28,-3.81,179.31,278.56,0,3,0,0
2026-08-15T23:13:43.037,IMU-1,0x28,-3.81,179.31,278.56,0,3,0,0
2026-08-15T23:13:43.137,IMU-1,0x28,-3.81,179.31,278.56,0,3,0,0
2026-08-15T23:13:43.237,IMU-1,0x28,-3.81,179.31,278.56,0,3,0,0
2026-08-15T23:13:43.337,IMU-1,0x28,-3.81,179.31,278.56,0,3,0,0
2026-08-15T23:13:43.439,IMU-1,0x28,-3.81,179.31,278.56,0,3,0,0
2026-08-15T23:13:43.538,IMU-1,0x28,-3.81,179.31,278.56,0,3,0,0
2026-08-15T23:13:43.638,IMU-1,0x28,-3.81,179.31,278.56,0,3,0,0
2026-08-15T23:13:43.737,IMU-1,0x28,-3.81,179.31,278.56,0,3,0,0
2026-08-15T23:13:43.837,IMU-1,0x28,-3.81,179.31,278.56,0,3,0,0
2026-08-15T23:13:43.937,IMU-1,0x28,-3.81,179.31,278.56,0,3,0,0
2026-08-15T23:13:44.037,IMU-1,0x28,-3.81,179.31,278.56,0,3,0,0
2026-08-15T23:13:44.136,IMU-1,0x28,-3.81,179.31,278.56,0,3,0,0
2026-08-15T23:13:44.237,IMU-1,0x28,-3.81,179.31,278.56,0,3,0,0
2026-08-15T23:13:44.337,IMU-1,0x28,-3.81,179.31,278.56,0,3,0,0
2026-08-15T23:13:44.438,IMU-1,0x28,-3.81,179.31,278.56,0,3,0,0
2026-08-15T23:13:44.538,IMU-1,0x28,-3.81,179.31,278.56,0,3,0,0
2026-08-15T23:13:44.638,IMU-1,0x28,-3.81,179.31,278.56,0,3,0,0
2026-08-15T23:13:44.738,IMU-1,0x28,-3.81,179.31,278.56,0,3,0,0
2026-08-15T23:13:44.839,IMU-1,0x28,-3.81,179.31,278.56,0,3,0,0
2026-08-15T23:13:44.938,IMU-1,0x28,-3.81,179.31,278.56,0,3,0,0
2026-08-15T23:13:45.038,IMU-1,0x28,-3.81,179.31,278.56,0,3,0,0
2026-08-15T23:13:45.137,IMU-1,0x28,-3.81,179.31,278.56,0,3,0,0
2026-08-15T23:13:45.237,IMU-1,0x28,-3.81,179.31,278.56,0,3,0,0
2026-08-15T23:13:45.337,IMU-1,0x28,-3.81,179.31,278.56,0,3,0,0
2026-08-15T23:13:45.438,IMU-1,0x28,-3.81,179.31,278.56,0,3,0,0
2026-08-15T23:13:45.538,IMU-1,0x28,-3.81,179.31,278.56,0,3,0,0
2026-08-15T23:13:45.638,IMU-1,0x28,-3.81,179.31,278.56,0,3,0,0
2026-08-15T23:13:45.738,IMU-1,0x28,-3.81,179.31,278.56,0,3,0,0
2026-08-15T23:13:45.839,IMU-1,0x28,-3.81,179.31,278.56,0,3,0,0
2026-08-15T23:13:45.938,IMU-1,0x28,-3.81,179.31,278.56,0,3,0,0
2026-08-15T23:13:46.038,IMU-1,0x28,-3.81,179.31,278.56,0,3,0,0
2026-08-15T23:13:46.139,IMU-1,0x28,-3.81,179.31,278.56,0,3,0,0
2026-08-15T23:13:46.239,IMU-1,0x28,-3.81,179.31,278.56,0,3,0,0
2026-08-15T23:13:46.339,IMU-1,0x28,-3.81,179.31,278.56,0,3,0,0
2026-08-15T23:13:46.440,IMU-1,0x28,-3.81,179.31,278.56,0,3,0,0
2026-08-15T23:13:46.539,IMU-1,0x28,-3.81,179.31,278.56,0,3,0,0
2026-08-15T23:13:46.639,IMU-1,0x28,-3.81,179.31,278.56,0,3,0,0
2026-08-15T23:13:46.739,IMU-1,0x28,-3.81,179.31,278.56,0,3,0,0
2026-08-15T23:13:46.839,IMU-1,0x28,-3.81,179.31,278.56,0,3,0,0
2026-08-15T23:13:46.940,IMU-1,0x28,-3.81,179.31,278.56,0,3,0,0
2026-08-15T23:13:47.040,IMU-1,0x28,-3.88,179.31,278.56,0,3,0,0
2026-08-15T23:13:47.140,IMU-1,0x28,-3.94,179.31,278.56,0,3,0,0
2026-08-15T23:13:47.241,IMU-1,0x28,-4.0,179.31,278.56,0,3,0,0
2026-08-15T23:13:47.340,IMU-1,0x28,-4.0,179.31,278.56,0,3,0,0
2026-08-15T23:13:47.441,IMU-1,0x28,-4.06,179.31,278.56,0,3,0,0
2026-08-15T23:13:47.540,IMU-1,0x28,-4.0,179.31,278.56,0,3,0,0
2026-08-15T23:13:47.640,IMU-1,0x28,-4.06,179.31,278.56,0,3,0,0
2026-08-15T23:13:47.741,IMU-1,0x28,-4.0,179.31,278.56,0,3,0,0
2026-08-15T23:13:47.840,IMU-1,0x28,-4.06,179.31,278.56,0,3,0,0
2026-08-15T23:13:47.940,IMU-1,0x28,-4.06,179.31,278.56,0,3,0,0
2026-08-15T23:13:48.040,IMU-1,0x28,-4.06,179.31,278.56,0,3,0,0
2026-08-15T23:13:48.139,IMU-1,0x28,-4.06,179.31,278.56,0,3,0,0
2026-08-15T23:13:48.239,IMU-1,0x28,-4.06,179.31,278.56,0,3,0,0
2026-08-15T23:13:48.339,IMU-1,0x28,-4.06,179.31,278.56,0,3,0,0
2026-08-15T23:13:48.440,IMU-1,0x28,-4.06,179.31,278.56,0,3,0,0
2026-08-15T23:13:48.539,IMU-1,0x28,-4.0,179.31,278.56,0,3,0,0
2026-08-15T23:13:48.640,IMU-1,0x28,-3.94,179.31,278.56,0,3,0,0
2026-08-15T23:13:48.740,IMU-1,0x28,-3.94,179.31,278.56,0,3,0,0
2026-08-15T23:13:48.840,IMU-1,0x28,-3.94,179.31,278.56,0,3,0,0
2026-08-15T23:13:48.940,IMU-1,0x28,-3.94,179.31,278.56,0,3,0,0
2026-08-15T23:13:49.041,IMU-1,0x28,-3.94,179.31,278.56,0,3,0,0
2026-08-15T23:13:49.141,IMU-1,0x28,-3.94,179.31,278.56,0,3,0,0
2026-08-15T23:13:49.241,IMU-1,0x28,-3.94,179.31,278.56,0,3,0,0
2026-08-15T23:13:49.341,IMU-1,0x28,-3.94,179.31,278.56,0,3,0,0
2026-08-15T23:13:49.442,IMU-1,0x28,-3.94,179.31,278.56,0,3,0,0
2026-08-15T23:13:49.542,IMU-1,0x28,-3.94,179.31,278.56,0,3,0,0
2026-08-15T23:13:49.642,IMU-1,0x28,-3.94,179.31,278.56,0,3,0,0
2026-08-15T23:13:49.742,IMU-1,0x28,-3.94,179.31,278.56,0,3,0,0
2026-08-15T23:13:49.842,IMU-1,0x28,-3.94,179.31,278.56,0,3,0,0
2026-08-15T23:13:49.942,IMU-1,0x28,-3.94,179.31,278.56,0,3,0,0
2026-08-15T23:13:50.042,IMU-1,0x28,-3.94,179.31,278.56,0,3,0,0
2026-08-15T23:13:50.142,IMU-1,0x28,-3.94,179.31,278.56,0,3,0,0
2026-08-15T23:13:50.242,IMU-1,0x28,-3.94,179.31,278.56,0,3,0,0
2026-08-15T23:13:50.342,IMU-1,0x28,-3.94,179.31,278.56,0,3,0,0
2026-08-15T23:13:50.442,IMU-1,0x28,-3.94,179.31,278.56,0,3,0,0
2026-08-15T23:13:50.541,IMU-1,0x28,-3.94,179.31,278.56,0,3,0,0
2026-08-15T23:13:50.641,IMU-1,0x28,-3.94,179.31,278.56,0,3,0,0
2026-08-15T23:13:50.741,IMU-1,0x28,-3.94,179.31,278.56,0,3,0,0
2026-08-15T23:13:50.841,IMU-1,0x28,-3.94,179.31,278.56,0,3,0,0
2026-08-15T23:13:50.941,IMU-1,0x28,-3.94,179.31,278.56,0,3,0,0
2026-08-15T23:13:51.041,IMU-1,0x28,-3.94,179.31,278.56,0,3,0,0
2026-08-15T23:13:51.141,IMU-1,0x28,-3.94,179.31,278.56,0,3,0,0
2026-08-15T23:13:51.241,IMU-1,0x28,-3.94,179.31,278.56,0,3,0,0
2026-08-15T23:13:51.342,IMU-1,0x28,-3.94,179.31,278.56,0,3,0,0
2026-08-15T23:13:51.442,IMU-1,0x28,-3.94,179.31,278.56,0,3,0,0
2026-08-15T23:13:51.542,IMU-1,0x28,-3.94,179.31,278.56,0,3,0,0
2026-08-15T23:13:51.642,IMU-1,0x28,-3.94,179.31,278.56,0,3,0,0
2026-08-15T23:13:51.743,IMU-1,0x28,-3.94,179.31,278.56,0,3,0,0
2026-08-15T23:13:51.843,IMU-1,0x28,-3.94,179.31,278.56,0,3,0,0
2026-08-15T23:13:51.943,IMU-1,0x28,-3.94,179.31,278.56,0,3,0,0
2026-08-15T23:13:52.043,IMU-1,0x28,-3.94,179.31,278.56,0,3,0,0
2026-08-15T23:13:52.143,IMU-1,0x28,-3.94,179.31,278.56,0,3,0,0
2026-08-15T23:13:52.244,IMU-1,0x28,-3.94,179.31,278.56,0,3,0,0
2026-08-15T23:13:52.344,IMU-1,0x28,-3.94,179.31,278.56,0,3,0,0
2026-08-15T23:13:52.445,IMU-1,0x28,-3.94,179.31,278.56,0,3,0,0
2026-08-15T23:13:52.544,IMU-1,0x28,-3.94,179.31,278.56,0,3,0,0
2026-08-15T23:13:52.644,IMU-1,0x28,-3.94,179.31,278.56,0,3,0,0
2026-08-15T23:13:52.744,IMU-1,0x28,-3.94,179.31,278.56,0,3,0,0
2026-08-15T23:13:52.844,IMU-1,0x28,-3.94,179.31,278.56,0,3,0,0
2026-08-15T23:13:52.944,IMU-1,0x28,-3.94,179.31,278.56,0,3,0,0
2026-08-15T23:13:53.043,IMU-1,0x28,-3.94,179.31,278.56,0,3,0,0
2026-08-15T23:13:53.143,IMU-1,0x28,-3.94,179.31,278.56,0,3,0,0
2026-08-15T23:13:53.243,IMU-1,0x28,-3.94,179.31,278.56,0,3,0,0
2026-08-15T23:13:53.343,IMU-1,0x28,-3.94,179.31,278.56,0,3,0,0
2026-08-15T23:13:53.444,IMU-1,0x28,-3.94,179.31,278.56,0,3,0,0
2026-08-15T23:13:53.543,IMU-1,0x28,-3.94,179.31,278.56,0,3,0,0
2026-08-15T23:13:53.644,IMU-1,0x28,-3.94,179.31,278.56,0,3,0,0
2026-08-15T23:13:53.744,IMU-1,0x28,-3.94,179.31,278.56,0,3,0,0
2026-08-15T23:13:53.844,IMU-1,0x28,-3.94,179.31,278.56,0,3,0,0
2026-08-15T23:13:53.944,IMU-1,0x28,-3.94,179.31,278.56,0,3,0,0
2026-08-15T23:13:54.044,IMU-1,0x28,-3.94,179.31,278.56,0,3,0,0
2026-08-15T23:13:54.144,IMU-1,0x28,-3.94,179.31,278.56,0,3,0,0
2026-08-15T23:13:54.245,IMU-1,0x28,-3.94,179.31,278.56,0,3,0,0
2026-08-15T23:13:54.345,IMU-1,0x28,-3.94,179.31,278.56,0,3,0,0
2026-08-15T23:13:54.446,IMU-1,0x28,-3.94,179.31,278.56,0,3,0,0
2026-08-15T23:13:54.545,IMU-1,0x28,-3.94,179.31,278.56,0,3,0,0
2026-08-15T23:13:54.645,IMU-1,0x28,-3.94,179.31,278.56,0,3,0,0
2026-08-15T23:13:54.745,IMU-1,0x28,-3.94,179.31,278.56,0,3,0,0
2026-08-15T23:13:54.845,IMU-1,0x28,-3.94,179.31,278.56,0,3,0,0
2026-08-15T23:13:54.945,IMU-1,0x28,-3.94,179.31,278.56,0,3,0,0
2026-08-15T23:13:55.045,IMU-1,0x28,-3.94,179.31,278.56,0,3,0,0
2026-08-15T23:13:55.144,IMU-1,0x28,-3.94,179.31,278.56,0,3,0,0
2026-08-15T23:13:55.244,IMU-1,0x28,-3.94,179.31,278.56,0,3,0,0
2026-08-15T23:13:55.344,IMU-1,0x28,-3.94,179.31,278.56,0,3,0,0
2026-08-15T23:13:55.444,IMU-1,0x28,-3.94,179.31,278.56,0,3,0,0
2026-08-15T23:13:55.544,IMU-1,0x28,-3.94,179.31,278.56,0,3,0,0
2026-08-15T23:13:55.644,IMU-1,0x28,-3.94,179.31,278.56,0,3,0,0
2026-08-15T23:13:55.745,IMU-1,0x28,-3.94,179.31,278.56,0,3,0,0
2026-08-15T23:13:55.845,IMU-1,0x28,-3.94,179.31,278.56,0,3,0,0
2026-08-15T23:13:55.945,IMU-1,0x28,-3.94,179.31,278.56,0,3,0,0
2026-08-15T23:13:56.045,IMU-1,0x28,-3.94,179.31,278.56,0,3,0,0
2026-08-15T23:13:56.146,IMU-1,0x28,-3.94,179.31,278.56,0,3,0,0
2026-08-15T23:13:56.245,IMU-1,0x28,-3.94,179.31,278.56,0,3,0,0
2026-08-15T23:13:56.345,IMU-1,0x28,-3.94,179.31,278.56,0,3,0,0
2026-08-15T23:13:56.446,IMU-1,0x28,-3.94,179.31,278.56,0,3,0,0
2026-08-15T23:13:56.546,IMU-1,0x28,-3.94,179.31,278.56,0,3,0,0
2026-08-15T23:13:56.646,IMU-1,0x28,-3.94,179.31,278.56,0,3,0,0
2026-08-15T23:13:56.746,IMU-1,0x28,-3.94,179.31,278.56,0,3,0,0
2026-08-15T23:13:56.846,IMU-1,0x28,-3.94,179.31,278.56,0,3,0,0
2026-08-15T23:13:56.946,IMU-1,0x28,-3.94,179.31,278.56,0,3,0,0
2026-08-15T23:13:57.046,IMU-1,0x28,-3.94,179.31,278.56,0,3,0,0
2026-08-15T23:13:57.146,IMU-1,0x28,-3.94,179.31,278.56,0,3,0,0
2026-08-15T23:13:57.246,IMU-1,0x28,-3.94,179.31,278.56,0,3,0,0
2026-08-15T23:13:57.346,IMU-1,0x28,-3.94,179.31,278.56,0,3,0,0
2026-08-15T23:13:57.446,IMU-1,0x28,-3.94,179.31,278.56,0,3,0,0
2026-08-15T23:13:57.545,IMU-1,0x28,-3.94,179.31,278.56,0,3,0,0
2026-08-15T23:13:57.645,IMU-1,0x28,-3.94,179.31,278.56,0,3,0,0
2026-08-15T23:13:57.745,IMU-1,0x28,-3.94,179.31,278.56,0,3,0,0
2026-08-15T23:13:57.845,IMU-1,0x28,-3.94,179.31,278.56,0,3,0,0
2026-08-15T23:13:57.945,IMU-1,0x28,-3.94,179.31,278.56,0,3,0,0
2026-08-15T23:13:58.045,IMU-1,0x28,-3.94,179.31,278.56,0,3,0,0
2026-08-15T23:13:58.145,IMU-1,0x28,-3.94,179.31,278.56,0,3,0,0
2026-08-15T23:13:58.246,IMU-1,0x28,-3.94,179.31,278.56,0,3,0,0
2026-08-15T23:13:58.346,IMU-1,0x28,-3.94,179.31,278.56,0,3,0,0
2026-08-15T23:13:58.447,IMU-1,0x28,-3.94,179.31,278.56,0,3,0,0
2026-08-15T23:13:58.546,IMU-1,0x28,-3.94,179.31,278.56,0,3,0,0
2026-08-15T23:13:58.647,IMU-1,0x28,-3.94,179.31,278.56,0,3,0,0
2026-08-15T23:13:58.747,IMU-1,0x28,-3.94,179.31,278.56,0,3,0,0
2026-08-15T23:13:58.847,IMU-1,0x28,-3.94,179.31,278.56,0,3,0,0
2026-08-15T23:13:58.948,IMU-1,0x28,-3.94,179.31,278.56,0,3,0,0
2026-08-15T23:13:59.048,IMU-1,0x28,-3.94,179.31,278.56,0,3,0,0
2026-08-15T23:13:59.148,IMU-1,0x28,-3.94,179.31,278.56,0,3,0,0
2026-08-15T23:13:59.248,IMU-1,0x28,-3.94,179.31,278.56,0,3,0,0
2026-08-15T23:13:59.348,IMU-1,0x28,-3.94,179.31,278.56,0,3,0,0
2026-08-15T23:13:59.449,IMU-1,0x28,-3.94,179.31,278.56,0,3,0,0
2026-08-15T23:13:59.548,IMU-1,0x28,-3.94,179.31,278.56,0,3,0,0
2026-08-15T23:13:59.648,IMU-1,0x28,-3.94,179.31,278.56,0,3,0,0
2026-08-15T23:13:59.748,IMU-1,0x28,-3.94,179.31,278.56,0,3,0,0
2026-08-15T23:13:59.848,IMU-1,0x28,-3.94,179.31,278.56,0,3,0,0
2026-08-15T23:13:59.948,IMU-1,0x28,-3.94,179.31,278.56,0,3,0,0
2026-08-15T23:14:00.048,IMU-1,0x28,-3.94,179.31,278.56,0,3,0,0
2026-08-15T23:14:00.148,IMU-1,0x28,-3.94,179.31,278.56,0,3,0,0
2026-08-15T23:14:00.248,IMU-1,0x28,-3.94,179.31,278.56,0,3,0,0
2026-08-15T23:14:00.348,IMU-1,0x28,-3.94,179.31,278.56,0,3,0,0
2026-08-15T23:14:00.449,IMU-1,0x28,-3.94,179.31,278.56,0,3,0,0
2026-08-15T23:14:00.548,IMU-1,0x28,-3.94,179.31,278.56,0,3,0,0
2026-08-15T23:14:00.648,IMU-1,0x28,-3.94,179.31,278.56,0,3,0,0
2026-08-15T23:14:00.748,IMU-1,0x28,-3.94,179.31,278.56,0,3,0,0
2026-08-15T23:14:00.848,IMU-1,0x28,-3.94,179.31,278.56,0,3,0,0
2026-08-15T23:14:00.948,IMU-1,0x28,-3.94,179.31,278.56,0,3,0,0
2026-08-15T23:14:01.049,IMU-1,0x28,-3.94,179.31,278.56,0,3,0,0
2026-08-15T23:14:01.149,IMU-1,0x28,-3.94,179.31,278.56,0,3,0,0
2026-08-15T23:14:01.249,IMU-1,0x28,-3.94,179.31,278.56,0,3,0,0
2026-08-15T23:14:01.349,IMU-1,0x28,-3.94,179.31,278.56,0,3,0,0
2026-08-15T23:14:01.450,IMU-1,0x28,-3.94,179.31,278.56,0,3,0,0
2026-08-15T23:14:01.549,IMU-1,0x28,-3.94,179.31,278.56,0,3,0,0
2026-08-15T23:14:01.649,IMU-1,0x28,-3.94,179.31,278.56,0,3,0,0
2026-08-15T23:14:01.749,IMU-1,0x28,-3.94,179.31,278.56,0,3,0,0
2026-08-15T23:14:01.849,IMU-1,0x28,-3.94,179.31,278.56,0,3,0,0
2026-08-15T23:14:01.949,IMU-1,0x28,-3.94,179.31,278.56,0,3,0,0
2026-08-15T23:14:02.049,IMU-1,0x28,-3.94,179.31,278.56,0,3,0,0
2026-08-15T23:14:02.148,IMU-1,0x28,-3.94,179.31,278.56,0,3,0,0
2026-08-15T23:14:02.248,IMU-1,0x28,-3.94,179.31,278.56,0,3,0,0
2026-08-15T23:14:02.348,IMU-1,0x28,-3.94,179.31,278.56,0,3,0,0
2026-08-15T23:14:02.449,IMU-1,0x28,-3.94,179.31,278.56,0,3,0,0
2026-08-15T23:14:02.549,IMU-1,0x28,-3.94,179.31,278.56,0,3,0,0
2026-08-15T23:14:02.649,IMU-1,0x28,-3.94,179.31,278.56,0,3,0,0
2026-08-15T23:14:02.749,IMU-1,0x28,-3.94,179.31,278.56,0,3,0,0
2026-08-15T23:14:02.850,IMU-1,0x28,-3.94,179.31,278.56,0,3,0,0
2026-08-15T23:14:02.949,IMU-1,0x28,-3.94,179.31,278.56,0,3,0,0
2026-08-15T23:14:03.049,IMU-1,0x28,-3.94,179.31,278.56,0,3,0,0
2026-08-15T23:14:03.150,IMU-1,0x28,-3.94,179.31,278.56,0,3,0,0
2026-08-15T23:14:03.250,IMU-1,0x28,-3.94,179.31,278.56,0,3,0,0
2026-08-15T23:14:03.350,IMU-1,0x28,-3.94,179.31,278.56,0,3,0,0
2026-08-15T23:14:03.451,IMU-1,0x28,-3.94,179.31,278.56,0,3,0,0
2026-08-15T23:14:03.551,IMU-1,0x28,-3.94,179.31,278.56,0,3,0,0
2026-08-15T23:14:03.651,IMU-1,0x28,-3.94,179.31,278.56,0,3,0,0
2026-08-15T23:14:03.751,IMU-1,0x28,-3.94,179.31,278.56,0,3,0,0
2026-08-15T23:14:03.851,IMU-1,0x28,-3.94,179.31,278.56,0,3,0,0
2026-08-15T23:14:03.951,IMU-1,0x28,-3.94,179.31,278.56,0,3,0,0
2026-08-15T23:14:04.051,IMU-1,0x28,-3.94,179.31,278.56,0,3,0,0
2026-08-15T23:14:04.151,IMU-1,0x28,-3.94,179.31,278.56,0,3,0,0
2026-08-15T23:14:04.251,IMU-1,0x28,-3.94,179.31,278.56,0,3,0,0
2026-08-15T23:14:04.351,IMU-1,0x28,-3.94,179.31,278.56,0,3,0,0
2026-08-15T23:14:04.452,IMU-1,0x28,-3.94,179.31,278.56,0,3,0,0
2026-08-15T23:14:04.550,IMU-1,0x28,-3.94,179.31,278.56,0,3,0,0
2026-08-15T23:14:04.650,IMU-1,0x28,-3.94,179.31,278.56,0,3,0,0
2026-08-15T23:14:04.750,IMU-1,0x28,-3.94,179.31,278.56,0,3,0,0
2026-08-15T23:14:04.850,IMU-1,0x28,-3.94,179.31,278.56,0,3,0,0
2026-08-15T23:14:04.950,IMU-1,0x28,-3.94,179.31,278.56,0,3,0,0
2026-08-15T23:14:05.050,IMU-1,0x28,-3.94,179.31,278.56,0,3,0,0
2026-08-15T23:14:05.150,IMU-1,0x28,-3.94,179.31,278.56,0,3,0,0
2026-08-15T23:14:05.250,IMU-1,0x28,-3.94,179.31,278.56,0,3,0,0
2026-08-15T23:14:05.350,IMU-1,0x28,-3.94,179.31,278.56,0,3,0,0
2026-08-15T23:14:05.451,IMU-1,0x28,-3.94,179.31,278.56,0,3,0,0
2026-08-15T23:14:05.551,IMU-1,0x28,-3.94,179.31,278.56,0,3,0,0
2026-08-15T23:14:05.651,IMU-1,0x28,-3.94,179.31,278.56,0,3,0,0
2026-08-15T23:14:05.752,IMU-1,0x28,-3.94,179.31,278.56,0,3,0,0
2026-08-15T23:14:05.852,IMU-1,0x28,-3.94,179.31,278.56,0,3,0,0
2026-08-15T23:14:05.952,IMU-1,0x28,-3.94,179.31,278.56,0,3,0,0
2026-08-15T23:14:06.052,IMU-1,0x28,-3.94,179.31,278.56,0,3,0,0
2026-08-15T23:14:06.152,IMU-1,0x28,-3.94,179.31,278.56,0,3,0,0
2026-08-15T23:14:06.252,IMU-1,0x28,-3.94,179.31,278.56,0,3,0,0
2026-08-15T23:14:06.352,IMU-1,0x28,-3.94,179.31,278.56,0,3,0,0
2026-08-15T23:14:06.453,IMU-1,0x28,-3.94,179.31,278.56,0,3,0,0
2026-08-15T23:14:06.553,IMU-1,0x28,-3.94,179.31,278.56,0,3,0,0
2026-08-15T23:14:06.653,IMU-1,0x28,-3.94,179.31,278.56,0,3,0,0
2026-08-15T23:14:06.752,IMU-1,0x28,-3.94,179.31,278.56,0,3,0,0
2026-08-15T23:14:06.852,IMU-1,0x28,-3.94,179.31,278.56,0,3,0,0
2026-08-15T23:14:06.951,IMU-1,0x28,-3.94,179.31,278.56,0,3,0,0
2026-08-15T23:14:07.051,IMU-1,0x28,-3.94,179.31,278.56,0,3,0,0
2026-08-15T23:14:07.151,IMU-1,0x28,-3.94,179.31,278.56,0,3,0,0
2026-08-15T23:14:07.251,IMU-1,0x28,-3.94,179.31,278.56,0,3,0,0
2026-08-15T23:14:07.351,IMU-1,0x28,-3.94,179.31,278.56,0,3,0,0
2026-08-15T23:14:07.452,IMU-1,0x28,-3.94,179.31,278.56,0,3,0,0
2026-08-15T23:14:07.552,IMU-1,0x28,-3.94,179.31,278.56,0,3,0,0
2026-08-15T23:14:07.652,IMU-1,0x28,-3.94,179.31,278.56,0,3,0,0
2026-08-15T23:14:07.752,IMU-1,0x28,-3.94,179.31,278.56,0,3,0,0
2026-08-15T23:14:07.852,IMU-1,0x28,-3.94,179.31,278.56,0,3,0,0
2026-08-15T23:14:07.953,IMU-1,0x28,-3.94,179.31,278.56,0,3,0,0
2026-08-15T23:14:08.053,IMU-1,0x28,-3.94,179.31,278.56,0,3,0,0
2026-08-15T23:14:08.153,IMU-1,0x28,-3.94,179.31,278.56,0,3,0,0
2026-08-15T23:14:08.254,IMU-1,0x28,-3.94,179.31,278.56,0,3,0,0
2026-08-15T23:14:08.353,IMU-1,0x28,-3.94,179.31,278.56,0,3,0,0
2026-08-15T23:14:08.454,IMU-1,0x28,-3.94,179.31,278.56,0,3,0,0
2026-08-15T23:14:08.552,IMU-1,0x28,-3.94,179.31,278.56,0,3,0,0
2026-08-15T23:14:08.652,IMU-1,0x28,-3.94,179.31,278.56,0,3,0,0
2026-08-15T23:14:08.753,IMU-1,0x28,-3.94,179.31,278.56,0,3,0,0
2026-08-15T23:14:08.853,IMU-1,0x28,-3.94,179.31,278.56,0,3,0,0
2026-08-15T23:14:08.953,IMU-1,0x28,-3.94,179.31,278.56,0,3,0,0
2026-08-15T23:14:09.053,IMU-1,0x28,-3.94,179.31,278.56,0,3,0,0
2026-08-15T23:14:09.154,IMU-1,0x28,-3.94,179.31,278.56,0,3,0,0
2026-08-15T23:14:09.254,IMU-1,0x28,-3.94,179.31,278.56,0,3,0,0
2026-08-15T23:14:09.353,IMU-1,0x28,-3.94,179.31,278.56,0,3,0,0
2026-08-15T23:14:09.454,IMU-1,0x28,-3.94,179.31,278.56,0,3,0,0
2026-08-15T23:14:09.554,IMU-1,0x28,-3.94,179.31,278.56,0,3,0,0
2026-08-15T23:14:09.654,IMU-1,0x28,-3.94,179.31,278.56,0,3,0,0
2026-08-15T23:14:09.754,IMU-1,0x28,-3.94,179.31,278.56,0,3,0,0
2026-08-15T23:14:09.854,IMU-1,0x28,-3.94,179.31,278.56,0,3,0,0
2026-08-15T23:14:09.954,IMU-1,0x28,-3.94,179.31,278.56,0,3,0,0
2026-08-15T23:14:10.054,IMU-1,0x28,-3.94,179.31,278.56,0,3,0,0
2026-08-15T23:14:10.155,IMU-1,0x28,-3.94,179.31,278.56,0,3,0,0
2026-08-15T23:14:10.255,IMU-1,0x28,-3.94,179.31,278.56,0,3,0,0
2026-08-15T23:14:10.355,IMU-1,0x28,-3.94,179.31,278.56,0,3,0,0
2026-08-15T23:14:10.456,IMU-1,0x28,-3.94,179.31,278.56,0,3,0,0
2026-08-15T23:14:10.555,IMU-1,0x28,-3.94,179.31,278.56,0,3,0,0
2026-08-15T23:14:10.655,IMU-1,0x28,-3.94,179.31,278.56,0,3,0,0
2026-08-15T23:14:10.755,IMU-1,0x28,-3.94,179.31,278.56,0,3,0,0
2026-08-15T23:14:10.855,IMU-1,0x28,-3.94,179.31,278.56,0,3,0,0
2026-08-15T23:14:10.955,IMU-1,0x28,-3.94,179.31,278.56,0,3,0,0
2026-08-15T23:14:11.055,IMU-1,0x28,-3.94,179.31,278.56,0,3,0,0
2026-08-15T23:14:11.155,IMU-1,0x28,-3.94,179.31,278.56,0,3,0,0
2026-08-15T23:14:11.254,IMU-1,0x28,-3.94,179.31,278.56,0,3,0,0
2026-08-15T23:14:11.354,IMU-1,0x28,-3.94,179.31,278.56,0,3,0,0
2026-08-15T23:14:11.454,IMU-1,0x28,-3.94,179.31,278.56,0,3,0,0
2026-08-15T23:14:11.554,IMU-1,0x28,-3.94,179.31,278.56,0,3,0,0
2026-08-15T23:14:11.654,IMU-1,0x28,-3.94,179.31,278.56,0,3,0,0
2026-08-15T23:14:11.754,IMU-1,0x28,-3.94,179.31,278.56,0,3,0,0
2026-08-15T23:14:11.854,IMU-1,0x28,-3.94,179.31,278.56,0,3,0,0
2026-08-15T23:14:11.955,IMU-1,0x28,-3.94,179.31,278.56,0,3,0,0
2026-08-15T23:14:12.055,IMU-1,0x28,-3.94,179.31,278.56,0,3,0,0
2026-08-15T23:14:12.155,IMU-1,0x28,-3.94,179.31,278.56,0,3,0,0
2026-08-15T23:14:12.255,IMU-1,0x28,-3.94,179.31,278.56,0,3,0,0
2026-08-15T23:14:12.356,IMU-1,0x28,-3.94,179.31,278.56,0,3,0,0
2026-08-15T23:14:12.456,IMU-1,0x28,-3.94,179.31,278.56,0,3,0,0
2026-08-15T23:14:12.556,IMU-1,0x28,-3.94,179.31,278.56,0,3,0,0
2026-08-15T23:14:12.657,IMU-1,0x28,-3.94,179.31,278.56,0,3,0,0
2026-08-15T23:14:12.756,IMU-1,0x28,-3.94,179.31,278.56,0,3,0,0
2026-08-15T23:14:12.857,IMU-1,0x28,-3.94,179.31,278.56,0,3,0,0
2026-08-15T23:14:12.956,IMU-1,0x28,-3.94,179.31,278.56,0,3,0,0
2026-08-15T23:14:13.057,IMU-1,0x28,-3.94,179.31,278.56,0,3,0,0
2026-08-15T23:14:13.157,IMU-1,0x28,-3.94,179.31,278.56,0,3,0,0
2026-08-15T23:14:13.257,IMU-1,0x28,-3.94,179.31,278.56,0,3,0,0
2026-08-15T23:14:13.357,IMU-1,0x28,-3.94,179.31,278.56,0,3,0,0
2026-08-15T23:14:13.458,IMU-1,0x28,-3.94,179.31,278.56,0,3,0,0
2026-08-15T23:14:13.557,IMU-1,0x28,-3.94,179.31,278.56,0,3,0,0
2026-08-15T23:14:13.657,IMU-1,0x28,-3.94,179.31,278.56,0,3,0,0
2026-08-15T23:14:13.756,IMU-1,0x28,-3.94,179.31,278.56,0,3,0,0
2026-08-15T23:14:13.856,IMU-1,0x28,-3.94,179.31,278.56,0,3,0,0
2026-08-15T23:14:13.956,IMU-1,0x28,-3.94,179.31,278.56,0,3,0,0
2026-08-15T23:14:14.056,IMU-1,0x28,-3.94,179.31,278.56,0,3,0,0
2026-08-15T23:14:14.156,IMU-1,0x28,-3.94,179.31,278.56,0,3,0,0
2026-08-15T23:14:14.256,IMU-1,0x28,-3.94,179.31,278.56,0,3,0,0
2026-08-15T23:14:14.356,IMU-1,0x28,-3.94,179.31,278.56,0,3,0,0
2026-08-15T23:14:14.457,IMU-1,0x28,-3.94,179.31,278.56,0,3,0,0
2026-08-15T23:14:14.557,IMU-1,0x28,-3.94,179.31,278.56,0,3,0,0
2026-08-15T23:14:14.657,IMU-1,0x28,-3.94,179.31,278.56,0,3,0,0
2026-08-15T23:14:14.757,IMU-1,0x28,-3.94,179.31,278.56,0,3,0,0
2026-08-15T23:14:14.858,IMU-1,0x28,-3.94,179.31,278.56,0,3,0,0
2026-08-15T23:14:14.958,IMU-1,0x28,-3.94,179.31,278.56,0,3,0,0
2026-08-15T23:14:15.058,IMU-1,0x28,-3.94,179.31,278.56,0,3,0,0
2026-08-15T23:14:15.158,IMU-1,0x28,-3.94,179.31,278.56,0,3,0,0
2026-08-15T23:14:15.258,IMU-1,0x28,-3.94,179.31,278.56,0,3,0,0
2026-08-15T23:14:15.358,IMU-1,0x28,-3.94,179.31,278.56,0,3,0,0
2026-08-15T23:14:15.459,IMU-1,0x28,-3.94,179.31,278.56,0,3,0,0
2026-08-15T23:14:15.558,IMU-1,0x28,-3.94,179.31,278.56,0,3,0,0
2026-08-15T23:14:15.658,IMU-1,0x28,-3.94,179.31,278.56,0,3,0,0
2026-08-15T23:14:15.759,IMU-1,0x28,-3.94,179.31,278.56,0,3,0,0
2026-08-15T23:14:15.858,IMU-1,0x28,-3.94,179.31,278.56,0,3,0,0
2026-08-15T23:14:15.958,IMU-1,0x28,-3.94,179.31,278.56,0,3,0,0
2026-08-15T23:14:16.058,IMU-1,0x28,-3.94,179.31,278.56,0,3,0,0
2026-08-15T23:14:16.158,IMU-1,0x28,-3.94,179.31,278.56,0,3,0,0
2026-08-15T23:14:16.258,IMU-1,0x28,-3.94,179.31,278.56,0,3,0,0
2026-08-15T23:14:16.358,IMU-1,0x28,-3.94,179.31,278.56,0,3,0,0
2026-08-15T23:14:16.459,IMU-1,0x28,-3.94,179.31,278.56,0,3,0,0
2026-08-15T23:14:16.558,IMU-1,0x28,-3.94,179.31,278.56,0,3,0,0
2026-08-15T23:14:16.658,IMU-1,0x28,-3.94,179.31,278.56,0,3,0,0
2026-08-15T23:14:16.758,IMU-1,0x28,-3.94,179.31,278.56,0,3,0,0
2026-08-15T23:14:16.858,IMU-1,0x28,-3.94,179.31,278.56,0,3,0,0
2026-08-15T23:14:16.958,IMU-1,0x28,-3.94,179.31,278.56,0,3,0,0
2026-08-15T23:14:17.059,IMU-1,0x28,-3.94,179.31,278.56,0,3,0,0
2026-08-15T23:14:17.159,IMU-1,0x28,-3.94,179.31,278.56,0,3,0,0
2026-08-15T23:14:17.259,IMU-1,0x28,-3.94,179.31,278.56,0,3,0,0
2026-08-15T23:14:17.359,IMU-1,0x28,-3.94,179.31,278.56,0,3,0,0
2026-08-15T23:14:17.460,IMU-1,0x28,-3.94,179.31,278.56,0,3,0,0
2026-08-15T23:14:17.559,IMU-1,0x28,-3.94,179.31,278.56,0,3,0,0
2026-08-15T23:14:17.659,IMU-1,0x28,-3.94,179.31,278.56,0,3,0,0
2026-08-15T23:14:17.759,IMU-1,0x28,-3.94,179.31,278.56,0,3,0,0
2026-08-15T23:14:17.860,IMU-1,0x28,-3.94,179.31,278.56,0,3,0,0
2026-08-15T23:14:17.959,IMU-1,0x28,-3.94,179.31,278.56,0,3,0,0
2026-08-15T23:14:18.059,IMU-1,0x28,-3.94,179.31,278.56,0,3,0,0
2026-08-15T23:14:18.158,IMU-1,0x28,-3.94,179.31,278.56,0,3,0,0
2026-08-15T23:14:18.258,IMU-1,0x28,-3.94,179.31,278.56,0,3,0,0
2026-08-15T23:14:18.359,IMU-1,0x28,-3.94,179.31,278.56,0,3,0,0
2026-08-15T23:14:18.459,IMU-1,0x28,-3.94,179.31,278.56,0,3,0,0
2026-08-15T23:14:18.559,IMU-1,0x28,-3.94,179.31,278.56,0,3,0,0
2026-08-15T23:14:18.660,IMU-1,0x28,-3.94,179.31,278.56,0,3,0,0
2026-08-15T23:14:18.759,IMU-1,0x28,-3.94,179.31,278.56,0,3,0,0
2026-08-15T23:14:18.859,IMU-1,0x28,-3.94,179.31,278.56,0,3,0,0
2026-08-15T23:14:18.960,IMU-1,0x28,-3.94,179.31,278.56,0,3,0,0
2026-08-15T23:14:19.060,IMU-1,0x28,-3.94,179.31,278.56,0,3,0,0
2026-08-15T23:14:19.160,IMU-1,0x28,-3.94,179.31,278.56,0,3,0,0
2026-08-15T23:14:19.260,IMU-1,0x28,-3.94,179.31,278.56,0,3,0,0
2026-08-15T23:14:19.360,IMU-1,0x28,-3.94,179.31,278.56,0,3,0,0
2026-08-15T23:14:19.462,IMU-1,0x28,-3.94,179.31,278.56,0,3,0,0
2026-08-15T23:14:19.561,IMU-1,0x28,-3.94,179.31,278.56,0,3,0,0
2026-08-15T23:14:19.661,IMU-1,0x28,-3.94,179.31,278.56,0,3,0,0
2026-08-15T23:14:19.761,IMU-1,0x28,-3.94,179.31,278.56,0,3,0,0
2026-08-15T23:14:19.860,IMU-1,0x28,-3.94,179.31,278.56,0,3,0,0
2026-08-15T23:14:19.960,IMU-1,0x28,-3.94,179.31,278.56,0,3,0,0
2026-08-15T23:14:20.060,IMU-1,0x28,-3.94,179.31,278.56,0,3,0,0
2026-08-15T23:14:20.160,IMU-1,0x28,-3.94,179.31,278.56,0,3,0,0
2026-08-15T23:14:20.260,IMU-1,0x28,-3.94,179.31,278.56,0,3,0,0
2026-08-15T23:14:20.360,IMU-1,0x28,-3.94,179.31,278.56,0,3,0,0
2026-08-15T23:14:20.460,IMU-1,0x28,-3.94,179.31,278.56,0,3,0,0
2026-08-15T23:14:20.560,IMU-1,0x28,-3.94,179.31,278.56,0,3,0,0
2026-08-15T23:14:20.660,IMU-1,0x28,-3.94,179.31,278.56,0,3,0,0
2026-08-15T23:14:20.760,IMU-1,0x28,-3.94,179.31,278.56,0,3,0,0
2026-08-15T23:14:20.860,IMU-1,0x28,-3.94,179.31,278.56,0,3,0,0
2026-08-15T23:14:20.960,IMU-1,0x28,-3.94,179.31,278.56,0,3,0,0
2026-08-15T23:14:21.060,IMU-1,0x28,-3.94,179.31,278.56,0,3,0,0
2026-08-15T23:14:21.161,IMU-1,0x28,-3.94,179.31,278.56,0,3,0,0
2026-08-15T23:14:21.261,IMU-1,0x28,-3.94,179.31,278.56,0,3,0,0
2026-08-15T23:14:21.361,IMU-1,0x28,-3.94,179.31,278.56,0,3,0,0
2026-08-15T23:14:21.462,IMU-1,0x28,-3.94,179.31,278.56,0,3,0,0
2026-08-15T23:14:21.562,IMU-1,0x28,-3.94,179.31,278.56,0,3,0,0
2026-08-15T23:14:21.662,IMU-1,0x28,-3.94,179.31,278.56,0,3,0,0
2026-08-15T23:14:21.762,IMU-1,0x28,-3.94,179.31,278.56,0,3,0,0
2026-08-15T23:14:21.862,IMU-1,0x28,-3.94,179.31,278.56,0,3,0,0
2026-08-15T23:14:21.962,IMU-1,0x28,-3.94,179.31,278.56,0,3,0,0
2026-08-15T23:14:22.062,IMU-1,0x28,-3.94,179.31,278.56,0,3,0,0
2026-08-15T23:14:22.162,IMU-1,0x28,-3.94,179.31,278.56,0,3,0,0
2026-08-15T23:14:22.262,IMU-1,0x28,-3.94,179.31,278.56,0,3,0,0
2026-08-15T23:14:22.362,IMU-1,0x28,-3.94,179.31,278.56,0,3,0,0
2026-08-15T23:14:22.463,IMU-1,0x28,-3.94,179.31,278.56,0,3,0,0
2026-08-15T23:14:22.562,IMU-1,0x28,-3.94,179.31,278.56,0,3,0,0
2026-08-15T23:14:22.661,IMU-1,0x28,-3.94,179.31,278.56,0,3,0,0
2026-08-15T23:14:22.761,IMU-1,0x28,-3.94,179.31,278.56,0,3,0,0
2026-08-15T23:14:22.861,IMU-1,0x28,-3.94,179.31,278.56,0,3,0,0
2026-08-15T23:14:22.961,IMU-1,0x28,-3.94,179.31,278.56,0,3,0,0
2026-08-15T23:14:23.061,IMU-1,0x28,-3.94,179.31,278.56,0,3,0,0
2026-08-15T23:14:23.161,IMU-1,0x28,-3.94,179.31,278.56,0,3,0,0
2026-08-15T23:14:23.261,IMU-1,0x28,-3.94,179.31,278.56,0,3,0,0
2026-08-15T23:14:23.361,IMU-1,0x28,-3.94,179.31,278.56,0,3,0,0
2026-08-15T23:14:23.462,IMU-1,0x28,-3.94,179.31,278.56,0,3,0,0
2026-08-15T23:14:23.562,IMU-1,0x28,-3.94,179.31,278.56,0,3,0,0
2026-08-15T23:14:23.662,IMU-1,0x28,-3.94,179.31,278.56,0,3,0,0
2026-08-15T23:14:23.763,IMU-1,0x28,-3.94,179.31,278.56,0,3,0,0
2026-08-15T23:14:23.863,IMU-1,0x28,-3.94,179.31,278.56,0,3,0,0
2026-08-15T23:14:23.963,IMU-1,0x28,-3.94,179.31,278.56,0,3,0,0
2026-08-15T23:14:24.063,IMU-1,0x28,-3.94,179.31,278.56,0,3,0,0
2026-08-15T23:14:24.163,IMU-1,0x28,-3.94,179.31,278.56,0,3,0,0
2026-08-15T23:14:24.263,IMU-1,0x28,-3.94,179.31,278.56,0,3,0,0
2026-08-15T23:14:24.364,IMU-1,0x28,-3.94,179.31,278.56,0,3,0,0
2026-08-15T23:14:24.465,IMU-1,0x28,-3.94,179.31,278.56,0,3,0,0
2026-08-15T23:14:24.564,IMU-1,0x28,-3.94,179.31,278.56,0,3,0,0
2026-08-15T23:14:24.664,IMU-1,0x28,-3.94,179.31,278.56,0,3,0,0
2026-08-15T23:14:24.764,IMU-1,0x28,-3.94,179.31,278.56,0,3,0,0
2026-08-15T23:14:24.864,IMU-1,0x28,-3.94,179.31,278.56,0,3,0,0
2026-08-15T23:14:24.964,IMU-1,0x28,-3.94,179.31,278.56,0,3,0,0
2026-08-15T23:14:25.063,IMU-1,0x28,-3.94,179.31,278.56,0,3,0,0
2026-08-15T23:14:25.163,IMU-1,0x28,-3.94,179.31,278.56,0,3,0,0
2026-08-15T23:14:25.263,IMU-1,0x28,-3.94,179.31,278.56,0,3,0,0
2026-08-15T23:14:25.363,IMU-1,0x28,-3.94,179.31,278.56,0,3,0,0
2026-08-15T23:14:25.464,IMU-1,0x28,-3.94,179.31,278.56,0,3,0,0
2026-08-15T23:14:25.563,IMU-1,0x28,-3.94,179.31,278.56,0,3,0,0
2026-08-15T23:14:25.664,IMU-1,0x28,-3.94,179.31,278.56,0,3,0,0
2026-08-15T23:14:25.764,IMU-1,0x28,-3.94,179.31,278.56,0,3,0,0
2026-08-15T23:14:25.864,IMU-1,0x28,-3.94,179.31,278.56,0,3,0,0
2026-08-15T23:14:25.964,IMU-1,0x28,-3.94,179.31,278.56,0,3,0,0
2026-08-15T23:14:26.064,IMU-1,0x28,-3.94,179.31,278.56,0,3,0,0
2026-08-15T23:14:26.164,IMU-1,0x28,-3.94,179.31,278.56,0,3,0,0
2026-08-15T23:14:26.264,IMU-1,0x28,-3.94,179.31,278.56,0,3,0,0
2026-08-15T23:14:26.365,IMU-1,0x28,-3.94,179.31,278.56,0,3,0,0
2026-08-15T23:14:26.466,IMU-1,0x28,-3.94,179.31,278.56,0,3,0,0
2026-08-15T23:14:26.565,IMU-1,0x28,-3.94,179.31,278.56,0,3,0,0
2026-08-15T23:14:26.665,IMU-1,0x28,-3.94,179.31,278.56,0,3,0,0
2026-08-15T23:14:26.765,IMU-1,0x28,-3.94,179.31,278.56,0,3,0,0
2026-08-15T23:14:26.865,IMU-1,0x28,-3.94,179.31,278.56,0,3,0,0
2026-08-15T23:14:26.965,IMU-1,0x28,-3.94,179.31,278.56,0,3,0,0
2026-08-15T23:14:27.065,IMU-1,0x28,-3.94,179.31,278.56,0,3,0,0
2026-08-15T23:14:27.165,IMU-1,0x28,-3.94,179.31,278.56,0,3,0,0
2026-08-15T23:14:27.264,IMU-1,0x28,-3.94,179.31,278.56,0,3,0,0
2026-08-15T23:14:27.364,IMU-1,0x28,-3.94,179.31,278.56,0,3,0,0
2026-08-15T23:14:27.465,IMU-1,0x28,-3.94,179.31,278.56,0,3,0,0
2026-08-15T23:14:27.564,IMU-1,0x28,-3.94,179.31,278.56,0,3,0,0
2026-08-15T23:14:27.664,IMU-1,0x28,-3.94,179.31,278.56,0,3,0,0
2026-08-15T23:14:27.765,IMU-1,0x28,-3.94,179.31,278.56,0,3,0,0
2026-08-15T23:14:27.865,IMU-1,0x28,-3.94,179.31,278.56,0,3,0,0
2026-08-15T23:14:27.965,IMU-1,0x28,-3.94,179.31,278.56,0,3,0,0
2026-08-15T23:14:28.065,IMU-1,0x28,-3.94,179.31,278.56,0,3,0,0
2026-08-15T23:14:28.165,IMU-1,0x28,-3.94,179.31,278.56,0,3,0,0
2026-08-15T23:14:28.265,IMU-1,0x28,-3.94,179.31,278.56,0,3,0,0
2026-08-15T23:14:28.365,IMU-1,0x28,-3.94,179.31,278.56,0,3,0,0
2026-08-15T23:14:28.466,IMU-1,0x28,-3.94,179.31,278.56,0,3,0,0
2026-08-15T23:14:28.566,IMU-1,0x28,-3.94,179.31,278.56,0,3,0,0
2026-08-15T23:14:28.666,IMU-1,0x28,-3.94,179.31,278.56,0,3,0,0
2026-08-15T23:14:28.766,IMU-1,0x28,-3.94,179.31,278.56,0,3,0,0
2026-08-15T23:14:28.866,IMU-1,0x28,-3.94,179.31,278.56,0,3,0,0
2026-08-15T23:14:28.967,IMU-1,0x28,-3.94,179.31,278.56,0,3,0,0
2026-08-15T23:14:29.066,IMU-1,0x28,-3.94,179.31,278.56,0,3,0,0
2026-08-15T23:14:29.167,IMU-1,0x28,-3.94,179.31,278.56,0,3,0,0
2026-08-15T23:14:29.266,IMU-1,0x28,-3.94,179.31,278.56,0,3,0,0
2026-08-15T23:14:29.367,IMU-1,0x28,-3.94,179.31,278.56,0,3,0,0
2026-08-15T23:14:29.467,IMU-1,0x28,-3.94,179.31,278.56,0,3,0,0
2026-08-15T23:14:29.566,IMU-1,0x28,-3.94,179.31,278.56,0,3,0,0
2026-08-15T23:14:29.665,IMU-1,0x28,-3.94,179.31,278.56,0,3,0,0
2026-08-15T23:14:29.765,IMU-1,0x28,-3.94,179.31,278.56,0,3,0,0
2026-08-15T23:14:29.865,IMU-1,0x28,-3.94,179.31,278.56,0,3,0,0
2026-08-15T23:14:29.965,IMU-1,0x28,-3.94,179.31,278.56,0,3,0,0
2026-08-15T23:14:30.065,IMU-1,0x28,-3.94,179.31,278.56,0,3,0,0
2026-08-15T23:14:30.165,IMU-1,0x28,-3.94,179.31,278.56,0,3,0,0
2026-08-15T23:14:30.266,IMU-1,0x28,-3.94,179.31,278.56,0,3,0,0
2026-08-15T23:14:30.366,IMU-1,0x28,-3.94,179.31,278.56,0,3,0,0
2026-08-15T23:14:30.466,IMU-1,0x28,-3.94,179.31,278.56,0,3,0,0
2026-08-15T23:14:30.566,IMU-1,0x28,-3.94,179.31,278.56,0,3,0,0
2026-08-15T23:14:30.666,IMU-1,0x28,-3.94,179.31,278.56,0,3,0,0
2026-08-15T23:14:30.767,IMU-1,0x28,-3.94,179.31,278.56,0,3,0,0
2026-08-15T23:14:30.867,IMU-1,0x28,-3.94,179.31,278.56,0,3,0,0
2026-08-15T23:14:30.967,IMU-1,0x28,-3.94,179.31,278.56,0,3,0,0
2026-08-15T23:14:31.068,IMU-1,0x28,-3.94,179.31,278.56,0,3,0,0
2026-08-15T23:14:31.168,IMU-1,0x28,-3.94,179.31,278.56,0,3,0,0
2026-08-15T23:14:31.268,IMU-1,0x28,-3.94,179.31,278.56,0,3,0,0
2026-08-15T23:14:31.368,IMU-1,0x28,-3.94,179.31,278.56,0,3,0,0
2026-08-15T23:14:31.469,IMU-1,0x28,-3.94,179.31,278.56,0,3,0,0
2026-08-15T23:14:31.567,IMU-1,0x28,-3.94,179.31,278.56,0,3,0,0
2026-08-15T23:14:31.667,IMU-1,0x28,-3.94,179.31,278.56,0,3,0,0
2026-08-15T23:14:31.767,IMU-1,0x28,-3.94,179.31,278.56,0,3,0,0
2026-08-15T23:14:31.867,IMU-1,0x28,-3.94,179.31,278.56,0,3,0,0
2026-08-15T23:14:31.967,IMU-1,0x28,-3.94,179.31,278.56,0,3,0,0
2026-08-15T23:14:32.067,IMU-1,0x28,-3.94,179.31,278.56,0,3,0,0
2026-08-15T23:14:32.167,IMU-1,0x28,-3.94,179.31,278.56,0,3,0,0
2026-08-15T23:14:32.267,IMU-1,0x28,-3.94,179.31,278.56,0,3,0,0
2026-08-15T23:14:32.367,IMU-1,0x28,-3.94,179.31,278.56,0,3,0,0
2026-08-15T23:14:32.468,IMU-1,0x28,-3.94,179.31,278.56,0,3,0,0
2026-08-15T23:14:32.567,IMU-1,0x28,-3.94,179.31,278.56,0,3,0,0
2026-08-15T23:14:32.667,IMU-1,0x28,-3.94,179.31,278.56,0,3,0,0
2026-08-15T23:14:32.767,IMU-1,0x28,-3.94,179.31,278.56,0,3,0,0
2026-08-15T23:14:32.868,IMU-1,0x28,-3.94,179.31,278.56,0,3,0,0
2026-08-15T23:14:32.968,IMU-1,0x28,-3.94,179.31,278.56,0,3,0,0
2026-08-15T23:14:33.068,IMU-1,0x28,-3.94,179.31,278.56,0,3,0,0
2026-08-15T23:14:33.168,IMU-1,0x28,-3.94,179.31,278.56,0,3,0,0
2026-08-15T23:14:33.269,IMU-1,0x28,-3.94,179.31,278.56,0,3,0,0
2026-08-15T23:14:33.369,IMU-1,0x28,-3.94,179.31,278.56,0,3,0,0
2026-08-15T23:14:33.470,IMU-1,0x28,-3.94,179.31,278.56,0,3,0,0
2026-08-15T23:14:33.569,IMU-1,0x28,-3.94,179.31,278.56,0,3,0,0
2026-08-15T23:14:33.669,IMU-1,0x28,-3.94,179.31,278.56,0,3,0,0
2026-08-15T23:14:33.769,IMU-1,0x28,-3.94,179.31,278.56,0,3,0,0
2026-08-15T23:14:33.869,IMU-1,0x28,-3.94,179.31,278.56,0,3,0,0
2026-08-15T23:14:33.969,IMU-1,0x28,-3.94,179.31,278.56,0,3,0,0
2026-08-15T23:14:34.069,IMU-1,0x28,-3.94,179.31,278.56,0,3,0,0
2026-08-15T23:14:34.169,IMU-1,0x28,-3.94,179.31,278.56,0,3,0,0
2026-08-15T23:14:34.269,IMU-1,0x28,-3.94,179.31,278.56,0,3,0,0
2026-08-15T23:14:34.370,IMU-1,0x28,-3.94,179.31,278.56,0,3,0,0
2026-08-15T23:14:34.471,IMU-1,0x28,-3.94,179.31,278.56,0,3,0,0
2026-08-15T23:14:34.569,IMU-1,0x28,-3.94,179.31,278.56,0,3,0,0
2026-08-15T23:14:34.669,IMU-1,0x28,-3.94,179.31,278.56,0,3,0,0
2026-08-15T23:14:34.769,IMU-1,0x28,-3.94,179.31,278.56,0,3,0,0
2026-08-15T23:14:34.869,IMU-1,0x28,-3.94,179.31,278.56,0,3,0,0
2026-08-15T23:14:34.969,IMU-1,0x28,-3.94,179.31,278.56,0,3,0,0
2026-08-15T23:14:35.069,IMU-1,0x28,-3.94,179.31,278.56,0,3,0,0
2026-08-15T23:14:35.169,IMU-1,0x28,-3.94,179.31,278.56,0,3,0,0
2026-08-15T23:14:35.270,IMU-1,0x28,-3.94,179.31,278.56,0,3,0,0
2026-08-15T23:14:35.369,IMU-1,0x28,-3.94,179.31,278.56,0,3,0,0
2026-08-15T23:14:35.471,IMU-1,0x28,-3.94,179.31,278.56,0,3,0,0
2026-08-15T23:14:35.570,IMU-1,0x28,-3.94,179.31,278.56,0,3,0,0
2026-08-15T23:14:35.670,IMU-1,0x28,-3.94,179.31,278.56,0,3,0,0
2026-08-15T23:14:35.770,IMU-1,0x28,-3.94,179.31,278.56,0,3,0,0
2026-08-15T23:14:35.870,IMU-1,0x28,-3.94,179.31,278.56,0,3,0,0
2026-08-15T23:14:35.971,IMU-1,0x28,-3.94,179.31,278.56,0,3,0,0
2026-08-15T23:14:36.071,IMU-1,0x28,-3.94,179.31,278.56,0,3,0,0
2026-08-15T23:14:36.171,IMU-1,0x28,-3.94,179.31,278.56,0,3,0,0
2026-08-15T23:14:36.271,IMU-1,0x28,-3.94,179.31,278.56,0,3,0,0
2026-08-15T23:14:36.371,IMU-1,0x28,-3.94,179.31,278.56,0,3,0,0
2026-08-15T23:14:36.472,IMU-1,0x28,-3.94,179.31,278.56,0,3,0,0
2026-08-15T23:14:36.571,IMU-1,0x28,-3.94,179.31,278.56,0,3,0,0
2026-08-15T23:14:36.671,IMU-1,0x28,-3.94,179.31,278.56,0,3,0,0
2026-08-15T23:14:36.771,IMU-1,0x28,-3.94,179.31,278.56,0,3,0,0
2026-08-15T23:14:36.870,IMU-1,0x28,-3.94,179.31,278.56,0,3,0,0
2026-08-15T23:14:36.970,IMU-1,0x28,-3.94,179.31,278.56,0,3,0,0
2026-08-15T23:14:37.071,IMU-1,0x28,-3.94,179.31,278.56,0,3,0,0
2026-08-15T23:14:37.171,IMU-1,0x28,-3.94,179.31,278.56,0,3,0,0
2026-08-15T23:14:37.271,IMU-1,0x28,-3.94,179.31,278.56,0,3,0,0
2026-08-15T23:14:37.371,IMU-1,0x28,-3.94,179.31,278.56,0,3,0,0
2026-08-15T23:14:37.472,IMU-1,0x28,-3.94,179.31,278.56,0,3,0,0
2026-08-15T23:14:37.571,IMU-1,0x28,-3.94,179.31,278.56,0,3,0,0
2026-08-15T23:14:37.671,IMU-1,0x28,-3.94,179.31,278.56,0,3,0,0
2026-08-15T23:14:37.771,IMU-1,0x28,-3.94,179.31,278.56,0,3,0,0
2026-08-15T23:14:37.872,IMU-1,0x28,-3.94,179.31,278.56,0,3,0,0
2026-08-15T23:14:37.972,IMU-1,0x28,-3.94,179.31,278.56,0,3,0,0
2026-08-15T23:14:38.072,IMU-1,0x28,-3.94,179.31,278.56,0,3,0,0
2026-08-15T23:14:38.172,IMU-1,0x28,-3.94,179.31,278.56,0,3,0,0
2026-08-15T23:14:38.272,IMU-1,0x28,-3.94,179.31,278.56,0,3,0,0
2026-08-15T23:14:38.372,IMU-1,0x28,-3.94,179.31,278.56,0,3,0,0
2026-08-15T23:14:38.473,IMU-1,0x28,-3.94,179.31,278.56,0,3,0,0
2026-08-15T23:14:38.572,IMU-1,0x28,-3.94,179.31,278.56,0,3,0,0
2026-08-15T23:14:38.672,IMU-1,0x28,-3.94,179.31,278.56,0,3,0,0
2026-08-15T23:14:38.772,IMU-1,0x28,-3.94,179.31,278.56,0,3,0,0
2026-08-15T23:14:38.872,IMU-1,0x28,-3.94,179.31,278.56,0,3,0,0
2026-08-15T23:14:38.971,IMU-1,0x28,-3.94,179.31,278.56,0,3,0,0
2026-08-15T23:14:39.071,IMU-1,0x28,-3.94,179.31,278.56,0,3,0,0
2026-08-15T23:14:39.171,IMU-1,0x28,-3.94,179.31,278.56,0,3,0,0
2026-08-15T23:14:39.271,IMU-1,0x28,-3.94,179.31,278.56,0,3,0,0
2026-08-15T23:14:39.371,IMU-1,0x28,-3.94,179.31,278.56,0,3,0,0
2026-08-15T23:14:39.472,IMU-1,0x28,-3.94,179.31,278.56,0,3,0,0
2026-08-15T23:14:39.571,IMU-1,0x28,-3.94,179.31,278.56,0,3,0,0
2026-08-15T23:14:39.672,IMU-1,0x28,-3.94,179.31,278.56,0,3,0,0
2026-08-15T23:14:39.772,IMU-1,0x28,-4.0,179.31,278.56,0,3,0,0
2026-08-15T23:14:39.872,IMU-1,0x28,-4.0,179.31,278.56,0,3,0,0
2026-08-15T23:14:39.972,IMU-1,0x28,-4.0,179.31,278.56,0,3,0,0
2026-08-15T23:14:40.073,IMU-1,0x28,-4.0,179.31,278.56,0,3,0,0
2026-08-15T23:14:40.173,IMU-1,0x28,-4.0,179.31,278.56,0,3,0,0
2026-08-15T23:14:40.273,IMU-1,0x28,-4.0,179.31,278.56,0,3,0,0
2026-08-15T23:14:40.373,IMU-1,0x28,-4.0,179.31,278.56,0,3,0,0
2026-08-15T23:14:40.474,IMU-1,0x28,-4.0,179.31,278.56,0,3,0,0
2026-08-15T23:14:40.574,IMU-1,0x28,-3.94,179.31,278.56,0,3,0,0
2026-08-15T23:14:40.674,IMU-1,0x28,-3.94,179.31,278.56,0,3,0,0
2026-08-15T23:14:40.774,IMU-1,0x28,-3.88,179.31,278.56,0,3,0,0
2026-08-15T23:14:40.874,IMU-1,0x28,-3.88,179.31,278.56,0,3,0,0
2026-08-15T23:14:40.974,IMU-1,0x28,-3.88,179.31,278.56,0,3,0,0
2026-08-15T23:14:41.074,IMU-1,0x28,-3.88,179.31,278.56,0,3,0,0
2026-08-15T23:14:41.174,IMU-1,0x28,-3.88,179.31,278.56,0,3,0,0
2026-08-15T23:14:41.274,IMU-1,0x28,-3.88,179.31,278.56,0,3,0,0
2026-08-15T23:14:41.374,IMU-1,0x28,-3.88,179.31,278.56,0,3,0,0
2026-08-15T23:14:41.475,IMU-1,0x28,-3.88,179.31,278.56,0,3,0,0
2026-08-15T23:14:41.574,IMU-1,0x28,-3.88,179.31,278.56,0,3,0,0
2026-08-15T23:14:41.673,IMU-1,0x28,-3.88,179.31,278.56,0,3,0,0
2026-08-15T23:14:41.773,IMU-1,0x28,-3.88,179.31,278.56,0,3,0,0
2026-08-15T23:14:41.873,IMU-1,0x28,-3.88,179.31,278.56,0,3,0,0
2026-08-15T23:14:41.973,IMU-1,0x28,-3.88,179.31,278.56,0,3,0,0
2026-08-15T23:14:42.073,IMU-1,0x28,-3.88,179.31,278.56,0,3,0,0
2026-08-15T23:14:42.173,IMU-1,0x28,-3.88,179.31,278.56,0,3,0,0
2026-08-15T23:14:42.274,IMU-1,0x28,-3.88,179.31,278.56,0,3,0,0
2026-08-15T23:14:42.374,IMU-1,0x28,-3.88,179.31,278.56,0,3,0,0
2026-08-15T23:14:42.475,IMU-1,0x28,-3.88,179.31,278.56,0,3,0,0
2026-08-15T23:14:42.574,IMU-1,0x28,-3.88,179.31,278.56,0,3,0,0
2026-08-15T23:14:42.675,IMU-1,0x28,-3.88,179.31,278.56,0,3,0,0
2026-08-15T23:14:42.775,IMU-1,0x28,-3.88,179.31,278.56,0,3,0,0
2026-08-15T23:14:42.875,IMU-1,0x28,-3.88,179.31,278.56,0,3,0,0
2026-08-15T23:14:42.975,IMU-1,0x28,-3.88,179.31,278.56,0,3,0,0
2026-08-15T23:14:43.074,IMU-1,0x28,-3.88,179.31,278.56,0,3,0,0
2026-08-15T23:14:43.174,IMU-1,0x28,-3.88,179.31,278.56,0,3,0,0
2026-08-15T23:14:43.274,IMU-1,0x28,-3.88,179.31,278.56,0,3,0,0
2026-08-15T23:14:43.374,IMU-1,0x28,-3.88,179.31,278.56,0,3,0,0
2026-08-15T23:14:43.475,IMU-1,0x28,-3.88,179.31,278.56,0,3,0,0
2026-08-15T23:14:43.575,IMU-1,0x28,-3.88,179.31,278.56,0,3,0,0
2026-08-15T23:14:43.675,IMU-1,0x28,-3.88,179.31,278.56,0,3,0,0
2026-08-15T23:14:43.775,IMU-1,0x28,-3.88,179.31,278.56,0,3,0,0
2026-08-15T23:14:43.875,IMU-1,0x28,-3.88,179.31,278.56,0,3,0,0
2026-08-15T23:14:43.975,IMU-1,0x28,-3.88,179.31,278.56,0,3,0,0
2026-08-15T23:14:44.075,IMU-1,0x28,-3.88,179.31,278.56,0,3,0,0
2026-08-15T23:14:44.175,IMU-1,0x28,-3.88,179.31,278.56,0,3,0,0
2026-08-15T23:14:44.275,IMU-1,0x28,-3.88,179.31,278.56,0,3,0,0
2026-08-15T23:14:44.375,IMU-1,0x28,-3.88,179.31,278.56,0,3,0,0
2026-08-15T23:14:44.476,IMU-1,0x28,-3.88,179.31,278.56,0,3,0,0
2026-08-15T23:14:44.576,IMU-1,0x28,-3.88,179.31,278.56,0,3,0,0
2026-08-15T23:14:44.676,IMU-1,0x28,-3.88,179.31,278.56,0,3,0,0
2026-08-15T23:14:44.776,IMU-1,0x28,-3.88,179.31,278.56,0,3,0,0
2026-08-15T23:14:44.876,IMU-1,0x28,-3.88,179.31,278.56,0,3,0,0
2026-08-15T23:14:44.977,IMU-1,0x28,-3.88,179.31,278.56,0,3,0,0
2026-08-15T23:14:45.076,IMU-1,0x28,-3.88,179.31,278.56,0,3,0,0
2026-08-15T23:14:45.176,IMU-1,0x28,-3.88,179.31,278.56,0,3,0,0
2026-08-15T23:14:45.277,IMU-1,0x28,-3.88,179.31,278.56,0,3,0,0
2026-08-15T23:14:45.377,IMU-1,0x28,-3.88,179.31,278.56,0,3,0,0
2026-08-15T23:14:45.478,IMU-1,0x28,-3.88,179.31,278.56,0,3,0,0
2026-08-15T23:14:45.577,IMU-1,0x28,-3.88,179.31,278.56,0,3,0,0
2026-08-15T23:14:45.677,IMU-1,0x28,-3.88,179.31,278.56,0,3,0,0
2026-08-15T23:14:45.777,IMU-1,0x28,-3.88,179.31,278.56,0,3,0,0
2026-08-15T23:14:45.876,IMU-1,0x28,-3.88,179.31,278.56,0,3,0,0
2026-08-15T23:14:45.976,IMU-1,0x28,-3.88,179.31,278.56,0,3,0,0
2026-08-15T23:14:46.076,IMU-1,0x28,-3.88,179.31,278.56,0,3,0,0
2026-08-15T23:14:46.176,IMU-1,0x28,-3.88,179.31,278.56,0,3,0,0
2026-08-15T23:14:46.276,IMU-1,0x28,-3.88,179.31,278.56,0,3,0,0
2026-08-15T23:14:46.376,IMU-1,0x28,-3.88,179.31,278.56,0,3,0,0
2026-08-15T23:14:46.477,IMU-1,0x28,-3.88,179.31,278.56,0,3,0,0
2026-08-15T23:14:46.577,IMU-1,0x28,-3.88,179.31,278.56,0,3,0,0
2026-08-15T23:14:46.677,IMU-1,0x28,-3.88,179.31,278.56,0,3,0,0
2026-08-15T23:14:46.777,IMU-1,0x28,-3.88,179.31,278.56,0,3,0,0
2026-08-15T23:14:46.877,IMU-1,0x28,-3.88,179.31,278.56,0,3,0,0
2026-08-15T23:14:46.977,IMU-1,0x28,-3.88,179.31,278.56,0,3,0,0
2026-08-15T23:14:47.077,IMU-1,0x28,-3.88,179.31,278.56,0,3,0,0
2026-08-15T23:14:47.177,IMU-1,0x28,-3.88,179.31,278.56,0,3,0,0
2026-08-15T23:14:47.278,IMU-1,0x28,-3.88,179.31,278.56,0,3,0,0
2026-08-15T23:14:47.378,IMU-1,0x28,-3.88,179.31,278.56,0,3,0,0
2026-08-15T23:14:47.479,IMU-1,0x28,-3.88,179.31,278.56,0,3,0,0
2026-08-15T23:14:47.578,IMU-1,0x28,-3.88,179.31,278.56,0,3,0,0
2026-08-15T23:14:47.678,IMU-1,0x28,-3.88,179.31,278.56,0,3,0,0
2026-08-15T23:14:47.778,IMU-1,0x28,-3.88,179.31,278.56,0,3,0,0
2026-08-15T23:14:47.878,IMU-1,0x28,-3.88,179.31,278.56,0,3,0,0
2026-08-15T23:14:47.978,IMU-1,0x28,-3.88,179.31,278.56,0,3,0,0
2026-08-15T23:14:48.077,IMU-1,0x28,-3.88,179.31,278.56,0,3,0,0
2026-08-15T23:14:48.177,IMU-1,0x28,-3.88,179.31,278.56,0,3,0,0
2026-08-15T23:14:48.277,IMU-1,0x28,-3.88,179.31,278.56,0,3,0,0
2026-08-15T23:14:48.377,IMU-1,0x28,-3.88,179.31,278.56,0,3,0,0
2026-08-15T23:14:48.477,IMU-1,0x28,-3.88,179.31,278.56,0,3,0,0
2026-08-15T23:14:48.577,IMU-1,0x28,-3.88,179.31,278.56,0,3,0,0
2026-08-15T23:14:48.677,IMU-1,0x28,-3.88,179.31,278.56,0,3,0,0
2026-08-15T23:14:48.777,IMU-1,0x28,-3.88,179.31,278.56,0,3,0,0
2026-08-15T23:14:48.877,IMU-1,0x28,-3.88,179.31,278.56,0,3,0,0
2026-08-15T23:14:48.978,IMU-1,0x28,-3.88,179.31,278.56,0,3,0,0
2026-08-15T23:14:49.078,IMU-1,0x28,-3.88,179.31,278.56,0,3,0,0
2026-08-15T23:14:49.178,IMU-1,0x28,-3.88,179.31,278.56,0,3,0,0
2026-08-15T23:14:49.278,IMU-1,0x28,-3.88,179.31,278.56,0,3,0,0
2026-08-15T23:14:49.379,IMU-1,0x28,-3.88,179.31,278.56,0,3,0,0
2026-08-15T23:14:49.479,IMU-1,0x28,-3.88,179.31,278.56,0,3,0,0
2026-08-15T23:14:49.579,IMU-1,0x28,-3.88,179.31,278.56,0,3,0,0
2026-08-15T23:14:49.679,IMU-1,0x28,-3.88,179.31,278.56,0,3,0,0
2026-08-15T23:14:49.779,IMU-1,0x28,-3.88,179.31,278.56,0,3,0,0
2026-08-15T23:14:49.879,IMU-1,0x28,-3.88,179.31,278.56,0,3,0,0
2026-08-15T23:14:49.980,IMU-1,0x28,-3.88,179.31,278.56,0,3,0,0
2026-08-15T23:14:50.080,IMU-1,0x28,-3.88,179.31,278.56,0,3,0,0
2026-08-15T23:14:50.180,IMU-1,0x28,-3.88,179.31,278.56,0,3,0,0
2026-08-15T23:14:50.280,IMU-1,0x28,-3.88,179.31,278.56,0,3,0,0
2026-08-15T23:14:50.380,IMU-1,0x28,-3.88,179.31,278.56,0,3,0,0
2026-08-15T23:14:50.481,IMU-1,0x28,-3.88,179.31,278.56,0,3,0,0
2026-08-15T23:14:50.580,IMU-1,0x28,-3.88,179.31,278.56,0,3,0,0
2026-08-15T23:14:50.680,IMU-1,0x28,-3.88,179.31,278.56,0,3,0,0
2026-08-15T23:14:50.779,IMU-1,0x28,-3.88,179.31,278.56,0,3,0,0
2026-08-15T23:14:50.879,IMU-1,0x28,-3.88,179.31,278.56,0,3,0,0
2026-08-15T23:14:50.979,IMU-1,0x28,-3.88,179.31,278.56,0,3,0,0
2026-08-15T23:14:51.079,IMU-1,0x28,-3.88,179.31,278.56,0,3,0,0
2026-08-15T23:14:51.179,IMU-1,0x28,-3.88,179.31,278.56,0,3,0,0
2026-08-15T23:14:51.279,IMU-1,0x28,-3.88,179.31,278.56,0,3,0,0
2026-08-15T23:14:51.379,IMU-1,0x28,-3.88,179.31,278.56,0,3,0,0
2026-08-15T23:14:51.480,IMU-1,0x28,-3.88,179.31,278.56,0,3,0,0
2026-08-15T23:14:51.580,IMU-1,0x28,-3.88,179.31,278.56,0,3,0,0
2026-08-15T23:14:51.680,IMU-1,0x28,-3.88,179.31,278.56,0,3,0,0
2026-08-15T23:14:51.780,IMU-1,0x28,-3.88,179.31,278.56,0,3,0,0
2026-08-15T23:14:51.881,IMU-1,0x28,-3.88,179.31,278.56,0,3,0,0
2026-08-15T23:14:51.981,IMU-1,0x28,-3.88,179.31,278.56,0,3,0,0
2026-08-15T23:14:52.081,IMU-1,0x28,-3.88,179.31,278.56,0,3,0,0
2026-08-15T23:14:52.181,IMU-1,0x28,-3.88,179.31,278.56,0,3,0,0
2026-08-15T23:14:52.281,IMU-1,0x28,-3.88,179.31,278.56,0,3,0,0
2026-08-15T23:14:52.381,IMU-1,0x28,-3.88,179.31,278.56,0,3,0,0
2026-08-15T23:14:52.482,IMU-1,0x28,-3.88,179.31,278.56,0,3,0,0
2026-08-15T23:14:52.581,IMU-1,0x28,-3.88,179.31,278.56,0,3,0,0
2026-08-15T23:14:52.681,IMU-1,0x28,-3.88,179.31,278.56,0,3,0,0
2026-08-15T23:14:52.781,IMU-1,0x28,-3.88,179.31,278.56,0,3,0,0
2026-08-15T23:14:52.882,IMU-1,0x28,-3.88,179.31,278.56,0,3,0,0
2026-08-15T23:14:52.981,IMU-1,0x28,-3.88,179.31,278.56,0,3,0,0
2026-08-15T23:14:53.081,IMU-1,0x28,-3.88,179.31,278.56,0,3,0,0
2026-08-15T23:14:53.181,IMU-1,0x28,-3.88,179.31,278.56,0,3,0,0
2026-08-15T23:14:53.281,IMU-1,0x28,-3.88,179.31,278.56,0,3,0,0
2026-08-15T23:14:53.381,IMU-1,0x28,-3.88,179.31,278.56,0,3,0,0
2026-08-15T23:14:53.481,IMU-1,0x28,-3.88,179.31,278.56,0,3,0,0
2026-08-15T23:14:53.580,IMU-1,0x28,-3.88,179.31,278.56,0,3,0,0
2026-08-15T23:14:53.681,IMU-1,0x28,-3.88,179.31,278.56,0,3,0,0
2026-08-15T23:14:53.781,IMU-1,0x28,-3.88,179.31,278.56,0,3,0,0
2026-08-15T23:14:53.881,IMU-1,0x28,-3.88,179.31,278.56,0,3,0,0
2026-08-15T23:14:53.981,IMU-1,0x28,-3.88,179.31,278.56,0,3,0,0
2026-08-15T23:14:54.082,IMU-1,0x28,-3.88,179.31,278.56,0,3,0,0
2026-08-15T23:14:54.182,IMU-1,0x28,-3.88,179.31,278.56,0,3,0,0
2026-08-15T23:14:54.282,IMU-1,0x28,-3.88,179.31,278.56,0,3,0,0
2026-08-15T23:14:54.382,IMU-1,0x28,-3.88,179.31,278.56,0,3,0,0
2026-08-15T23:14:54.482,IMU-1,0x28,-3.88,179.31,278.56,0,3,0,0
2026-08-15T23:14:54.581,IMU-1,0x28,-3.88,179.31,278.56,0,3,0,0
2026-08-15T23:14:54.681,IMU-1,0x28,-3.88,179.31,278.56,0,3,0,0
2026-08-15T23:14:54.781,IMU-1,0x28,-3.88,179.31,278.56,0,3,0,0
2026-08-15T23:14:54.881,IMU-1,0x28,-3.88,179.31,278.56,0,3,0,0
2026-08-15T23:14:54.981,IMU-1,0x28,-3.88,179.31,278.56,0,3,0,0
2026-08-15T23:14:55.081,IMU-1,0x28,-3.88,179.31,278.56,0,3,0,0
2026-08-15T23:14:55.181,IMU-1,0x28,-3.88,179.31,278.56,0,3,0,0
2026-08-15T23:14:55.281,IMU-1,0x28,-3.88,179.31,278.56,0,3,0,0
2026-08-15T23:14:55.381,IMU-1,0x28,-3.88,179.31,278.56,0,3,0,0
2026-08-15T23:14:55.482,IMU-1,0x28,-3.88,179.31,278.56,0,3,0,0
2026-08-15T23:14:55.582,IMU-1,0x28,-3.88,179.31,278.56,0,3,0,0
2026-08-15T23:14:55.682,IMU-1,0x28,-3.88,179.31,278.56,0,3,0,0
2026-08-15T23:14:55.782,IMU-1,0x28,-3.88,179.31,278.56,0,3,0,0
2026-08-15T23:14:55.883,IMU-1,0x28,-3.88,179.31,278.56,0,3,0,0
2026-08-15T23:14:55.983,IMU-1,0x28,-3.88,179.31,278.56,0,3,0,0
2026-08-15T23:14:56.083,IMU-1,0x28,-3.88,179.31,278.56,0,3,0,0
2026-08-15T23:14:56.183,IMU-1,0x28,-3.88,179.31,278.56,0,3,0,0
2026-08-15T23:14:56.283,IMU-1,0x28,-3.88,179.31,278.56,0,3,0,0
2026-08-15T23:14:56.383,IMU-1,0x28,-3.88,179.31,278.56,0,3,0,0
2026-08-15T23:14:56.484,IMU-1,0x28,-3.88,179.31,278.56,0,3,0,0
2026-08-15T23:14:56.584,IMU-1,0x28,-3.88,179.31,278.56,0,3,0,0
2026-08-15T23:14:56.684,IMU-1,0x28,-3.88,179.31,278.56,0,3,0,0
2026-08-15T23:14:56.784,IMU-1,0x28,-3.88,179.31,278.56,0,3,0,0
2026-08-15T23:14:56.884,IMU-1,0x28,-3.88,179.31,278.56,0,3,0,0
2026-08-15T23:14:56.984,IMU-1,0x28,-3.88,179.31,278.56,0,3,0,0
2026-08-15T23:14:57.084,IMU-1,0x28,-3.88,179.31,278.56,0,3,0,0
2026-08-15T23:14:57.184,IMU-1,0x28,-3.88,179.31,278.56,0,3,0,0
2026-08-15T23:14:57.284,IMU-1,0x28,-3.88,179.31,278.56,0,3,0,0
2026-08-15T23:14:57.384,IMU-1,0x28,-3.88,179.31,278.56,0,3,0,0
2026-08-15T23:14:57.484,IMU-1,0x28,-3.88,179.31,278.56,0,3,0,0
2026-08-15T23:14:57.582,IMU-1,0x28,-3.88,179.31,278.56,0,3,0,0
2026-08-15T23:14:57.683,IMU-1,0x28,-3.88,179.31,278.56,0,3,0,0
2026-08-15T23:14:57.783,IMU-1,0x28,-3.88,179.31,278.56,0,3,0,0
2026-08-15T23:14:57.883,IMU-1,0x28,-3.88,179.31,278.56,0,3,0,0
2026-08-15T23:14:57.983,IMU-1,0x28,-3.88,179.31,278.56,0,3,0,0
2026-08-15T23:14:58.083,IMU-1,0x28,-3.88,179.31,278.56,0,3,0,0
2026-08-15T23:14:58.183,IMU-1,0x28,-3.88,179.31,278.56,0,3,0,0
2026-08-15T23:14:58.283,IMU-1,0x28,-3.88,179.31,278.56,0,3,0,0
2026-08-15T23:14:58.384,IMU-1,0x28,-3.88,179.31,278.56,0,3,0,0
2026-08-15T23:14:58.484,IMU-1,0x28,-3.88,179.31,278.56,0,3,0,0
2026-08-15T23:14:58.584,IMU-1,0x28,-3.88,179.31,278.56,0,3,0,0
2026-08-15T23:14:58.684,IMU-1,0x28,-3.88,179.31,278.56,0,3,0,0
2026-08-15T23:14:58.785,IMU-1,0x28,-3.88,179.31,278.56,0,3,0,0
2026-08-15T23:14:58.885,IMU-1,0x28,-3.88,179.31,278.56,0,3,0,0
2026-08-15T23:14:58.985,IMU-1,0x28,-3.88,179.31,278.56,0,3,0,0
2026-08-15T23:14:59.085,IMU-1,0x28,-3.88,179.31,278.56,0,3,0,0
2026-08-15T23:14:59.185,IMU-1,0x28,-3.88,179.31,278.56,0,3,0,0
2026-08-15T23:14:59.285,IMU-1,0x28,-3.88,179.31,278.56,0,3,0,0
2026-08-15T23:14:59.385,IMU-1,0x28,-3.88,179.31,278.56,0,3,0,0
2026-08-15T23:14:59.486,IMU-1,0x28,-3.88,179.31,278.56,0,3,0,0
2026-08-15T23:14:59.585,IMU-1,0x28,-3.88,179.31,278.56,0,3,0,0
2026-08-15T23:14:59.685,IMU-1,0x28,-3.88,179.31,278.56,0,3,0,0
2026-08-15T23:14:59.785,IMU-1,0x28,-3.88,179.31,278.56,0,3,0,0
2026-08-15T23:14:59.886,IMU-1,0x28,-3.88,179.31,278.56,0,3,0,0
2026-08-15T23:14:59.985,IMU-1,0x28,-3.88,179.31,278.56,0,3,0,0
2026-08-15T23:15:00.085,IMU-1,0x28,-3.88,179.31,278.56,0,3,0,0
2026-08-15T23:15:00.184,IMU-1,0x28,-3.88,179.31,278.56,0,3,0,0
2026-08-15T23:15:00.284,IMU-1,0x28,-3.88,179.31,278.56,0,3,0,0
2026-08-15T23:15:00.384,IMU-1,0x28,-3.88,179.31,278.56,0,3,0,0
2026-08-15T23:15:00.485,IMU-1,0x28,-3.88,179.31,278.56,0,3,0,0
2026-08-15T23:15:00.584,IMU-1,0x28,-3.88,179.31,278.56,0,3,0,0
2026-08-15T23:15:00.685,IMU-1,0x28,-3.88,179.31,278.56,0,3,0,0
2026-08-15T23:15:00.785,IMU-1,0x28,-3.88,179.31,278.56,0,3,0,0
2026-08-15T23:15:00.885,IMU-1,0x28,-3.88,179.31,278.56,0,3,0,0
2026-08-15T23:15:00.986,IMU-1,0x28,-3.88,179.31,278.56,0,3,0,0
2026-08-15T23:15:01.086,IMU-1,0x28,-3.88,179.31,278.56,0,3,0,0
2026-08-15T23:15:01.186,IMU-1,0x28,-3.88,179.31,278.56,0,3,0,0
2026-08-15T23:15:01.286,IMU-1,0x28,-3.88,179.31,278.56,0,3,0,0
2026-08-15T23:15:01.386,IMU-1,0x28,-3.88,179.31,278.56,0,3,0,0
2026-08-15T23:15:01.487,IMU-1,0x28,-3.88,179.31,278.56,0,3,0,0
2026-08-15T23:15:01.586,IMU-1,0x28,-3.88,179.31,278.56,0,3,0,0
2026-08-15T23:15:01.687,IMU-1,0x28,-3.88,179.31,278.56,0,3,0,0
2026-08-15T23:15:01.787,IMU-1,0x28,-3.88,179.31,278.56,0,3,0,0
2026-08-15T23:15:01.887,IMU-1,0x28,-3.88,179.31,278.56,0,3,0,0
2026-08-15T23:15:01.987,IMU-1,0x28,-3.88,179.31,278.56,0,3,0,0
2026-08-15T23:15:02.087,IMU-1,0x28,-3.88,179.31,278.56,0,3,0,0
2026-08-15T23:15:02.187,IMU-1,0x28,-3.88,179.31,278.56,0,3,0,0
2026-08-15T23:15:02.286,IMU-1,0x28,-3.88,179.31,278.56,0,3,0,0
2026-08-15T23:15:02.386,IMU-1,0x28,-3.88,179.31,278.56,0,3,0,0
2026-08-15T23:15:02.487,IMU-1,0x28,-3.88,179.31,278.56,0,3,0,0
2026-08-15T23:15:02.586,IMU-1,0x28,-3.88,179.31,278.56,0,3,0,0
2026-08-15T23:15:02.686,IMU-1,0x28,-3.88,179.31,278.56,0,3,0,0
2026-08-15T23:15:02.786,IMU-1,0x28,-3.88,179.31,278.56,0,3,0,0
2026-08-15T23:15:02.887,IMU-1,0x28,-3.88,179.31,278.56,0,3,0,0
2026-08-15T23:15:02.987,IMU-1,0x28,-3.88,179.31,278.56,0,3,0,0
2026-08-15T23:15:03.087,IMU-1,0x28,-3.88,179.31,278.56,0,3,0,0
2026-08-15T23:15:03.187,IMU-1,0x28,-3.88,179.31,278.56,0,3,0,0
2026-08-15T23:15:03.287,IMU-1,0x28,-3.88,179.31,278.56,0,3,0,0
2026-08-15T23:15:03.387,IMU-1,0x28,-3.88,179.31,278.56,0,3,0,0
2026-08-15T23:15:03.489,IMU-1,0x28,-3.88,179.31,278.56,0,3,0,0
2026-08-15T23:15:03.588,IMU-1,0x28,-3.88,179.31,278.56,0,3,0,0
2026-08-15T23:15:03.688,IMU-1,0x28,-3.88,179.31,278.56,0,3,0,0
2026-08-15T23:15:03.788,IMU-1,0x28,-3.88,179.31,278.56,0,3,0,0
2026-08-15T23:15:03.888,IMU-1,0x28,-3.88,179.31,278.56,0,3,0,0
2026-08-15T23:15:03.988,IMU-1,0x28,-3.88,179.31,278.56,0,3,0,0
2026-08-15T23:15:04.088,IMU-1,0x28,-3.88,179.31,278.56,0,3,0,0
2026-08-15T23:15:04.188,IMU-1,0x28,-3.88,179.31,278.56,0,3,0,0
2026-08-15T23:15:04.288,IMU-1,0x28,-3.81,179.31,278.56,0,3,0,0
2026-08-15T23:15:04.387,IMU-1,0x28,-3.81,179.31,278.56,0,3,0,0
2026-08-15T23:15:04.488,IMU-1,0x28,-3.81,179.31,278.56,0,3,0,0
2026-08-15T23:15:04.587,IMU-1,0x28,-3.81,179.31,278.56,0,3,0,0
2026-08-15T23:15:04.687,IMU-1,0x28,-3.81,179.31,278.56,0,3,0,0
2026-08-15T23:15:04.788,IMU-1,0x28,-3.81,179.31,278.56,0,3,0,0
2026-08-15T23:15:04.888,IMU-1,0x28,-3.81,179.31,278.56,0,3,0,0
2026-08-15T23:15:04.988,IMU-1,0x28,-3.81,179.31,278.56,0,3,0,0
2026-08-15T23:15:05.088,IMU-1,0x28,-3.81,179.31,278.56,0,3,0,0
2026-08-15T23:15:05.188,IMU-1,0x28,-3.81,179.31,278.56,0,3,0,0
2026-08-15T23:15:05.288,IMU-1,0x28,-3.81,179.31,278.56,0,3,0,0
2026-08-15T23:15:05.389,IMU-1,0x28,-3.81,179.31,278.56,0,3,0,0
2026-08-15T23:15:05.489,IMU-1,0x28,-3.81,179.31,278.56,0,3,0,0
2026-08-15T23:15:05.589,IMU-1,0x28,-3.81,179.31,278.56,0,3,0,0
2026-08-15T23:15:05.689,IMU-1,0x28,-3.81,179.31,278.56,0,3,0,0
2026-08-15T23:15:05.789,IMU-1,0x28,-3.81,179.31,278.56,0,3,0,0
2026-08-15T23:15:05.889,IMU-1,0x28,-3.81,179.31,278.56,0,3,0,0
2026-08-15T23:15:05.989,IMU-1,0x28,-3.81,179.31,278.56,0,3,0,0
2026-08-15T23:15:06.089,IMU-1,0x28,-3.81,179.31,278.56,0,3,0,0
2026-08-15T23:15:06.189,IMU-1,0x28,-3.81,179.31,278.56,0,3,0,0
2026-08-15T23:15:06.289,IMU-1,0x28,-3.81,179.31,278.56,0,3,0,0
2026-08-15T23:15:06.388,IMU-1,0x28,-3.81,179.31,278.56,0,3,0,0
2026-08-15T23:15:06.489,IMU-1,0x28,-3.81,179.31,278.56,0,3,0,0
2026-08-15T23:15:06.588,IMU-1,0x28,-3.81,179.31,278.56,0,3,0,0
2026-08-15T23:15:06.688,IMU-1,0x28,-3.81,179.31,278.56,0,3,0,0
2026-08-15T23:15:06.788,IMU-1,0x28,-3.81,179.31,278.56,0,3,0,0
2026-08-15T23:15:06.888,IMU-1,0x28,-3.81,179.31,278.56,0,3,0,0
2026-08-15T23:15:06.988,IMU-1,0x28,-3.81,179.31,278.56,0,3,0,0
2026-08-15T23:15:07.088,IMU-1,0x28,-3.81,179.31,278.56,0,3,0,0
2026-08-15T23:15:07.188,IMU-1,0x28,-3.81,179.31,278.56,0,3,0,0
2026-08-15T23:15:07.289,IMU-1,0x28,-3.81,179.31,278.56,0,3,0,0
2026-08-15T23:15:07.389,IMU-1,0x28,-3.81,179.31,278.56,0,3,0,0
2026-08-15T23:15:07.490,IMU-1,0x28,-3.81,179.31,278.56,0,3,0,0
2026-08-15T23:15:07.590,IMU-1,0x28,-3.81,179.31,278.56,0,3,0,0
2026-08-15T23:15:07.690,IMU-1,0x28,-3.81,179.31,278.56,0,3,0,0
2026-08-15T23:15:07.790,IMU-1,0x28,-3.81,179.31,278.56,0,3,0,0
2026-08-15T23:15:07.890,IMU-1,0x28,-3.81,179.31,278.56,0,3,0,0
2026-08-15T23:15:07.991,IMU-1,0x28,-3.81,179.31,278.56,0,3,0,0
2026-08-15T23:15:08.091,IMU-1,0x28,-3.81,179.31,278.56,0,3,0,0
2026-08-15T23:15:08.191,IMU-1,0x28,-3.81,179.31,278.56,0,3,0,0
2026-08-15T23:15:08.291,IMU-1,0x28,-3.81,179.31,278.56,0,3,0,0
2026-08-15T23:15:08.391,IMU-1,0x28,-3.81,179.31,278.56,0,3,0,0
2026-08-15T23:15:08.492,IMU-1,0x28,-3.81,179.31,278.56,0,3,0,0
2026-08-15T23:15:08.591,IMU-1,0x28,-3.81,179.31,278.56,0,3,0,0
2026-08-15T23:15:08.691,IMU-1,0x28,-3.81,179.31,278.56,0,3,0,0
2026-08-15T23:15:08.791,IMU-1,0x28,-3.81,179.31,278.56,0,3,0,0
2026-08-15T23:15:08.890,IMU-1,0x28,-3.81,179.31,278.56,0,3,0,0
2026-08-15T23:15:08.990,IMU-1,0x28,-3.81,179.31,278.56,0,3,0,0
2026-08-15T23:15:09.090,IMU-1,0x28,-3.81,179.31,278.56,0,3,0,0
2026-08-15T23:15:09.190,IMU-1,0x28,-3.81,179.31,278.56,0,3,0,0
2026-08-15T23:15:09.290,IMU-1,0x28,-3.81,179.31,278.56,0,3,0,0
2026-08-15T23:15:09.390,IMU-1,0x28,-3.81,179.31,278.56,0,3,0,0
2026-08-15T23:15:09.490,IMU-1,0x28,-3.81,179.31,278.56,0,3,0,0
2026-08-15T23:15:09.590,IMU-1,0x28,-3.81,179.31,278.56,0,3,0,0
2026-08-15T23:15:09.690,IMU-1,0x28,-3.81,179.31,278.56,0,3,0,0
2026-08-15T23:15:09.790,IMU-1,0x28,-3.81,179.31,278.56,0,3,0,0
2026-08-15T23:15:09.891,IMU-1,0x28,-3.81,179.31,278.56,0,3,0,0
2026-08-15T23:15:09.991,IMU-1,0x28,-3.81,179.31,278.56,0,3,0,0
2026-08-15T23:15:10.091,IMU-1,0x28,-3.81,179.31,278.56,0,3,0,0
2026-08-15T23:15:10.192,IMU-1,0x28,-3.81,179.31,278.56,0,3,0,0
2026-08-15T23:15:10.292,IMU-1,0x28,-3.81,179.31,278.56,0,3,0,0
2026-08-15T23:15:10.392,IMU-1,0x28,-3.81,179.31,278.56,0,3,0,0
2026-08-15T23:15:10.493,IMU-1,0x28,-3.81,179.31,278.56,0,3,0,0
2026-08-15T23:15:10.592,IMU-1,0x28,-3.81,179.31,278.56,0,3,0,0
2026-08-15T23:15:10.693,IMU-1,0x28,-3.81,179.31,278.56,0,3,0,0
2026-08-15T23:15:10.793,IMU-1,0x28,-3.81,179.31,278.56,0,3,0,0
2026-08-15T23:15:10.893,IMU-1,0x28,-3.81,179.31,278.56,0,3,0,0
2026-08-15T23:15:10.993,IMU-1,0x28,-3.81,179.31,278.56,0,3,0,0
2026-08-15T23:15:11.092,IMU-1,0x28,-3.81,179.31,278.56,0,3,0,0
2026-08-15T23:15:11.193,IMU-1,0x28,-3.81,179.31,278.56,0,3,0,0
2026-08-15T23:15:11.292,IMU-1,0x28,-3.81,179.31,278.56,0,3,0,0
2026-08-15T23:15:11.392,IMU-1,0x28,-3.81,179.31,278.56,0,3,0,0
2026-08-15T23:15:11.493,IMU-1,0x28,-3.81,179.31,278.56,0,3,0,0
2026-08-15T23:15:11.592,IMU-1,0x28,-3.81,179.31,278.56,0,3,0,0
2026-08-15T23:15:11.692,IMU-1,0x28,-3.81,179.31,278.56,0,3,0,0
2026-08-15T23:15:11.792,IMU-1,0x28,-3.81,179.31,278.56,0,3,0,0
2026-08-15T23:15:11.892,IMU-1,0x28,-3.81,179.31,278.56,0,3,0,0
2026-08-15T23:15:11.992,IMU-1,0x28,-3.81,179.31,278.56,0,3,0,0
2026-08-15T23:15:12.092,IMU-1,0x28,-3.81,179.31,278.56,0,3,0,0
2026-08-15T23:15:12.193,IMU-1,0x28,-3.81,179.31,278.56,0,3,0,0
2026-08-15T23:15:12.293,IMU-1,0x28,-3.81,179.31,278.56,0,3,0,0
2026-08-15T23:15:12.393,IMU-1,0x28,-3.81,179.31,278.56,0,3,0,0
2026-08-15T23:15:12.494,IMU-1,0x28,-3.81,179.31,278.56,0,3,0,0
2026-08-15T23:15:12.593,IMU-1,0x28,-3.81,179.31,278.56,0,3,0,0
2026-08-15T23:15:12.694,IMU-1,0x28,-3.81,179.31,278.56,0,3,0,0
2026-08-15T23:15:12.794,IMU-1,0x28,-3.81,179.31,278.56,0,3,0,0
2026-08-15T23:15:12.894,IMU-1,0x28,-3.81,179.31,278.56,0,3,0,0
2026-08-15T23:15:12.994,IMU-1,0x28,-3.81,179.31,278.56,0,3,0,0
2026-08-15T23:15:13.094,IMU-1,0x28,-3.81,179.31,278.56,0,3,0,0
2026-08-15T23:15:13.194,IMU-1,0x28,-3.81,179.31,278.56,0,3,0,0
2026-08-15T23:15:13.294,IMU-1,0x28,-3.81,179.31,278.56,0,3,0,0
2026-08-15T23:15:13.394,IMU-1,0x28,-3.81,179.31,278.56,0,3,0,0
2026-08-15T23:15:13.495,IMU-1,0x28,-3.81,179.31,278.56,0,3,0,0
2026-08-15T23:15:13.594,IMU-1,0x28,-3.81,179.31,278.56,0,3,0,0
2026-08-15T23:15:13.694,IMU-1,0x28,-3.75,179.31,278.56,0,3,0,0
2026-08-15T23:15:13.793,IMU-1,0x28,-3.69,179.31,278.56,0,3,0,0
2026-08-15T23:15:13.894,IMU-1,0x28,-3.69,179.31,278.56,0,3,0,0
2026-08-15T23:15:13.994,IMU-1,0x28,-3.69,179.31,278.56,0,3,0,0
2026-08-15T23:15:14.094,IMU-1,0x28,-3.75,179.31,278.56,0,3,0,0
2026-08-15T23:15:14.194,IMU-1,0x28,-3.81,179.31,278.56,0,3,0,0
2026-08-15T23:15:14.294,IMU-1,0x28,-3.81,179.31,278.56,0,3,0,0
2026-08-15T23:15:14.394,IMU-1,0x28,-3.81,179.31,278.56,0,3,0,0
2026-08-15T23:15:14.495,IMU-1,0x28,-3.81,179.31,278.56,0,3,0,0
2026-08-15T23:15:14.594,IMU-1,0x28,-3.81,179.31,278.56,0,3,0,0
2026-08-15T23:15:14.694,IMU-1,0x28,-3.81,179.31,278.56,0,3,0,0
2026-08-15T23:15:14.794,IMU-1,0x28,-3.81,179.31,278.56,0,3,0,0
2026-08-15T23:15:14.895,IMU-1,0x28,-3.81,179.31,278.56,0,3,0,0
2026-08-15T23:15:14.995,IMU-1,0x28,-3.81,179.31,278.56,0,3,0,0
2026-08-15T23:15:15.095,IMU-1,0x28,-3.81,179.31,278.56,0,3,0,0
2026-08-15T23:15:15.195,IMU-1,0x28,-3.81,179.31,278.56,0,3,0,0
2026-08-15T23:15:15.295,IMU-1,0x28,-3.81,179.31,278.56,0,3,0,0
2026-08-15T23:15:15.395,IMU-1,0x28,-3.81,179.31,278.56,0,3,0,0
2026-08-15T23:15:15.496,IMU-1,0x28,-3.81,179.31,278.56,0,3,0,0
2026-08-15T23:15:15.595,IMU-1,0x28,-3.81,179.31,278.56,0,3,0,0
2026-08-15T23:15:15.695,IMU-1,0x28,-3.81,179.31,278.56,0,3,0,0
2026-08-15T23:15:15.795,IMU-1,0x28,-3.81,179.31,278.56,0,3,0,0
2026-08-15T23:15:15.895,IMU-1,0x28,-3.81,179.31,278.56,0,3,0,0
2026-08-15T23:15:15.994,IMU-1,0x28,-3.81,179.31,278.56,0,3,0,0
2026-08-15T23:15:16.094,IMU-1,0x28,-3.81,179.31,278.56,0,3,0,0
2026-08-15T23:15:16.194,IMU-1,0x28,-3.81,179.31,278.56,0,3,0,0
2026-08-15T23:15:16.294,IMU-1,0x28,-3.81,179.31,278.56,0,3,0,0
2026-08-15T23:15:16.394,IMU-1,0x28,-3.81,179.31,278.56,0,3,0,0
2026-08-15T23:15:16.495,IMU-1,0x28,-3.81,179.31,278.56,0,3,0,0
2026-08-15T23:15:16.595,IMU-1,0x28,-3.81,179.31,278.56,0,3,0,0
2026-08-15T23:15:16.695,IMU-1,0x28,-3.81,179.31,278.56,0,3,0,0
2026-08-15T23:15:16.795,IMU-1,0x28,-3.81,179.31,278.56,0,3,0,0
2026-08-15T23:15:16.895,IMU-1,0x28,-3.81,179.31,278.56,0,3,0,0
2026-08-15T23:15:16.996,IMU-1,0x28,-3.81,179.31,278.56,0,3,0,0
2026-08-15T23:15:17.096,IMU-1,0x28,-3.81,179.31,278.56,0,3,0,0
2026-08-15T23:15:17.196,IMU-1,0x28,-3.81,179.31,278.56,0,3,0,0
2026-08-15T23:15:17.297,IMU-1,0x28,-3.81,179.31,278.56,0,3,0,0
2026-08-15T23:15:17.397,IMU-1,0x28,-3.81,179.31,278.56,0,3,0,0
2026-08-15T23:15:17.498,IMU-1,0x28,-3.81,179.31,278.56,0,3,0,0
2026-08-15T23:15:17.597,IMU-1,0x28,-3.81,179.31,278.56,0,3,0,0
2026-08-15T23:15:17.696,IMU-1,0x28,-3.81,179.31,278.56,0,3,0,0
2026-08-15T23:15:17.796,IMU-1,0x28,-3.81,179.31,278.56,0,3,0,0
2026-08-15T23:15:17.896,IMU-1,0x28,-3.81,179.31,278.56,0,3,0,0
2026-08-15T23:15:17.996,IMU-1,0x28,-3.81,179.31,278.56,0,3,0,0
2026-08-15T23:15:18.096,IMU-1,0x28,-3.81,179.31,278.56,0,3,0,0
2026-08-15T23:15:18.196,IMU-1,0x28,-3.81,179.31,278.56,0,3,0,0
2026-08-15T23:15:18.296,IMU-1,0x28,-3.81,179.31,278.56,0,3,0,0
2026-08-15T23:15:18.396,IMU-1,0x28,-3.81,179.31,278.56,0,3,0,0
2026-08-15T23:15:18.496,IMU-1,0x28,-3.81,179.31,278.56,0,3,0,0
2026-08-15T23:15:18.596,IMU-1,0x28,-3.81,179.31,278.56,0,3,0,0
2026-08-15T23:15:18.696,IMU-1,0x28,-3.81,179.31,278.56,0,3,0,0
2026-08-15T23:15:18.796,IMU-1,0x28,-3.81,179.31,278.56,0,3,0,0
2026-08-15T23:15:18.896,IMU-1,0x28,-3.81,179.31,278.56,0,3,0,0
2026-08-15T23:15:18.996,IMU-1,0x28,-3.81,179.31,278.56,0,3,0,0
2026-08-15T23:15:19.097,IMU-1,0x28,-3.81,179.31,278.56,0,3,0,0
2026-08-15T23:15:19.197,IMU-1,0x28,-3.81,179.31,278.56,0,3,0,0
2026-08-15T23:15:19.297,IMU-1,0x28,-3.81,179.31,278.56,0,3,0,0
2026-08-15T23:15:19.398,IMU-1,0x28,-3.81,179.31,278.56,0,3,0,0
2026-08-15T23:15:19.498,IMU-1,0x28,-3.81,179.31,278.56,0,3,0,0
2026-08-15T23:15:19.598,IMU-1,0x28,-3.81,179.31,278.56,0,3,0,0
2026-08-15T23:15:19.698,IMU-1,0x28,-3.81,179.31,278.56,0,3,0,0
2026-08-15T23:15:19.798,IMU-1,0x28,-3.81,179.31,278.56,0,3,0,0
2026-08-15T23:15:19.898,IMU-1,0x28,-3.81,179.31,278.56,0,3,0,0
2026-08-15T23:15:19.998,IMU-1,0x28,-3.81,179.31,278.56,0,3,0,0
2026-08-15T23:15:20.098,IMU-1,0x28,-3.81,179.31,278.56,0,3,0,0
2026-08-15T23:15:20.198,IMU-1,0x28,-3.81,179.31,278.56,0,3,0,0
2026-08-15T23:15:20.298,IMU-1,0x28,-3.81,179.31,278.56,0,3,0,0
2026-08-15T23:15:20.399,IMU-1,0x28,-3.81,179.31,278.56,0,3,0,0
2026-08-15T23:15:20.500,IMU-1,0x28,-3.81,179.31,278.56,0,3,0,0
2026-08-15T23:15:20.598,IMU-1,0x28,-3.81,179.31,278.56,0,3,0,0
2026-08-15T23:15:20.698,IMU-1,0x28,-3.81,179.31,278.56,0,3,0,0
2026-08-15T23:15:20.798,IMU-1,0x28,-3.81,179.31,278.56,0,3,0,0
2026-08-15T23:15:20.898,IMU-1,0x28,-3.81,179.31,278.56,0,3,0,0
2026-08-15T23:15:20.998,IMU-1,0x28,-3.81,179.31,278.56,0,3,0,0
2026-08-15T23:15:21.098,IMU-1,0x28,-3.81,179.31,278.56,0,3,0,0
2026-08-15T23:15:21.198,IMU-1,0x28,-3.88,179.31,278.56,0,3,0,0
2026-08-15T23:15:21.298,IMU-1,0x28,-3.81,179.31,278.56,0,3,0,0
2026-08-15T23:15:21.398,IMU-1,0x28,-3.81,179.31,278.56,0,3,0,0
2026-08-15T23:15:21.499,IMU-1,0x28,-3.81,179.31,278.56,0,3,0,0
2026-08-15T23:15:21.599,IMU-1,0x28,-3.81,179.31,278.56,0,3,0,0
2026-08-15T23:15:21.699,IMU-1,0x28,-3.81,179.31,278.56,0,3,0,0
2026-08-15T23:15:21.799,IMU-1,0x28,-3.81,179.31,278.56,0,3,0,0
2026-08-15T23:15:21.899,IMU-1,0x28,-3.81,179.31,278.56,0,3,0,0
2026-08-15T23:15:21.999,IMU-1,0x28,-3.81,179.31,278.56,0,3,0,0
2026-08-15T23:15:22.099,IMU-1,0x28,-3.81,179.31,278.56,0,3,0,0
2026-08-15T23:15:22.199,IMU-1,0x28,-3.81,179.31,278.56,0,3,0,0
2026-08-15T23:15:22.300,IMU-1,0x28,-3.88,179.31,278.56,0,3,0,0
2026-08-15T23:15:22.400,IMU-1,0x28,-3.88,179.31,278.56,0,3,0,0
2026-08-15T23:15:22.501,IMU-1,0x28,-3.88,179.31,278.56,0,3,0,0
2026-08-15T23:15:22.600,IMU-1,0x28,-3.88,179.31,278.56,0,3,0,0
2026-08-15T23:15:22.700,IMU-1,0x28,-3.88,179.31,278.56,0,3,0,0
2026-08-15T23:15:22.800,IMU-1,0x28,-3.94,179.31,278.56,0,3,0,0
2026-08-15T23:15:22.900,IMU-1,0x28,-3.94,179.31,278.56,0,3,0,0
2026-08-15T23:15:22.999,IMU-1,0x28,-3.94,179.31,278.56,0,3,0,0
2026-08-15T23:15:23.099,IMU-1,0x28,-3.94,179.31,278.56,0,3,0,0
2026-08-15T23:15:23.199,IMU-1,0x28,-3.94,179.31,278.56,0,3,0,0
2026-08-15T23:15:23.299,IMU-1,0x28,-3.94,179.31,278.56,0,3,0,0
2026-08-15T23:15:23.399,IMU-1,0x28,-3.94,179.31,278.56,0,3,0,0
2026-08-15T23:15:23.499,IMU-1,0x28,-3.94,179.31,278.56,0,3,0,0
2026-08-15T23:15:23.599,IMU-1,0x28,-3.94,179.31,278.56,0,3,0,0
2026-08-15T23:15:23.699,IMU-1,0x28,-3.94,179.31,278.56,0,3,0,0
2026-08-15T23:15:23.800,IMU-1,0x28,-3.94,179.31,278.56,0,3,0,0
2026-08-15T23:15:23.900,IMU-1,0x28,-3.94,179.31,278.56,0,3,0,0
2026-08-15T23:15:24.000,IMU-1,0x28,-3.94,179.31,278.56,0,3,0,0
2026-08-15T23:15:24.101,IMU-1,0x28,-3.94,179.31,278.56,0,3,0,0
2026-08-15T23:15:24.201,IMU-1,0x28,-3.94,179.31,278.56,0,3,0,0
2026-08-15T23:15:24.301,IMU-1,0x28,-3.94,179.31,278.56,0,3,0,0
2026-08-15T23:15:24.401,IMU-1,0x28,-3.94,179.31,278.56,0,3,0,0
2026-08-15T23:15:24.502,IMU-1,0x28,-3.94,179.31,278.56,0,3,0,0
2026-08-15T23:15:24.601,IMU-1,0x28,-3.94,179.31,278.56,0,3,0,0
2026-08-15T23:15:24.701,IMU-1,0x28,-3.94,179.31,278.56,0,3,0,0
2026-08-15T23:15:24.801,IMU-1,0x28,-3.94,179.31,278.56,0,3,0,0
2026-08-15T23:15:24.901,IMU-1,0x28,-3.94,179.31,278.56,0,3,0,0
2026-08-15T23:15:25.001,IMU-1,0x28,-3.94,179.31,278.56,0,3,0,0
2026-08-15T23:15:25.100,IMU-1,0x28,-3.94,179.31,278.56,0,3,0,0
2026-08-15T23:15:25.201,IMU-1,0x28,-3.94,179.31,278.56,0,3,0,0
2026-08-15T23:15:25.301,IMU-1,0x28,-3.94,179.31,278.56,0,3,0,0
2026-08-15T23:15:25.401,IMU-1,0x28,-3.94,179.31,278.56,0,3,0,0
2026-08-15T23:15:25.501,IMU-1,0x28,-4.0,179.31,278.56,0,3,0,0
2026-08-15T23:15:25.601,IMU-1,0x28,-4.12,179.31,278.56,0,3,0,0
2026-08-15T23:15:25.701,IMU-1,0x28,-4.0,179.31,278.56,0,3,0,0
2026-08-15T23:15:25.801,IMU-1,0x28,-3.88,179.31,278.56,0,3,0,0
2026-08-15T23:15:25.901,IMU-1,0x28,-3.81,179.31,278.56,0,3,0,0
2026-08-15T23:15:26.001,IMU-1,0x28,-3.81,179.31,278.56,0,3,0,0
2026-08-15T23:15:26.101,IMU-1,0x28,-3.81,179.31,278.56,0,3,0,0
2026-08-15T23:15:26.202,IMU-1,0x28,-3.81,179.31,278.56,0,3,0,0
2026-08-15T23:15:26.302,IMU-1,0x28,-3.81,179.31,278.56,0,3,0,0
2026-08-15T23:15:26.402,IMU-1,0x28,-3.81,179.31,278.56,0,3,0,0
2026-08-15T23:15:26.503,IMU-1,0x28,-3.81,179.31,278.56,0,3,0,0
2026-08-15T23:15:26.602,IMU-1,0x28,-3.75,179.31,278.56,0,3,0,0
2026-08-15T23:15:26.703,IMU-1,0x28,-3.75,179.31,278.56,0,3,0,0
2026-08-15T23:15:26.803,IMU-1,0x28,-3.75,179.31,278.56,0,3,0,0
2026-08-15T23:15:26.903,IMU-1,0x28,-3.75,179.38,278.56,0,3,0,0
2026-08-15T23:15:27.003,IMU-1,0x28,-3.75,179.38,278.56,0,3,0,0
2026-08-15T23:15:27.103,IMU-1,0x28,-3.81,179.38,278.56,0,3,0,0
2026-08-15T23:15:27.202,IMU-1,0x28,-3.81,179.38,278.56,0,3,0,0
2026-08-15T23:15:27.302,IMU-1,0x28,-3.81,179.38,278.56,0,3,0,0
2026-08-15T23:15:27.402,IMU-1,0x28,-3.81,179.38,278.56,0,3,0,0
2026-08-15T23:15:27.503,IMU-1,0x28,-3.75,179.38,278.56,0,3,0,0
2026-08-15T23:15:27.601,IMU-1,0x28,-3.75,179.38,278.56,0,3,0,0
2026-08-15T23:15:27.702,IMU-1,0x28,-3.69,179.38,278.56,0,3,0,0
2026-08-15T23:15:27.802,IMU-1,0x28,-3.69,179.38,278.56,0,3,0,0
2026-08-15T23:15:27.902,IMU-1,0x28,-3.69,179.38,278.56,0,3,0,0
2026-08-15T23:15:28.002,IMU-1,0x28,-3.69,179.38,278.56,0,3,0,0
2026-08-15T23:15:28.102,IMU-1,0x28,-3.69,179.38,278.56,0,3,0,0
2026-08-15T23:15:28.202,IMU-1,0x28,-3.69,179.38,278.56,0,3,0,0
2026-08-15T23:15:28.302,IMU-1,0x28,-3.75,179.38,278.56,0,3,0,0
2026-08-15T23:15:28.403,IMU-1,0x28,-3.75,179.38,278.56,0,3,0,0
2026-08-15T23:15:28.503,IMU-1,0x28,-3.81,179.38,278.56,0,3,0,0
2026-08-15T23:15:28.603,IMU-1,0x28,-3.81,179.38,278.56,0,3,0,0
2026-08-15T23:15:28.704,IMU-1,0x28,-3.81,179.38,278.56,0,3,0,0
2026-08-15T23:15:28.804,IMU-1,0x28,-3.81,179.38,278.56,0,3,0,0
2026-08-15T23:15:28.904,IMU-1,0x28,-3.81,179.38,278.56,0,3,0,0
2026-08-15T23:15:29.004,IMU-1,0x28,-3.81,179.38,278.56,0,3,0,0
2026-08-15T23:15:29.104,IMU-1,0x28,-3.81,179.38,278.56,0,3,0,0
2026-08-15T23:15:29.204,IMU-1,0x28,-3.88,179.38,278.56,0,3,0,0
2026-08-15T23:15:29.304,IMU-1,0x28,-3.88,179.38,278.56,0,3,0,0
2026-08-15T23:15:29.403,IMU-1,0x28,-3.88,179.38,278.56,0,3,0,0
2026-08-15T23:15:29.504,IMU-1,0x28,-3.88,179.38,278.56,0,3,0,0
2026-08-15T23:15:29.604,IMU-1,0x28,-3.88,179.38,278.56,0,3,0,0
2026-08-15T23:15:29.703,IMU-1,0x28,-3.88,179.38,278.56,0,3,0,0
2026-08-15T23:15:29.803,IMU-1,0x28,-3.81,179.38,278.56,0,3,0,0
2026-08-15T23:15:29.903,IMU-1,0x28,-3.75,179.38,278.56,0,3,0,0
2026-08-15T23:15:30.003,IMU-1,0x28,-3.69,179.38,278.56,0,3,0,0
2026-08-15T23:15:30.103,IMU-1,0x28,-3.62,179.38,278.56,0,3,0,0
2026-08-15T23:15:30.203,IMU-1,0x28,-3.62,179.38,278.56,0,3,0,0
2026-08-15T23:15:30.303,IMU-1,0x28,-3.62,179.38,278.56,0,3,0,0
2026-08-15T23:15:30.403,IMU-1,0x28,-3.62,179.38,278.56,0,3,0,0
2026-08-15T23:15:30.504,IMU-1,0x28,-3.62,179.38,278.56,0,3,0,0
2026-08-15T23:15:30.604,IMU-1,0x28,-3.62,179.38,278.56,0,3,0,0
2026-08-15T23:15:30.704,IMU-1,0x28,-3.62,179.38,278.56,0,3,0,0
2026-08-15T23:15:30.805,IMU-1,0x28,-3.62,179.38,278.56,0,3,0,0
2026-08-15T23:15:30.905,IMU-1,0x28,-3.62,179.38,278.56,0,3,0,0
2026-08-15T23:15:31.005,IMU-1,0x28,-3.62,179.38,278.56,0,3,0,0
2026-08-15T23:15:31.105,IMU-1,0x28,-3.62,179.38,278.56,0,3,0,0
2026-08-15T23:15:31.205,IMU-1,0x28,-3.62,179.38,278.56,0,3,0,0
2026-08-15T23:15:31.306,IMU-1,0x28,-3.62,179.38,278.56,0,3,0,0
2026-08-15T23:15:31.405,IMU-1,0x28,-3.62,179.38,278.56,0,3,0,0
2026-08-15T23:15:31.507,IMU-1,0x28,-3.62,179.38,278.56,0,3,0,0
2026-08-15T23:15:31.605,IMU-1,0x28,-3.62,179.38,278.56,0,3,0,0
2026-08-15T23:15:31.706,IMU-1,0x28,-3.62,179.38,278.56,0,3,0,0
2026-08-15T23:15:31.806,IMU-1,0x28,-3.62,179.38,278.56,0,3,0,0
2026-08-15T23:15:31.906,IMU-1,0x28,-3.62,179.38,278.56,0,3,0,0
2026-08-15T23:15:32.006,IMU-1,0x28,-3.62,179.38,278.56,0,3,0,0
2026-08-15T23:15:32.106,IMU-1,0x28,-3.62,179.38,278.56,0,3,0,0
2026-08-15T23:15:32.205,IMU-1,0x28,-3.62,179.38,278.56,0,3,0,0
2026-08-15T23:15:32.305,IMU-1,0x28,-3.62,179.38,278.56,0,3,0,0
2026-08-15T23:15:32.405,IMU-1,0x28,-3.62,179.38,278.56,0,3,0,0
2026-08-15T23:15:32.506,IMU-1,0x28,-3.62,179.38,278.56,0,3,0,0
2026-08-15T23:15:32.605,IMU-1,0x28,-3.62,179.38,278.56,0,3,0,0
2026-08-15T23:15:32.705,IMU-1,0x28,-3.62,179.38,278.56,0,3,0,0
2026-08-15T23:15:32.806,IMU-1,0x28,-3.62,179.38,278.56,0,3,0,0
2026-08-15T23:15:32.906,IMU-1,0x28,-3.62,179.38,278.56,0,3,0,0
2026-08-15T23:15:33.006,IMU-1,0x28,-3.62,179.38,278.56,0,3,0,0
2026-08-15T23:15:33.106,IMU-1,0x28,-3.62,179.38,278.56,0,3,0,0
2026-08-15T23:15:33.206,IMU-1,0x28,-3.62,179.38,278.56,0,3,0,0
2026-08-15T23:15:33.306,IMU-1,0x28,-3.62,179.38,278.56,0,3,0,0
2026-08-15T23:15:33.407,IMU-1,0x28,-3.62,179.38,278.56,0,3,0,0
2026-08-15T23:15:33.508,IMU-1,0x28,-3.62,179.38,278.56,0,3,0,0
2026-08-15T23:15:33.607,IMU-1,0x28,-3.62,179.38,278.56,0,3,0,0
2026-08-15T23:15:33.707,IMU-1,0x28,-3.62,179.38,278.56,0,3,0,0
2026-08-15T23:15:33.807,IMU-1,0x28,-3.62,179.38,278.56,0,3,0,0
2026-08-15T23:15:33.907,IMU-1,0x28,-3.62,179.38,278.56,0,3,0,0
2026-08-15T23:15:34.007,IMU-1,0x28,-3.62,179.38,278.56,0,3,0,0
2026-08-15T23:15:34.107,IMU-1,0x28,-3.62,179.38,278.56,0,3,0,0
2026-08-15T23:15:34.206,IMU-1,0x28,-3.62,179.38,278.56,0,3,0,0
2026-08-15T23:15:34.307,IMU-1,0x28,-3.62,179.38,278.56,0,3,0,0
2026-08-15T23:15:34.406,IMU-1,0x28,-3.62,179.38,278.56,0,3,0,0
2026-08-15T23:15:34.507,IMU-1,0x28,-3.62,179.38,278.56,0,3,0,0
2026-08-15T23:15:34.606,IMU-1,0x28,-3.62,179.38,278.56,0,3,0,0
2026-08-15T23:15:34.706,IMU-1,0x28,-3.62,179.38,278.56,0,3,0,0
2026-08-15T23:15:34.807,IMU-1,0x28,-3.62,179.38,278.56,0,3,0,0
2026-08-15T23:15:34.907,IMU-1,0x28,-3.62,179.38,278.56,0,3,0,0
2026-08-15T23:15:35.007,IMU-1,0x28,-3.62,179.38,278.56,0,3,0,0
2026-08-15T23:15:35.107,IMU-1,0x28,-3.62,179.38,278.56,0,3,0,0
2026-08-15T23:15:35.207,IMU-1,0x28,-3.62,179.38,278.56,0,3,0,0
2026-08-15T23:15:35.307,IMU-1,0x28,-3.62,179.38,278.56,0,3,0,0
2026-08-15T23:15:35.407,IMU-1,0x28,-3.62,179.38,278.56,0,3,0,0
2026-08-15T23:15:35.508,IMU-1,0x28,-3.62,179.38,278.56,0,3,0,0
2026-08-15T23:15:35.608,IMU-1,0x28,-3.62,179.38,278.56,0,3,0,0
2026-08-15T23:15:35.708,IMU-1,0x28,-3.62,179.38,278.56,0,3,0,0
2026-08-15T23:15:35.808,IMU-1,0x28,-3.62,179.38,278.56,0,3,0,0
2026-08-15T23:15:35.908,IMU-1,0x28,-3.62,179.38,278.56,0,3,0,0
2026-08-15T23:15:36.008,IMU-1,0x28,-3.62,179.38,278.56,0,3,0,0
2026-08-15T23:15:36.108,IMU-1,0x28,-3.62,179.38,278.56,0,3,0,0
2026-08-15T23:15:36.208,IMU-1,0x28,-3.62,179.38,278.56,0,3,0,0
2026-08-15T23:15:36.308,IMU-1,0x28,-3.62,179.38,278.56,0,3,0,0
2026-08-15T23:15:36.408,IMU-1,0x28,-3.62,179.38,278.56,0,3,0,0
2026-08-15T23:15:36.508,IMU-1,0x28,-3.62,179.38,278.56,0,3,0,0
2026-08-15T23:15:36.607,IMU-1,0x28,-3.62,179.38,278.56,0,3,0,0
2026-08-15T23:15:36.707,IMU-1,0x28,-3.62,179.38,278.56,0,3,0,0
2026-08-15T23:15:36.807,IMU-1,0x28,-3.62,179.38,278.56,0,3,0,0
2026-08-15T23:15:36.907,IMU-1,0x28,-3.62,179.38,278.56,0,3,0,0
2026-08-15T23:15:37.007,IMU-1,0x28,-3.62,179.38,278.56,0,3,0,0
2026-08-15T23:15:37.108,IMU-1,0x28,-3.62,179.38,278.56,0,3,0,0
2026-08-15T23:15:37.208,IMU-1,0x28,-3.62,179.38,278.56,0,3,0,0
2026-08-15T23:15:37.308,IMU-1,0x28,-3.62,179.38,278.56,0,3,0,0
2026-08-15T23:15:37.409,IMU-1,0x28,-3.62,179.38,278.56,0,3,0,0
2026-08-15T23:15:37.509,IMU-1,0x28,-3.62,179.38,278.56,0,3,0,0
2026-08-15T23:15:37.608,IMU-1,0x28,-3.62,179.38,278.56,0,3,0,0
2026-08-15T23:15:37.709,IMU-1,0x28,-3.62,179.38,278.56,0,3,0,0
2026-08-15T23:15:37.809,IMU-1,0x28,-3.62,179.38,278.56,0,3,0,0
2026-08-15T23:15:37.909,IMU-1,0x28,-3.62,179.38,278.56,0,3,0,0
2026-08-15T23:15:38.009,IMU-1,0x28,-3.62,179.38,278.56,0,3,0,0
2026-08-15T23:15:38.109,IMU-1,0x28,-3.62,179.38,278.56,0,3,0,0
2026-08-15T23:15:38.209,IMU-1,0x28,-3.62,179.38,278.56,0,3,0,0
2026-08-15T23:15:38.309,IMU-1,0x28,-3.62,179.38,278.56,0,3,0,0
2026-08-15T23:15:38.410,IMU-1,0x28,-3.62,179.38,278.56,0,3,0,0
2026-08-15T23:15:38.510,IMU-1,0x28,-3.62,179.38,278.56,0,3,0,0
2026-08-15T23:15:38.610,IMU-1,0x28,-3.62,179.38,278.56,0,3,0,0
2026-08-15T23:15:38.709,IMU-1,0x28,-3.62,179.38,278.56,0,3,0,0
2026-08-15T23:15:38.809,IMU-1,0x28,-3.62,179.38,278.56,0,3,0,0
2026-08-15T23:15:38.908,IMU-1,0x28,-3.62,179.38,278.56,0,3,0,0
2026-08-15T23:15:39.008,IMU-1,0x28,-3.62,179.38,278.56,0,3,0,0
2026-08-15T23:15:39.108,IMU-1,0x28,-3.62,179.38,278.56,0,3,0,0
2026-08-15T23:15:39.208,IMU-1,0x28,-3.62,179.38,278.56,0,3,0,0
2026-08-15T23:15:39.308,IMU-1,0x28,-3.62,179.38,278.56,0,3,0,0
2026-08-15T23:15:39.409,IMU-1,0x28,-3.62,179.38,278.56,0,3,0,0
2026-08-15T23:15:39.509,IMU-1,0x28,-3.62,179.38,278.56,0,3,0,0
2026-08-15T23:15:39.609,IMU-1,0x28,-3.62,179.38,278.56,0,3,0,0
2026-08-15T23:15:39.709,IMU-1,0x28,-3.62,179.38,278.56,0,3,0,0
2026-08-15T23:15:39.809,IMU-1,0x28,-3.62,179.38,278.56,0,3,0,0
2026-08-15T23:15:39.910,IMU-1,0x28,-3.62,179.38,278.56,0,3,0,0
2026-08-15T23:15:40.010,IMU-1,0x28,-3.62,179.38,278.56,0,3,0,0
2026-08-15T23:15:40.110,IMU-1,0x28,-3.62,179.38,278.56,0,3,0,0
2026-08-15T23:15:40.211,IMU-1,0x28,-3.62,179.38,278.56,0,3,0,0
2026-08-15T23:15:40.311,IMU-1,0x28,-3.62,179.38,278.56,0,3,0,0
2026-08-15T23:15:40.411,IMU-1,0x28,-3.62,179.38,278.56,0,3,0,0
2026-08-15T23:15:40.512,IMU-1,0x28,-3.62,179.38,278.56,0,3,0,0
2026-08-15T23:15:40.611,IMU-1,0x28,-3.62,179.38,278.56,0,3,0,0
2026-08-15T23:15:40.710,IMU-1,0x28,-3.62,179.38,278.56,0,3,0,0
2026-08-15T23:15:40.810,IMU-1,0x28,-3.62,179.38,278.56,0,3,0,0
2026-08-15T23:15:40.910,IMU-1,0x28,-3.62,179.38,278.56,0,3,0,0
2026-08-15T23:15:41.010,IMU-1,0x28,-3.62,179.38,278.56,0,3,0,0
2026-08-15T23:15:41.110,IMU-1,0x28,-3.62,179.38,278.56,0,3,0,0
2026-08-15T23:15:41.210,IMU-1,0x28,-3.62,179.38,278.56,0,3,0,0
2026-08-15T23:15:41.310,IMU-1,0x28,-3.62,179.38,278.56,0,3,0,0
2026-08-15T23:15:41.411,IMU-1,0x28,-3.62,179.38,278.56,0,3,0,0
2026-08-15T23:15:41.511,IMU-1,0x28,-3.62,179.38,278.56,0,3,0,0
2026-08-15T23:15:41.611,IMU-1,0x28,-3.62,179.38,278.56,0,3,0,0
2026-08-15T23:15:41.710,IMU-1,0x28,-3.62,179.38,278.56,0,3,0,0
2026-08-15T23:15:41.811,IMU-1,0x28,-3.62,179.38,278.56,0,3,0,0
2026-08-15T23:15:41.911,IMU-1,0x28,-3.62,179.38,278.56,0,3,0,0
2026-08-15T23:15:42.011,IMU-1,0x28,-3.62,179.38,278.56,0,3,0,0
2026-08-15T23:15:42.111,IMU-1,0x28,-3.62,179.38,278.56,0,3,0,0
2026-08-15T23:15:42.211,IMU-1,0x28,-3.62,179.38,278.56,0,3,0,0
2026-08-15T23:15:42.312,IMU-1,0x28,-3.62,179.38,278.56,0,3,0,0
2026-08-15T23:15:42.412,IMU-1,0x28,-3.62,179.38,278.56,0,3,0,0
2026-08-15T23:15:42.513,IMU-1,0x28,-3.62,179.38,278.56,0,3,0,0
2026-08-15T23:15:42.612,IMU-1,0x28,-3.62,179.38,278.56,0,3,0,0
2026-08-15T23:15:42.712,IMU-1,0x28,-3.62,179.38,278.56,0,3,0,0
2026-08-15T23:15:42.812,IMU-1,0x28,-3.62,179.38,278.56,0,3,0,0
2026-08-15T23:15:42.912,IMU-1,0x28,-3.62,179.38,278.56,0,3,0,0
2026-08-15T23:15:43.012,IMU-1,0x28,-3.62,179.38,278.56,0,3,0,0
2026-08-15T23:15:43.112,IMU-1,0x28,-3.62,179.38,278.56,0,3,0,0
2026-08-15T23:15:43.213,IMU-1,0x28,-3.62,179.38,278.56,0,3,0,0
2026-08-15T23:15:43.313,IMU-1,0x28,-3.62,179.38,278.56,0,3,0,0
2026-08-15T23:15:43.412,IMU-1,0x28,-3.62,179.38,278.56,0,3,0,0
2026-08-15T23:15:43.513,IMU-1,0x28,-3.62,179.38,278.56,0,3,0,0
2026-08-15T23:15:43.612,IMU-1,0x28,-3.62,179.38,278.56,0,3,0,0
2026-08-15T23:15:43.712,IMU-1,0x28,-3.62,179.38,278.56,0,3,0,0
2026-08-15T23:15:43.812,IMU-1,0x28,-3.62,179.38,278.56,0,3,0,0
2026-08-15T23:15:43.912,IMU-1,0x28,-3.62,179.38,278.56,0,3,0,0
2026-08-15T23:15:44.012,IMU-1,0x28,-3.62,179.38,278.56,0,3,0,0
2026-08-15T23:15:44.112,IMU-1,0x28,-3.62,179.38,278.56,0,3,0,0
2026-08-15T23:15:44.212,IMU-1,0x28,-3.62,179.38,278.56,0,3,0,0
2026-08-15T23:15:44.312,IMU-1,0x28,-3.62,179.38,278.56,0,3,0,0
2026-08-15T23:15:44.413,IMU-1,0x28,-3.62,179.38,278.56,0,3,0,0
2026-08-15T23:15:44.513,IMU-1,0x28,-3.62,179.38,278.56,0,3,0,0
2026-08-15T23:15:44.613,IMU-1,0x28,-3.62,179.38,278.56,0,3,0,0
2026-08-15T23:15:44.713,IMU-1,0x28,-3.62,179.38,278.56,0,3,0,0
2026-08-15T23:15:44.813,IMU-1,0x28,-3.62,179.38,278.56,0,3,0,0
2026-08-15T23:15:44.914,IMU-1,0x28,-3.62,179.38,278.56,0,3,0,0
2026-08-15T23:15:45.013,IMU-1,0x28,-3.62,179.38,278.56,0,3,0,0
2026-08-15T23:15:45.113,IMU-1,0x28,-3.62,179.38,278.56,0,3,0,0
2026-08-15T23:15:45.214,IMU-1,0x28,-3.62,179.38,278.56,0,3,0,0
2026-08-15T23:15:45.314,IMU-1,0x28,-3.62,179.38,278.56,0,3,0,0
2026-08-15T23:15:45.414,IMU-1,0x28,-3.62,179.38,278.56,0,3,0,0
2026-08-15T23:15:45.514,IMU-1,0x28,-3.62,179.38,278.56,0,3,0,0
2026-08-15T23:15:45.613,IMU-1,0x28,-3.62,179.38,278.56,0,3,0,0
2026-08-15T23:15:45.712,IMU-1,0x28,-3.62,179.38,278.56,0,3,0,0
2026-08-15T23:15:45.813,IMU-1,0x28,-3.62,179.38,278.56,0,3,0,0
2026-08-15T23:15:45.913,IMU-1,0x28,-3.62,179.38,278.56,0,3,0,0
2026-08-15T23:15:46.013,IMU-1,0x28,-3.62,179.38,278.56,0,3,0,0
2026-08-15T23:15:46.113,IMU-1,0x28,-3.62,179.38,278.56,0,3,0,0
2026-08-15T23:15:46.214,IMU-1,0x28,-3.62,179.38,278.56,0,3,0,0
2026-08-15T23:15:46.313,IMU-1,0x28,-3.62,179.38,278.56,0,3,0,0
2026-08-15T23:15:46.414,IMU-1,0x28,-3.62,179.38,278.56,0,3,0,0
2026-08-15T23:15:46.515,IMU-1,0x28,-3.62,179.38,278.56,0,3,0,0
2026-08-15T23:15:46.614,IMU-1,0x28,-3.62,179.38,278.56,0,3,0,0
2026-08-15T23:15:46.714,IMU-1,0x28,-3.62,179.38,278.56,0,3,0,0
2026-08-15T23:15:46.814,IMU-1,0x28,-3.62,179.38,278.56,0,3,0,0
2026-08-15T23:15:46.914,IMU-1,0x28,-3.62,179.38,278.56,0,3,0,0
2026-08-15T23:15:47.015,IMU-1,0x28,-3.62,179.38,278.56,0,3,0,0
2026-08-15T23:15:47.115,IMU-1,0x28,-3.62,179.38,278.56,0,3,0,0
2026-08-15T23:15:47.215,IMU-1,0x28,-3.62,179.38,278.56,0,3,0,0
2026-08-15T23:15:47.315,IMU-1,0x28,-3.62,179.38,278.56,0,3,0,0
2026-08-15T23:15:47.415,IMU-1,0x28,-3.62,179.38,278.56,0,3,0,0
2026-08-15T23:15:47.516,IMU-1,0x28,-3.62,179.38,278.56,0,3,0,0
2026-08-15T23:15:47.615,IMU-1,0x28,-3.62,179.38,278.56,0,3,0,0
2026-08-15T23:15:47.715,IMU-1,0x28,-3.62,179.38,278.56,0,3,0,0
2026-08-15T23:15:47.815,IMU-1,0x28,-3.62,179.38,278.56,0,3,0,0
2026-08-15T23:15:47.914,IMU-1,0x28,-3.62,179.38,278.56,0,3,0,0
2026-08-15T23:15:48.014,IMU-1,0x28,-3.62,179.38,278.56,0,3,0,0
2026-08-15T23:15:48.114,IMU-1,0x28,-3.62,179.38,278.56,0,3,0,0
2026-08-15T23:15:48.214,IMU-1,0x28,-3.62,179.38,278.56,0,3,0,0
2026-08-15T23:15:48.314,IMU-1,0x28,-3.62,179.38,278.56,0,3,0,0
2026-08-15T23:15:48.414,IMU-1,0x28,-3.62,179.38,278.56,0,3,0,0
2026-08-15T23:15:48.514,IMU-1,0x28,-3.62,179.38,278.56,0,3,0,0
2026-08-15T23:15:48.614,IMU-1,0x28,-3.62,179.38,278.56,0,3,0,0
2026-08-15T23:15:48.714,IMU-1,0x28,-3.62,179.38,278.56,0,3,0,0
2026-08-15T23:15:48.815,IMU-1,0x28,-3.62,179.38,278.56,0,3,0,0
2026-08-15T23:15:48.915,IMU-1,0x28,-3.62,179.38,278.56,0,3,0,0
2026-08-15T23:15:49.015,IMU-1,0x28,-3.62,179.38,278.56,0,3,0,0
2026-08-15T23:15:49.116,IMU-1,0x28,-3.62,179.38,278.56,0,3,0,0
2026-08-15T23:15:49.216,IMU-1,0x28,-3.62,179.38,278.56,0,3,0,0
2026-08-15T23:15:49.316,IMU-1,0x28,-3.62,179.38,278.56,0,3,0,0
2026-08-15T23:15:49.416,IMU-1,0x28,-3.62,179.38,278.56,0,3,0,0
2026-08-15T23:15:49.517,IMU-1,0x28,-3.62,179.38,278.56,0,3,0,0
2026-08-15T23:15:49.616,IMU-1,0x28,-3.62,179.38,278.56,0,3,0,0
2026-08-15T23:15:49.716,IMU-1,0x28,-3.62,179.38,278.56,0,3,0,0
2026-08-15T23:15:49.817,IMU-1,0x28,-3.62,179.38,278.56,0,3,0,0
2026-08-15T23:15:49.916,IMU-1,0x28,-3.62,179.38,278.56,0,3,0,0
2026-08-15T23:15:50.016,IMU-1,0x28,-3.62,179.38,278.56,0,3,0,0
2026-08-15T23:15:50.117,IMU-1,0x28,-3.62,179.38,278.56,0,3,0,0
2026-08-15T23:15:50.216,IMU-1,0x28,-3.62,179.38,278.56,0,3,0,0
2026-08-15T23:15:50.317,IMU-1,0x28,-3.62,179.38,278.56,0,3,0,0
2026-08-15T23:15:50.416,IMU-1,0x28,-3.62,179.38,278.56,0,3,0,0
2026-08-15T23:15:50.517,IMU-1,0x28,-3.62,179.38,278.56,0,3,0,0
2026-08-15T23:15:50.615,IMU-1,0x28,-3.62,179.38,278.56,0,3,0,0
2026-08-15T23:15:50.715,IMU-1,0x28,-3.62,179.38,278.56,0,3,0,0
2026-08-15T23:15:50.815,IMU-1,0x28,-3.62,179.38,278.56,0,3,0,0
2026-08-15T23:15:50.915,IMU-1,0x28,-3.62,179.38,278.56,0,3,0,0
2026-08-15T23:15:51.016,IMU-1,0x28,-3.62,179.38,278.56,0,3,0,0
2026-08-15T23:15:51.116,IMU-1,0x28,-3.62,179.38,278.56,0,3,0,0
2026-08-15T23:15:51.216,IMU-1,0x28,-3.62,179.38,278.56,0,3,0,0
2026-08-15T23:15:51.317,IMU-1,0x28,-3.62,179.38,278.56,0,3,0,0
2026-08-15T23:15:51.417,IMU-1,0x28,-3.62,179.38,278.56,0,3,0,0
2026-08-15T23:15:51.518,IMU-1,0x28,-3.62,179.38,278.56,0,3,0,0
2026-08-15T23:15:51.617,IMU-1,0x28,-3.62,179.38,278.56,0,3,0,0
2026-08-15T23:15:51.717,IMU-1,0x28,-3.62,179.38,278.56,0,3,0,0
2026-08-15T23:15:51.817,IMU-1,0x28,-3.62,179.38,278.56,0,3,0,0
2026-08-15T23:15:51.916,IMU-1,0x28,-3.62,179.38,278.56,0,3,0,0
2026-08-15T23:15:52.017,IMU-1,0x28,-3.62,179.38,278.56,0,3,0,0
2026-08-15T23:15:52.117,IMU-1,0x28,-3.62,179.38,278.56,0,3,0,0
2026-08-15T23:15:52.217,IMU-1,0x28,-3.62,179.38,278.56,0,3,0,0
2026-08-15T23:15:52.317,IMU-1,0x28,-3.62,179.38,278.56,0,3,0,0
2026-08-15T23:15:52.417,IMU-1,0x28,-3.62,179.38,278.56,0,3,0,0
2026-08-15T23:15:52.518,IMU-1,0x28,-3.62,179.38,278.56,0,3,0,0
2026-08-15T23:15:52.617,IMU-1,0x28,-3.62,179.38,278.56,0,3,0,0
2026-08-15T23:15:52.717,IMU-1,0x28,-3.62,179.38,278.56,0,3,0,0
2026-08-15T23:15:52.816,IMU-1,0x28,-3.62,179.38,278.56,0,3,0,0
2026-08-15T23:15:52.916,IMU-1,0x28,-3.62,179.38,278.56,0,3,0,0
2026-08-15T23:15:53.017,IMU-1,0x28,-3.62,179.38,278.56,0,3,0,0
2026-08-15T23:15:53.117,IMU-1,0x28,-3.62,179.38,278.56,0,3,0,0
2026-08-15T23:15:53.217,IMU-1,0x28,-3.62,179.38,278.56,0,3,0,0
2026-08-15T23:15:53.317,IMU-1,0x28,-3.62,179.38,278.56,0,3,0,0
2026-08-15T23:15:53.418,IMU-1,0x28,-3.62,179.38,278.56,0,3,0,0
2026-08-15T23:15:53.518,IMU-1,0x28,-3.62,179.38,278.56,0,3,0,0
2026-08-15T23:15:53.618,IMU-1,0x28,-3.62,179.38,278.56,0,3,0,0
2026-08-15T23:15:53.718,IMU-1,0x28,-3.62,179.38,278.56,0,3,0,0
2026-08-15T23:15:53.819,IMU-1,0x28,-3.62,179.38,278.56,0,3,0,0
2026-08-15T23:15:53.919,IMU-1,0x28,-3.62,179.38,278.56,0,3,0,0
2026-08-15T23:15:54.019,IMU-1,0x28,-3.62,179.38,278.56,0,3,0,0
2026-08-15T23:15:54.119,IMU-1,0x28,-3.62,179.38,278.56,0,3,0,0
2026-08-15T23:15:54.219,IMU-1,0x28,-3.62,179.38,278.56,0,3,0,0
2026-08-15T23:15:54.319,IMU-1,0x28,-3.62,179.38,278.56,0,3,0,0
2026-08-15T23:15:54.419,IMU-1,0x28,-3.62,179.38,278.56,0,3,0,0
2026-08-15T23:15:54.520,IMU-1,0x28,-3.62,179.38,278.56,0,3,0,0
2026-08-15T23:15:54.619,IMU-1,0x28,-3.62,179.38,278.56,0,3,0,0
2026-08-15T23:15:54.719,IMU-1,0x28,-3.62,179.38,278.56,0,3,0,0
2026-08-15T23:15:54.819,IMU-1,0x28,-3.62,179.38,278.56,0,3,0,0
2026-08-15T23:15:54.919,IMU-1,0x28,-3.62,179.38,278.56,0,3,0,0
2026-08-15T23:15:55.019,IMU-1,0x28,-3.62,179.38,278.56,0,3,0,0
2026-08-15T23:15:55.119,IMU-1,0x28,-3.62,179.38,278.56,0,3,0,0
2026-08-15T23:15:55.219,IMU-1,0x28,-3.62,179.38,278.56,0,3,0,0
2026-08-15T23:15:55.319,IMU-1,0x28,-3.62,179.38,278.56,0,3,0,0
2026-08-15T23:15:55.419,IMU-1,0x28,-3.62,179.38,278.56,0,3,0,0
2026-08-15T23:15:55.520,IMU-1,0x28,-3.62,179.38,278.56,0,3,0,0
2026-08-15T23:15:55.619,IMU-1,0x28,-3.62,179.38,278.56,0,3,0,0
2026-08-15T23:15:55.719,IMU-1,0x28,-3.62,179.38,278.56,0,3,0,0
2026-08-15T23:15:55.819,IMU-1,0x28,-3.62,179.38,278.56,0,3,0,0
2026-08-15T23:15:55.919,IMU-1,0x28,-3.62,179.38,278.56,0,3,0,0
2026-08-15T23:15:56.020,IMU-1,0x28,-3.62,179.38,278.56,0,3,0,0
2026-08-15T23:15:56.120,IMU-1,0x28,-3.62,179.38,278.56,0,3,0,0
2026-08-15T23:15:56.220,IMU-1,0x28,-3.62,179.38,278.56,0,3,0,0
2026-08-15T23:15:56.320,IMU-1,0x28,-3.62,179.38,278.56,0,3,0,0
2026-08-15T23:15:56.420,IMU-1,0x28,-3.62,179.38,278.56,0,3,0,0
2026-08-15T23:15:56.521,IMU-1,0x28,-3.62,179.38,278.56,0,3,0,0
2026-08-15T23:15:56.620,IMU-1,0x28,-3.62,179.38,278.56,0,3,0,0
2026-08-15T23:15:56.721,IMU-1,0x28,-3.62,179.38,278.56,0,3,0,0
2026-08-15T23:15:56.820,IMU-1,0x28,-3.62,179.38,278.56,0,3,0,0
2026-08-15T23:15:56.920,IMU-1,0x28,-3.62,179.38,278.56,0,3,0,0
2026-08-15T23:15:57.019,IMU-1,0x28,-3.62,179.38,278.56,0,3,0,0
2026-08-15T23:15:57.119,IMU-1,0x28,-3.62,179.38,278.56,0,3,0,0
2026-08-15T23:15:57.219,IMU-1,0x28,-3.62,179.38,278.56,0,3,0,0
2026-08-15T23:15:57.319,IMU-1,0x28,-3.62,179.38,278.56,0,3,0,0
2026-08-15T23:15:57.419,IMU-1,0x28,-3.62,179.38,278.56,0,3,0,0
2026-08-15T23:15:57.520,IMU-1,0x28,-3.62,179.38,278.56,0,3,0,0
2026-08-15T23:15:57.619,IMU-1,0x28,-3.62,179.38,278.56,0,3,0,0
2026-08-15T23:15:57.719,IMU-1,0x28,-3.62,179.38,278.56,0,3,0,0
2026-08-15T23:15:57.820,IMU-1,0x28,-3.62,179.38,278.56,0,3,0,0
2026-08-15T23:15:57.920,IMU-1,0x28,-3.62,179.38,278.56,0,3,0,0
2026-08-15T23:15:58.020,IMU-1,0x28,-3.62,179.38,278.56,0,3,0,0
2026-08-15T23:15:58.120,IMU-1,0x28,-3.62,179.38,278.56,0,3,0,0
2026-08-15T23:15:58.221,IMU-1,0x28,-3.62,179.38,278.56,0,3,0,0
2026-08-15T23:15:58.321,IMU-1,0x28,-3.62,179.38,278.56,0,3,0,0
2026-08-15T23:15:58.421,IMU-1,0x28,-3.62,179.38,278.56,0,3,0,0
2026-08-15T23:15:58.522,IMU-1,0x28,-3.62,179.38,278.56,0,3,0,0
2026-08-15T23:15:58.622,IMU-1,0x28,-3.62,179.38,278.56,0,3,0,0
2026-08-15T23:15:58.722,IMU-1,0x28,-3.62,179.38,278.56,0,3,0,0
2026-08-15T23:15:58.822,IMU-1,0x28,-3.62,179.38,278.56,0,3,0,0
2026-08-15T23:15:58.922,IMU-1,0x28,-3.62,179.38,278.56,0,3,0,0
2026-08-15T23:15:59.022,IMU-1,0x28,-3.62,179.38,278.56,0,3,0,0
2026-08-15T23:15:59.122,IMU-1,0x28,-3.62,179.38,278.56,0,3,0,0
2026-08-15T23:15:59.222,IMU-1,0x28,-3.62,179.38,278.56,0,3,0,0
2026-08-15T23:15:59.322,IMU-1,0x28,-3.62,179.38,278.56,0,3,0,0
2026-08-15T23:15:59.422,IMU-1,0x28,-3.62,179.38,278.56,0,3,0,0
2026-08-15T23:15:59.522,IMU-1,0x28,-3.62,179.38,278.56,0,3,0,0
2026-08-15T23:15:59.621,IMU-1,0x28,-3.62,179.38,278.56,0,3,0,0
2026-08-15T23:15:59.721,IMU-1,0x28,-3.62,179.38,278.56,0,3,0,0
2026-08-15T23:15:59.821,IMU-1,0x28,-3.62,179.38,278.56,0,3,0,0
2026-08-15T23:15:59.921,IMU-1,0x28,-3.62,179.38,278.56,0,3,0,0
2026-08-15T23:16:00.021,IMU-1,0x28,-3.62,179.38,278.56,0,3,0,0
2026-08-15T23:16:00.121,IMU-1,0x28,-3.62,179.38,278.56,0,3,0,0
2026-08-15T23:16:00.221,IMU-1,0x28,-3.62,179.38,278.56,0,3,0,0
2026-08-15T23:16:00.321,IMU-1,0x28,-3.62,179.38,278.56,0,3,0,0
2026-08-15T23:16:00.422,IMU-1,0x28,-3.62,179.38,278.56,0,3,0,0
2026-08-15T23:16:00.522,IMU-1,0x28,-3.62,179.38,278.56,0,3,0,0
2026-08-15T23:16:00.622,IMU-1,0x28,-3.62,179.38,278.56,0,3,0,0
2026-08-15T23:16:00.723,IMU-1,0x28,-3.62,179.38,278.56,0,3,0,0
2026-08-15T23:16:00.823,IMU-1,0x28,-3.62,179.38,278.56,0,3,0,0
2026-08-15T23:16:00.923,IMU-1,0x28,-3.62,179.38,278.56,0,3,0,0
2026-08-15T23:16:01.023,IMU-1,0x28,-3.62,179.38,278.56,0,3,0,0
2026-08-15T23:16:01.123,IMU-1,0x28,-3.62,179.38,278.56,0,3,0,0
2026-08-15T23:16:01.223,IMU-1,0x28,-3.62,179.38,278.56,0,3,0,0
2026-08-15T23:16:01.323,IMU-1,0x28,-3.62,179.38,278.56,0,3,0,0
2026-08-15T23:16:01.423,IMU-1,0x28,-3.62,179.38,278.56,0,3,0,0
2026-08-15T23:16:01.524,IMU-1,0x28,-3.62,179.38,278.56,0,3,0,0
2026-08-15T23:16:01.623,IMU-1,0x28,-3.62,179.38,278.56,0,3,0,0
2026-08-15T23:16:01.724,IMU-1,0x28,-3.62,179.38,278.56,0,3,0,0
2026-08-15T23:16:01.824,IMU-1,0x28,-3.62,179.38,278.56,0,3,0,0
2026-08-15T23:16:01.924,IMU-1,0x28,-3.62,179.38,278.56,0,3,0,0
2026-08-15T23:16:02.023,IMU-1,0x28,-3.62,179.38,278.56,0,3,0,0
2026-08-15T23:16:02.123,IMU-1,0x28,-3.62,179.38,278.56,0,3,0,0
2026-08-15T23:16:02.223,IMU-1,0x28,-3.62,179.38,278.56,0,3,0,0
2026-08-15T23:16:02.323,IMU-1,0x28,-3.62,179.38,278.56,0,3,0,0
2026-08-15T23:16:02.423,IMU-1,0x28,-3.62,179.38,278.56,0,3,0,0
2026-08-15T23:16:02.524,IMU-1,0x28,-3.62,179.38,278.56,0,3,0,0
2026-08-15T23:16:02.624,IMU-1,0x28,-3.62,179.38,278.56,0,3,0,0
2026-08-15T23:16:02.723,IMU-1,0x28,-3.62,179.38,278.56,0,3,0,0
2026-08-15T23:16:02.824,IMU-1,0x28,-3.62,179.38,278.56,0,3,0,0
2026-08-15T23:16:02.924,IMU-1,0x28,-3.62,179.38,278.56,0,3,0,0
2026-08-15T23:16:03.024,IMU-1,0x28,-3.62,179.38,278.56,0,3,0,0
2026-08-15T23:16:03.125,IMU-1,0x28,-3.62,179.38,278.56,0,3,0,0
2026-08-15T23:16:03.225,IMU-1,0x28,-3.62,179.38,278.56,0,3,0,0
2026-08-15T23:16:03.324,IMU-1,0x28,-3.62,179.38,278.56,0,3,0,0
2026-08-15T23:16:03.424,IMU-1,0x28,-3.62,179.38,278.56,0,3,0,0
2026-08-15T23:16:03.524,IMU-1,0x28,-3.62,179.38,278.56,0,3,0,0
2026-08-15T23:16:03.623,IMU-1,0x28,-3.62,179.38,278.56,0,3,0,0
2026-08-15T23:16:03.723,IMU-1,0x28,-3.62,179.38,278.56,0,3,0,0
2026-08-15T23:16:03.823,IMU-1,0x28,-3.62,179.38,278.56,0,3,0,0
2026-08-15T23:16:03.923,IMU-1,0x28,-3.62,179.38,278.56,0,3,0,0
2026-08-15T23:16:04.024,IMU-1,0x28,-3.62,179.38,278.56,0,3,0,0
2026-08-15T23:16:04.124,IMU-1,0x28,-3.62,179.38,278.56,0,3,0,0
2026-08-15T23:16:04.224,IMU-1,0x28,-3.62,179.38,278.56,0,3,0,0
2026-08-15T23:16:04.324,IMU-1,0x28,-3.62,179.38,278.56,0,3,0,0
2026-08-15T23:16:04.424,IMU-1,0x28,-3.62,179.38,278.56,0,3,0,0
2026-08-15T23:16:04.525,IMU-1,0x28,-3.62,179.38,278.56,0,3,0,0
2026-08-15T23:16:04.625,IMU-1,0x28,-3.62,179.38,278.56,0,3,0,0
2026-08-15T23:16:04.725,IMU-1,0x28,-3.62,179.38,278.56,0,3,0,0
2026-08-15T23:16:04.825,IMU-1,0x28,-3.62,179.38,278.56,0,3,0,0
2026-08-15T23:16:04.925,IMU-1,0x28,-3.62,179.38,278.56,0,3,0,0
2026-08-15T23:16:05.025,IMU-1,0x28,-3.62,179.38,278.56,0,3,0,0
2026-08-15T23:16:05.125,IMU-1,0x28,-3.62,179.38,278.56,0,3,0,0
2026-08-15T23:16:05.226,IMU-1,0x28,-3.62,179.38,278.56,0,3,0,0
2026-08-15T23:16:05.326,IMU-1,0x28,-3.62,179.38,278.56,0,3,0,0
2026-08-15T23:16:05.426,IMU-1,0x28,-3.62,179.38,278.56,0,3,0,0
2026-08-15T23:16:05.527,IMU-1,0x28,-3.62,179.38,278.56,0,3,0,0
2026-08-15T23:16:05.626,IMU-1,0x28,-3.62,179.38,278.56,0,3,0,0
2026-08-15T23:16:05.726,IMU-1,0x28,-3.62,179.38,278.56,0,3,0,0
2026-08-15T23:16:05.826,IMU-1,0x28,-3.62,179.38,278.56,0,3,0,0
2026-08-15T23:16:05.926,IMU-1,0x28,-3.62,179.38,278.56,0,3,0,0
2026-08-15T23:16:06.026,IMU-1,0x28,-3.62,179.38,278.56,0,3,0,0
2026-08-15T23:16:06.127,IMU-1,0x28,-3.62,179.38,278.56,0,3,0,0
2026-08-15T23:16:06.226,IMU-1,0x28,-3.62,179.38,278.56,0,3,0,0
2026-08-15T23:16:06.326,IMU-1,0x28,-3.62,179.38,278.56,0,3,0,0
2026-08-15T23:16:06.426,IMU-1,0x28,-3.62,179.38,278.56,0,3,0,0
2026-08-15T23:16:06.526,IMU-1,0x28,-3.62,179.38,278.56,0,3,0,0
2026-08-15T23:16:06.625,IMU-1,0x28,-3.62,179.38,278.56,0,3,0,0
2026-08-15T23:16:06.725,IMU-1,0x28,-3.62,179.38,278.56,0,3,0,0
2026-08-15T23:16:06.825,IMU-1,0x28,-3.62,179.38,278.56,0,3,0,0
2026-08-15T23:16:06.925,IMU-1,0x28,-3.62,179.38,278.56,0,3,0,0
2026-08-15T23:16:07.025,IMU-1,0x28,-3.62,179.38,278.56,0,3,0,0
2026-08-15T23:16:07.125,IMU-1,0x28,-3.62,179.38,278.56,0,3,0,0
2026-08-15T23:16:07.226,IMU-1,0x28,-3.62,179.38,278.56,0,3,0,0
2026-08-15T23:16:07.326,IMU-1,0x28,-3.62,179.38,278.56,0,3,0,0
2026-08-15T23:16:07.426,IMU-1,0x28,-3.62,179.38,278.56,0,3,0,0
2026-08-15T23:16:07.527,IMU-1,0x28,-3.62,179.38,278.56,0,3,0,0
2026-08-15T23:16:07.627,IMU-1,0x28,-3.62,179.38,278.56,0,3,0,0
2026-08-15T23:16:07.727,IMU-1,0x28,-3.62,179.38,278.56,0,3,0,0
2026-08-15T23:16:07.828,IMU-1,0x28,-3.62,179.38,278.56,0,3,0,0
2026-08-15T23:16:07.928,IMU-1,0x28,-3.62,179.38,278.56,0,3,0,0
2026-08-15T23:16:08.028,IMU-1,0x28,-3.62,179.38,278.56,0,3,0,0
2026-08-15T23:16:08.128,IMU-1,0x28,-3.62,179.38,278.56,0,3,0,0
2026-08-15T23:16:08.228,IMU-1,0x28,-3.62,179.38,278.56,0,3,0,0
2026-08-15T23:16:08.328,IMU-1,0x28,-3.62,179.38,278.56,0,3,0,0
2026-08-15T23:16:08.428,IMU-1,0x28,-3.62,179.38,278.56,0,3,0,0
2026-08-15T23:16:08.529,IMU-1,0x28,-3.62,179.38,278.56,0,3,0,0
2026-08-15T23:16:08.628,IMU-1,0x28,-3.62,179.38,278.56,0,3,0,0
2026-08-15T23:16:08.728,IMU-1,0x28,-3.62,179.38,278.56,0,3,0,0
2026-08-15T23:16:08.827,IMU-1,0x28,-3.62,179.38,278.56,0,3,0,0
2026-08-15T23:16:08.927,IMU-1,0x28,-3.62,179.38,278.56,0,3,0,0
2026-08-15T23:16:09.027,IMU-1,0x28,-3.62,179.38,278.56,0,3,0,0
2026-08-15T23:16:09.127,IMU-1,0x28,-3.62,179.38,278.56,0,3,0,0
2026-08-15T23:16:09.227,IMU-1,0x28,-3.62,179.38,278.56,0,3,0,0
2026-08-15T23:16:09.327,IMU-1,0x28,-3.62,179.38,278.56,0,3,0,0
2026-08-15T23:16:09.427,IMU-1,0x28,-3.62,179.38,278.56,0,3,0,0
2026-08-15T23:16:09.528,IMU-1,0x28,-3.62,179.38,278.56,0,3,0,0
2026-08-15T23:16:09.627,IMU-1,0x28,-3.62,179.38,278.56,0,3,0,0
2026-08-15T23:16:09.728,IMU-1,0x28,-3.62,179.38,278.56,0,3,0,0
2026-08-15T23:16:09.828,IMU-1,0x28,-3.62,179.38,278.56,0,3,0,0
2026-08-15T23:16:09.928,IMU-1,0x28,-3.62,179.38,278.56,0,3,0,0
2026-08-15T23:16:10.028,IMU-1,0x28,-3.62,179.38,278.56,0,3,0,0
2026-08-15T23:16:10.129,IMU-1,0x28,-3.62,179.38,278.56,0,3,0,0
2026-08-15T23:16:10.229,IMU-1,0x28,-3.62,179.38,278.56,0,3,0,0
2026-08-15T23:16:10.329,IMU-1,0x28,-3.62,179.38,278.56,0,3,0,0
2026-08-15T23:16:10.429,IMU-1,0x28,-3.62,179.38,278.56,0,3,0,0
2026-08-15T23:16:10.530,IMU-1,0x28,-3.62,179.38,278.56,0,3,0,0
2026-08-15T23:16:10.630,IMU-1,0x28,-3.62,179.38,278.56,0,3,0,0
2026-08-15T23:16:10.730,IMU-1,0x28,-3.62,179.38,278.56,0,3,0,0
2026-08-15T23:16:10.830,IMU-1,0x28,-3.62,179.38,278.56,0,3,0,0
2026-08-15T23:16:10.930,IMU-1,0x28,-3.62,179.38,278.56,0,3,0,0
2026-08-15T23:16:11.030,IMU-1,0x28,-3.62,179.38,278.56,0,3,0,0
2026-08-15T23:16:11.130,IMU-1,0x28,-3.62,179.38,278.56,0,3,0,0
2026-08-15T23:16:11.230,IMU-1,0x28,-3.62,179.38,278.56,0,3,0,0
2026-08-15T23:16:11.330,IMU-1,0x28,-3.62,179.38,278.56,0,3,0,0
2026-08-15T23:16:11.429,IMU-1,0x28,-3.62,179.38,278.56,0,3,0,0
2026-08-15T23:16:11.530,IMU-1,0x28,-3.62,179.38,278.56,0,3,0,0
2026-08-15T23:16:11.629,IMU-1,0x28,-3.62,179.38,278.56,0,3,0,0
2026-08-15T23:16:11.729,IMU-1,0x28,-3.62,179.38,278.56,0,3,0,0
2026-08-15T23:16:11.829,IMU-1,0x28,-3.62,179.38,278.56,0,3,0,0
2026-08-15T23:16:11.929,IMU-1,0x28,-3.62,179.38,278.56,0,3,0,0
2026-08-15T23:16:12.029,IMU-1,0x28,-3.62,179.38,278.56,0,3,0,0
2026-08-15T23:16:12.130,IMU-1,0x28,-3.62,179.38,278.56,0,3,0,0
2026-08-15T23:16:12.230,IMU-1,0x28,-3.62,179.38,278.56,0,3,0,0
2026-08-15T23:16:12.330,IMU-1,0x28,-3.62,179.38,278.56,0,3,0,0
2026-08-15T23:16:12.430,IMU-1,0x28,-3.62,179.38,278.56,0,3,0,0
2026-08-15T23:16:12.531,IMU-1,0x28,-3.69,179.31,278.94,0,3,0,0
2026-08-15T23:16:12.631,IMU-1,0x28,-3.69,179.38,279.06,0,3,0,0
2026-08-15T23:16:12.730,IMU-1,0x28,-3.69,179.38,279.06,0,3,0,0
2026-08-15T23:16:12.831,IMU-1,0x28,-3.69,179.38,279.06,0,3,0,0
2026-08-15T23:16:12.931,IMU-1,0x28,-3.69,179.38,279.06,0,3,0,0
2026-08-15T23:16:13.031,IMU-1,0x28,-3.69,179.38,279.06,0,3,0,0
2026-08-15T23:16:13.131,IMU-1,0x28,-3.69,179.38,279.06,0,3,0,0
2026-08-15T23:16:13.231,IMU-1,0x28,-3.69,179.38,279.06,0,3,0,0
2026-08-15T23:16:13.331,IMU-1,0x28,-3.69,179.38,279.06,0,3,0,0
2026-08-15T23:16:13.430,IMU-1,0x28,-3.69,179.38,279.06,0,3,0,0
2026-08-15T23:16:13.531,IMU-1,0x28,-3.69,179.38,279.06,0,3,0,0
2026-08-15T23:16:13.630,IMU-1,0x28,-3.69,179.38,279.06,0,3,0,0
2026-08-15T23:16:13.730,IMU-1,0x28,-3.69,179.38,279.06,0,3,0,0
2026-08-15T23:16:13.830,IMU-1,0x28,-3.69,179.38,279.06,0,3,0,0
2026-08-15T23:16:13.930,IMU-1,0x28,-3.69,179.38,279.06,0,3,0,0
2026-08-15T23:16:14.031,IMU-1,0x28,-3.69,179.38,279.06,0,3,0,0
2026-08-15T23:16:14.131,IMU-1,0x28,-3.69,179.38,279.06,0,3,0,0
2026-08-15T23:16:14.231,IMU-1,0x28,-3.69,179.38,279.06,0,3,0,0
2026-08-15T23:16:14.331,IMU-1,0x28,-3.69,179.38,279.06,0,3,0,0
2026-08-15T23:16:14.431,IMU-1,0x28,-3.69,179.38,279.06,0,3,0,0
2026-08-15T23:16:14.532,IMU-1,0x28,-3.69,179.38,279.06,0,3,0,0
2026-08-15T23:16:14.631,IMU-1,0x28,-3.69,179.38,279.06,0,3,0,0
2026-08-15T23:16:14.731,IMU-1,0x28,-3.69,179.38,279.06,0,3,0,0
2026-08-15T23:16:14.832,IMU-1,0x28,-3.69,179.38,279.06,0,3,0,0
2026-08-15T23:16:14.932,IMU-1,0x28,-3.75,179.38,279.06,0,3,0,0
2026-08-15T23:16:15.032,IMU-1,0x28,-3.75,179.38,279.06,0,3,0,0
2026-08-15T23:16:15.132,IMU-1,0x28,-3.75,179.38,279.06,0,3,0,0
2026-08-15T23:16:15.232,IMU-1,0x28,-3.75,179.38,279.06,0,3,0,0
2026-08-15T23:16:15.332,IMU-1,0x28,-3.75,179.38,279.06,0,3,0,0
2026-08-15T23:16:15.431,IMU-1,0x28,-3.75,179.38,279.06,0,3,0,0
2026-08-15T23:16:15.531,IMU-1,0x28,-3.75,179.38,279.06,0,3,0,0
2026-08-15T23:16:15.631,IMU-1,0x28,-3.81,179.38,279.06,0,3,0,0
2026-08-15T23:16:15.731,IMU-1,0x28,-3.81,179.38,279.06,0,3,0,0
2026-08-15T23:16:15.831,IMU-1,0x28,-3.81,179.38,279.06,0,3,0,0
2026-08-15T23:16:15.931,IMU-1,0x28,-3.81,179.38,279.06,0,3,0,0
2026-08-15T23:16:16.031,IMU-1,0x28,-3.81,179.38,279.06,0,3,0,0
2026-08-15T23:16:16.131,IMU-1,0x28,-3.81,179.38,279.06,0,3,0,0
2026-08-15T23:16:16.231,IMU-1,0x28,-3.81,179.38,279.06,0,3,0,0
2026-08-15T23:16:16.331,IMU-1,0x28,-3.81,179.38,279.06,0,3,0,0
2026-08-15T23:16:16.431,IMU-1,0x28,-3.81,179.38,279.06,0,3,0,0
2026-08-15T23:16:16.532,IMU-1,0x28,-3.81,179.38,279.06,0,3,0,0
2026-08-15T23:16:16.632,IMU-1,0x28,-3.81,179.38,279.06,0,3,0,0
2026-08-15T23:16:16.732,IMU-1,0x28,-3.81,179.38,279.06,0,3,0,0
2026-08-15T23:16:16.832,IMU-1,0x28,-3.81,179.38,279.06,0,3,0,0
2026-08-15T23:16:16.932,IMU-1,0x28,-3.81,179.38,279.06,0,3,0,0
2026-08-15T23:16:17.033,IMU-1,0x28,-3.81,179.38,279.06,0,3,0,0
2026-08-15T23:16:17.133,IMU-1,0x28,-3.81,179.38,279.06,0,3,0,0
2026-08-15T23:16:17.233,IMU-1,0x28,-3.81,179.38,279.06,0,3,0,0
2026-08-15T23:16:17.334,IMU-1,0x28,-3.81,179.38,279.06,0,3,0,0
2026-08-15T23:16:17.433,IMU-1,0x28,-3.81,179.38,279.06,0,3,0,0
2026-08-15T23:16:17.535,IMU-1,0x28,-3.81,179.38,279.06,0,3,0,0
2026-08-15T23:16:17.633,IMU-1,0x28,-3.81,179.38,279.06,0,3,0,0
2026-08-15T23:16:17.734,IMU-1,0x28,-3.81,179.38,279.06,0,3,0,0
2026-08-15T23:16:17.834,IMU-1,0x28,-3.81,179.38,279.06,0,3,0,0
2026-08-15T23:16:17.934,IMU-1,0x28,-3.81,179.38,279.06,0,3,0,0
2026-08-15T23:16:18.034,IMU-1,0x28,-3.81,179.38,279.06,0,3,0,0
2026-08-15T23:16:18.134,IMU-1,0x28,-3.81,179.38,279.06,0,3,0,0
2026-08-15T23:16:18.234,IMU-1,0x28,-3.81,179.38,279.06,0,3,0,0
2026-08-15T23:16:18.334,IMU-1,0x28,-3.81,179.38,279.06,0,3,0,0
2026-08-15T23:16:18.433,IMU-1,0x28,-3.81,179.38,279.06,0,3,0,0
2026-08-15T23:16:18.533,IMU-1,0x28,-3.81,179.38,279.06,0,3,0,0
2026-08-15T23:16:18.632,IMU-1,0x28,-3.81,179.38,279.06,0,3,0,0
2026-08-15T23:16:18.733,IMU-1,0x28,-3.81,179.38,279.06,0,3,0,0
2026-08-15T23:16:18.833,IMU-1,0x28,-3.81,179.38,279.06,0,3,0,0
2026-08-15T23:16:18.933,IMU-1,0x28,-3.81,179.38,279.06,0,3,0,0
2026-08-15T23:16:19.033,IMU-1,0x28,-3.81,179.38,279.06,0,3,0,0
2026-08-15T23:16:19.133,IMU-1,0x28,-3.81,179.38,279.06,0,3,0,0
2026-08-15T23:16:19.233,IMU-1,0x28,-3.81,179.38,279.06,0,3,0,0
2026-08-15T23:16:19.334,IMU-1,0x28,-3.81,179.38,279.06,0,3,0,0
2026-08-15T23:16:19.434,IMU-1,0x28,-3.81,179.38,279.06,0,3,0,0
2026-08-15T23:16:19.535,IMU-1,0x28,-3.81,179.38,279.06,0,3,0,0
2026-08-15T23:16:19.635,IMU-1,0x28,-3.81,179.38,279.06,0,3,0,0
2026-08-15T23:16:19.735,IMU-1,0x28,-3.81,179.38,279.06,0,3,0,0
2026-08-15T23:16:19.835,IMU-1,0x28,-3.81,179.38,279.06,0,3,0,0
2026-08-15T23:16:19.935,IMU-1,0x28,-3.81,179.38,279.06,0,3,0,0
2026-08-15T23:16:20.035,IMU-1,0x28,-3.81,179.38,279.06,0,3,0,0
2026-08-15T23:16:20.135,IMU-1,0x28,-3.81,179.38,279.06,0,3,0,0
2026-08-15T23:16:20.235,IMU-1,0x28,-3.81,179.38,279.06,0,3,0,0
2026-08-15T23:16:20.335,IMU-1,0x28,-3.81,179.38,279.06,0,3,0,0
2026-08-15T23:16:20.435,IMU-1,0x28,-3.81,179.38,279.06,0,3,0,0
2026-08-15T23:16:20.536,IMU-1,0x28,-3.81,179.38,279.06,0,3,0,0
2026-08-15T23:16:20.635,IMU-1,0x28,-3.81,179.38,279.06,0,3,0,0
2026-08-15T23:16:20.734,IMU-1,0x28,-3.81,179.38,279.06,0,3,0,0
2026-08-15T23:16:20.835,IMU-1,0x28,-3.81,179.38,279.06,0,3,0,0
2026-08-15T23:16:20.935,IMU-1,0x28,-3.81,179.38,279.06,0,3,0,0
2026-08-15T23:16:21.035,IMU-1,0x28,-3.81,179.38,279.06,0,3,0,0
2026-08-15T23:16:21.135,IMU-1,0x28,-3.81,179.38,279.06,0,3,0,0
2026-08-15T23:16:21.235,IMU-1,0x28,-3.81,179.38,279.06,0,3,0,0
2026-08-15T23:16:21.335,IMU-1,0x28,-3.81,179.38,279.06,0,3,0,0
2026-08-15T23:16:21.435,IMU-1,0x28,-3.81,179.38,279.06,0,3,0,0
2026-08-15T23:16:21.536,IMU-1,0x28,-3.81,179.38,279.06,0,3,0,0
2026-08-15T23:16:21.635,IMU-1,0x28,-3.81,179.38,279.06,0,3,0,0
2026-08-15T23:16:21.735,IMU-1,0x28,-3.81,179.38,279.06,0,3,0,0
2026-08-15T23:16:21.835,IMU-1,0x28,-3.81,179.38,279.06,0,3,0,0
2026-08-15T23:16:21.936,IMU-1,0x28,-3.81,179.38,279.06,0,3,0,0
2026-08-15T23:16:22.036,IMU-1,0x28,-3.81,179.38,279.06,0,3,0,0
2026-08-15T23:16:22.136,IMU-1,0x28,-3.81,179.38,279.06,0,3,0,0
2026-08-15T23:16:22.236,IMU-1,0x28,-3.81,179.38,279.06,0,3,0,0
2026-08-15T23:16:22.336,IMU-1,0x28,-3.81,179.38,279.06,0,3,0,0
2026-08-15T23:16:22.436,IMU-1,0x28,-3.81,179.38,279.06,0,3,0,0
2026-08-15T23:16:22.537,IMU-1,0x28,-3.81,179.38,279.06,0,3,0,0
2026-08-15T23:16:22.636,IMU-1,0x28,-3.81,179.38,279.06,0,3,0,0
2026-08-15T23:16:22.737,IMU-1,0x28,-3.81,179.38,279.06,0,3,0,0
2026-08-15T23:16:22.836,IMU-1,0x28,-3.81,179.38,279.06,0,3,0,0
2026-08-15T23:16:22.937,IMU-1,0x28,-3.81,179.38,279.06,0,3,0,0
2026-08-15T23:16:23.037,IMU-1,0x28,-3.81,179.38,279.06,0,3,0,0
2026-08-15T23:16:23.137,IMU-1,0x28,-3.81,179.38,279.06,0,3,0,0
2026-08-15T23:16:23.236,IMU-1,0x28,-3.81,179.38,279.06,0,3,0,0
2026-08-15T23:16:23.336,IMU-1,0x28,-3.81,179.38,279.06,0,3,0,0
2026-08-15T23:16:23.436,IMU-1,0x28,-3.81,179.38,279.06,0,3,0,0
2026-08-15T23:16:23.537,IMU-1,0x28,-3.81,179.38,279.06,0,3,0,0
2026-08-15T23:16:23.636,IMU-1,0x28,-3.81,179.38,279.06,0,3,0,0
2026-08-15T23:16:23.736,IMU-1,0x28,-3.81,179.38,279.06,0,3,0,0
2026-08-15T23:16:23.836,IMU-1,0x28,-3.81,179.38,279.06,0,3,0,0
2026-08-15T23:16:23.936,IMU-1,0x28,-3.81,179.38,279.06,0,3,0,0
2026-08-15T23:16:24.037,IMU-1,0x28,-3.81,179.38,279.06,0,3,0,0
2026-08-15T23:16:24.137,IMU-1,0x28,-3.81,179.38,279.06,0,3,0,0
2026-08-15T23:16:24.237,IMU-1,0x28,-3.81,179.38,279.06,0,3,0,0
2026-08-15T23:16:24.337,IMU-1,0x28,-3.81,179.38,279.06,0,3,0,0
2026-08-15T23:16:24.437,IMU-1,0x28,-3.81,179.38,279.06,0,3,0,0
2026-08-15T23:16:24.539,IMU-1,0x28,-3.81,179.38,279.06,0,3,0,0
2026-08-15T23:16:24.638,IMU-1,0x28,-3.81,179.38,279.06,0,3,0,0
2026-08-15T23:16:24.738,IMU-1,0x28,-3.81,179.38,279.06,0,3,0,0
2026-08-15T23:16:24.838,IMU-1,0x28,-3.81,179.38,279.06,0,3,0,0
2026-08-15T23:16:24.938,IMU-1,0x28,-3.81,179.38,279.06,0,3,0,0
2026-08-15T23:16:25.038,IMU-1,0x28,-3.81,179.38,279.06,0,3,0,0
2026-08-15T23:16:25.138,IMU-1,0x28,-3.81,179.38,279.06,0,3,0,0
2026-08-15T23:16:25.237,IMU-1,0x28,-3.81,179.38,279.06,0,3,0,0
2026-08-15T23:16:25.337,IMU-1,0x28,-3.81,179.38,279.06,0,3,0,0
2026-08-15T23:16:25.437,IMU-1,0x28,-3.81,179.38,279.06,0,3,0,0
2026-08-15T23:16:25.537,IMU-1,0x28,-3.81,179.38,279.06,0,3,0,0
2026-08-15T23:16:25.637,IMU-1,0x28,-3.81,179.38,279.06,0,3,0,0
2026-08-15T23:16:25.737,IMU-1,0x28,-3.81,179.38,279.06,0,3,0,0
2026-08-15T23:16:25.838,IMU-1,0x28,-3.81,179.38,279.06,0,3,0,0
2026-08-15T23:16:25.938,IMU-1,0x28,-3.81,179.38,279.06,0,3,0,0
2026-08-15T23:16:26.038,IMU-1,0x28,-3.81,179.38,279.06,0,3,0,0
2026-08-15T23:16:26.138,IMU-1,0x28,-3.81,179.38,279.06,0,3,0,0
2026-08-15T23:16:26.238,IMU-1,0x28,-3.81,179.38,279.06,0,3,0,0
2026-08-15T23:16:26.338,IMU-1,0x28,-3.81,179.38,279.06,0,3,0,0
2026-08-15T23:16:26.438,IMU-1,0x28,-3.81,179.38,279.06,0,3,0,0
2026-08-15T23:16:26.539,IMU-1,0x28,-3.81,179.38,279.06,0,3,0,0
2026-08-15T23:16:26.639,IMU-1,0x28,-3.81,179.38,279.06,0,3,0,0
2026-08-15T23:16:26.739,IMU-1,0x28,-3.81,179.38,279.06,0,3,0,0
2026-08-15T23:16:26.839,IMU-1,0x28,-3.81,179.38,279.06,0,3,0,0
2026-08-15T23:16:26.939,IMU-1,0x28,-3.81,179.38,279.06,0,3,0,0
2026-08-15T23:16:27.039,IMU-1,0x28,-3.81,179.38,279.06,0,3,0,0
2026-08-15T23:16:27.139,IMU-1,0x28,-3.81,179.38,279.06,0,3,0,0
2026-08-15T23:16:27.239,IMU-1,0x28,-3.81,179.38,279.06,0,3,0,0
2026-08-15T23:16:27.339,IMU-1,0x28,-3.81,179.38,279.06,0,3,0,0
2026-08-15T23:16:27.438,IMU-1,0x28,-3.81,179.38,279.06,0,3,0,0
2026-08-15T23:16:27.539,IMU-1,0x28,-3.81,179.38,279.06,0,3,0,0
2026-08-15T23:16:27.638,IMU-1,0x28,-3.81,179.38,279.06,0,3,0,0
2026-08-15T23:16:27.738,IMU-1,0x28,-3.81,179.38,279.06,0,3,0,0
2026-08-15T23:16:27.838,IMU-1,0x28,-3.81,179.38,279.06,0,3,0,0
2026-08-15T23:16:27.938,IMU-1,0x28,-3.81,179.38,279.06,0,3,0,0
2026-08-15T23:16:28.038,IMU-1,0x28,-3.81,179.38,279.06,0,3,0,0
2026-08-15T23:16:28.138,IMU-1,0x28,-3.81,179.38,279.06,0,3,0,0
2026-08-15T23:16:28.239,IMU-1,0x28,-3.81,179.38,279.06,0,3,0,0
2026-08-15T23:16:28.338,IMU-1,0x28,-3.81,179.38,279.06,0,3,0,0
2026-08-15T23:16:28.439,IMU-1,0x28,-3.81,179.38,279.06,0,3,0,0
2026-08-15T23:16:28.539,IMU-1,0x28,-3.81,179.38,279.06,0,3,0,0
2026-08-15T23:16:28.639,IMU-1,0x28,-3.81,179.38,279.06,0,3,0,0
2026-08-15T23:16:28.740,IMU-1,0x28,-3.81,179.38,279.06,0,3,0,0
2026-08-15T23:16:28.840,IMU-1,0x28,-3.81,179.38,279.06,0,3,0,0
2026-08-15T23:16:28.940,IMU-1,0x28,-3.81,179.38,279.06,0,3,0,0
2026-08-15T23:16:29.040,IMU-1,0x28,-3.81,179.38,279.06,0,3,0,0
2026-08-15T23:16:29.141,IMU-1,0x28,-3.81,179.38,279.06,0,3,0,0
2026-08-15T23:16:29.241,IMU-1,0x28,-3.81,179.38,279.06,0,3,0,0
2026-08-15T23:16:29.341,IMU-1,0x28,-3.81,179.38,279.06,0,3,0,0
2026-08-15T23:16:29.441,IMU-1,0x28,-3.81,179.38,279.06,0,3,0,0
2026-08-15T23:16:29.542,IMU-1,0x28,-3.81,179.38,279.06,0,3,0,0
2026-08-15T23:16:29.641,IMU-1,0x28,-3.81,179.38,279.06,0,3,0,0
2026-08-15T23:16:29.741,IMU-1,0x28,-3.81,179.38,279.06,0,3,0,0
2026-08-15T23:16:29.841,IMU-1,0x28,-3.81,179.38,279.06,0,3,0,0
2026-08-15T23:16:29.941,IMU-1,0x28,-3.81,179.38,279.06,0,3,0,0
2026-08-15T23:16:30.041,IMU-1,0x28,-3.81,179.38,279.06,0,3,0,0
2026-08-15T23:16:30.141,IMU-1,0x28,-3.81,179.38,279.06,0,3,0,0
2026-08-15T23:16:30.241,IMU-1,0x28,-3.81,179.38,279.06,0,3,0,0
2026-08-15T23:16:30.341,IMU-1,0x28,-3.81,179.38,279.06,0,3,0,0
2026-08-15T23:16:30.440,IMU-1,0x28,-3.81,179.38,279.06,0,3,0,0
2026-08-15T23:16:30.541,IMU-1,0x28,-3.81,179.38,279.06,0,3,0,0
2026-08-15T23:16:30.640,IMU-1,0x28,-3.81,179.38,279.06,0,3,0,0
2026-08-15T23:16:30.740,IMU-1,0x28,-3.81,179.38,279.06,0,3,0,0
2026-08-15T23:16:30.840,IMU-1,0x28,-3.81,179.38,279.06,0,3,0,0
2026-08-15T23:16:30.940,IMU-1,0x28,-3.81,179.38,279.06,0,3,0,0
2026-08-15T23:16:31.041,IMU-1,0x28,-3.81,179.38,279.06,0,3,0,0
2026-08-15T23:16:31.141,IMU-1,0x28,-3.81,179.38,279.06,0,3,0,0
2026-08-15T23:16:31.241,IMU-1,0x28,-3.81,179.38,279.06,0,3,0,0
2026-08-15T23:16:31.341,IMU-1,0x28,-3.81,179.38,279.06,0,3,0,0
2026-08-15T23:16:31.442,IMU-1,0x28,-3.81,179.38,279.06,0,3,0,0
2026-08-15T23:16:31.542,IMU-1,0x28,-3.81,179.38,279.06,0,3,0,0
2026-08-15T23:16:31.642,IMU-1,0x28,-3.81,179.38,279.06,0,3,0,0
2026-08-15T23:16:31.742,IMU-1,0x28,-3.81,179.38,279.06,0,3,0,0
2026-08-15T23:16:31.842,IMU-1,0x28,-3.81,179.38,279.06,0,3,0,0
2026-08-15T23:16:31.942,IMU-1,0x28,-3.81,179.38,279.06,0,3,0,0
2026-08-15T23:16:32.042,IMU-1,0x28,-3.81,179.38,279.06,0,3,0,0
2026-08-15T23:16:32.142,IMU-1,0x28,-3.81,179.38,279.06,0,3,0,0
2026-08-15T23:16:32.242,IMU-1,0x28,-3.81,179.38,279.06,0,3,0,0
2026-08-15T23:16:32.343,IMU-1,0x28,-3.81,179.38,279.06,0,3,0,0
2026-08-15T23:16:32.442,IMU-1,0x28,-3.81,179.38,279.06,0,3,0,0
2026-08-15T23:16:32.543,IMU-1,0x28,-3.81,179.38,279.06,0,3,0,0
2026-08-15T23:16:32.642,IMU-1,0x28,-3.81,179.38,279.06,0,3,0,0
2026-08-15T23:16:32.742,IMU-1,0x28,-3.81,179.38,279.06,0,3,0,0
2026-08-15T23:16:32.842,IMU-1,0x28,-3.81,179.38,279.06,0,3,0,0
2026-08-15T23:16:32.942,IMU-1,0x28,-3.81,179.38,279.06,0,3,0,0
2026-08-15T23:16:33.042,IMU-1,0x28,-3.81,179.38,279.06,0,3,0,0
2026-08-15T23:16:33.142,IMU-1,0x28,-3.81,179.38,279.06,0,3,0,0
2026-08-15T23:16:33.242,IMU-1,0x28,-3.81,179.38,279.06,0,3,0,0
2026-08-15T23:16:33.342,IMU-1,0x28,-3.81,179.38,279.06,0,3,0,0
2026-08-15T23:16:33.442,IMU-1,0x28,-3.81,179.38,279.06,0,3,0,0
2026-08-15T23:16:33.543,IMU-1,0x28,-3.81,179.38,279.06,0,3,0,0
2026-08-15T23:16:33.643,IMU-1,0x28,-3.81,179.38,279.06,0,3,0,0
2026-08-15T23:16:33.743,IMU-1,0x28,-3.81,179.38,279.06,0,3,0,0
2026-08-15T23:16:33.843,IMU-1,0x28,-3.81,179.38,279.06,0,3,0,0
2026-08-15T23:16:33.943,IMU-1,0x28,-3.81,179.38,279.06,0,3,0,0
2026-08-15T23:16:34.043,IMU-1,0x28,-3.81,179.38,279.06,0,3,0,0
2026-08-15T23:16:34.143,IMU-1,0x28,-3.81,179.38,279.06,0,3,0,0
2026-08-15T23:16:34.244,IMU-1,0x28,-3.81,179.38,279.06,0,3,0,0
2026-08-15T23:16:34.344,IMU-1,0x28,-3.81,179.38,279.06,0,3,0,0
2026-08-15T23:16:34.444,IMU-1,0x28,-3.81,179.38,279.06,0,3,0,0
2026-08-15T23:16:34.545,IMU-1,0x28,-3.81,179.38,279.06,0,3,0,0
2026-08-15T23:16:34.644,IMU-1,0x28,-3.81,179.38,279.06,0,3,0,0
2026-08-15T23:16:34.743,IMU-1,0x28,-3.81,179.38,279.06,0,3,0,0
2026-08-15T23:16:34.843,IMU-1,0x28,-3.81,179.38,279.06,0,3,0,0
2026-08-15T23:16:34.942,IMU-1,0x28,-3.81,179.38,279.06,0,3,0,0
2026-08-15T23:16:35.043,IMU-1,0x28,-3.81,179.38,279.06,0,3,0,0
2026-08-15T23:16:35.143,IMU-1,0x28,-3.81,179.38,279.06,0,3,0,0
2026-08-15T23:16:35.243,IMU-1,0x28,-3.81,179.38,279.06,0,3,0,0
2026-08-15T23:16:35.343,IMU-1,0x28,-3.81,179.38,279.06,0,3,0,0
2026-08-15T23:16:35.444,IMU-1,0x28,-3.81,179.38,279.06,0,3,0,0
2026-08-15T23:16:35.544,IMU-1,0x28,-3.81,179.38,279.06,0,3,0,0
2026-08-15T23:16:35.644,IMU-1,0x28,-3.81,179.38,279.06,0,3,0,0
2026-08-15T23:16:35.744,IMU-1,0x28,-3.81,179.38,279.06,0,3,0,0
2026-08-15T23:16:35.844,IMU-1,0x28,-3.81,179.38,279.06,0,3,0,0
2026-08-15T23:16:35.944,IMU-1,0x28,-3.81,179.38,279.06,0,3,0,0
2026-08-15T23:16:36.044,IMU-1,0x28,-3.81,179.38,279.06,0,3,0,0
2026-08-15T23:16:36.144,IMU-1,0x28,-3.81,179.38,279.06,0,3,0,0
2026-08-15T23:16:36.245,IMU-1,0x28,-3.81,179.38,279.06,0,3,0,0
2026-08-15T23:16:36.345,IMU-1,0x28,-3.81,179.38,279.06,0,3,0,0
2026-08-15T23:16:36.445,IMU-1,0x28,-3.81,179.38,279.06,0,3,0,0
2026-08-15T23:16:36.546,IMU-1,0x28,-3.81,179.38,279.06,0,3,0,0
2026-08-15T23:16:36.645,IMU-1,0x28,-3.81,179.38,279.06,0,3,0,0
2026-08-15T23:16:36.745,IMU-1,0x28,-3.81,179.38,279.06,0,3,0,0
2026-08-15T23:16:36.846,IMU-1,0x28,-3.81,179.38,279.06,0,3,0,0
2026-08-15T23:16:36.945,IMU-1,0x28,-3.81,179.38,279.06,0,3,0,0
2026-08-15T23:16:37.045,IMU-1,0x28,-3.81,179.38,279.06,0,3,0,0
2026-08-15T23:16:37.145,IMU-1,0x28,-3.81,179.38,279.06,0,3,0,0
2026-08-15T23:16:37.244,IMU-1,0x28,-3.81,179.38,279.06,0,3,0,0
2026-08-15T23:16:37.344,IMU-1,0x28,-3.81,179.38,279.06,0,3,0,0
2026-08-15T23:16:37.444,IMU-1,0x28,-3.81,179.38,279.06,0,3,0,0
2026-08-15T23:16:37.544,IMU-1,0x28,-3.81,179.38,279.06,0,3,0,0
2026-08-15T23:16:37.644,IMU-1,0x28,-3.81,179.38,279.06,0,3,0,0
2026-08-15T23:16:37.744,IMU-1,0x28,-3.81,179.38,279.06,0,3,0,0
2026-08-15T23:16:37.844,IMU-1,0x28,-3.81,179.38,279.06,0,3,0,0
2026-08-15T23:16:37.944,IMU-1,0x28,-3.81,179.38,279.06,0,3,0,0
2026-08-15T23:16:38.045,IMU-1,0x28,-3.81,179.38,279.06,0,3,0,0
2026-08-15T23:16:38.145,IMU-1,0x28,-3.81,179.38,279.06,0,3,0,0
2026-08-15T23:16:38.245,IMU-1,0x28,-3.81,179.38,279.06,0,3,0,0
2026-08-15T23:16:38.345,IMU-1,0x28,-3.81,179.38,279.06,0,3,0,0
2026-08-15T23:16:38.446,IMU-1,0x28,-3.81,179.38,279.06,0,3,0,0
2026-08-15T23:16:38.546,IMU-1,0x28,-3.81,179.38,279.06,0,3,0,0
2026-08-15T23:16:38.646,IMU-1,0x28,-3.81,179.38,279.06,0,3,0,0
2026-08-15T23:16:38.746,IMU-1,0x28,-3.81,179.38,279.06,0,3,0,0
2026-08-15T23:16:38.847,IMU-1,0x28,-3.81,179.38,279.06,0,3,0,0
2026-08-15T23:16:38.946,IMU-1,0x28,-3.81,179.38,279.06,0,3,0,0
2026-08-15T23:16:39.046,IMU-1,0x28,-3.81,179.38,279.06,0,3,0,0
2026-08-15T23:16:39.145,IMU-1,0x28,-3.81,179.38,279.06,0,3,0,0
2026-08-15T23:16:39.245,IMU-1,0x28,-3.81,179.38,279.06,0,3,0,0
2026-08-15T23:16:39.345,IMU-1,0x28,-3.81,179.38,279.06,0,3,0,0
2026-08-15T23:16:39.445,IMU-1,0x28,-3.81,179.38,279.06,0,3,0,0
2026-08-15T23:16:39.546,IMU-1,0x28,-3.81,179.38,279.06,0,3,0,0
2026-08-15T23:16:39.645,IMU-1,0x28,-3.81,179.38,279.06,0,3,0,0
2026-08-15T23:16:39.745,IMU-1,0x28,-3.81,179.38,279.06,0,3,0,0
2026-08-15T23:16:39.845,IMU-1,0x28,-3.81,179.38,279.06,0,3,0,0
2026-08-15T23:16:39.945,IMU-1,0x28,-3.81,179.38,279.06,0,3,0,0
2026-08-15T23:16:40.046,IMU-1,0x28,-3.81,179.38,279.06,0,3,0,0
2026-08-15T23:16:40.146,IMU-1,0x28,-3.81,179.38,279.06,0,3,0,0
2026-08-15T23:16:40.246,IMU-1,0x28,-3.81,179.38,279.06,0,3,0,0
2026-08-15T23:16:40.346,IMU-1,0x28,-3.81,179.38,279.06,0,3,0,0
2026-08-15T23:16:40.446,IMU-1,0x28,-3.81,179.38,279.06,0,3,0,0
2026-08-15T23:16:40.547,IMU-1,0x28,-3.81,179.38,279.06,0,3,0,0
2026-08-15T23:16:40.647,IMU-1,0x28,-3.81,179.38,279.06,0,3,0,0
2026-08-15T23:16:40.747,IMU-1,0x28,-3.81,179.38,279.06,0,3,0,0
2026-08-15T23:16:40.847,IMU-1,0x28,-3.81,179.38,279.06,0,3,0,0
2026-08-15T23:16:40.947,IMU-1,0x28,-3.81,179.38,279.06,0,3,0,0
2026-08-15T23:16:41.048,IMU-1,0x28,-3.81,179.38,279.06,0,3,0,0
2026-08-15T23:16:41.148,IMU-1,0x28,-3.81,179.38,279.06,0,3,0,0
2026-08-15T23:16:41.248,IMU-1,0x28,-3.81,179.38,279.06,0,3,0,0
2026-08-15T23:16:41.348,IMU-1,0x28,-3.81,179.38,279.06,0,3,0,0
2026-08-15T23:16:41.448,IMU-1,0x28,-3.81,179.38,279.06,0,3,0,0
2026-08-15T23:16:41.549,IMU-1,0x28,-3.81,179.38,279.06,0,3,0,0
2026-08-15T23:16:41.648,IMU-1,0x28,-3.81,179.38,279.06,0,3,0,0
2026-08-15T23:16:41.748,IMU-1,0x28,-3.81,179.38,279.06,0,3,0,0
2026-08-15T23:16:41.848,IMU-1,0x28,-3.81,179.38,279.06,0,3,0,0
2026-08-15T23:16:41.948,IMU-1,0x28,-3.81,179.38,279.06,0,3,0,0
2026-08-15T23:16:42.048,IMU-1,0x28,-3.81,179.38,279.06,0,3,0,0
2026-08-15T23:16:42.149,IMU-1,0x28,-3.81,179.38,279.06,0,3,0,0
2026-08-15T23:16:42.248,IMU-1,0x28,-3.81,179.38,279.06,0,3,0,0
2026-08-15T23:16:42.348,IMU-1,0x28,-3.81,179.38,279.06,0,3,0,0
2026-08-15T23:16:42.448,IMU-1,0x28,-3.81,179.38,279.06,0,3,0,0
2026-08-15T23:16:42.549,IMU-1,0x28,-3.81,179.38,279.06,0,3,0,0
2026-08-15T23:16:42.648,IMU-1,0x28,-3.81,179.38,279.06,0,3,0,0
2026-08-15T23:16:42.748,IMU-1,0x28,-3.81,179.38,279.06,0,3,0,0
2026-08-15T23:16:42.848,IMU-1,0x28,-3.81,179.38,279.06,0,3,0,0
2026-08-15T23:16:42.948,IMU-1,0x28,-3.81,179.38,279.06,0,3,0,0
2026-08-15T23:16:43.048,IMU-1,0x28,-3.81,179.38,279.06,0,3,0,0
2026-08-15T23:16:43.148,IMU-1,0x28,-3.81,179.38,279.06,0,3,0,0
2026-08-15T23:16:43.249,IMU-1,0x28,-3.81,179.38,279.06,0,3,0,0
2026-08-15T23:16:43.349,IMU-1,0x28,-3.81,179.38,279.06,0,3,0,0
2026-08-15T23:16:43.449,IMU-1,0x28,-3.81,179.38,279.06,0,3,0,0
2026-08-15T23:16:43.550,IMU-1,0x28,-3.81,179.38,279.06,0,3,0,0
2026-08-15T23:16:43.649,IMU-1,0x28,-3.81,179.38,279.06,0,3,0,0
2026-08-15T23:16:43.749,IMU-1,0x28,-3.81,179.38,279.06,0,3,0,0
2026-08-15T23:16:43.849,IMU-1,0x28,-3.81,179.38,279.06,0,3,0,0
2026-08-15T23:16:43.949,IMU-1,0x28,-3.81,179.38,279.06,0,3,0,0
2026-08-15T23:16:44.049,IMU-1,0x28,-3.81,179.38,279.06,0,3,0,0
2026-08-15T23:16:44.149,IMU-1,0x28,-3.81,179.38,279.06,0,3,0,0
2026-08-15T23:16:44.249,IMU-1,0x28,-3.81,179.38,279.06,0,3,0,0
2026-08-15T23:16:44.348,IMU-1,0x28,-3.81,179.38,279.06,0,3,0,0
2026-08-15T23:16:44.448,IMU-1,0x28,-3.81,179.38,279.06,0,3,0,0
2026-08-15T23:16:44.549,IMU-1,0x28,-3.81,179.38,279.06,0,3,0,0
2026-08-15T23:16:44.649,IMU-1,0x28,-3.81,179.38,279.06,0,3,0,0
2026-08-15T23:16:44.749,IMU-1,0x28,-3.81,179.38,279.06,0,3,0,0
2026-08-15T23:16:44.849,IMU-1,0x28,-3.81,179.38,279.06,0,3,0,0
2026-08-15T23:16:44.949,IMU-1,0x28,-3.81,179.38,279.06,0,3,0,0
2026-08-15T23:16:45.050,IMU-1,0x28,-3.81,179.38,279.06,0,3,0,0
2026-08-15T23:16:45.149,IMU-1,0x28,-3.81,179.38,279.06,0,3,0,0
2026-08-15T23:16:45.250,IMU-1,0x28,-3.81,179.38,279.06,0,3,0,0
2026-08-15T23:16:45.350,IMU-1,0x28,-3.81,179.38,279.06,0,3,0,0
2026-08-15T23:16:45.450,IMU-1,0x28,-3.81,179.38,279.06,0,3,0,0
2026-08-15T23:16:45.551,IMU-1,0x28,-3.81,179.38,279.06,0,3,0,0
2026-08-15T23:16:45.650,IMU-1,0x28,-3.81,179.38,279.06,0,3,0,0
2026-08-15T23:16:45.750,IMU-1,0x28,-3.81,179.38,279.06,0,3,0,0
2026-08-15T23:16:45.851,IMU-1,0x28,-3.81,179.38,279.06,0,3,0,0
2026-08-15T23:16:45.951,IMU-1,0x28,-3.81,179.38,279.06,0,3,0,0
2026-08-15T23:16:46.051,IMU-1,0x28,-3.81,179.38,279.06,0,3,0,0
2026-08-15T23:16:46.151,IMU-1,0x28,-3.81,179.38,279.06,0,3,0,0
2026-08-15T23:16:46.251,IMU-1,0x28,-3.81,179.38,279.06,0,3,0,0
2026-08-15T23:16:46.351,IMU-1,0x28,-3.81,179.38,279.06,0,3,0,0
2026-08-15T23:16:46.451,IMU-1,0x28,-3.81,179.38,279.06,0,3,0,0
2026-08-15T23:16:46.552,IMU-1,0x28,-3.81,179.38,279.06,0,3,0,0
2026-08-15T23:16:46.651,IMU-1,0x28,-3.81,179.38,279.06,0,3,0,0
2026-08-15T23:16:46.750,IMU-1,0x28,-3.81,179.38,279.06,0,3,0,0
2026-08-15T23:16:46.850,IMU-1,0x28,-3.81,179.38,279.06,0,3,0,0
2026-08-15T23:16:46.950,IMU-1,0x28,-3.81,179.38,279.06,0,3,0,0
2026-08-15T23:16:47.050,IMU-1,0x28,-3.81,179.38,279.06,0,3,0,0
2026-08-15T23:16:47.150,IMU-1,0x28,-3.81,179.38,279.06,0,3,0,0
2026-08-15T23:16:47.250,IMU-1,0x28,-3.81,179.38,279.06,0,3,0,0
2026-08-15T23:16:47.350,IMU-1,0x28,-3.81,179.38,279.06,0,3,0,0
2026-08-15T23:16:47.450,IMU-1,0x28,-3.81,179.38,279.06,0,3,0,0
2026-08-15T23:16:47.551,IMU-1,0x28,-3.81,179.38,279.06,0,3,0,0
2026-08-15T23:16:47.651,IMU-1,0x28,-3.81,179.38,279.06,0,3,0,0
2026-08-15T23:16:47.751,IMU-1,0x28,-3.81,179.38,279.06,0,3,0,0
2026-08-15T23:16:47.851,IMU-1,0x28,-3.81,179.38,279.06,0,3,0,0
2026-08-15T23:16:47.952,IMU-1,0x28,-3.81,179.38,279.06,0,3,0,0
2026-08-15T23:16:48.052,IMU-1,0x28,-3.81,179.38,279.06,0,3,0,0
2026-08-15T23:16:48.152,IMU-1,0x28,-3.81,179.38,279.06,0,3,0,0
2026-08-15T23:16:48.252,IMU-1,0x28,-3.81,179.38,279.06,0,3,0,0
2026-08-15T23:16:48.352,IMU-1,0x28,-3.81,179.38,279.06,0,3,0,0
2026-08-15T23:16:48.452,IMU-1,0x28,-3.81,179.38,279.06,0,3,0,0
2026-08-15T23:16:48.554,IMU-1,0x28,-3.81,179.38,279.06,0,3,0,0
2026-08-15T23:16:48.653,IMU-1,0x28,-3.81,179.38,279.06,0,3,0,0
2026-08-15T23:16:48.752,IMU-1,0x28,-3.81,179.38,279.06,0,3,0,0
2026-08-15T23:16:48.853,IMU-1,0x28,-3.81,179.38,279.06,0,3,0,0
2026-08-15T23:16:48.953,IMU-1,0x28,-3.81,179.38,279.06,0,3,0,0
2026-08-15T23:16:49.053,IMU-1,0x28,-3.81,179.38,279.06,0,3,0,0
2026-08-15T23:16:49.153,IMU-1,0x28,-3.81,179.38,279.06,0,3,0,0
2026-08-15T23:16:49.252,IMU-1,0x28,-3.81,179.38,279.06,0,3,0,0
2026-08-15T23:16:49.352,IMU-1,0x28,-3.81,179.38,279.06,0,3,0,0
2026-08-15T23:16:49.452,IMU-1,0x28,-3.81,179.38,279.06,0,3,0,0
2026-08-15T23:16:49.553,IMU-1,0x28,-3.81,179.38,279.06,0,3,0,0
2026-08-15T23:16:49.652,IMU-1,0x28,-3.81,179.38,279.06,0,3,0,0
2026-08-15T23:16:49.752,IMU-1,0x28,-3.81,179.38,279.06,0,3,0,0
2026-08-15T23:16:49.853,IMU-1,0x28,-3.81,179.38,279.06,0,3,0,0
2026-08-15T23:16:49.953,IMU-1,0x28,-3.81,179.38,279.06,0,3,0,0
2026-08-15T23:16:50.053,IMU-1,0x28,-3.81,179.38,279.06,0,3,0,0
2026-08-15T23:16:50.153,IMU-1,0x28,-3.81,179.38,279.06,0,3,0,0
2026-08-15T23:16:50.253,IMU-1,0x28,-3.81,179.38,279.06,0,3,0,0
2026-08-15T23:16:50.354,IMU-1,0x28,-3.81,179.38,279.06,0,3,0,0
2026-08-15T23:16:50.453,IMU-1,0x28,-3.81,179.38,279.06,0,3,0,0
2026-08-15T23:16:50.553,IMU-1,0x28,-3.81,179.38,279.06,0,3,0,0
2026-08-15T23:16:50.652,IMU-1,0x28,-3.81,179.38,279.06,0,3,0,0
2026-08-15T23:16:50.752,IMU-1,0x28,-3.81,179.38,279.06,0,3,0,0
2026-08-15T23:16:50.852,IMU-1,0x28,-3.81,179.38,279.06,0,3,0,0
2026-08-15T23:16:50.952,IMU-1,0x28,-3.81,179.38,279.06,0,3,0,0
2026-08-15T23:16:51.052,IMU-1,0x28,-3.81,179.38,279.06,0,3,0,0
2026-08-15T23:16:51.153,IMU-1,0x28,-3.81,179.38,279.06,0,3,0,0
2026-08-15T23:16:51.253,IMU-1,0x28,-3.81,179.38,279.06,0,3,0,0
2026-08-15T23:16:51.353,IMU-1,0x28,-3.81,179.38,279.06,0,3,0,0
2026-08-15T23:16:51.453,IMU-1,0x28,-3.81,179.38,279.06,0,3,0,0
2026-08-15T23:16:51.554,IMU-1,0x28,-3.81,179.38,279.06,0,3,0,0
2026-08-15T23:16:51.654,IMU-1,0x28,-3.81,179.38,279.06,0,3,0,0
2026-08-15T23:16:51.754,IMU-1,0x28,-3.81,179.38,279.06,0,3,0,0
2026-08-15T23:16:51.854,IMU-1,0x28,-3.81,179.38,279.06,0,3,0,0
2026-08-15T23:16:51.954,IMU-1,0x28,-3.81,179.38,279.06,0,3,0,0
2026-08-15T23:16:52.054,IMU-1,0x28,-3.81,179.38,279.06,0,3,0,0
2026-08-15T23:16:52.154,IMU-1,0x28,-3.81,179.38,279.06,0,3,0,0
2026-08-15T23:16:52.254,IMU-1,0x28,-3.81,179.38,279.06,0,3,0,0
2026-08-15T23:16:52.354,IMU-1,0x28,-3.81,179.38,279.06,0,3,0,0
2026-08-15T23:16:52.455,IMU-1,0x28,-3.81,179.38,279.06,0,3,0,0
2026-08-15T23:16:52.556,IMU-1,0x28,-3.81,179.38,279.06,0,3,0,0
2026-08-15T23:16:52.655,IMU-1,0x28,-3.81,179.38,279.06,0,3,0,0
2026-08-15T23:16:52.755,IMU-1,0x28,-3.81,179.38,279.06,0,3,0,0
2026-08-15T23:16:52.855,IMU-1,0x28,-3.81,179.38,279.06,0,3,0,0
2026-08-15T23:16:52.955,IMU-1,0x28,-3.81,179.38,279.06,0,3,0,0
2026-08-15T23:16:53.055,IMU-1,0x28,-3.81,179.38,279.06,0,3,0,0
2026-08-15T23:16:53.155,IMU-1,0x28,-3.81,179.38,279.06,0,3,0,0
2026-08-15T23:16:53.255,IMU-1,0x28,-3.81,179.38,279.06,0,3,0,0
2026-08-15T23:16:53.355,IMU-1,0x28,-3.81,179.38,279.06,0,3,0,0
2026-08-15T23:16:53.455,IMU-1,0x28,-3.81,179.38,279.06,0,3,0,0
2026-08-15T23:16:53.555,IMU-1,0x28,-3.81,179.38,279.06,0,3,0,0
2026-08-15T23:16:53.654,IMU-1,0x28,-3.81,179.38,279.06,0,3,0,0
2026-08-15T23:16:53.754,IMU-1,0x28,-3.81,179.38,279.06,0,3,0,0
2026-08-15T23:16:53.854,IMU-1,0x28,-3.81,179.38,279.06,0,3,0,0
2026-08-15T23:16:53.954,IMU-1,0x28,-3.81,179.38,279.06,0,3,0,0
2026-08-15T23:16:54.054,IMU-1,0x28,-3.81,179.38,279.06,0,3,0,0
2026-08-15T23:16:54.154,IMU-1,0x28,-3.81,179.38,279.06,0,3,0,0
2026-08-15T23:16:54.254,IMU-1,0x28,-3.81,179.38,279.06,0,3,0,0
2026-08-15T23:16:54.355,IMU-1,0x28,-3.81,179.38,279.06,0,3,0,0
2026-08-15T23:16:54.455,IMU-1,0x28,-3.81,179.38,279.06,0,3,0,0
2026-08-15T23:16:54.556,IMU-1,0x28,-3.81,179.38,279.06,0,3,0,0
2026-08-15T23:16:54.655,IMU-1,0x28,-3.81,179.38,279.06,0,3,0,0
2026-08-15T23:16:54.756,IMU-1,0x28,-3.81,179.38,279.06,0,3,0,0
2026-08-15T23:16:54.856,IMU-1,0x28,-3.81,179.38,279.06,0,3,0,0
2026-08-15T23:16:54.957,IMU-1,0x28,-3.81,179.38,279.06,0,3,0,0
2026-08-15T23:16:55.056,IMU-1,0x28,-3.81,179.38,279.06,0,3,0,0
2026-08-15T23:16:55.156,IMU-1,0x28,-3.81,179.38,279.06,0,3,0,0
2026-08-15T23:16:55.256,IMU-1,0x28,-3.81,179.38,279.06,0,3,0,0
2026-08-15T23:16:55.357,IMU-1,0x28,-3.81,179.38,279.06,0,3,0,0
2026-08-15T23:16:55.457,IMU-1,0x28,-3.81,179.38,279.06,0,3,0,0
2026-08-15T23:16:55.558,IMU-1,0x28,-3.81,179.38,279.06,0,3,0,0
2026-08-15T23:16:55.656,IMU-1,0x28,-3.81,179.38,279.06,0,3,0,0
2026-08-15T23:16:55.756,IMU-1,0x28,-3.81,179.38,279.06,0,3,0,0
2026-08-15T23:16:55.856,IMU-1,0x28,-3.81,179.38,279.06,0,3,0,0
2026-08-15T23:16:55.955,IMU-1,0x28,-3.81,179.38,279.06,0,3,0,0
2026-08-15T23:16:56.055,IMU-1,0x28,-3.81,179.38,279.06,0,3,0,0
2026-08-15T23:16:56.155,IMU-1,0x28,-3.81,179.38,279.06,0,3,0,0
2026-08-15T23:16:56.255,IMU-1,0x28,-3.81,179.38,279.06,0,3,0,0
2026-08-15T23:16:56.355,IMU-1,0x28,-3.81,179.38,279.06,0,3,0,0
2026-08-15T23:16:56.455,IMU-1,0x28,-3.81,179.38,279.06,0,3,0,0
2026-08-15T23:16:56.556,IMU-1,0x28,-3.81,179.38,279.06,0,3,0,0
2026-08-15T23:16:56.656,IMU-1,0x28,-3.81,179.38,279.06,0,3,0,0
2026-08-15T23:16:56.756,IMU-1,0x28,-3.81,179.38,279.06,0,3,0,0
2026-08-15T23:16:56.856,IMU-1,0x28,-3.81,179.38,279.06,0,3,0,0
2026-08-15T23:16:56.957,IMU-1,0x28,-3.81,179.38,279.06,0,3,0,0
2026-08-15T23:16:57.057,IMU-1,0x28,-3.81,179.38,279.06,0,3,0,0
2026-08-15T23:16:57.157,IMU-1,0x28,-3.81,179.38,279.06,0,3,0,0
2026-08-15T23:16:57.258,IMU-1,0x28,-3.81,179.38,279.06,0,3,0,0
2026-08-15T23:16:57.358,IMU-1,0x28,-3.81,179.38,279.06,0,3,0,0
2026-08-15T23:16:57.458,IMU-1,0x28,-3.81,179.38,279.06,0,3,0,0
2026-08-15T23:16:57.559,IMU-1,0x28,-3.81,179.38,279.06,0,3,0,0
2026-08-15T23:16:57.658,IMU-1,0x28,-3.81,179.38,279.06,0,3,0,0
2026-08-15T23:16:57.758,IMU-1,0x28,-3.81,179.38,279.06,0,3,0,0
2026-08-15T23:16:57.858,IMU-1,0x28,-3.81,179.38,279.06,0,3,0,0
2026-08-15T23:16:57.958,IMU-1,0x28,-3.81,179.38,279.06,0,3,0,0
2026-08-15T23:16:58.058,IMU-1,0x28,-3.81,179.38,279.06,0,3,0,0
2026-08-15T23:16:58.158,IMU-1,0x28,-3.81,179.38,279.06,0,3,0,0
2026-08-15T23:16:58.258,IMU-1,0x28,-3.81,179.38,279.06,0,3,0,0
2026-08-15T23:16:58.358,IMU-1,0x28,-3.81,179.38,279.06,0,3,0,0
2026-08-15T23:16:58.457,IMU-1,0x28,-3.81,179.38,279.06,0,3,0,0
2026-08-15T23:16:58.559,IMU-1,0x28,-3.81,179.38,279.06,0,3,0,0
2026-08-15T23:16:58.658,IMU-1,0x28,-3.81,179.38,279.06,0,3,0,0
2026-08-15T23:16:58.758,IMU-1,0x28,-3.81,179.38,279.06,0,3,0,0
2026-08-15T23:16:58.858,IMU-1,0x28,-3.81,179.38,279.06,0,3,0,0
2026-08-15T23:16:58.958,IMU-1,0x28,-3.81,179.38,279.06,0,3,0,0
2026-08-15T23:16:59.058,IMU-1,0x28,-3.81,179.38,279.06,0,3,0,0
2026-08-15T23:16:59.158,IMU-1,0x28,-3.81,179.38,279.06,0,3,0,0
2026-08-15T23:16:59.258,IMU-1,0x28,-3.81,179.38,279.06,0,3,0,0
2026-08-15T23:16:59.358,IMU-1,0x28,-3.81,179.38,279.06,0,3,0,0
2026-08-15T23:16:59.459,IMU-1,0x28,-3.81,179.38,279.06,0,3,0,0
2026-08-15T23:16:59.560,IMU-1,0x28,-3.81,179.38,279.06,0,3,0,0
2026-08-15T23:16:59.659,IMU-1,0x28,-3.81,179.38,279.06,0,3,0,0
2026-08-15T23:16:59.759,IMU-1,0x28,-3.81,179.38,279.06,0,3,0,0
2026-08-15T23:16:59.859,IMU-1,0x28,-3.81,179.38,279.06,0,3,0,0
2026-08-15T23:16:59.959,IMU-1,0x28,-3.81,179.38,279.06,0,3,0,0
2026-08-15T23:17:00.059,IMU-1,0x28,-3.81,179.38,279.06,0,3,0,0
2026-08-15T23:17:00.159,IMU-1,0x28,-3.81,179.38,279.06,0,3,0,0
2026-08-15T23:17:00.259,IMU-1,0x28,-3.81,179.38,279.06,0,3,0,0
2026-08-15T23:17:00.359,IMU-1,0x28,-3.81,179.38,279.06,0,3,0,0
2026-08-15T23:17:00.458,IMU-1,0x28,-3.81,179.38,279.06,0,3,0,0
2026-08-15T23:17:00.559,IMU-1,0x28,-3.81,179.38,279.06,0,3,0,0
2026-08-15T23:17:00.658,IMU-1,0x28,-3.81,179.38,279.06,0,3,0,0
2026-08-15T23:17:00.758,IMU-1,0x28,-3.81,179.38,279.06,0,3,0,0
2026-08-15T23:17:00.858,IMU-1,0x28,-3.81,179.38,279.06,0,3,0,0
2026-08-15T23:17:00.958,IMU-1,0x28,-3.81,179.38,279.06,0,3,0,0
2026-08-15T23:17:01.058,IMU-1,0x28,-3.81,179.38,279.06,0,3,0,0
2026-08-15T23:17:01.158,IMU-1,0x28,-3.81,179.38,279.06,0,3,0,0
2026-08-15T23:17:01.259,IMU-1,0x28,-3.81,179.38,279.06,0,3,0,0
2026-08-15T23:17:01.359,IMU-1,0x28,-3.81,179.38,279.06,0,3,0,0
2026-08-15T23:17:01.459,IMU-1,0x28,-3.81,179.38,279.06,0,3,0,0
2026-08-15T23:17:01.560,IMU-1,0x28,-3.81,179.38,279.06,0,3,0,0
2026-08-15T23:17:01.660,IMU-1,0x28,-3.81,179.38,279.06,0,3,0,0
2026-08-15T23:17:01.760,IMU-1,0x28,-3.81,179.38,279.06,0,3,0,0
2026-08-15T23:17:01.861,IMU-1,0x28,-3.81,179.38,279.06,0,3,0,0
2026-08-15T23:17:01.960,IMU-1,0x28,-3.81,179.38,279.06,0,3,0,0
2026-08-15T23:17:02.060,IMU-1,0x28,-3.81,179.38,279.06,0,3,0,0
2026-08-15T23:17:02.160,IMU-1,0x28,-3.81,179.38,279.06,0,3,0,0
2026-08-15T23:17:02.260,IMU-1,0x28,-3.81,179.38,279.06,0,3,0,0
2026-08-15T23:17:02.360,IMU-1,0x28,-3.81,179.38,279.06,0,3,0,0
2026-08-15T23:17:02.460,IMU-1,0x28,-3.81,179.38,279.06,0,3,0,0
2026-08-15T23:17:02.561,IMU-1,0x28,-3.81,179.38,279.06,0,3,0,0
2026-08-15T23:17:02.660,IMU-1,0x28,-3.81,179.38,279.06,0,3,0,0
2026-08-15T23:17:02.760,IMU-1,0x28,-3.81,179.38,279.06,0,3,0,0
2026-08-15T23:17:02.860,IMU-1,0x28,-3.81,179.38,279.06,0,3,0,0
2026-08-15T23:17:02.960,IMU-1,0x28,-3.81,179.38,279.06,0,3,0,0
2026-08-15T23:17:03.060,IMU-1,0x28,-3.81,179.38,279.06,0,3,0,0
2026-08-15T23:17:03.160,IMU-1,0x28,-3.81,179.38,279.06,0,3,0,0
2026-08-15T23:17:03.260,IMU-1,0x28,-3.81,179.38,279.06,0,3,0,0
2026-08-15T23:17:03.360,IMU-1,0x28,-3.81,179.38,279.06,0,3,0,0
2026-08-15T23:17:03.460,IMU-1,0x28,-3.81,179.38,279.06,0,3,0,0
2026-08-15T23:17:03.561,IMU-1,0x28,-3.81,179.38,279.06,0,3,0,0
2026-08-15T23:17:03.661,IMU-1,0x28,-3.81,179.38,279.06,0,3,0,0
2026-08-15T23:17:03.761,IMU-1,0x28,-3.81,179.38,279.06,0,3,0,0
2026-08-15T23:17:03.861,IMU-1,0x28,-3.81,179.38,279.06,0,3,0,0
2026-08-15T23:17:03.961,IMU-1,0x28,-3.81,179.38,279.06,0,3,0,0
2026-08-15T23:17:04.062,IMU-1,0x28,-3.81,179.38,279.06,0,3,0,0
2026-08-15T23:17:04.162,IMU-1,0x28,-3.81,179.38,279.06,0,3,0,0
2026-08-15T23:17:04.262,IMU-1,0x28,-3.81,179.38,279.06,0,3,0,0
2026-08-15T23:17:04.362,IMU-1,0x28,-3.81,179.38,279.06,0,3,0,0
2026-08-15T23:17:04.462,IMU-1,0x28,-3.81,179.38,279.06,0,3,0,0
2026-08-15T23:17:04.563,IMU-1,0x28,-3.81,179.38,279.06,0,3,0,0
2026-08-15T23:17:04.662,IMU-1,0x28,-3.81,179.38,279.06,0,3,0,0
2026-08-15T23:17:04.762,IMU-1,0x28,-3.81,179.38,279.06,0,3,0,0
2026-08-15T23:17:04.862,IMU-1,0x28,-3.81,179.38,279.06,0,3,0,0
2026-08-15T23:17:04.963,IMU-1,0x28,-3.81,179.38,279.06,0,3,0,0
2026-08-15T23:17:05.063,IMU-1,0x28,-3.81,179.38,279.06,0,3,0,0
2026-08-15T23:17:05.163,IMU-1,0x28,-3.81,179.38,279.06,0,3,0,0
2026-08-15T23:17:05.262,IMU-1,0x28,-3.81,179.38,279.06,0,3,0,0
2026-08-15T23:17:05.362,IMU-1,0x28,-3.81,179.38,279.06,0,3,0,0
2026-08-15T23:17:05.462,IMU-1,0x28,-3.81,179.38,279.06,0,3,0,0
2026-08-15T23:17:05.563,IMU-1,0x28,-3.81,179.38,279.06,0,3,0,0
2026-08-15T23:17:05.662,IMU-1,0x28,-3.81,179.38,279.06,0,3,0,0
2026-08-15T23:17:05.762,IMU-1,0x28,-3.81,179.38,279.06,0,3,0,0
2026-08-15T23:17:05.862,IMU-1,0x28,-3.81,179.38,279.06,0,3,0,0
2026-08-15T23:17:05.962,IMU-1,0x28,-3.81,179.38,279.06,0,3,0,0
2026-08-15T23:17:06.062,IMU-1,0x28,-3.81,179.38,279.06,0,3,0,0
2026-08-15T23:17:06.163,IMU-1,0x28,-3.81,179.38,279.06,0,3,0,0
2026-08-15T23:17:06.263,IMU-1,0x28,-3.81,179.38,279.06,0,3,0,0
2026-08-15T23:17:06.363,IMU-1,0x28,-3.81,179.38,279.06,0,3,0,0
2026-08-15T23:17:06.463,IMU-1,0x28,-3.81,179.38,279.06,0,3,0,0
2026-08-15T23:17:06.564,IMU-1,0x28,-3.81,179.38,279.06,0,3,0,0
2026-08-15T23:17:06.663,IMU-1,0x28,-3.81,179.38,279.06,0,3,0,0
2026-08-15T23:17:06.763,IMU-1,0x28,-3.81,179.38,279.06,0,3,0,0
2026-08-15T23:17:06.863,IMU-1,0x28,-3.81,179.38,279.06,0,3,0,0
2026-08-15T23:17:06.964,IMU-1,0x28,-3.81,179.38,279.06,0,3,0,0
2026-08-15T23:17:07.063,IMU-1,0x28,-3.81,179.38,279.06,0,3,0,0
2026-08-15T23:17:07.163,IMU-1,0x28,-3.81,179.38,279.06,0,3,0,0
2026-08-15T23:17:07.262,IMU-1,0x28,-3.81,179.38,279.06,0,3,0,0
2026-08-15T23:17:07.362,IMU-1,0x28,-3.81,179.38,279.06,0,3,0,0
2026-08-15T23:17:07.462,IMU-1,0x28,-3.81,179.38,279.06,0,3,0,0
2026-08-15T23:17:07.563,IMU-1,0x28,-3.81,179.38,279.06,0,3,0,0
2026-08-15T23:17:07.662,IMU-1,0x28,-3.81,179.38,279.06,0,3,0,0
2026-08-15T23:17:07.763,IMU-1,0x28,-3.81,179.38,279.06,0,3,0,0
2026-08-15T23:17:07.863,IMU-1,0x28,-3.81,179.38,279.06,0,3,0,0
2026-08-15T23:17:07.963,IMU-1,0x28,-3.81,179.38,279.06,0,3,0,0
2026-08-15T23:17:08.063,IMU-1,0x28,-3.81,179.38,279.06,0,3,0,0
2026-08-15T23:17:08.164,IMU-1,0x28,-3.81,179.38,279.06,0,3,0,0
2026-08-15T23:17:08.264,IMU-1,0x28,-3.81,179.38,279.06,0,3,0,0
2026-08-15T23:17:08.364,IMU-1,0x28,-3.81,179.38,279.06,0,3,0,0
2026-08-15T23:17:08.464,IMU-1,0x28,-3.81,179.38,279.06,0,3,0,0
2026-08-15T23:17:08.565,IMU-1,0x28,-3.81,179.38,279.06,0,3,0,0
2026-08-15T23:17:08.665,IMU-1,0x28,-3.81,179.38,279.06,0,3,0,0
2026-08-15T23:17:08.765,IMU-1,0x28,-3.81,179.38,279.06,0,3,0,0
2026-08-15T23:17:08.865,IMU-1,0x28,-3.81,179.38,279.06,0,3,0,0
2026-08-15T23:17:08.965,IMU-1,0x28,-3.81,179.38,279.06,0,3,0,0
2026-08-15T23:17:09.065,IMU-1,0x28,-3.81,179.38,279.06,0,3,0,0
2026-08-15T23:17:09.165,IMU-1,0x28,-3.81,179.38,279.06,0,3,0,0
2026-08-15T23:17:09.265,IMU-1,0x28,-3.81,179.38,279.06,0,3,0,0
2026-08-15T23:17:09.365,IMU-1,0x28,-3.81,179.38,279.06,0,3,0,0
2026-08-15T23:17:09.465,IMU-1,0x28,-3.81,179.38,279.06,0,3,0,0
2026-08-15T23:17:09.566,IMU-1,0x28,-3.81,179.38,279.06,0,3,0,0
2026-08-15T23:17:09.665,IMU-1,0x28,-3.81,179.38,279.06,0,3,0,0
2026-08-15T23:17:09.764,IMU-1,0x28,-3.81,179.38,279.06,0,3,0,0
2026-08-15T23:17:09.864,IMU-1,0x28,-3.81,179.38,279.06,0,3,0,0
2026-08-15T23:17:09.964,IMU-1,0x28,-3.81,179.38,279.06,0,3,0,0
2026-08-15T23:17:10.064,IMU-1,0x28,-3.81,179.38,279.06,0,3,0,0
2026-08-15T23:17:10.164,IMU-1,0x28,-3.81,179.38,279.06,0,3,0,0
2026-08-15T23:17:10.264,IMU-1,0x28,-3.81,179.38,279.06,0,3,0,0
2026-08-15T23:17:10.364,IMU-1,0x28,-3.81,179.38,279.06,0,3,0,0
2026-08-15T23:17:10.464,IMU-1,0x28,-3.81,179.38,279.06,0,3,0,0
2026-08-15T23:17:10.565,IMU-1,0x28,-3.81,179.38,279.06,0,3,0,0
2026-08-15T23:17:10.665,IMU-1,0x28,-3.81,179.38,279.06,0,3,0,0
2026-08-15T23:17:10.765,IMU-1,0x28,-3.81,179.38,279.06,0,3,0,0
2026-08-15T23:17:10.866,IMU-1,0x28,-3.81,179.38,279.06,0,3,0,0
2026-08-15T23:17:10.966,IMU-1,0x28,-3.81,179.38,279.06,0,3,0,0
2026-08-15T23:17:11.066,IMU-1,0x28,-3.81,179.38,279.06,0,3,0,0
2026-08-15T23:17:11.166,IMU-1,0x28,-3.81,179.38,279.06,0,3,0,0
2026-08-15T23:17:11.267,IMU-1,0x28,-3.81,179.38,279.06,0,3,0,0
2026-08-15T23:17:11.367,IMU-1,0x28,-3.81,179.38,279.06,0,3,0,0
2026-08-15T23:17:11.466,IMU-1,0x28,-3.81,179.38,279.06,0,3,0,0
2026-08-15T23:17:11.568,IMU-1,0x28,-3.81,179.38,279.06,0,3,0,0
2026-08-15T23:17:11.666,IMU-1,0x28,-3.81,179.38,279.06,0,3,0,0
2026-08-15T23:17:11.767,IMU-1,0x28,-3.81,179.38,279.06,0,3,0,0
2026-08-15T23:17:11.866,IMU-1,0x28,-3.81,179.38,279.06,0,3,0,0
2026-08-15T23:17:11.966,IMU-1,0x28,-3.81,179.38,279.06,0,3,0,0
2026-08-15T23:17:12.065,IMU-1,0x28,-3.81,179.38,279.06,0,3,0,0
2026-08-15T23:17:12.165,IMU-1,0x28,-3.81,179.38,279.06,0,3,0,0
2026-08-15T23:17:12.265,IMU-1,0x28,-3.81,179.38,279.06,0,3,0,0
2026-08-15T23:17:12.365,IMU-1,0x28,-3.81,179.38,279.06,0,3,0,0
2026-08-15T23:17:12.465,IMU-1,0x28,-3.81,179.38,279.06,0,3,0,0
2026-08-15T23:17:12.566,IMU-1,0x28,-3.81,179.38,279.06,0,3,0,0
2026-08-15T23:17:12.666,IMU-1,0x28,-3.81,179.38,279.06,0,3,0,0
2026-08-15T23:17:12.766,IMU-1,0x28,-3.81,179.38,279.06,0,3,0,0
2026-08-15T23:17:12.866,IMU-1,0x28,-3.81,179.38,279.06,0,3,0,0
2026-08-15T23:17:12.966,IMU-1,0x28,-3.81,179.38,279.06,0,3,0,0
2026-08-15T23:17:13.067,IMU-1,0x28,-3.81,179.38,279.06,0,3,0,0
2026-08-15T23:17:13.167,IMU-1,0x28,-3.81,179.38,279.06,0,3,0,0
2026-08-15T23:17:13.267,IMU-1,0x28,-3.81,179.38,279.06,0,3,0,0
2026-08-15T23:17:13.368,IMU-1,0x28,-3.81,179.38,279.06,0,3,0,0
2026-08-15T23:17:13.468,IMU-1,0x28,-3.81,179.38,279.06,0,3,0,0
2026-08-15T23:17:13.568,IMU-1,0x28,-3.81,179.38,279.06,0,3,0,0
2026-08-15T23:17:13.666,IMU-1,0x28,-3.81,179.38,279.06,0,3,0,0
2026-08-15T23:17:13.767,IMU-1,0x28,-3.81,179.38,279.06,0,3,0,0
2026-08-15T23:17:13.867,IMU-1,0x28,-3.81,179.38,279.06,0,3,0,0
2026-08-15T23:17:13.967,IMU-1,0x28,-3.81,179.38,279.06,0,3,0,0
2026-08-15T23:17:14.067,IMU-1,0x28,-3.81,179.38,279.06,0,3,0,0
2026-08-15T23:17:14.167,IMU-1,0x28,-3.81,179.38,279.06,0,3,0,0
2026-08-15T23:17:14.268,IMU-1,0x28,-3.81,179.38,279.06,0,3,0,0
2026-08-15T23:17:14.367,IMU-1,0x28,-3.81,179.38,279.06,0,3,0,0
2026-08-15T23:17:14.468,IMU-1,0x28,-3.81,179.38,279.06,0,3,0,0
2026-08-15T23:17:14.569,IMU-1,0x28,-3.81,179.38,279.06,0,3,0,0
2026-08-15T23:17:14.668,IMU-1,0x28,-3.81,179.38,279.06,0,3,0,0
2026-08-15T23:17:14.768,IMU-1,0x28,-3.81,179.38,279.06,0,3,0,0
2026-08-15T23:17:14.868,IMU-1,0x28,-3.81,179.38,279.06,0,3,0,0
2026-08-15T23:17:14.968,IMU-1,0x28,-3.81,179.38,279.06,0,3,0,0
2026-08-15T23:17:15.068,IMU-1,0x28,-3.81,179.38,279.06,0,3,0,0
2026-08-15T23:17:15.168,IMU-1,0x28,-3.81,179.38,279.06,0,3,0,0
2026-08-15T23:17:15.268,IMU-1,0x28,-3.81,179.38,279.06,0,3,0,0
2026-08-15T23:17:15.369,IMU-1,0x28,-3.81,179.38,279.06,0,3,0,0
2026-08-15T23:17:15.469,IMU-1,0x28,-3.81,179.38,279.06,0,3,0,0
2026-08-15T23:17:15.570,IMU-1,0x28,-3.81,179.38,279.06,0,3,0,0
2026-08-15T23:17:15.669,IMU-1,0x28,-3.81,179.38,279.06,0,3,0,0
2026-08-15T23:17:15.769,IMU-1,0x28,-3.81,179.38,279.06,0,3,0,0
2026-08-15T23:17:15.869,IMU-1,0x28,-3.81,179.38,279.06,0,3,0,0
2026-08-15T23:17:15.969,IMU-1,0x28,-3.81,179.38,279.06,0,3,0,0
2026-08-15T23:17:16.069,IMU-1,0x28,-3.81,179.38,279.06,0,3,0,0
2026-08-15T23:17:16.169,IMU-1,0x28,-3.81,179.38,279.06,0,3,0,0
2026-08-15T23:17:16.269,IMU-1,0x28,-3.81,179.38,279.06,0,3,0,0
2026-08-15T23:17:16.369,IMU-1,0x28,-3.81,179.38,279.06,0,3,0,0
2026-08-15T23:17:16.469,IMU-1,0x28,-3.81,179.38,279.06,0,3,0,0
2026-08-15T23:17:16.570,IMU-1,0x28,-3.81,179.38,279.06,0,3,0,0
2026-08-15T23:17:16.668,IMU-1,0x28,-3.81,179.38,279.06,0,3,0,0
2026-08-15T23:17:16.768,IMU-1,0x28,-3.81,179.38,279.06,0,3,0,0
2026-08-15T23:17:16.869,IMU-1,0x28,-3.81,179.38,279.06,0,3,0,0
2026-08-15T23:17:16.969,IMU-1,0x28,-3.81,179.38,279.06,0,3,0,0
2026-08-15T23:17:17.069,IMU-1,0x28,-3.81,179.38,279.06,0,3,0,0
2026-08-15T23:17:17.169,IMU-1,0x28,-3.81,179.38,279.06,0,3,0,0
2026-08-15T23:17:17.269,IMU-1,0x28,-3.81,179.38,279.06,0,3,0,0
2026-08-15T23:17:17.370,IMU-1,0x28,-3.81,179.38,279.06,0,3,0,0
2026-08-15T23:17:17.470,IMU-1,0x28,-3.81,179.38,279.06,0,3,0,0
2026-08-15T23:17:17.570,IMU-1,0x28,-3.81,179.38,279.06,0,3,0,0
2026-08-15T23:17:17.670,IMU-1,0x28,-3.81,179.38,279.06,0,3,0,0
2026-08-15T23:17:17.770,IMU-1,0x28,-3.81,179.38,279.06,0,3,0,0
2026-08-15T23:17:17.870,IMU-1,0x28,-3.81,179.38,279.06,0,3,0,0
2026-08-15T23:17:17.970,IMU-1,0x28,-3.81,179.38,279.06,0,3,0,0
2026-08-15T23:17:18.071,IMU-1,0x28,-3.81,179.38,279.06,0,3,0,0
2026-08-15T23:17:18.171,IMU-1,0x28,-3.81,179.38,279.06,0,3,0,0
2026-08-15T23:17:18.271,IMU-1,0x28,-3.81,179.38,279.06,0,3,0,0
2026-08-15T23:17:18.371,IMU-1,0x28,-3.81,179.38,279.06,0,3,0,0
2026-08-15T23:17:18.471,IMU-1,0x28,-3.81,179.38,279.06,0,3,0,0
2026-08-15T23:17:18.572,IMU-1,0x28,-3.81,179.38,279.06,0,3,0,0
2026-08-15T23:17:18.671,IMU-1,0x28,-3.81,179.38,279.06,0,3,0,0
2026-08-15T23:17:18.771,IMU-1,0x28,-3.81,179.38,279.06,0,3,0,0
2026-08-15T23:17:18.871,IMU-1,0x28,-3.81,179.38,279.06,0,3,0,0
2026-08-15T23:17:18.970,IMU-1,0x28,-3.81,179.38,279.06,0,3,0,0
2026-08-15T23:17:19.070,IMU-1,0x28,-3.81,179.38,279.06,0,3,0,0
2026-08-15T23:17:19.170,IMU-1,0x28,-3.81,179.38,279.06,0,3,0,0
2026-08-15T23:17:19.270,IMU-1,0x28,-3.81,179.38,279.06,0,3,0,0
2026-08-15T23:17:19.370,IMU-1,0x28,-3.81,179.38,279.06,0,3,0,0
2026-08-15T23:17:19.470,IMU-1,0x28,-3.81,179.38,279.06,0,3,0,0
2026-08-15T23:17:19.571,IMU-1,0x28,-3.81,179.38,279.06,0,3,0,0
2026-08-15T23:17:19.670,IMU-1,0x28,-3.81,179.38,279.06,0,3,0,0
2026-08-15T23:17:19.770,IMU-1,0x28,-3.81,179.38,279.06,0,3,0,0
2026-08-15T23:17:19.871,IMU-1,0x28,-3.81,179.38,279.06,0,3,0,0
2026-08-15T23:17:19.971,IMU-1,0x28,-3.81,179.38,279.06,0,3,0,0
2026-08-15T23:17:20.071,IMU-1,0x28,-3.81,179.38,279.06,0,3,0,0
2026-08-15T23:17:20.172,IMU-1,0x28,-3.81,179.38,279.06,0,3,0,0
2026-08-15T23:17:20.272,IMU-1,0x28,-3.81,179.38,279.06,0,3,0,0
2026-08-15T23:17:20.372,IMU-1,0x28,-3.81,179.38,279.06,0,3,0,0
2026-08-15T23:17:20.472,IMU-1,0x28,-3.81,179.38,279.06,0,3,0,0
2026-08-15T23:17:20.573,IMU-1,0x28,-3.81,179.38,279.06,0,3,0,0
2026-08-15T23:17:20.672,IMU-1,0x28,-3.81,179.38,279.06,0,3,0,0
2026-08-15T23:17:20.772,IMU-1,0x28,-3.81,179.38,279.06,0,3,0,0
2026-08-15T23:17:20.872,IMU-1,0x28,-3.81,179.38,279.06,0,3,0,0
2026-08-15T23:17:20.972,IMU-1,0x28,-3.81,179.38,279.06,0,3,0,0
2026-08-15T23:17:21.073,IMU-1,0x28,-3.81,179.38,279.06,0,3,0,0
2026-08-15T23:17:21.173,IMU-1,0x28,-3.81,179.38,279.06,0,3,0,0
2026-08-15T23:17:21.273,IMU-1,0x28,-3.81,179.38,279.06,0,3,0,0
2026-08-15T23:17:21.373,IMU-1,0x28,-3.81,179.38,279.06,0,3,0,0
2026-08-15T23:17:21.472,IMU-1,0x28,-3.81,179.38,279.06,0,3,0,0
2026-08-15T23:17:21.573,IMU-1,0x28,-3.81,179.38,279.06,0,3,0,0
2026-08-15T23:17:21.672,IMU-1,0x28,-3.81,179.38,279.06,0,3,0,0
2026-08-15T23:17:21.772,IMU-1,0x28,-3.81,179.38,279.06,0,3,0,0
2026-08-15T23:17:21.872,IMU-1,0x28,-3.81,179.38,279.06,0,3,0,0
2026-08-15T23:17:21.972,IMU-1,0x28,-3.81,179.38,279.06,0,3,0,0
2026-08-15T23:17:22.073,IMU-1,0x28,-3.81,179.38,279.06,0,3,0,0
2026-08-15T23:17:22.173,IMU-1,0x28,-3.81,179.38,279.06,0,3,0,0
2026-08-15T23:17:22.273,IMU-1,0x28,-3.81,179.38,279.06,0,3,0,0
2026-08-15T23:17:22.373,IMU-1,0x28,-3.81,179.38,279.06,0,3,0,0
2026-08-15T23:17:22.473,IMU-1,0x28,-3.81,179.38,279.06,0,3,0,0
2026-08-15T23:17:22.574,IMU-1,0x28,-3.81,179.38,279.06,0,3,0,0
2026-08-15T23:17:22.674,IMU-1,0x28,-3.81,179.38,279.06,0,3,0,0
2026-08-15T23:17:22.774,IMU-1,0x28,-3.81,179.38,279.06,0,3,0,0
2026-08-15T23:17:22.874,IMU-1,0x28,-3.81,179.38,279.06,0,3,0,0
2026-08-15T23:17:22.974,IMU-1,0x28,-3.81,179.38,279.06,0,3,0,0
2026-08-15T23:17:23.074,IMU-1,0x28,-3.81,179.38,279.06,0,3,0,0
2026-08-15T23:17:23.174,IMU-1,0x28,-3.81,179.38,279.06,0,3,0,0
2026-08-15T23:17:23.274,IMU-1,0x28,-3.81,179.38,279.06,0,3,0,0
2026-08-15T23:17:23.374,IMU-1,0x28,-3.81,179.38,279.06,0,3,0,0
2026-08-15T23:17:23.474,IMU-1,0x28,-3.81,179.38,279.06,0,3,0,0
2026-08-15T23:17:23.575,IMU-1,0x28,-3.81,179.38,279.06,0,3,0,0
2026-08-15T23:17:23.674,IMU-1,0x28,-3.81,179.38,279.06,0,3,0,0
2026-08-15T23:17:23.774,IMU-1,0x28,-3.81,179.38,279.06,0,3,0,0
2026-08-15T23:17:23.873,IMU-1,0x28,-3.81,179.38,279.06,0,3,0,0
2026-08-15T23:17:23.973,IMU-1,0x28,-3.81,179.38,279.06,0,3,0,0
2026-08-15T23:17:24.074,IMU-1,0x28,-3.81,179.38,279.06,0,3,0,0
2026-08-15T23:17:24.174,IMU-1,0x28,-3.81,179.38,279.06,0,3,0,0
2026-08-15T23:17:24.274,IMU-1,0x28,-3.81,179.38,279.06,0,3,0,0
2026-08-15T23:17:24.374,IMU-1,0x28,-3.81,179.38,279.06,0,3,0,0
2026-08-15T23:17:24.474,IMU-1,0x28,-3.81,179.38,279.06,0,3,0,0
2026-08-15T23:17:24.575,IMU-1,0x28,-3.81,179.38,279.06,0,3,0,0
2026-08-15T23:17:24.674,IMU-1,0x28,-3.81,179.38,279.06,0,3,0,0
2026-08-15T23:17:24.774,IMU-1,0x28,-3.81,179.38,279.06,0,3,0,0
2026-08-15T23:17:24.875,IMU-1,0x28,-3.81,179.38,279.06,0,3,0,0
2026-08-15T23:17:24.975,IMU-1,0x28,-3.81,179.38,279.06,0,3,0,0
2026-08-15T23:17:25.075,IMU-1,0x28,-3.81,179.38,279.06,0,3,0,0
2026-08-15T23:17:25.175,IMU-1,0x28,-3.81,179.38,279.06,0,3,0,0
2026-08-15T23:17:25.275,IMU-1,0x28,-3.81,179.38,279.06,0,3,0,0
2026-08-15T23:17:25.374,IMU-1,0x28,-3.81,179.38,279.06,0,3,0,0
2026-08-15T23:17:25.473,IMU-1,0x28,-3.81,179.38,279.06,0,3,0,0
2026-08-15T23:17:25.574,IMU-1,0x28,-3.81,179.38,279.06,0,3,0,0
2026-08-15T23:17:25.674,IMU-1,0x28,-3.81,179.38,279.06,0,3,0,0
2026-08-15T23:17:25.774,IMU-1,0x28,-3.81,179.38,279.06,0,3,0,0
2026-08-15T23:17:25.874,IMU-1,0x28,-3.81,179.38,279.06,0,3,0,0
2026-08-15T23:17:25.974,IMU-1,0x28,-3.81,179.38,279.06,0,3,0,0
2026-08-15T23:17:26.074,IMU-1,0x28,-3.81,179.38,279.06,0,3,0,0
2026-08-15T23:17:26.174,IMU-1,0x28,-3.81,179.38,279.06,0,3,0,0
2026-08-15T23:17:26.274,IMU-1,0x28,-3.81,179.38,279.06,0,3,0,0
2026-08-15T23:17:26.374,IMU-1,0x28,-3.81,179.38,279.06,0,3,0,0
2026-08-15T23:17:26.474,IMU-1,0x28,-3.81,179.38,279.06,0,3,0,0
2026-08-15T23:17:26.575,IMU-1,0x28,-3.81,179.38,279.06,0,3,0,0
2026-08-15T23:17:26.675,IMU-1,0x28,-3.81,179.38,279.06,0,3,0,0
2026-08-15T23:17:26.775,IMU-1,0x28,-3.81,179.38,279.06,0,3,0,0
2026-08-15T23:17:26.875,IMU-1,0x28,-3.81,179.38,279.06,0,3,0,0
2026-08-15T23:17:26.976,IMU-1,0x28,-3.81,179.38,279.06,0,3,0,0
2026-08-15T23:17:27.076,IMU-1,0x28,-3.81,179.38,279.06,0,3,0,0
2026-08-15T23:17:27.176,IMU-1,0x28,-3.81,179.38,279.06,0,3,0,0
2026-08-15T23:17:27.276,IMU-1,0x28,-3.81,179.38,279.06,0,3,0,0
2026-08-15T23:17:27.376,IMU-1,0x28,-3.81,179.38,279.06,0,3,0,0
2026-08-15T23:17:27.476,IMU-1,0x28,-3.81,179.38,279.06,0,3,0,0
2026-08-15T23:17:27.577,IMU-1,0x28,-3.81,179.38,279.06,0,3,0,0
2026-08-15T23:17:27.676,IMU-1,0x28,-3.81,179.38,279.06,0,3,0,0
2026-08-15T23:17:27.776,IMU-1,0x28,-3.81,179.38,279.06,0,3,0,0
2026-08-15T23:17:27.877,IMU-1,0x28,-3.81,179.38,279.06,0,3,0,0
2026-08-15T23:17:27.976,IMU-1,0x28,-3.81,179.38,279.06,0,3,0,0
2026-08-15T23:17:28.075,IMU-1,0x28,-3.81,179.38,279.06,0,3,0,0
2026-08-15T23:17:28.175,IMU-1,0x28,-3.81,179.38,279.06,0,3,0,0
2026-08-15T23:17:28.275,IMU-1,0x28,-3.81,179.38,279.06,0,3,0,0
2026-08-15T23:17:28.375,IMU-1,0x28,-3.81,179.38,279.06,0,3,0,0
2026-08-15T23:17:28.475,IMU-1,0x28,-3.81,179.38,279.06,0,3,0,0
2026-08-15T23:17:28.576,IMU-1,0x28,-3.81,179.38,279.06,0,3,0,0
2026-08-15T23:17:28.675,IMU-1,0x28,-3.81,179.38,279.06,0,3,0,0
2026-08-15T23:17:28.775,IMU-1,0x28,-3.81,179.38,279.06,0,3,0,0
2026-08-15T23:17:28.876,IMU-1,0x28,-3.81,179.38,279.06,0,3,0,0
2026-08-15T23:17:28.976,IMU-1,0x28,-3.81,179.38,279.06,0,3,0,0
2026-08-15T23:17:29.076,IMU-1,0x28,-3.81,179.38,279.06,0,3,0,0
2026-08-15T23:17:29.177,IMU-1,0x28,-3.81,179.38,279.06,0,3,0,0
2026-08-15T23:17:29.277,IMU-1,0x28,-3.81,179.38,279.06,0,3,0,0
2026-08-15T23:17:29.377,IMU-1,0x28,-3.81,179.38,279.06,0,3,0,0
2026-08-15T23:17:29.477,IMU-1,0x28,-3.81,179.38,279.06,0,3,0,0
2026-08-15T23:17:29.578,IMU-1,0x28,-3.81,179.38,279.06,0,3,0,0
2026-08-15T23:17:29.678,IMU-1,0x28,-3.81,179.38,279.06,0,3,0,0
2026-08-15T23:17:29.778,IMU-1,0x28,-3.81,179.38,279.06,0,3,0,0
2026-08-15T23:17:29.878,IMU-1,0x28,-3.81,179.38,279.06,0,3,0,0
2026-08-15T23:17:29.978,IMU-1,0x28,-3.81,179.38,279.06,0,3,0,0
2026-08-15T23:17:30.078,IMU-1,0x28,-3.81,179.38,279.06,0,3,0,0
2026-08-15T23:17:30.178,IMU-1,0x28,-3.81,179.38,279.06,0,3,0,0
2026-08-15T23:17:30.278,IMU-1,0x28,-3.81,179.38,279.06,0,3,0,0
2026-08-15T23:17:30.378,IMU-1,0x28,-3.81,179.38,279.06,0,3,0,0
2026-08-15T23:17:30.477,IMU-1,0x28,-3.81,179.38,279.06,0,3,0,0
2026-08-15T23:17:30.578,IMU-1,0x28,-3.81,179.38,279.06,0,3,0,0
2026-08-15T23:17:30.677,IMU-1,0x28,-3.81,179.38,279.06,0,3,0,0
2026-08-15T23:17:30.777,IMU-1,0x28,-3.81,179.38,279.06,0,3,0,0
2026-08-15T23:17:30.877,IMU-1,0x28,-3.81,179.38,279.06,0,3,0,0
2026-08-15T23:17:30.977,IMU-1,0x28,-3.81,179.38,279.06,0,3,0,0
2026-08-15T23:17:31.077,IMU-1,0x28,-3.81,179.38,279.06,0,3,0,0
2026-08-15T23:17:31.178,IMU-1,0x28,-3.81,179.38,279.06,0,3,0,0
2026-08-15T23:17:31.278,IMU-1,0x28,-3.81,179.38,279.06,0,3,0,0
2026-08-15T23:17:31.378,IMU-1,0x28,-3.81,179.38,279.06,0,3,0,0
2026-08-15T23:17:31.478,IMU-1,0x28,-3.81,179.38,279.06,0,3,0,0
2026-08-15T23:17:31.579,IMU-1,0x28,-3.81,179.38,279.06,0,3,0,0
2026-08-15T23:17:31.679,IMU-1,0x28,-3.81,179.38,279.06,0,3,0,0
2026-08-15T23:17:31.779,IMU-1,0x28,-3.81,179.38,279.06,0,3,0,0
2026-08-15T23:17:31.879,IMU-1,0x28,-3.81,179.38,279.06,0,3,0,0
2026-08-15T23:17:31.979,IMU-1,0x28,-3.81,179.38,279.06,0,3,0,0
2026-08-15T23:17:32.079,IMU-1,0x28,-3.81,179.38,279.06,0,3,0,0
2026-08-15T23:17:32.179,IMU-1,0x28,-3.81,179.38,279.06,0,3,0,0
2026-08-15T23:17:32.279,IMU-1,0x28,-3.81,179.38,279.06,0,3,0,0
2026-08-15T23:17:32.379,IMU-1,0x28,-3.81,179.38,279.06,0,3,0,0
2026-08-15T23:17:32.479,IMU-1,0x28,-3.81,179.38,279.06,0,3,0,0
2026-08-15T23:17:32.580,IMU-1,0x28,-3.81,179.38,279.06,0,3,0,0
2026-08-15T23:17:32.679,IMU-1,0x28,-3.81,179.38,279.06,0,3,0,0
2026-08-15T23:17:32.779,IMU-1,0x28,-3.81,179.38,279.06,0,3,0,0
2026-08-15T23:17:32.879,IMU-1,0x28,-3.81,179.38,279.06,0,3,0,0
2026-08-15T23:17:32.979,IMU-1,0x28,-3.81,179.38,279.06,0,3,0,0
2026-08-15T23:17:33.079,IMU-1,0x28,-3.81,179.38,279.06,0,3,0,0
2026-08-15T23:17:33.179,IMU-1,0x28,-3.81,179.38,279.06,0,3,0,0
2026-08-15T23:17:33.279,IMU-1,0x28,-3.81,179.38,279.06,0,3,0,0
2026-08-15T23:17:33.379,IMU-1,0x28,-3.81,179.38,279.06,0,3,0,0
2026-08-15T23:17:33.479,IMU-1,0x28,-3.81,179.38,279.06,0,3,0,0
2026-08-15T23:17:33.580,IMU-1,0x28,-3.81,179.38,279.06,0,3,0,0
2026-08-15T23:17:33.679,IMU-1,0x28,-3.81,179.38,279.06,0,3,0,0
2026-08-15T23:17:33.779,IMU-1,0x28,-3.81,179.38,279.06,0,3,0,0
2026-08-15T23:17:33.880,IMU-1,0x28,-3.81,179.38,279.06,0,3,0,0
2026-08-15T23:17:33.980,IMU-1,0x28,-3.81,179.38,279.06,0,3,0,0
2026-08-15T23:17:34.080,IMU-1,0x28,-3.81,179.38,279.06,0,3,0,0
2026-08-15T23:17:34.180,IMU-1,0x28,-3.81,179.38,279.06,0,3,0,0
2026-08-15T23:17:34.280,IMU-1,0x28,-3.81,179.38,279.06,0,3,0,0
2026-08-15T23:17:34.380,IMU-1,0x28,-3.81,179.38,279.06,0,3,0,0
2026-08-15T23:17:34.480,IMU-1,0x28,-3.81,179.38,279.06,0,3,0,0
2026-08-15T23:17:34.581,IMU-1,0x28,-3.81,179.38,279.06,0,3,0,0
2026-08-15T23:17:34.680,IMU-1,0x28,-3.81,179.38,279.06,0,3,0,0
2026-08-15T23:17:34.781,IMU-1,0x28,-3.81,179.38,279.06,0,3,0,0
2026-08-15T23:17:34.881,IMU-1,0x28,-3.81,179.38,279.06,0,3,0,0
2026-08-15T23:17:34.980,IMU-1,0x28,-3.81,179.38,279.06,0,3,0,0
2026-08-15T23:17:35.080,IMU-1,0x28,-3.81,179.38,279.06,0,3,0,0
2026-08-15T23:17:35.180,IMU-1,0x28,-3.81,179.38,279.06,0,3,0,0
2026-08-15T23:17:35.279,IMU-1,0x28,-3.81,179.38,279.06,0,3,0,0
2026-08-15T23:17:35.379,IMU-1,0x28,-3.81,179.38,279.06,0,3,0,0
2026-08-15T23:17:35.479,IMU-1,0x28,-3.81,179.38,279.06,0,3,0,0
2026-08-15T23:17:35.580,IMU-1,0x28,-3.81,179.38,279.06,0,3,0,0
2026-08-15T23:17:35.680,IMU-1,0x28,-3.81,179.38,279.06,0,3,0,0
2026-08-15T23:17:35.780,IMU-1,0x28,-3.81,179.38,279.06,0,3,0,0
2026-08-15T23:17:35.880,IMU-1,0x28,-3.81,179.38,279.06,0,3,0,0
2026-08-15T23:17:35.981,IMU-1,0x28,-3.81,179.38,279.06,0,3,0,0
2026-08-15T23:17:36.081,IMU-1,0x28,-3.81,179.38,279.06,0,3,0,0
2026-08-15T23:17:36.181,IMU-1,0x28,-3.81,179.38,279.06,0,3,0,0
2026-08-15T23:17:36.281,IMU-1,0x28,-3.81,179.38,279.06,0,3,0,0
2026-08-15T23:17:36.381,IMU-1,0x28,-3.81,179.38,279.06,0,3,0,0
2026-08-15T23:17:36.482,IMU-1,0x28,-3.81,179.38,279.06,0,3,0,0
2026-08-15T23:17:36.583,IMU-1,0x28,-3.81,179.38,279.06,0,3,0,0
2026-08-15T23:17:36.682,IMU-1,0x28,-3.81,179.38,279.06,0,3,0,0
2026-08-15T23:17:36.782,IMU-1,0x28,-3.81,179.38,279.06,0,3,0,0
2026-08-15T23:17:36.882,IMU-1,0x28,-3.81,179.38,279.06,0,3,0,0
2026-08-15T23:17:36.981,IMU-1,0x28,-3.81,179.38,279.06,0,3,0,0
2026-08-15T23:17:37.081,IMU-1,0x28,-3.81,179.38,279.06,0,3,0,0
2026-08-15T23:17:37.181,IMU-1,0x28,-3.81,179.38,279.06,0,3,0,0
2026-08-15T23:17:37.281,IMU-1,0x28,-3.81,179.38,279.06,0,3,0,0
2026-08-15T23:17:37.381,IMU-1,0x28,-3.81,179.38,279.06,0,3,0,0
2026-08-15T23:17:37.481,IMU-1,0x28,-3.81,179.38,279.06,0,3,0,0
2026-08-15T23:17:37.582,IMU-1,0x28,-3.81,179.38,279.06,0,3,0,0
2026-08-15T23:17:37.681,IMU-1,0x28,-3.81,179.38,279.06,0,3,0,0
2026-08-15T23:17:37.781,IMU-1,0x28,-3.81,179.38,279.06,0,3,0,0
2026-08-15T23:17:37.881,IMU-1,0x28,-3.81,179.38,279.06,0,3,0,0
2026-08-15T23:17:37.981,IMU-1,0x28,-3.81,179.38,279.06,0,3,0,0
2026-08-15T23:17:38.081,IMU-1,0x28,-3.81,179.38,279.06,0,3,0,0
2026-08-15T23:17:38.181,IMU-1,0x28,-3.81,179.38,279.06,0,3,0,0
2026-08-15T23:17:38.282,IMU-1,0x28,-3.81,179.38,279.06,0,3,0,0
2026-08-15T23:17:38.382,IMU-1,0x28,-3.81,179.38,279.06,0,3,0,0
2026-08-15T23:17:38.482,IMU-1,0x28,-3.81,179.38,279.06,0,3,0,0
2026-08-15T23:17:38.583,IMU-1,0x28,-3.81,179.38,279.06,0,3,0,0
2026-08-15T23:17:38.683,IMU-1,0x28,-3.81,179.38,279.06,0,3,0,0
2026-08-15T23:17:38.783,IMU-1,0x28,-3.81,179.38,279.06,0,3,0,0
2026-08-15T23:17:38.884,IMU-1,0x28,-3.81,179.38,279.06,0,3,0,0
2026-08-15T23:17:38.983,IMU-1,0x28,-3.81,179.38,279.06,0,3,0,0
2026-08-15T23:17:39.083,IMU-1,0x28,-3.81,179.38,279.06,0,3,0,0
2026-08-15T23:17:39.184,IMU-1,0x28,-3.81,179.38,279.06,0,3,0,0
2026-08-15T23:17:39.283,IMU-1,0x28,-3.81,179.38,279.06,0,3,0,0
2026-08-15T23:17:39.383,IMU-1,0x28,-3.81,179.38,279.06,0,3,0,0
2026-08-15T23:17:39.484,IMU-1,0x28,-3.81,179.38,279.06,0,3,0,0
2026-08-15T23:17:39.584,IMU-1,0x28,-3.81,179.38,279.06,0,3,0,0
2026-08-15T23:17:39.684,IMU-1,0x28,-3.81,179.38,279.06,0,3,0,0
2026-08-15T23:17:39.784,IMU-1,0x28,-3.81,179.38,279.06,0,3,0,0
2026-08-15T23:17:39.884,IMU-1,0x28,-3.81,179.38,279.06,0,3,0,0
2026-08-15T23:17:39.983,IMU-1,0x28,-3.81,179.38,279.06,0,3,0,0
2026-08-15T23:17:40.083,IMU-1,0x28,-3.81,179.38,279.06,0,3,0,0
2026-08-15T23:17:40.183,IMU-1,0x28,-3.81,179.38,279.06,0,3,0,0
2026-08-15T23:17:40.283,IMU-1,0x28,-3.81,179.38,279.06,0,3,0,0
2026-08-15T23:17:40.383,IMU-1,0x28,-3.81,179.38,279.06,0,3,0,0
2026-08-15T23:17:40.483,IMU-1,0x28,-3.81,179.38,279.06,0,3,0,0
2026-08-15T23:17:40.585,IMU-1,0x28,-3.81,179.38,279.06,0,3,0,0
2026-08-15T23:17:40.684,IMU-1,0x28,-3.81,179.38,279.06,0,3,0,0
2026-08-15T23:17:40.784,IMU-1,0x28,-3.81,179.38,279.06,0,3,0,0
2026-08-15T23:17:40.884,IMU-1,0x28,-3.81,179.38,279.06,0,3,0,0
2026-08-15T23:17:40.984,IMU-1,0x28,-3.81,179.38,279.06,0,3,0,0
2026-08-15T23:17:41.084,IMU-1,0x28,-3.81,179.38,279.06,0,3,0,0
2026-08-15T23:17:41.185,IMU-1,0x28,-3.81,179.38,279.06,0,3,0,0
2026-08-15T23:17:41.285,IMU-1,0x28,-3.81,179.38,279.06,0,3,0,0
2026-08-15T23:17:41.385,IMU-1,0x28,-3.81,179.38,279.06,0,3,0,0
2026-08-15T23:17:41.485,IMU-1,0x28,-3.81,179.38,279.06,0,3,0,0
2026-08-15T23:17:41.586,IMU-1,0x28,-3.81,179.38,279.06,0,3,0,0
2026-08-15T23:17:41.685,IMU-1,0x28,-3.81,179.38,279.06,0,3,0,0
2026-08-15T23:17:41.785,IMU-1,0x28,-3.81,179.38,279.06,0,3,0,0
2026-08-15T23:17:41.885,IMU-1,0x28,-3.81,179.38,279.06,0,3,0,0
2026-08-15T23:17:41.985,IMU-1,0x28,-3.81,179.38,279.06,0,3,0,0
2026-08-15T23:17:42.085,IMU-1,0x28,-3.81,179.38,279.06,0,3,0,0
2026-08-15T23:17:42.185,IMU-1,0x28,-3.81,179.38,279.06,0,3,0,0
2026-08-15T23:17:42.285,IMU-1,0x28,-3.81,179.38,279.06,0,3,0,0
2026-08-15T23:17:42.385,IMU-1,0x28,-3.81,179.38,279.06,0,3,0,0
2026-08-15T23:17:42.485,IMU-1,0x28,-3.81,179.38,279.06,0,3,0,0
2026-08-15T23:17:42.585,IMU-1,0x28,-3.81,179.38,279.06,0,3,0,0
2026-08-15T23:17:42.685,IMU-1,0x28,-3.81,179.38,279.06,0,3,0,0
2026-08-15T23:17:42.785,IMU-1,0x28,-3.81,179.38,279.06,0,3,0,0
2026-08-15T23:17:42.885,IMU-1,0x28,-3.81,179.38,279.06,0,3,0,0
2026-08-15T23:17:42.985,IMU-1,0x28,-3.81,179.38,279.06,0,3,0,0
2026-08-15T23:17:43.085,IMU-1,0x28,-3.81,179.38,279.06,0,3,0,0
2026-08-15T23:17:43.185,IMU-1,0x28,-3.81,179.38,279.06,0,3,0,0
2026-08-15T23:17:43.286,IMU-1,0x28,-3.81,179.38,279.06,0,3,0,0
2026-08-15T23:17:43.386,IMU-1,0x28,-3.81,179.38,279.06,0,3,0,0
2026-08-15T23:17:43.486,IMU-1,0x28,-3.81,179.38,279.06,0,3,0,0
2026-08-15T23:17:43.587,IMU-1,0x28,-3.81,179.38,279.06,0,3,0,0
2026-08-15T23:17:43.686,IMU-1,0x28,-3.81,179.38,279.06,0,3,0,0
2026-08-15T23:17:43.786,IMU-1,0x28,-3.81,179.38,279.06,0,3,0,0
2026-08-15T23:17:43.886,IMU-1,0x28,-3.81,179.38,279.06,0,3,0,0
2026-08-15T23:17:43.986,IMU-1,0x28,-3.81,179.38,279.06,0,3,0,0
2026-08-15T23:17:44.086,IMU-1,0x28,-3.81,179.38,279.06,0,3,0,0
2026-08-15T23:17:44.186,IMU-1,0x28,-3.81,179.38,279.06,0,3,0,0
2026-08-15T23:17:44.286,IMU-1,0x28,-3.81,179.38,279.06,0,3,0,0
2026-08-15T23:17:44.385,IMU-1,0x28,-3.81,179.38,279.06,0,3,0,0
2026-08-15T23:17:44.485,IMU-1,0x28,-3.81,179.38,279.06,0,3,0,0
2026-08-15T23:17:44.586,IMU-1,0x28,-3.81,179.38,279.06,0,3,0,0
2026-08-15T23:17:44.685,IMU-1,0x28,-3.81,179.38,279.06,0,3,0,0
2026-08-15T23:17:44.785,IMU-1,0x28,-3.81,179.38,279.06,0,3,0,0
2026-08-15T23:17:44.885,IMU-1,0x28,-3.81,179.38,279.06,0,3,0,0
2026-08-15T23:17:44.985,IMU-1,0x28,-3.81,179.38,279.06,0,3,0,0
2026-08-15T23:17:45.086,IMU-1,0x28,-3.81,179.38,279.06,0,3,0,0
2026-08-15T23:17:45.186,IMU-1,0x28,-3.81,179.38,279.06,0,3,0,0
2026-08-15T23:17:45.286,IMU-1,0x28,-3.81,179.38,279.06,0,3,0,0
2026-08-15T23:17:45.387,IMU-1,0x28,-3.81,179.38,279.06,0,3,0,0
2026-08-15T23:17:45.487,IMU-1,0x28,-3.81,179.38,279.06,0,3,0,0
2026-08-15T23:17:45.588,IMU-1,0x28,-3.81,179.38,279.06,0,3,0,0
2026-08-15T23:17:45.688,IMU-1,0x28,-3.81,179.38,279.06,0,3,0,0
2026-08-15T23:17:45.788,IMU-1,0x28,-3.81,179.38,279.06,0,3,0,0
2026-08-15T23:17:45.887,IMU-1,0x28,-3.81,179.38,279.06,0,3,0,0
2026-08-15T23:17:45.988,IMU-1,0x28,-3.81,179.38,279.06,0,3,0,0
2026-08-15T23:17:46.088,IMU-1,0x28,-3.81,179.38,279.06,0,3,0,0
2026-08-15T23:17:46.188,IMU-1,0x28,-3.81,179.38,279.06,0,3,0,0
2026-08-15T23:17:46.288,IMU-1,0x28,-3.81,179.38,279.06,0,3,0,0
2026-08-15T23:17:46.388,IMU-1,0x28,-3.81,179.38,279.06,0,3,0,0
2026-08-15T23:17:46.488,IMU-1,0x28,-3.81,179.38,279.06,0,3,0,0
2026-08-15T23:17:46.589,IMU-1,0x28,-3.81,179.38,279.06,0,3,0,0
2026-08-15T23:17:46.688,IMU-1,0x28,-3.81,179.38,279.06,0,3,0,0
2026-08-15T23:17:46.788,IMU-1,0x28,-3.81,179.38,279.06,0,3,0,0
2026-08-15T23:17:46.887,IMU-1,0x28,-3.81,179.38,279.06,0,3,0,0
2026-08-15T23:17:46.987,IMU-1,0x28,-3.81,179.38,279.06,0,3,0,0
2026-08-15T23:17:47.087,IMU-1,0x28,-3.81,179.38,279.06,0,3,0,0
2026-08-15T23:17:47.187,IMU-1,0x28,-3.81,179.38,279.06,0,3,0,0
2026-08-15T23:17:47.287,IMU-1,0x28,-3.81,179.38,279.06,0,3,0,0
2026-08-15T23:17:47.387,IMU-1,0x28,-3.81,179.38,279.06,0,3,0,0
2026-08-15T23:17:47.487,IMU-1,0x28,-3.81,179.38,279.06,0,3,0,0
2026-08-15T23:17:47.589,IMU-1,0x28,-3.81,179.38,279.06,0,3,0,0
2026-08-15T23:17:47.688,IMU-1,0x28,-3.81,179.38,279.06,0,3,0,0
2026-08-15T23:17:47.788,IMU-1,0x28,-3.81,179.38,279.06,0,3,0,0
2026-08-15T23:17:47.889,IMU-1,0x28,-3.81,179.38,279.06,0,3,0,0
2026-08-15T23:17:47.988,IMU-1,0x28,-3.81,179.38,279.06,0,3,0,0
2026-08-15T23:17:48.088,IMU-1,0x28,-3.81,179.38,279.06,0,3,0,0
2026-08-15T23:17:48.188,IMU-1,0x28,-3.81,179.38,279.06,0,3,0,0
2026-08-15T23:17:48.287,IMU-1,0x28,-3.81,179.38,279.06,0,3,0,0
2026-08-15T23:17:48.388,IMU-1,0x28,-3.81,179.38,279.06,0,3,0,0
2026-08-15T23:17:48.488,IMU-1,0x28,-3.81,179.38,279.06,0,3,0,0
2026-08-15T23:17:48.589,IMU-1,0x28,-3.81,179.38,279.06,0,3,0,0
2026-08-15T23:17:48.688,IMU-1,0x28,-3.81,179.38,279.06,0,3,0,0
2026-08-15T23:17:48.788,IMU-1,0x28,-3.81,179.38,279.06,0,3,0,0
2026-08-15T23:17:48.889,IMU-1,0x28,-3.81,179.38,279.06,0,3,0,0
2026-08-15T23:17:48.989,IMU-1,0x28,-3.81,179.38,279.06,0,3,0,0
2026-08-15T23:17:49.089,IMU-1,0x28,-3.81,179.38,279.06,0,3,0,0
2026-08-15T23:17:49.189,IMU-1,0x28,-3.81,179.38,279.06,0,3,0,0
2026-08-15T23:17:49.289,IMU-1,0x28,-3.81,179.38,279.06,0,3,0,0
2026-08-15T23:17:49.389,IMU-1,0x28,-3.81,179.38,279.06,0,3,0,0
2026-08-15T23:17:49.489,IMU-1,0x28,-3.81,179.38,279.06,0,3,0,0
2026-08-15T23:17:49.590,IMU-1,0x28,-3.81,179.38,279.06,0,3,0,0
2026-08-15T23:17:49.689,IMU-1,0x28,-3.81,179.38,279.06,0,3,0,0
2026-08-15T23:17:49.789,IMU-1,0x28,-3.81,179.38,279.06,0,3,0,0
2026-08-15T23:17:49.889,IMU-1,0x28,-3.81,179.38,279.06,0,3,0,0
2026-08-15T23:17:49.990,IMU-1,0x28,-3.81,179.38,279.06,0,3,0,0
2026-08-15T23:17:50.090,IMU-1,0x28,-3.81,179.38,279.06,0,3,0,0
2026-08-15T23:17:50.190,IMU-1,0x28,-3.81,179.38,279.06,0,3,0,0
2026-08-15T23:17:50.291,IMU-1,0x28,-3.81,179.38,279.06,0,3,0,0
2026-08-15T23:17:50.390,IMU-1,0x28,-3.81,179.38,279.06,0,3,0,0
2026-08-15T23:17:50.490,IMU-1,0x28,-3.81,179.38,279.06,0,3,0,0
2026-08-15T23:17:50.591,IMU-1,0x28,-3.81,179.38,279.06,0,3,0,0
2026-08-15T23:17:50.690,IMU-1,0x28,-3.81,179.38,279.06,0,3,0,0
2026-08-15T23:17:50.790,IMU-1,0x28,-3.81,179.38,279.06,0,3,0,0
2026-08-15T23:17:50.890,IMU-1,0x28,-3.81,179.38,279.06,0,3,0,0
2026-08-15T23:17:50.990,IMU-1,0x28,-3.81,179.38,279.06,0,3,0,0
2026-08-15T23:17:51.090,IMU-1,0x28,-3.81,179.38,279.06,0,3,0,0
2026-08-15T23:17:51.190,IMU-1,0x28,-3.81,179.38,279.06,0,3,0,0
2026-08-15T23:17:51.289,IMU-1,0x28,-3.81,179.38,279.06,0,3,0,0
2026-08-15T23:17:51.389,IMU-1,0x28,-3.81,179.38,279.06,0,3,0,0
2026-08-15T23:17:51.489,IMU-1,0x28,-3.81,179.38,279.06,0,3,0,0
2026-08-15T23:17:51.590,IMU-1,0x28,-3.81,179.38,279.06,0,3,0,0
2026-08-15T23:17:51.690,IMU-1,0x28,-3.81,179.38,279.06,0,3,0,0
2026-08-15T23:17:51.790,IMU-1,0x28,-3.81,179.38,279.06,0,3,0,0
2026-08-15T23:17:51.890,IMU-1,0x28,-3.81,179.38,279.06,0,3,0,0
2026-08-15T23:17:51.991,IMU-1,0x28,-3.81,179.38,279.06,0,3,0,0
2026-08-15T23:17:52.091,IMU-1,0x28,-3.81,179.38,279.06,0,3,0,0
2026-08-15T23:17:52.190,IMU-1,0x28,-3.81,179.38,279.06,0,3,0,0
2026-08-15T23:17:52.291,IMU-1,0x28,-3.81,179.38,279.06,0,3,0,0
2026-08-15T23:17:52.391,IMU-1,0x28,-3.81,179.38,279.06,0,3,0,0
2026-08-15T23:17:52.491,IMU-1,0x28,-3.81,179.38,279.06,0,3,0,0
2026-08-15T23:17:52.592,IMU-1,0x28,-3.81,179.38,279.06,0,3,0,0
2026-08-15T23:17:52.692,IMU-1,0x28,-3.81,179.38,279.06,0,3,0,0
2026-08-15T23:17:52.792,IMU-1,0x28,-3.81,179.38,279.06,0,3,0,0
2026-08-15T23:17:52.892,IMU-1,0x28,-3.81,179.38,279.06,0,3,0,0
2026-08-15T23:17:52.992,IMU-1,0x28,-3.81,179.38,279.06,0,3,0,0
2026-08-15T23:17:53.092,IMU-1,0x28,-3.81,179.38,279.06,0,3,0,0
2026-08-15T23:17:53.192,IMU-1,0x28,-3.81,179.38,279.06,0,3,0,0
2026-08-15T23:17:53.292,IMU-1,0x28,-3.81,179.38,279.06,0,3,0,0
2026-08-15T23:17:53.392,IMU-1,0x28,-3.81,179.38,279.06,0,3,0,0
2026-08-15T23:17:53.491,IMU-1,0x28,-3.81,179.38,279.06,0,3,0,0
2026-08-15T23:17:53.591,IMU-1,0x28,-3.81,179.38,279.06,0,3,0,0
2026-08-15T23:17:53.690,IMU-1,0x28,-3.81,179.38,279.06,0,3,0,0
2026-08-15T23:17:53.791,IMU-1,0x28,-3.81,179.38,279.06,0,3,0,0
2026-08-15T23:17:53.891,IMU-1,0x28,-3.81,179.38,279.06,0,3,0,0
2026-08-15T23:17:53.991,IMU-1,0x28,-3.81,179.38,279.06,0,3,0,0
2026-08-15T23:17:54.091,IMU-1,0x28,-3.81,179.38,279.06,0,3,0,0
2026-08-15T23:17:54.191,IMU-1,0x28,-3.81,179.38,279.06,0,3,0,0
2026-08-15T23:17:54.291,IMU-1,0x28,-3.81,179.38,279.06,0,3,0,0
2026-08-15T23:17:54.391,IMU-1,0x28,-3.81,179.38,279.06,0,3,0,0
2026-08-15T23:17:54.492,IMU-1,0x28,-3.81,179.38,279.06,0,3,0,0
2026-08-15T23:17:54.592,IMU-1,0x28,-3.81,179.38,279.06,0,3,0,0
2026-08-15T23:17:54.692,IMU-1,0x28,-3.81,179.38,279.06,0,3,0,0
2026-08-15T23:17:54.792,IMU-1,0x28,-3.81,179.38,279.06,0,3,0,0
2026-08-15T23:17:54.893,IMU-1,0x28,-3.81,179.38,279.06,0,3,0,0
2026-08-15T23:17:54.993,IMU-1,0x28,-3.81,179.38,279.06,0,3,0,0
2026-08-15T23:17:55.093,IMU-1,0x28,-3.81,179.38,279.06,0,3,0,0
2026-08-15T23:17:55.193,IMU-1,0x28,-3.81,179.38,279.06,0,3,0,0
2026-08-15T23:17:55.293,IMU-1,0x28,-3.81,179.38,279.06,0,3,0,0
2026-08-15T23:17:55.393,IMU-1,0x28,-3.81,179.38,279.06,0,3,0,0
2026-08-15T23:17:55.493,IMU-1,0x28,-3.81,179.38,279.06,0,3,0,0
2026-08-15T23:17:55.594,IMU-1,0x28,-3.81,179.38,279.06,0,3,0,0
2026-08-15T23:17:55.693,IMU-1,0x28,-3.81,179.38,279.06,0,3,0,0
2026-08-15T23:17:55.793,IMU-1,0x28,-3.81,179.38,279.06,0,3,0,0
2026-08-15T23:17:55.893,IMU-1,0x28,-3.81,179.38,279.06,0,3,0,0
2026-08-15T23:17:55.993,IMU-1,0x28,-3.81,179.38,279.06,0,3,0,0
2026-08-15T23:17:56.094,IMU-1,0x28,-3.81,179.38,279.06,0,3,0,0
2026-08-15T23:17:56.193,IMU-1,0x28,-3.81,179.38,279.06,0,3,0,0
2026-08-15T23:17:56.293,IMU-1,0x28,-3.81,179.38,279.06,0,3,0,0
2026-08-15T23:17:56.393,IMU-1,0x28,-3.81,179.38,279.06,0,3,0,0
2026-08-15T23:17:56.493,IMU-1,0x28,-3.81,179.38,279.06,0,3,0,0
2026-08-15T23:17:56.593,IMU-1,0x28,-3.81,179.38,279.06,0,3,0,0
2026-08-15T23:17:56.693,IMU-1,0x28,-3.81,179.38,279.06,0,3,0,0
2026-08-15T23:17:56.793,IMU-1,0x28,-3.81,179.38,279.06,0,3,0,0
2026-08-15T23:17:56.893,IMU-1,0x28,-3.81,179.38,279.06,0,3,0,0
2026-08-15T23:17:56.993,IMU-1,0x28,-3.81,179.38,279.06,0,3,0,0
2026-08-15T23:17:57.094,IMU-1,0x28,-3.81,179.38,279.06,0,3,0,0
2026-08-15T23:17:57.194,IMU-1,0x28,-3.81,179.38,279.06,0,3,0,0
2026-08-15T23:17:57.294,IMU-1,0x28,-3.81,179.38,279.06,0,3,0,0
2026-08-15T23:17:57.394,IMU-1,0x28,-3.81,179.38,279.06,0,3,0,0
2026-08-15T23:17:57.494,IMU-1,0x28,-3.81,179.38,279.06,0,3,0,0
2026-08-15T23:17:57.595,IMU-1,0x28,-3.81,179.38,279.06,0,3,0,0
2026-08-15T23:17:57.694,IMU-1,0x28,-3.81,179.38,279.06,0,3,0,0
2026-08-15T23:17:57.794,IMU-1,0x28,-3.81,179.38,279.06,0,3,0,0
2026-08-15T23:17:57.895,IMU-1,0x28,-3.81,179.38,279.06,0,3,0,0
2026-08-15T23:17:57.995,IMU-1,0x28,-3.81,179.38,279.06,0,3,0,0
2026-08-15T23:17:58.095,IMU-1,0x28,-3.81,179.38,279.06,0,3,0,0
2026-08-15T23:17:58.195,IMU-1,0x28,-3.81,179.38,279.06,0,3,0,0
2026-08-15T23:17:58.295,IMU-1,0x28,-3.81,179.38,279.06,0,3,0,0
2026-08-15T23:17:58.395,IMU-1,0x28,-3.81,179.38,279.06,0,3,0,0
2026-08-15T23:17:58.494,IMU-1,0x28,-3.81,179.38,279.06,0,3,0,0
2026-08-15T23:17:58.595,IMU-1,0x28,-3.81,179.38,279.06,0,3,0,0
2026-08-15T23:17:58.694,IMU-1,0x28,-3.81,179.38,279.06,0,3,0,0
2026-08-15T23:17:58.794,IMU-1,0x28,-3.81,179.38,279.06,0,3,0,0
2026-08-15T23:17:58.893,IMU-1,0x28,-3.81,179.38,279.06,0,3,0,0
2026-08-15T23:17:58.994,IMU-1,0x28,-3.81,179.38,279.06,0,3,0,0
2026-08-15T23:17:59.094,IMU-1,0x28,-3.81,179.38,279.06,0,3,0,0
2026-08-15T23:17:59.194,IMU-1,0x28,-3.81,179.38,279.06,0,3,0,0
2026-08-15T23:17:59.295,IMU-1,0x28,-3.81,179.38,279.06,0,3,0,0
2026-08-15T23:17:59.395,IMU-1,0x28,-3.81,179.38,279.06,0,3,0,0
2026-08-15T23:17:59.495,IMU-1,0x28,-3.81,179.38,279.06,0,3,0,0
2026-08-15T23:17:59.596,IMU-1,0x28,-3.81,179.38,279.06,0,3,0,0
2026-08-15T23:17:59.695,IMU-1,0x28,-3.81,179.38,279.06,0,3,0,0
2026-08-15T23:17:59.795,IMU-1,0x28,-3.81,179.38,279.06,0,3,0,0
2026-08-15T23:17:59.895,IMU-1,0x28,-3.81,179.38,279.06,0,3,0,0
2026-08-15T23:17:59.994,IMU-1,0x28,-3.81,179.38,279.06,0,3,0,0
2026-08-15T23:18:00.094,IMU-1,0x28,-3.81,179.38,279.06,0,3,0,0
2026-08-15T23:18:00.194,IMU-1,0x28,-3.81,179.38,279.06,0,3,0,0
2026-08-15T23:18:00.295,IMU-1,0x28,-3.81,179.38,279.06,0,3,0,0
2026-08-15T23:18:00.394,IMU-1,0x28,-3.81,179.38,279.06,0,3,0,0
2026-08-15T23:18:00.494,IMU-1,0x28,-3.81,179.38,279.06,0,3,0,0
2026-08-15T23:18:00.595,IMU-1,0x28,-3.81,179.38,279.06,0,3,0,0
2026-08-15T23:18:00.694,IMU-1,0x28,-3.81,179.38,279.06,0,3,0,0
2026-08-15T23:18:00.795,IMU-1,0x28,-3.81,179.38,279.06,0,3,0,0
2026-08-15T23:18:00.895,IMU-1,0x28,-3.81,179.38,279.06,0,3,0,0
2026-08-15T23:18:00.995,IMU-1,0x28,-3.81,179.38,279.06,0,3,0,0
2026-08-15T23:18:01.095,IMU-1,0x28,-3.81,179.38,279.06,0,3,0,0
2026-08-15T23:18:01.195,IMU-1,0x28,-3.81,179.38,279.06,0,3,0,0
2026-08-15T23:18:01.296,IMU-1,0x28,-3.81,179.38,279.06,0,3,0,0
2026-08-15T23:18:01.396,IMU-1,0x28,-3.81,179.38,279.06,0,3,0,0
2026-08-15T23:18:01.496,IMU-1,0x28,-3.81,179.38,279.06,0,3,0,0
2026-08-15T23:18:01.597,IMU-1,0x28,-3.81,179.38,279.06,0,3,0,0
2026-08-15T23:18:01.696,IMU-1,0x28,-3.81,179.38,279.06,0,3,0,0
2026-08-15T23:18:01.797,IMU-1,0x28,-3.81,179.38,279.06,0,3,0,0
2026-08-15T23:18:01.897,IMU-1,0x28,-3.81,179.38,279.06,0,3,0,0
2026-08-15T23:18:01.997,IMU-1,0x28,-3.81,179.38,279.06,0,3,0,0
2026-08-15T23:18:02.097,IMU-1,0x28,-3.81,179.38,279.06,0,3,0,0
2026-08-15T23:18:02.197,IMU-1,0x28,-3.81,179.38,279.06,0,3,0,0
2026-08-15T23:18:02.297,IMU-1,0x28,-3.81,179.38,279.06,0,3,0,0
2026-08-15T23:18:02.397,IMU-1,0x28,-3.81,179.38,279.06,0,3,0,0
2026-08-15T23:18:02.497,IMU-1,0x28,-3.81,179.38,279.06,0,3,0,0
2026-08-15T23:18:02.598,IMU-1,0x28,-3.81,179.38,279.06,0,3,0,0
2026-08-15T23:18:02.697,IMU-1,0x28,-3.81,179.38,279.06,0,3,0,0
2026-08-15T23:18:02.797,IMU-1,0x28,-3.81,179.38,279.06,0,3,0,0
2026-08-15T23:18:02.897,IMU-1,0x28,-3.81,179.38,279.06,0,3,0,0
2026-08-15T23:18:02.996,IMU-1,0x28,-3.81,179.38,279.06,0,3,0,0
2026-08-15T23:18:03.096,IMU-1,0x28,-3.81,179.38,279.06,0,3,0,0
2026-08-15T23:18:03.196,IMU-1,0x28,-3.81,179.38,279.06,0,3,0,0
2026-08-15T23:18:03.296,IMU-1,0x28,-3.81,179.38,279.06,0,3,0,0
2026-08-15T23:18:03.396,IMU-1,0x28,-3.81,179.38,279.06,0,3,0,0
2026-08-15T23:18:03.496,IMU-1,0x28,-3.81,179.38,279.06,0,3,0,0
2026-08-15T23:18:03.597,IMU-1,0x28,-3.81,179.38,279.06,0,3,0,0
2026-08-15T23:18:03.697,IMU-1,0x28,-3.81,179.38,279.06,0,3,0,0
2026-08-15T23:18:03.797,IMU-1,0x28,-3.81,179.38,279.06,0,3,0,0
2026-08-15T23:18:03.897,IMU-1,0x28,-3.81,179.38,279.06,0,3,0,0
2026-08-15T23:18:03.998,IMU-1,0x28,-3.81,179.38,279.06,0,3,0,0
2026-08-15T23:18:04.098,IMU-1,0x28,-3.81,179.38,279.06,0,3,0,0
2026-08-15T23:18:04.198,IMU-1,0x28,-3.81,179.38,279.06,0,3,0,0
2026-08-15T23:18:04.298,IMU-1,0x28,-3.81,179.38,279.06,0,3,0,0
2026-08-15T23:18:04.398,IMU-1,0x28,-3.81,179.38,279.06,0,3,0,0
2026-08-15T23:18:04.498,IMU-1,0x28,-3.81,179.38,279.06,0,3,0,0
2026-08-15T23:18:04.599,IMU-1,0x28,-3.81,179.38,279.06,0,3,0,0
2026-08-15T23:18:04.699,IMU-1,0x28,-3.81,179.38,279.06,0,3,0,0
2026-08-15T23:18:04.798,IMU-1,0x28,-3.81,179.38,279.06,0,3,0,0
2026-08-15T23:18:04.898,IMU-1,0x28,-3.81,179.38,279.06,0,3,0,0
2026-08-15T23:18:04.998,IMU-1,0x28,-3.81,179.38,279.06,0,3,0,0
2026-08-15T23:18:05.099,IMU-1,0x28,-3.81,179.38,279.06,0,3,0,0
2026-08-15T23:18:05.199,IMU-1,0x28,-3.81,179.38,279.06,0,3,0,0
2026-08-15T23:18:05.298,IMU-1,0x28,-3.81,179.38,279.06,0,3,0,0
2026-08-15T23:18:05.398,IMU-1,0x28,-3.81,179.38,279.06,0,3,0,0
2026-08-15T23:18:05.498,IMU-1,0x28,-3.81,179.38,279.06,0,3,0,0
2026-08-15T23:18:05.599,IMU-1,0x28,-3.81,179.38,279.06,0,3,0,0
2026-08-15T23:18:05.698,IMU-1,0x28,-3.81,179.38,279.06,0,3,0,0
2026-08-15T23:18:05.798,IMU-1,0x28,-3.81,179.38,279.06,0,3,0,0
2026-08-15T23:18:05.898,IMU-1,0x28,-3.81,179.38,279.06,0,3,0,0
2026-08-15T23:18:05.998,IMU-1,0x28,-3.81,179.38,279.06,0,3,0,0
2026-08-15T23:18:06.099,IMU-1,0x28,-3.81,179.38,279.06,0,3,0,0
2026-08-15T23:18:06.199,IMU-1,0x28,-3.81,179.38,279.06,0,3,0,0
2026-08-15T23:18:06.299,IMU-1,0x28,-3.81,179.38,279.06,0,3,0,0
2026-08-15T23:18:06.399,IMU-1,0x28,-3.81,179.38,279.06,0,3,0,0
2026-08-15T23:18:06.499,IMU-1,0x28,-3.81,179.38,279.06,0,3,0,0
2026-08-15T23:18:06.601,IMU-1,0x28,-3.81,179.38,279.06,0,3,0,0
2026-08-15T23:18:06.699,IMU-1,0x28,-3.81,179.38,279.06,0,3,0,0
2026-08-15T23:18:06.799,IMU-1,0x28,-3.81,179.38,279.06,0,3,0,0
2026-08-15T23:18:06.900,IMU-1,0x28,-3.81,179.38,279.06,0,3,0,0
2026-08-15T23:18:07.000,IMU-1,0x28,-3.81,179.38,279.06,0,3,0,0
2026-08-15T23:18:07.100,IMU-1,0x28,-3.81,179.38,279.06,0,3,0,0
2026-08-15T23:18:07.199,IMU-1,0x28,-3.81,179.38,279.06,0,3,0,0
2026-08-15T23:18:07.299,IMU-1,0x28,-3.81,179.38,279.06,0,3,0,0
2026-08-15T23:18:07.399,IMU-1,0x28,-3.81,179.38,279.06,0,3,0,0
2026-08-15T23:18:07.499,IMU-1,0x28,-3.81,179.38,279.06,0,3,0,0
2026-08-15T23:18:07.599,IMU-1,0x28,-3.81,179.38,279.06,0,3,0,0
2026-08-15T23:18:07.699,IMU-1,0x28,-3.81,179.38,279.06,0,3,0,0
2026-08-15T23:18:07.799,IMU-1,0x28,-3.81,179.38,279.06,0,3,0,0
2026-08-15T23:18:07.899,IMU-1,0x28,-3.81,179.38,279.06,0,3,0,0
2026-08-15T23:18:07.999,IMU-1,0x28,-3.81,179.38,279.06,0,3,0,0
2026-08-15T23:18:08.100,IMU-1,0x28,-3.81,179.38,279.06,0,3,0,0
2026-08-15T23:18:08.200,IMU-1,0x28,-3.81,179.38,279.06,0,3,0,0
2026-08-15T23:18:08.300,IMU-1,0x28,-3.81,179.38,279.06,0,3,0,0
2026-08-15T23:18:08.400,IMU-1,0x28,-3.81,179.38,279.06,0,3,0,0
2026-08-15T23:18:08.500,IMU-1,0x28,-3.81,179.38,279.06,0,3,0,0
2026-08-15T23:18:08.601,IMU-1,0x28,-3.81,179.38,279.06,0,3,0,0
2026-08-15T23:18:08.701,IMU-1,0x28,-3.81,179.38,279.06,0,3,0,0
2026-08-15T23:18:08.801,IMU-1,0x28,-3.81,179.38,279.06,0,3,0,0
2026-08-15T23:18:08.901,IMU-1,0x28,-3.81,179.38,279.06,0,3,0,0
2026-08-15T23:18:09.001,IMU-1,0x28,-3.81,179.38,279.06,0,3,0,0
2026-08-15T23:18:09.101,IMU-1,0x28,-3.81,179.38,279.06,0,3,0,0
2026-08-15T23:18:09.201,IMU-1,0x28,-3.81,179.38,279.06,0,3,0,0
2026-08-15T23:18:09.301,IMU-1,0x28,-3.81,179.38,279.06,0,3,0,0
2026-08-15T23:18:09.401,IMU-1,0x28,-3.81,179.38,279.06,0,3,0,0
2026-08-15T23:18:09.501,IMU-1,0x28,-3.81,179.38,279.06,0,3,0,0
2026-08-15T23:18:09.601,IMU-1,0x28,-3.81,179.38,279.06,0,3,0,0
2026-08-15T23:18:09.700,IMU-1,0x28,-3.81,179.38,279.06,0,3,0,0
2026-08-15T23:18:09.800,IMU-1,0x28,-3.81,179.38,279.06,0,3,0,0
2026-08-15T23:18:09.900,IMU-1,0x28,-3.81,179.38,279.06,0,3,0,0
2026-08-15T23:18:10.000,IMU-1,0x28,-3.81,179.38,279.06,0,3,0,0
2026-08-15T23:18:10.100,IMU-1,0x28,-3.81,179.38,279.06,0,3,0,0
2026-08-15T23:18:10.200,IMU-1,0x28,-3.81,179.38,279.06,0,3,0,0
2026-08-15T23:18:10.300,IMU-1,0x28,-3.81,179.38,279.06,0,3,0,0
2026-08-15T23:18:10.400,IMU-1,0x28,-3.81,179.38,279.06,0,3,0,0
2026-08-15T23:18:10.501,IMU-1,0x28,-3.81,179.38,279.06,0,3,0,0
2026-08-15T23:18:10.601,IMU-1,0x28,-3.81,179.38,279.06,0,3,0,0
2026-08-15T23:18:10.701,IMU-1,0x28,-3.81,179.38,279.06,0,3,0,0
2026-08-15T23:18:10.802,IMU-1,0x28,-3.81,179.38,279.06,0,3,0,0
2026-08-15T23:18:10.902,IMU-1,0x28,-3.81,179.38,279.06,0,3,0,0
2026-08-15T23:18:11.002,IMU-1,0x28,-3.81,179.38,279.06,0,3,0,0
2026-08-15T23:18:11.102,IMU-1,0x28,-3.81,179.38,279.06,0,3,0,0
2026-08-15T23:18:11.202,IMU-1,0x28,-3.81,179.38,279.06,0,3,0,0
2026-08-15T23:18:11.302,IMU-1,0x28,-3.81,179.38,279.06,0,3,0,0
2026-08-15T23:18:11.402,IMU-1,0x28,-3.81,179.38,279.06,0,3,0,0
2026-08-15T23:18:11.502,IMU-1,0x28,-3.81,179.38,279.06,0,3,0,0
2026-08-15T23:18:11.603,IMU-1,0x28,-3.81,179.38,279.06,0,3,0,0
2026-08-15T23:18:11.702,IMU-1,0x28,-3.81,179.38,279.06,0,3,0,0
2026-08-15T23:18:11.802,IMU-1,0x28,-3.81,179.38,279.06,0,3,0,0
2026-08-15T23:18:11.902,IMU-1,0x28,-3.81,179.38,279.06,0,3,0,0
2026-08-15T23:18:12.002,IMU-1,0x28,-3.81,179.38,279.06,0,3,0,0
2026-08-15T23:18:12.102,IMU-1,0x28,-3.81,179.38,279.06,0,3,0,0
2026-08-15T23:18:12.202,IMU-1,0x28,-3.81,179.38,279.06,0,3,0,0
2026-08-15T23:18:12.302,IMU-1,0x28,-3.81,179.38,279.06,0,3,0,0
2026-08-15T23:18:12.402,IMU-1,0x28,-3.81,179.38,279.06,0,3,0,0
2026-08-15T23:18:12.502,IMU-1,0x28,-3.81,179.38,279.06,0,3,0,0
2026-08-15T23:18:12.603,IMU-1,0x28,-3.81,179.38,279.06,0,3,0,0
2026-08-15T23:18:12.702,IMU-1,0x28,-3.81,179.38,279.06,0,3,0,0
2026-08-15T23:18:12.803,IMU-1,0x28,-3.81,179.38,279.06,0,3,0,0
2026-08-15T23:18:12.903,IMU-1,0x28,-3.81,179.38,279.06,0,3,0,0
2026-08-15T23:18:13.003,IMU-1,0x28,-3.81,179.38,279.06,0,3,0,0
2026-08-15T23:18:13.103,IMU-1,0x28,-3.81,179.38,279.06,0,3,0,0
2026-08-15T23:18:13.203,IMU-1,0x28,-3.81,179.38,279.06,0,3,0,0
2026-08-15T23:18:13.304,IMU-1,0x28,-3.81,179.38,279.06,0,3,0,0
2026-08-15T23:18:13.404,IMU-1,0x28,-3.81,179.38,279.06,0,3,0,0
2026-08-15T23:18:13.504,IMU-1,0x28,-3.81,179.38,279.06,0,3,0,0
2026-08-15T23:18:13.605,IMU-1,0x28,-3.81,179.38,279.06,0,3,0,0
2026-08-15T23:18:13.704,IMU-1,0x28,-3.81,179.38,279.06,0,3,0,0
2026-08-15T23:18:13.804,IMU-1,0x28,-3.81,179.38,279.06,0,3,0,0
2026-08-15T23:18:13.904,IMU-1,0x28,-3.81,179.38,279.06,0,3,0,0
2026-08-15T23:18:14.004,IMU-1,0x28,-3.81,179.38,279.06,0,3,0,0
2026-08-15T23:18:14.104,IMU-1,0x28,-3.81,179.38,279.06,0,3,0,0
2026-08-15T23:18:14.204,IMU-1,0x28,-3.81,179.38,279.06,0,3,0,0
2026-08-15T23:18:14.304,IMU-1,0x28,-3.81,179.38,279.06,0,3,0,0
2026-08-15T23:18:14.404,IMU-1,0x28,-3.81,179.38,279.06,0,3,0,0
2026-08-15T23:18:14.504,IMU-1,0x28,-3.81,179.38,279.06,0,3,0,0
2026-08-15T23:18:14.605,IMU-1,0x28,-3.81,179.38,279.06,0,3,0,0
2026-08-15T23:18:14.704,IMU-1,0x28,-3.81,179.38,279.06,0,3,0,0
2026-08-15T23:18:14.803,IMU-1,0x28,-3.81,179.38,279.06,0,3,0,0
2026-08-15T23:18:14.903,IMU-1,0x28,-3.81,179.38,279.06,0,3,0,0
2026-08-15T23:18:15.003,IMU-1,0x28,-3.81,179.38,279.06,0,3,0,0
2026-08-15T23:18:15.104,IMU-1,0x28,-3.81,179.38,279.06,0,3,0,0
2026-08-15T23:18:15.204,IMU-1,0x28,-3.81,179.38,279.06,0,3,0,0
2026-08-15T23:18:15.304,IMU-1,0x28,-3.81,179.38,279.06,0,3,0,0
2026-08-15T23:18:15.404,IMU-1,0x28,-3.81,179.38,279.06,0,3,0,0
2026-08-15T23:18:15.505,IMU-1,0x28,-3.81,179.38,279.06,0,3,0,0
2026-08-15T23:18:15.606,IMU-1,0x28,-3.81,179.38,279.06,0,3,0,0
2026-08-15T23:18:15.705,IMU-1,0x28,-3.81,179.38,279.06,0,3,0,0
2026-08-15T23:18:15.805,IMU-1,0x28,-3.81,179.38,279.06,0,3,0,0
2026-08-15T23:18:15.905,IMU-1,0x28,-3.81,179.38,279.06,0,3,0,0
2026-08-15T23:18:16.005,IMU-1,0x28,-3.81,179.38,279.06,0,3,0,0
2026-08-15T23:18:16.105,IMU-1,0x28,-3.81,179.38,279.06,0,3,0,0
2026-08-15T23:18:16.205,IMU-1,0x28,-3.81,179.38,279.06,0,3,0,0
2026-08-15T23:18:16.305,IMU-1,0x28,-3.81,179.38,279.06,0,3,0,0
2026-08-15T23:18:16.404,IMU-1,0x28,-3.81,179.38,279.06,0,3,0,0
2026-08-15T23:18:16.504,IMU-1,0x28,-3.81,179.38,279.06,0,3,0,0
2026-08-15T23:18:16.605,IMU-1,0x28,-3.81,179.38,279.06,0,3,0,0
2026-08-15T23:18:16.704,IMU-1,0x28,-3.81,179.38,279.06,0,3,0,0
2026-08-15T23:18:16.804,IMU-1,0x28,-3.81,179.38,279.06,0,3,0,0
2026-08-15T23:18:16.905,IMU-1,0x28,-3.81,179.38,279.06,0,3,0,0
2026-08-15T23:18:17.005,IMU-1,0x28,-3.81,179.38,279.06,0,3,0,0
2026-08-15T23:18:17.105,IMU-1,0x28,-3.81,179.38,279.06,0,3,0,0
2026-08-15T23:18:17.205,IMU-1,0x28,-3.81,179.38,279.06,0,3,0,0
2026-08-15T23:18:17.306,IMU-1,0x28,-3.81,179.38,279.06,0,3,0,0
2026-08-15T23:18:17.406,IMU-1,0x28,-3.81,179.38,279.06,0,3,0,0
2026-08-15T23:18:17.506,IMU-1,0x28,-3.81,179.38,279.06,0,3,0,0
2026-08-15T23:18:17.606,IMU-1,0x28,-3.81,179.38,279.06,0,3,0,0
2026-08-15T23:18:17.706,IMU-1,0x28,-3.81,179.38,279.06,0,3,0,0
2026-08-15T23:18:17.806,IMU-1,0x28,-3.81,179.38,279.06,0,3,0,0
2026-08-15T23:18:17.906,IMU-1,0x28,-3.81,179.38,279.06,0,3,0,0
2026-08-15T23:18:18.007,IMU-1,0x28,-3.81,179.38,279.06,0,3,0,0
2026-08-15T23:18:18.107,IMU-1,0x28,-3.81,179.38,279.06,0,3,0,0
2026-08-15T23:18:18.207,IMU-1,0x28,-3.81,179.38,279.06,0,3,0,0
2026-08-15T23:18:18.307,IMU-1,0x28,-3.81,179.38,279.06,0,3,0,0
2026-08-15T23:18:18.407,IMU-1,0x28,-3.81,179.38,279.06,0,3,0,0
2026-08-15T23:18:18.507,IMU-1,0x28,-3.81,179.38,279.06,0,3,0,0
2026-08-15T23:18:18.608,IMU-1,0x28,-3.81,179.38,279.06,0,3,0,0
2026-08-15T23:18:18.707,IMU-1,0x28,-3.81,179.38,279.06,0,3,0,0
2026-08-15T23:18:18.807,IMU-1,0x28,-3.81,179.38,279.06,0,3,0,0
2026-08-15T23:18:18.906,IMU-1,0x28,-3.81,179.38,279.06,0,3,0,0
2026-08-15T23:18:19.006,IMU-1,0x28,-3.81,179.38,279.06,0,3,0,0
2026-08-15T23:18:19.106,IMU-1,0x28,-3.81,179.38,279.06,0,3,0,0
2026-08-15T23:18:19.206,IMU-1,0x28,-3.81,179.38,279.06,0,3,0,0
2026-08-15T23:18:19.306,IMU-1,0x28,-3.81,179.38,279.06,0,3,0,0
2026-08-15T23:18:19.406,IMU-1,0x28,-3.81,179.38,279.06,0,3,0,0
2026-08-15T23:18:19.506,IMU-1,0x28,-3.81,179.38,279.06,0,3,0,0
2026-08-15T23:18:19.607,IMU-1,0x28,-3.81,179.38,279.06,0,3,0,0
2026-08-15T23:18:19.707,IMU-1,0x28,-3.81,179.38,279.06,0,3,0,0
2026-08-15T23:18:19.807,IMU-1,0x28,-3.81,179.38,279.06,0,3,0,0
2026-08-15T23:18:19.907,IMU-1,0x28,-3.81,179.38,279.06,0,3,0,0
2026-08-15T23:18:20.008,IMU-1,0x28,-3.81,179.38,279.06,0,3,0,0
2026-08-15T23:18:20.108,IMU-1,0x28,-3.81,179.38,279.06,0,3,0,0
2026-08-15T23:18:20.208,IMU-1,0x28,-3.81,179.38,279.06,0,3,0,0
2026-08-15T23:18:20.308,IMU-1,0x28,-3.81,179.38,279.06,0,3,0,0
2026-08-15T23:18:20.408,IMU-1,0x28,-3.81,179.38,279.06,0,3,0,0
2026-08-15T23:18:20.508,IMU-1,0x28,-3.81,179.38,279.06,0,3,0,0
2026-08-15T23:18:20.609,IMU-1,0x28,-3.81,179.38,279.06,0,3,0,0
2026-08-15T23:18:20.708,IMU-1,0x28,-3.81,179.38,279.06,0,3,0,0
2026-08-15T23:18:20.808,IMU-1,0x28,-3.81,179.38,279.06,0,3,0,0
2026-08-15T23:18:20.908,IMU-1,0x28,-3.81,179.38,279.06,0,3,0,0
2026-08-15T23:18:21.008,IMU-1,0x28,-3.81,179.38,279.06,0,3,0,0
2026-08-15T23:18:21.108,IMU-1,0x28,-3.81,179.38,279.06,0,3,0,0
2026-08-15T23:18:21.208,IMU-1,0x28,-3.81,179.38,279.06,0,3,0,0
2026-08-15T23:18:21.308,IMU-1,0x28,-3.81,179.38,279.06,0,3,0,0
2026-08-15T23:18:21.408,IMU-1,0x28,-3.81,179.38,279.06,0,3,0,0
2026-08-15T23:18:21.508,IMU-1,0x28,-3.81,179.38,279.06,0,3,0,0
2026-08-15T23:18:21.609,IMU-1,0x28,-3.81,179.38,279.06,0,3,0,0
2026-08-15T23:18:21.708,IMU-1,0x28,-3.81,179.38,279.06,0,3,0,0
2026-08-15T23:18:21.808,IMU-1,0x28,-3.81,179.38,279.06,0,3,0,0
2026-08-15T23:18:21.908,IMU-1,0x28,-3.81,179.38,279.06,0,3,0,0
2026-08-15T23:18:22.008,IMU-1,0x28,-3.81,179.38,279.06,0,3,0,0
2026-08-15T23:18:22.108,IMU-1,0x28,-3.81,179.38,279.06,0,3,0,0
2026-08-15T23:18:22.209,IMU-1,0x28,-3.81,179.38,279.06,0,3,0,0
2026-08-15T23:18:22.309,IMU-1,0x28,-3.81,179.38,279.06,0,3,0,0
2026-08-15T23:18:22.409,IMU-1,0x28,-3.81,179.38,279.06,0,3,0,0
2026-08-15T23:18:22.509,IMU-1,0x28,-3.81,179.38,279.06,0,3,0,0
2026-08-15T23:18:22.609,IMU-1,0x28,-3.81,179.38,279.06,0,3,0,0
2026-08-15T23:18:22.708,IMU-1,0x28,-3.81,179.38,279.06,0,3,0,0
2026-08-15T23:18:22.808,IMU-1,0x28,-3.88,179.38,279.06,0,3,0,0
2026-08-15T23:18:22.908,IMU-1,0x28,-3.88,179.38,279.06,0,3,0,0
2026-08-15T23:18:23.008,IMU-1,0x28,-3.88,179.38,279.06,0,3,0,0
2026-08-15T23:18:23.108,IMU-1,0x28,-3.88,179.38,279.06,0,3,0,0
2026-08-15T23:18:23.208,IMU-1,0x28,-3.88,179.38,279.06,0,3,0,0
2026-08-15T23:18:23.309,IMU-1,0x28,-3.88,179.44,279.06,0,3,0,0
2026-08-15T23:18:23.409,IMU-1,0x28,-3.81,179.44,279.06,0,3,0,0
2026-08-15T23:18:23.509,IMU-1,0x28,-3.81,179.44,279.06,0,3,0,0
2026-08-15T23:18:23.610,IMU-1,0x28,-3.81,179.44,279.06,0,3,0,0
2026-08-15T23:18:23.709,IMU-1,0x28,-3.81,179.44,279.06,0,3,0,0
2026-08-15T23:18:23.809,IMU-1,0x28,-3.81,179.44,279.06,0,3,0,0
2026-08-15T23:18:23.909,IMU-1,0x28,-3.81,179.44,279.06,0,3,0,0
2026-08-15T23:18:24.010,IMU-1,0x28,-3.81,179.44,279.06,0,3,0,0
2026-08-15T23:18:24.110,IMU-1,0x28,-3.81,179.44,279.06,0,3,0,0
2026-08-15T23:18:24.210,IMU-1,0x28,-3.81,179.44,279.06,0,3,0,0
2026-08-15T23:18:24.310,IMU-1,0x28,-3.81,179.44,279.06,0,3,0,0
2026-08-15T23:18:24.410,IMU-1,0x28,-3.81,179.44,279.06,0,3,0,0
2026-08-15T23:18:24.511,IMU-1,0x28,-3.81,179.44,279.06,0,3,0,0
2026-08-15T23:18:24.612,IMU-1,0x28,-3.81,179.44,279.06,0,3,0,0
2026-08-15T23:18:24.711,IMU-1,0x28,-3.81,179.44,279.06,0,3,0,0
2026-08-15T23:18:24.811,IMU-1,0x28,-3.81,179.44,279.06,0,3,0,0
2026-08-15T23:18:24.911,IMU-1,0x28,-3.81,179.44,279.06,0,3,0,0
2026-08-15T23:18:25.011,IMU-1,0x28,-3.81,179.44,279.06,0,3,0,0
2026-08-15T23:18:25.111,IMU-1,0x28,-3.81,179.44,279.06,0,3,0,0
2026-08-15T23:18:25.211,IMU-1,0x28,-3.81,179.44,279.06,0,3,0,0
2026-08-15T23:18:25.311,IMU-1,0x28,-3.81,179.44,279.06,0,3,0,0
2026-08-15T23:18:25.411,IMU-1,0x28,-3.81,179.44,279.06,0,3,0,0
2026-08-15T23:18:25.510,IMU-1,0x28,-3.81,179.44,279.06,0,3,0,0
2026-08-15T23:18:25.610,IMU-1,0x28,-3.81,179.44,279.06,0,3,0,0
2026-08-15T23:18:25.710,IMU-1,0x28,-3.81,179.44,279.06,0,3,0,0
2026-08-15T23:18:25.810,IMU-1,0x28,-3.81,179.44,279.06,0,3,0,0
2026-08-15T23:18:25.910,IMU-1,0x28,-3.81,179.44,279.06,0,3,0,0
2026-08-15T23:18:26.010,IMU-1,0x28,-3.81,179.44,279.06,0,3,0,0
2026-08-15T23:18:26.110,IMU-1,0x28,-3.81,179.44,279.06,0,3,0,0
2026-08-15T23:18:26.210,IMU-1,0x28,-3.81,179.44,279.06,0,3,0,0
2026-08-15T23:18:26.310,IMU-1,0x28,-3.81,179.44,279.06,0,3,0,0
2026-08-15T23:18:26.411,IMU-1,0x28,-3.81,179.44,279.06,0,3,0,0
2026-08-15T23:18:26.511,IMU-1,0x28,-3.81,179.44,279.06,0,3,0,0
2026-08-15T23:18:26.612,IMU-1,0x28,-3.81,179.44,279.06,0,3,0,0
2026-08-15T23:18:26.711,IMU-1,0x28,-3.81,179.44,279.06,0,3,0,0
2026-08-15T23:18:26.812,IMU-1,0x28,-3.81,179.44,279.06,0,3,0,0
2026-08-15T23:18:26.912,IMU-1,0x28,-3.81,179.44,279.06,0,3,0,0
2026-08-15T23:18:27.012,IMU-1,0x28,-3.81,179.44,279.06,0,3,0,0
2026-08-15T23:18:27.112,IMU-1,0x28,-3.81,179.44,279.06,0,3,0,0
2026-08-15T23:18:27.212,IMU-1,0x28,-3.81,179.44,279.06,0,3,0,0
2026-08-15T23:18:27.312,IMU-1,0x28,-3.81,179.44,279.06,0,3,0,0
2026-08-15T23:18:27.412,IMU-1,0x28,-3.81,179.44,279.06,0,3,0,0
2026-08-15T23:18:27.512,IMU-1,0x28,-3.81,179.44,279.06,0,3,0,0
2026-08-15T23:18:27.613,IMU-1,0x28,-3.81,179.44,279.06,0,3,0,0
2026-08-15T23:18:27.712,IMU-1,0x28,-3.81,179.44,279.06,0,3,0,0
2026-08-15T23:18:27.813,IMU-1,0x28,-3.81,179.44,279.06,0,3,0,0
2026-08-15T23:18:27.913,IMU-1,0x28,-3.81,179.44,279.06,0,3,0,0
2026-08-15T23:18:28.013,IMU-1,0x28,-3.81,179.44,279.06,0,3,0,0
2026-08-15T23:18:28.112,IMU-1,0x28,-3.81,179.44,279.06,0,3,0,0
2026-08-15T23:18:28.211,IMU-1,0x28,-3.81,179.44,279.06,0,3,0,0
2026-08-15T23:18:28.311,IMU-1,0x28,-3.81,179.44,279.06,0,3,0,0
2026-08-15T23:18:28.411,IMU-1,0x28,-3.81,179.44,279.06,0,3,0,0
2026-08-15T23:18:28.511,IMU-1,0x28,-3.81,179.44,279.06,0,3,0,0
2026-08-15T23:18:28.612,IMU-1,0x28,-3.81,179.44,279.06,0,3,0,0
2026-08-15T23:18:28.712,IMU-1,0x28,-3.81,179.44,279.06,0,3,0,0
2026-08-15T23:18:28.812,IMU-1,0x28,-3.81,179.44,279.06,0,3,0,0
2026-08-15T23:18:28.913,IMU-1,0x28,-3.81,179.44,279.06,0,3,0,0
2026-08-15T23:18:29.013,IMU-1,0x28,-3.81,179.44,279.06,0,3,0,0
2026-08-15T23:18:29.113,IMU-1,0x28,-3.81,179.44,279.06,0,3,0,0
2026-08-15T23:18:29.213,IMU-1,0x28,-3.81,179.44,279.06,0,3,0,0
2026-08-15T23:18:29.313,IMU-1,0x28,-3.81,179.44,279.06,0,3,0,0
2026-08-15T23:18:29.414,IMU-1,0x28,-3.81,179.44,279.06,0,3,0,0
2026-08-15T23:18:29.514,IMU-1,0x28,-3.81,179.44,279.06,0,3,0,0
2026-08-15T23:18:29.615,IMU-1,0x28,-3.81,179.44,279.06,0,3,0,0
2026-08-15T23:18:29.714,IMU-1,0x28,-3.81,179.44,279.06,0,3,0,0
2026-08-15T23:18:29.814,IMU-1,0x28,-3.81,179.44,279.06,0,3,0,0
2026-08-15T23:18:29.914,IMU-1,0x28,-3.81,179.44,279.06,0,3,0,0
2026-08-15T23:18:30.014,IMU-1,0x28,-3.81,179.44,279.06,0,3,0,0
2026-08-15T23:18:30.114,IMU-1,0x28,-3.81,179.44,279.06,0,3,0,0
2026-08-15T23:18:30.214,IMU-1,0x28,-3.81,179.44,279.06,0,3,0,0
2026-08-15T23:18:30.313,IMU-1,0x28,-3.81,179.44,279.06,0,3,0,0
2026-08-15T23:18:30.413,IMU-1,0x28,-3.81,179.44,279.06,0,3,0,0
2026-08-15T23:18:30.513,IMU-1,0x28,-3.81,179.44,279.06,0,3,0,0
2026-08-15T23:18:30.614,IMU-1,0x28,-3.81,179.44,279.06,0,3,0,0
2026-08-15T23:18:30.713,IMU-1,0x28,-3.81,179.44,279.06,0,3,0,0
2026-08-15T23:18:30.813,IMU-1,0x28,-3.81,179.44,279.06,0,3,0,0
2026-08-15T23:18:30.913,IMU-1,0x28,-3.81,179.44,279.06,0,3,0,0
2026-08-15T23:18:31.013,IMU-1,0x28,-3.81,179.44,279.06,0,3,0,0
2026-08-15T23:18:31.114,IMU-1,0x28,-3.81,179.44,279.06,0,3,0,0
2026-08-15T23:18:31.214,IMU-1,0x28,-3.81,179.44,279.06,0,3,0,0
2026-08-15T23:18:31.314,IMU-1,0x28,-3.81,179.44,279.06,0,3,0,0
2026-08-15T23:18:31.415,IMU-1,0x28,-3.81,179.44,279.06,0,3,0,0
2026-08-15T23:18:31.515,IMU-1,0x28,-3.81,179.44,279.06,0,3,0,0
2026-08-15T23:18:31.616,IMU-1,0x28,-3.81,179.44,279.06,0,3,0,0
2026-08-15T23:18:31.715,IMU-1,0x28,-3.81,179.44,279.06,0,3,0,0
2026-08-15T23:18:31.815,IMU-1,0x28,-3.81,179.44,279.06,0,3,0,0
2026-08-15T23:18:31.915,IMU-1,0x28,-3.81,179.44,279.06,0,3,0,0
2026-08-15T23:18:32.015,IMU-1,0x28,-3.81,179.44,279.06,0,3,0,0
2026-08-15T23:18:32.115,IMU-1,0x28,-3.81,179.44,279.06,0,3,0,0
2026-08-15T23:18:32.215,IMU-1,0x28,-3.81,179.44,279.06,0,3,0,0
2026-08-15T23:18:32.314,IMU-1,0x28,-3.81,179.44,279.06,0,3,0,0
2026-08-15T23:18:32.415,IMU-1,0x28,-3.81,179.44,279.06,0,3,0,0
2026-08-15T23:18:32.515,IMU-1,0x28,-3.81,179.44,279.06,0,3,0,0
2026-08-15T23:18:32.615,IMU-1,0x28,-3.81,179.44,279.06,0,3,0,0
2026-08-15T23:18:32.715,IMU-1,0x28,-3.81,179.44,279.06,0,3,0,0
2026-08-15T23:18:32.815,IMU-1,0x28,-3.81,179.44,279.06,0,3,0,0
2026-08-15T23:18:32.915,IMU-1,0x28,-3.81,179.44,279.06,0,3,0,0
2026-08-15T23:18:33.015,IMU-1,0x28,-3.81,179.44,279.06,0,3,0,0
2026-08-15T23:18:33.115,IMU-1,0x28,-3.81,179.44,279.06,0,3,0,0
2026-08-15T23:18:33.215,IMU-1,0x28,-3.81,179.44,279.06,0,3,0,0
2026-08-15T23:18:33.315,IMU-1,0x28,-3.81,179.44,279.06,0,3,0,0
2026-08-15T23:18:33.415,IMU-1,0x28,-3.81,179.44,279.06,0,3,0,0
2026-08-15T23:18:33.516,IMU-1,0x28,-3.81,179.44,279.06,0,3,0,0
2026-08-15T23:18:33.617,IMU-1,0x28,-3.81,179.44,279.06,0,3,0,0
2026-08-15T23:18:33.716,IMU-1,0x28,-3.81,179.44,279.06,0,3,0,0
2026-08-15T23:18:33.816,IMU-1,0x28,-3.81,179.44,279.06,0,3,0,0
2026-08-15T23:18:33.916,IMU-1,0x28,-3.81,179.44,279.06,0,3,0,0
2026-08-15T23:18:34.016,IMU-1,0x28,-3.81,179.44,279.06,0,3,0,0
2026-08-15T23:18:34.116,IMU-1,0x28,-3.81,179.44,279.06,0,3,0,0
2026-08-15T23:18:34.216,IMU-1,0x28,-3.81,179.44,279.06,0,3,0,0
2026-08-15T23:18:34.316,IMU-1,0x28,-3.81,179.44,279.06,0,3,0,0
2026-08-15T23:18:34.415,IMU-1,0x28,-3.81,179.44,279.06,0,3,0,0
2026-08-15T23:18:34.515,IMU-1,0x28,-3.81,179.44,279.06,0,3,0,0
2026-08-15T23:18:34.616,IMU-1,0x28,-3.81,179.44,279.06,0,3,0,0
2026-08-15T23:18:34.715,IMU-1,0x28,-3.81,179.44,279.06,0,3,0,0
2026-08-15T23:18:34.815,IMU-1,0x28,-3.81,179.44,279.06,0,3,0,0
2026-08-15T23:18:34.915,IMU-1,0x28,-3.81,179.44,279.06,0,3,0,0
2026-08-15T23:18:35.015,IMU-1,0x28,-3.81,179.44,279.06,0,3,0,0
2026-08-15T23:18:35.115,IMU-1,0x28,-3.81,179.44,279.06,0,3,0,0
2026-08-15T23:18:35.215,IMU-1,0x28,-3.81,179.44,279.06,0,3,0,0
2026-08-15T23:18:35.316,IMU-1,0x28,-3.81,179.44,279.06,0,3,0,0
2026-08-15T23:18:35.416,IMU-1,0x28,-3.81,179.44,279.06,0,3,0,0
2026-08-15T23:18:35.516,IMU-1,0x28,-3.81,179.44,279.06,0,3,0,0
2026-08-15T23:18:35.617,IMU-1,0x28,-3.81,179.44,279.06,0,3,0,0
2026-08-15T23:18:35.717,IMU-1,0x28,-3.81,179.44,279.06,0,3,0,0
2026-08-15T23:18:35.817,IMU-1,0x28,-3.81,179.44,279.06,0,3,0,0
2026-08-15T23:18:35.917,IMU-1,0x28,-3.81,179.44,279.06,0,3,0,0
2026-08-15T23:18:36.018,IMU-1,0x28,-3.81,179.44,279.06,0,3,0,0
2026-08-15T23:18:36.118,IMU-1,0x28,-3.75,179.44,279.06,0,3,0,0
2026-08-15T23:18:36.218,IMU-1,0x28,-3.75,179.44,279.06,0,3,0,0
2026-08-15T23:18:36.318,IMU-1,0x28,-3.75,179.44,279.06,0,3,0,0
2026-08-15T23:18:36.418,IMU-1,0x28,-3.75,179.44,279.06,0,3,0,0
2026-08-15T23:18:36.518,IMU-1,0x28,-3.75,179.44,279.06,0,3,0,0
2026-08-15T23:18:36.619,IMU-1,0x28,-3.75,179.44,279.06,0,3,0,0
2026-08-15T23:18:36.718,IMU-1,0x28,-3.75,179.44,279.06,0,3,0,0
2026-08-15T23:18:36.818,IMU-1,0x28,-3.75,179.44,279.06,0,3,0,0
2026-08-15T23:18:36.918,IMU-1,0x28,-3.75,179.44,279.06,0,3,0,0
2026-08-15T23:18:37.018,IMU-1,0x28,-3.75,179.44,279.06,0,3,0,0
2026-08-15T23:18:37.118,IMU-1,0x28,-3.75,179.44,279.06,0,3,0,0
2026-08-15T23:18:37.217,IMU-1,0x28,-3.75,179.44,279.06,0,3,0,0
2026-08-15T23:18:37.317,IMU-1,0x28,-3.75,179.44,279.06,0,3,0,0
2026-08-15T23:18:37.417,IMU-1,0x28,-3.75,179.44,279.06,0,3,0,0
2026-08-15T23:18:37.517,IMU-1,0x28,-3.75,179.44,279.06,0,3,0,0
2026-08-15T23:18:37.618,IMU-1,0x28,-3.75,179.44,279.06,0,3,0,0
2026-08-15T23:18:37.717,IMU-1,0x28,-3.75,179.44,279.06,0,3,0,0
2026-08-15T23:18:37.818,IMU-1,0x28,-3.75,179.44,279.06,0,3,0,0
2026-08-15T23:18:37.918,IMU-1,0x28,-3.75,179.44,279.06,0,3,0,0
2026-08-15T23:18:38.018,IMU-1,0x28,-3.75,179.44,279.06,0,3,0,0
2026-08-15T23:18:38.118,IMU-1,0x28,-3.75,179.44,279.06,0,3,0,0
2026-08-15T23:18:38.219,IMU-1,0x28,-3.75,179.44,279.06,0,3,0,0
2026-08-15T23:18:38.319,IMU-1,0x28,-3.75,179.44,279.06,0,3,0,0
2026-08-15T23:18:38.419,IMU-1,0x28,-3.75,179.44,279.06,0,3,0,0
2026-08-15T23:18:38.519,IMU-1,0x28,-3.75,179.44,279.06,0,3,0,0
2026-08-15T23:18:38.620,IMU-1,0x28,-3.75,179.44,279.06,0,3,0,0
2026-08-15T23:18:38.719,IMU-1,0x28,-3.75,179.44,279.06,0,3,0,0
2026-08-15T23:18:38.819,IMU-1,0x28,-3.75,179.44,279.06,0,3,0,0
2026-08-15T23:18:38.919,IMU-1,0x28,-3.75,179.44,279.06,0,3,0,0
2026-08-15T23:18:39.019,IMU-1,0x28,-3.75,179.44,279.06,0,3,0,0
2026-08-15T23:18:39.119,IMU-1,0x28,-3.75,179.44,279.06,0,3,0,0
2026-08-15T23:18:39.219,IMU-1,0x28,-3.75,179.44,279.06,0,3,0,0
2026-08-15T23:18:39.319,IMU-1,0x28,-3.75,179.44,279.06,0,3,0,0
2026-08-15T23:18:39.419,IMU-1,0x28,-3.75,179.44,279.06,0,3,0,0
2026-08-15T23:18:39.519,IMU-1,0x28,-3.75,179.44,279.06,0,3,0,0
2026-08-15T23:18:39.620,IMU-1,0x28,-3.75,179.44,279.06,0,3,0,0
2026-08-15T23:18:39.719,IMU-1,0x28,-3.75,179.44,279.06,0,3,0,0
2026-08-15T23:18:39.819,IMU-1,0x28,-3.75,179.44,279.06,0,3,0,0
2026-08-15T23:18:39.919,IMU-1,0x28,-3.75,179.44,279.06,0,3,0,0
2026-08-15T23:18:40.019,IMU-1,0x28,-3.75,179.44,279.06,0,3,0,0
2026-08-15T23:18:40.120,IMU-1,0x28,-3.75,179.44,279.06,0,3,0,0
2026-08-15T23:18:40.220,IMU-1,0x28,-3.75,179.44,279.06,0,3,0,0
2026-08-15T23:18:40.320,IMU-1,0x28,-3.75,179.44,279.06,0,3,0,0
2026-08-15T23:18:40.420,IMU-1,0x28,-3.75,179.44,279.06,0,3,0,0
2026-08-15T23:18:40.520,IMU-1,0x28,-3.75,179.44,279.06,0,3,0,0
2026-08-15T23:18:40.621,IMU-1,0x28,-3.75,179.44,279.06,0,3,0,0
2026-08-15T23:18:40.720,IMU-1,0x28,-3.75,179.44,279.06,0,3,0,0
2026-08-15T23:18:40.820,IMU-1,0x28,-3.75,179.44,279.06,0,3,0,0
2026-08-15T23:18:40.921,IMU-1,0x28,-3.75,179.44,279.06,0,3,0,0
2026-08-15T23:18:41.021,IMU-1,0x28,-3.75,179.44,279.06,0,3,0,0
2026-08-15T23:18:41.121,IMU-1,0x28,-3.75,179.44,279.06,0,3,0,0
2026-08-15T23:18:41.221,IMU-1,0x28,-3.75,179.44,279.06,0,3,0,0
2026-08-15T23:18:41.320,IMU-1,0x28,-3.75,179.44,279.06,0,3,0,0
2026-08-15T23:18:41.420,IMU-1,0x28,-3.75,179.44,279.06,0,3,0,0
2026-08-15T23:18:41.519,IMU-1,0x28,-3.75,179.44,279.06,0,3,0,0
2026-08-15T23:18:41.620,IMU-1,0x28,-3.75,179.44,279.06,0,3,0,0
2026-08-15T23:18:41.719,IMU-1,0x28,-3.75,179.44,279.06,0,3,0,0
2026-08-15T23:18:41.819,IMU-1,0x28,-3.75,179.44,279.06,0,3,0,0
2026-08-15T23:18:41.920,IMU-1,0x28,-3.75,179.44,279.06,0,3,0,0
2026-08-15T23:18:42.020,IMU-1,0x28,-3.75,179.44,279.06,0,3,0,0
2026-08-15T23:18:42.120,IMU-1,0x28,-3.75,179.44,279.06,0,3,0,0
2026-08-15T23:18:42.220,IMU-1,0x28,-3.75,179.44,279.06,0,3,0,0
2026-08-15T23:18:42.320,IMU-1,0x28,-3.75,179.44,279.06,0,3,0,0
2026-08-15T23:18:42.420,IMU-1,0x28,-3.75,179.44,279.06,0,3,0,0
2026-08-15T23:18:42.521,IMU-1,0x28,-3.75,179.44,279.06,0,3,0,0
2026-08-15T23:18:42.622,IMU-1,0x28,-3.75,179.44,279.06,0,3,0,0
2026-08-15T23:18:42.721,IMU-1,0x28,-3.75,179.44,279.06,0,3,0,0
2026-08-15T23:18:42.822,IMU-1,0x28,-3.75,179.44,279.06,0,3,0,0
2026-08-15T23:18:42.922,IMU-1,0x28,-3.75,179.44,279.06,0,3,0,0
2026-08-15T23:18:43.022,IMU-1,0x28,-3.75,179.44,279.06,0,3,0,0
2026-08-15T23:18:43.122,IMU-1,0x28,-3.75,179.44,279.06,0,3,0,0
2026-08-15T23:18:43.222,IMU-1,0x28,-3.75,179.44,279.06,0,3,0,0
2026-08-15T23:18:43.322,IMU-1,0x28,-3.75,179.44,279.06,0,3,0,0
2026-08-15T23:18:43.422,IMU-1,0x28,-3.75,179.44,279.06,0,3,0,0
2026-08-15T23:18:43.522,IMU-1,0x28,-3.75,179.44,279.06,0,3,0,0
2026-08-15T23:18:43.623,IMU-1,0x28,-3.75,179.44,279.06,0,3,0,0
2026-08-15T23:18:43.722,IMU-1,0x28,-3.75,179.44,279.06,0,3,0,0
2026-08-15T23:18:43.822,IMU-1,0x28,-3.75,179.44,279.06,0,3,0,0
2026-08-15T23:18:43.922,IMU-1,0x28,-3.75,179.44,279.06,0,3,0,0
2026-08-15T23:18:44.022,IMU-1,0x28,-3.75,179.44,279.06,0,3,0,0
2026-08-15T23:18:44.122,IMU-1,0x28,-3.75,179.44,279.06,0,3,0,0
2026-08-15T23:18:44.221,IMU-1,0x28,-3.75,179.44,279.06,0,3,0,0
2026-08-15T23:18:44.321,IMU-1,0x28,-3.75,179.44,279.06,0,3,0,0
2026-08-15T23:18:44.421,IMU-1,0x28,-3.75,179.44,279.06,0,3,0,0
2026-08-15T23:18:44.521,IMU-1,0x28,-3.75,179.44,279.06,0,3,0,0
2026-08-15T23:18:44.623,IMU-1,0x28,-3.75,179.44,279.06,0,3,0,0
2026-08-15T23:18:44.722,IMU-1,0x28,-3.75,179.44,279.06,0,3,0,0
2026-08-15T23:18:44.822,IMU-1,0x28,-3.75,179.44,279.06,0,3,0,0
2026-08-15T23:18:44.923,IMU-1,0x28,-3.75,179.44,279.06,0,3,0,0
2026-08-15T23:18:45.023,IMU-1,0x28,-3.75,179.44,279.06,0,3,0,0
2026-08-15T23:18:45.123,IMU-1,0x28,-3.75,179.44,279.06,0,3,0,0
2026-08-15T23:18:45.223,IMU-1,0x28,-3.75,179.44,279.06,0,3,0,0
2026-08-15T23:18:45.323,IMU-1,0x28,-3.75,179.44,279.06,0,3,0,0
2026-08-15T23:18:45.423,IMU-1,0x28,-3.75,179.44,279.06,0,3,0,0
2026-08-15T23:18:45.523,IMU-1,0x28,-3.81,179.44,279.06,0,3,0,0
2026-08-15T23:18:45.624,IMU-1,0x28,-3.81,179.44,279.06,0,3,0,0
2026-08-15T23:18:45.723,IMU-1,0x28,-3.81,179.44,279.06,0,3,0,0
2026-08-15T23:18:45.823,IMU-1,0x28,-3.81,179.44,279.06,0,3,0,0
2026-08-15T23:18:45.923,IMU-1,0x28,-3.81,179.44,279.06,0,3,0,0
2026-08-15T23:18:46.023,IMU-1,0x28,-3.81,179.44,279.06,0,3,0,0
2026-08-15T23:18:46.123,IMU-1,0x28,-3.81,179.44,279.06,0,3,0,0
2026-08-15T23:18:46.223,IMU-1,0x28,-3.81,179.44,279.06,0,3,0,0
2026-08-15T23:18:46.330,IMU-1,0x28,-3.81,179.44,279.06,0,3,0,0
2026-08-15T23:18:46.423,IMU-1,0x28,-3.81,179.44,279.06,0,3,0,0
2026-08-15T23:18:46.523,IMU-1,0x28,-3.81,179.44,279.06,0,3,0,0
2026-08-15T23:18:46.623,IMU-1,0x28,-3.81,179.44,279.06,0,3,0,0
2026-08-15T23:18:46.723,IMU-1,0x28,-3.81,179.44,279.06,0,3,0,0
2026-08-15T23:18:46.823,IMU-1,0x28,-3.81,179.44,279.06,0,3,0,0
2026-08-15T23:18:46.923,IMU-1,0x28,-3.81,179.44,279.06,0,3,0,0
2026-08-15T23:18:47.024,IMU-1,0x28,-3.81,179.44,279.06,0,3,0,0
2026-08-15T23:18:47.124,IMU-1,0x28,-3.81,179.44,279.06,0,3,0,0
2026-08-15T23:18:47.224,IMU-1,0x28,-3.81,179.44,279.06,0,3,0,0
2026-08-15T23:18:47.325,IMU-1,0x28,-3.81,179.44,279.06,0,3,0,0
2026-08-15T23:18:47.425,IMU-1,0x28,-3.81,179.44,279.06,0,3,0,0
2026-08-15T23:18:47.525,IMU-1,0x28,-3.81,179.44,279.06,0,3,0,0
2026-08-15T23:18:47.626,IMU-1,0x28,-3.81,179.44,279.06,0,3,0,0
2026-08-15T23:18:47.725,IMU-1,0x28,-3.81,179.44,279.06,0,3,0,0
2026-08-15T23:18:47.825,IMU-1,0x28,-3.81,179.44,279.06,0,3,0,0
2026-08-15T23:18:47.925,IMU-1,0x28,-3.81,179.44,279.06,0,3,0,0
2026-08-15T23:18:48.025,IMU-1,0x28,-3.81,179.44,279.06,0,3,0,0
2026-08-15T23:18:48.125,IMU-1,0x28,-3.81,179.44,279.06,0,3,0,0
2026-08-15T23:18:48.225,IMU-1,0x28,-3.81,179.44,279.06,0,3,0,0
2026-08-15T23:18:48.324,IMU-1,0x28,-3.81,179.44,279.06,0,3,0,0
2026-08-15T23:18:48.424,IMU-1,0x28,-3.81,179.44,279.06,0,3,0,0
2026-08-15T23:18:48.524,IMU-1,0x28,-3.81,179.44,279.06,0,3,0,0
2026-08-15T23:18:48.625,IMU-1,0x28,-3.81,179.44,279.06,0,3,0,0
2026-08-15T23:18:48.725,IMU-1,0x28,-3.81,179.44,279.06,0,3,0,0
2026-08-15T23:18:48.825,IMU-1,0x28,-3.81,179.44,279.06,0,3,0,0
2026-08-15T23:18:48.925,IMU-1,0x28,-3.81,179.44,279.06,0,3,0,0
2026-08-15T23:18:49.025,IMU-1,0x28,-3.81,179.44,279.06,0,3,0,0
2026-08-15T23:18:49.125,IMU-1,0x28,-3.81,179.44,279.06,0,3,0,0
2026-08-15T23:18:49.225,IMU-1,0x28,-3.81,179.44,279.06,0,3,0,0
2026-08-15T23:18:49.325,IMU-1,0x28,-3.81,179.44,279.06,0,3,0,0
2026-08-15T23:18:49.425,IMU-1,0x28,-3.81,179.44,279.06,0,3,0,0
2026-08-15T23:18:49.525,IMU-1,0x28,-3.81,179.44,279.06,0,3,0,0
2026-08-15T23:18:49.627,IMU-1,0x28,-3.81,179.44,279.06,0,3,0,0
2026-08-15T23:18:49.726,IMU-1,0x28,-3.81,179.44,279.06,0,3,0,0
2026-08-15T23:18:49.826,IMU-1,0x28,-3.81,179.44,279.06,0,3,0,0
2026-08-15T23:18:49.926,IMU-1,0x28,-3.81,179.44,279.06,0,3,0,0
2026-08-15T23:18:50.026,IMU-1,0x28,-3.81,179.44,279.06,0,3,0,0
2026-08-15T23:18:50.126,IMU-1,0x28,-3.81,179.44,279.06,0,3,0,0
2026-08-15T23:18:50.227,IMU-1,0x28,-3.81,179.44,279.06,0,3,0,0
2026-08-15T23:18:50.327,IMU-1,0x28,-3.81,179.44,279.06,0,3,0,0
2026-08-15T23:18:50.427,IMU-1,0x28,-3.81,179.44,279.06,0,3,0,0
2026-08-15T23:18:50.527,IMU-1,0x28,-3.81,179.44,279.06,0,3,0,0
2026-08-15T23:18:50.627,IMU-1,0x28,-3.81,179.44,279.06,0,3,0,0
2026-08-15T23:18:50.726,IMU-1,0x28,-3.81,179.44,279.06,0,3,0,0
2026-08-15T23:18:50.825,IMU-1,0x28,-3.81,179.44,279.06,0,3,0,0
2026-08-15T23:18:50.925,IMU-1,0x28,-3.81,179.44,279.06,0,3,0,0
2026-08-15T23:18:51.025,IMU-1,0x28,-3.81,179.44,279.06,0,3,0,0
2026-08-15T23:18:51.125,IMU-1,0x28,-3.81,179.44,279.06,0,3,0,0
2026-08-15T23:18:51.226,IMU-1,0x28,-3.81,179.44,279.06,0,3,0,0
2026-08-15T23:18:51.326,IMU-1,0x28,-3.81,179.44,279.06,0,3,0,0
2026-08-15T23:18:51.426,IMU-1,0x28,-3.81,179.44,279.06,0,3,0,0
2026-08-15T23:18:51.526,IMU-1,0x28,-3.81,179.44,279.06,0,3,0,0
2026-08-15T23:18:51.627,IMU-1,0x28,-3.81,179.44,279.06,0,3,0,0
2026-08-15T23:18:51.726,IMU-1,0x28,-3.81,179.44,279.06,0,3,0,0
2026-08-15T23:18:51.827,IMU-1,0x28,-3.81,179.44,279.06,0,3,0,0
2026-08-15T23:18:51.927,IMU-1,0x28,-3.81,179.44,279.06,0,3,0,0
2026-08-15T23:18:52.027,IMU-1,0x28,-3.81,179.44,279.06,0,3,0,0
2026-08-15T23:18:52.128,IMU-1,0x28,-3.81,179.44,279.06,0,3,0,0
2026-08-15T23:18:52.228,IMU-1,0x28,-3.81,179.44,279.06,0,3,0,0
2026-08-15T23:18:52.328,IMU-1,0x28,-3.81,179.44,279.06,0,3,0,0
2026-08-15T23:18:52.428,IMU-1,0x28,-3.81,179.44,279.06,0,3,0,0
2026-08-15T23:18:52.528,IMU-1,0x28,-3.81,179.44,279.06,0,3,0,0
2026-08-15T23:18:52.629,IMU-1,0x28,-3.81,179.44,279.06,0,3,0,0
2026-08-15T23:18:52.728,IMU-1,0x28,-3.81,179.44,279.06,0,3,0,0
2026-08-15T23:18:52.828,IMU-1,0x28,-3.81,179.44,279.06,0,3,0,0
2026-08-15T23:18:52.928,IMU-1,0x28,-3.81,179.44,279.06,0,3,0,0
2026-08-15T23:18:53.028,IMU-1,0x28,-3.81,179.44,279.06,0,3,0,0
2026-08-15T23:18:53.128,IMU-1,0x28,-3.81,179.44,279.06,0,3,0,0
2026-08-15T23:18:53.228,IMU-1,0x28,-3.81,179.44,279.06,0,3,0,0
2026-08-15T23:18:53.328,IMU-1,0x28,-3.81,179.44,279.06,0,3,0,0
2026-08-15T23:18:53.428,IMU-1,0x28,-3.81,179.44,279.06,0,3,0,0
2026-08-15T23:18:53.528,IMU-1,0x28,-3.81,179.44,279.06,0,3,0,0
2026-08-15T23:18:53.629,IMU-1,0x28,-3.81,179.44,279.06,0,3,0,0
2026-08-15T23:18:53.728,IMU-1,0x28,-3.81,179.44,279.06,0,3,0,0
2026-08-15T23:18:53.828,IMU-1,0x28,-3.81,179.44,279.06,0,3,0,0
2026-08-15T23:18:53.928,IMU-1,0x28,-3.81,179.44,279.06,0,3,0,0
2026-08-15T23:18:54.028,IMU-1,0x28,-3.81,179.44,279.06,0,3,0,0
2026-08-15T23:18:54.128,IMU-1,0x28,-3.81,179.44,279.06,0,3,0,0
2026-08-15T23:18:54.229,IMU-1,0x28,-3.81,179.44,279.06,0,3,0,0
2026-08-15T23:18:54.329,IMU-1,0x28,-3.81,179.44,279.06,0,3,0,0
2026-08-15T23:18:54.429,IMU-1,0x28,-3.75,179.44,279.06,0,3,0,0
2026-08-15T23:18:54.529,IMU-1,0x28,-3.75,179.44,279.06,0,3,0,0
2026-08-15T23:18:54.630,IMU-1,0x28,-3.81,179.44,279.06,0,3,0,0
2026-08-15T23:18:54.729,IMU-1,0x28,-3.94,179.44,279.06,0,3,0,0
2026-08-15T23:18:54.829,IMU-1,0x28,-3.94,179.44,279.06,0,3,0,0
2026-08-15T23:18:54.929,IMU-1,0x28,-3.94,179.44,279.06,0,3,0,0
2026-08-15T23:18:55.029,IMU-1,0x28,-3.94,179.44,279.06,0,3,0,0
2026-08-15T23:18:55.130,IMU-1,0x28,-3.94,179.44,279.06,0,3,0,0
2026-08-15T23:18:55.230,IMU-1,0x28,-3.94,179.44,279.06,0,3,0,0
2026-08-15T23:18:55.330,IMU-1,0x28,-3.94,179.44,279.06,0,3,0,0
2026-08-15T23:18:55.430,IMU-1,0x28,-3.94,179.44,279.06,0,3,0,0
2026-08-15T23:18:55.530,IMU-1,0x28,-3.94,179.44,279.06,0,3,0,0
2026-08-15T23:18:55.631,IMU-1,0x28,-3.94,179.44,279.06,0,3,0,0
2026-08-15T23:18:55.730,IMU-1,0x28,-3.94,179.44,279.06,0,3,0,0
2026-08-15T23:18:55.829,IMU-1,0x28,-3.94,179.44,279.06,0,3,0,0
2026-08-15T23:18:55.929,IMU-1,0x28,-3.94,179.44,279.06,0,3,0,0
2026-08-15T23:18:56.029,IMU-1,0x28,-3.94,179.44,279.06,0,3,0,0
2026-08-15T23:18:56.129,IMU-1,0x28,-3.94,179.44,279.06,0,3,0,0
2026-08-15T23:18:56.229,IMU-1,0x28,-3.94,179.44,279.06,0,3,0,0
2026-08-15T23:18:56.330,IMU-1,0x28,-3.94,179.44,279.06,0,3,0,0
2026-08-15T23:18:56.430,IMU-1,0x28,-3.94,179.44,279.06,0,3,0,0
2026-08-15T23:18:56.530,IMU-1,0x28,-3.94,179.44,279.06,0,3,0,0
2026-08-15T23:18:56.631,IMU-1,0x28,-3.94,179.44,279.06,0,3,0,0
2026-08-15T23:18:56.730,IMU-1,0x28,-3.94,179.44,279.06,0,3,0,0
2026-08-15T23:18:56.831,IMU-1,0x28,-3.94,179.44,279.06,0,3,0,0
2026-08-15T23:18:56.931,IMU-1,0x28,-3.94,179.44,279.06,0,3,0,0
2026-08-15T23:18:57.031,IMU-1,0x28,-3.94,179.44,279.06,0,3,0,0
2026-08-15T23:18:57.131,IMU-1,0x28,-3.94,179.44,279.06,0,3,0,0
2026-08-15T23:18:57.229,IMU-1,0x28,-3.94,179.44,279.06,0,3,0,0
2026-08-15T23:18:57.329,IMU-1,0x28,-3.94,179.44,279.06,0,3,0,0
2026-08-15T23:18:57.429,IMU-1,0x28,-3.94,179.44,279.06,0,3,0,0
2026-08-15T23:18:57.529,IMU-1,0x28,-3.94,179.44,279.06,0,3,0,0
2026-08-15T23:18:57.630,IMU-1,0x28,-3.94,179.44,279.06,0,3,0,0
2026-08-15T23:18:57.729,IMU-1,0x28,-3.94,179.44,279.06,0,3,0,0
2026-08-15T23:18:57.830,IMU-1,0x28,-3.94,179.44,279.06,0,3,0,0
2026-08-15T23:18:57.930,IMU-1,0x28,-3.94,179.44,279.06,0,3,0,0
2026-08-15T23:18:58.030,IMU-1,0x28,-3.94,179.44,279.06,0,3,0,0
2026-08-15T23:18:58.130,IMU-1,0x28,-3.94,179.44,279.06,0,3,0,0
2026-08-15T23:18:58.230,IMU-1,0x28,-3.94,179.44,279.06,0,3,0,0
2026-08-15T23:18:58.330,IMU-1,0x28,-3.94,179.44,279.06,0,3,0,0
2026-08-15T23:18:58.430,IMU-1,0x28,-3.94,179.44,279.06,0,3,0,0
2026-08-15T23:18:58.530,IMU-1,0x28,-3.94,179.44,279.06,0,3,0,0
2026-08-15T23:18:58.631,IMU-1,0x28,-3.94,179.44,279.06,0,3,0,0
2026-08-15T23:18:58.731,IMU-1,0x28,-3.94,179.44,279.06,0,3,0,0
2026-08-15T23:18:58.831,IMU-1,0x28,-3.94,179.44,279.06,0,3,0,0
2026-08-15T23:18:58.932,IMU-1,0x28,-3.94,179.44,279.06,0,3,0,0
2026-08-15T23:18:59.032,IMU-1,0x28,-3.94,179.44,279.06,0,3,0,0
2026-08-15T23:18:59.132,IMU-1,0x28,-3.94,179.44,279.06,0,3,0,0
2026-08-15T23:18:59.232,IMU-1,0x28,-3.94,179.44,279.06,0,3,0,0
2026-08-15T23:18:59.332,IMU-1,0x28,-3.94,179.44,279.06,0,3,0,0
2026-08-15T23:18:59.432,IMU-1,0x28,-3.94,179.44,279.06,0,3,0,0
2026-08-15T23:18:59.532,IMU-1,0x28,-3.94,179.44,279.06,0,3,0,0
2026-08-15T23:18:59.633,IMU-1,0x28,-3.94,179.44,279.06,0,3,0,0
2026-08-15T23:18:59.732,IMU-1,0x28,-3.94,179.44,279.06,0,3,0,0
2026-08-15T23:18:59.832,IMU-1,0x28,-3.94,179.44,279.06,0,3,0,0
2026-08-15T23:18:59.932,IMU-1,0x28,-3.94,179.44,279.06,0,3,0,0
2026-08-15T23:19:00.032,IMU-1,0x28,-3.94,179.44,279.06,0,3,0,0
2026-08-15T23:19:00.132,IMU-1,0x28,-3.94,179.44,279.06,0,3,0,0
2026-08-15T23:19:00.232,IMU-1,0x28,-3.94,179.44,279.06,0,3,0,0
2026-08-15T23:19:00.331,IMU-1,0x28,-3.94,179.44,279.06,0,3,0,0
2026-08-15T23:19:00.431,IMU-1,0x28,-3.94,179.44,279.06,0,3,0,0
2026-08-15T23:19:00.531,IMU-1,0x28,-3.94,179.44,279.06,0,3,0,0
2026-08-15T23:19:00.632,IMU-1,0x28,-3.94,179.44,279.06,0,3,0,0
2026-08-15T23:19:00.731,IMU-1,0x28,-3.94,179.44,279.06,0,3,0,0
2026-08-15T23:19:00.831,IMU-1,0x28,-3.94,179.44,279.06,0,3,0,0
2026-08-15T23:19:00.932,IMU-1,0x28,-3.94,179.44,279.06,0,3,0,0
2026-08-15T23:19:01.032,IMU-1,0x28,-3.94,179.44,279.06,0,3,0,0
2026-08-15T23:19:01.132,IMU-1,0x28,-3.94,179.44,279.06,0,3,0,0
2026-08-15T23:19:01.233,IMU-1,0x28,-3.94,179.44,279.06,0,3,0,0
2026-08-15T23:19:01.333,IMU-1,0x28,-3.94,179.44,279.06,0,3,0,0
2026-08-15T23:19:01.433,IMU-1,0x28,-3.94,179.44,279.06,0,3,0,0
2026-08-15T23:19:01.533,IMU-1,0x28,-3.94,179.44,279.06,0,3,0,0
2026-08-15T23:19:01.634,IMU-1,0x28,-3.94,179.44,279.06,0,3,0,0
2026-08-15T23:19:01.733,IMU-1,0x28,-3.94,179.44,279.06,0,3,0,0
2026-08-15T23:19:01.833,IMU-1,0x28,-3.94,179.44,279.06,0,3,0,0
2026-08-15T23:19:01.934,IMU-1,0x28,-3.94,179.44,279.06,0,3,0,0
2026-08-15T23:19:02.034,IMU-1,0x28,-3.94,179.44,279.06,0,3,0,0
2026-08-15T23:19:02.134,IMU-1,0x28,-3.94,179.44,279.06,0,3,0,0
2026-08-15T23:19:02.234,IMU-1,0x28,-3.94,179.44,279.06,0,3,0,0
2026-08-15T23:19:02.334,IMU-1,0x28,-3.94,179.44,279.06,0,3,0,0
2026-08-15T23:19:02.433,IMU-1,0x28,-3.94,179.44,279.06,0,3,0,0
2026-08-15T23:19:02.532,IMU-1,0x28,-3.94,179.44,279.06,0,3,0,0
2026-08-15T23:19:02.633,IMU-1,0x28,-3.94,179.44,279.06,0,3,0,0
2026-08-15T23:19:02.732,IMU-1,0x28,-3.94,179.44,279.06,0,3,0,0
2026-08-15T23:19:02.832,IMU-1,0x28,-3.94,179.44,279.06,0,3,0,0
2026-08-15T23:19:02.932,IMU-1,0x28,-3.94,179.44,279.06,0,3,0,0
2026-08-15T23:19:03.032,IMU-1,0x28,-3.94,179.44,279.06,0,3,0,0
2026-08-15T23:19:03.133,IMU-1,0x28,-3.94,179.44,279.06,0,3,0,0
2026-08-15T23:19:03.233,IMU-1,0x28,-3.94,179.44,279.06,0,3,0,0
2026-08-15T23:19:03.333,IMU-1,0x28,-3.94,179.44,279.06,0,3,0,0
2026-08-15T23:19:03.433,IMU-1,0x28,-3.94,179.44,279.06,0,3,0,0
2026-08-15T23:19:03.534,IMU-1,0x28,-3.94,179.44,279.06,0,3,0,0
2026-08-15T23:19:03.634,IMU-1,0x28,-3.94,179.44,279.06,0,3,0,0
2026-08-15T23:19:03.734,IMU-1,0x28,-3.94,179.44,279.06,0,3,0,0
2026-08-15T23:19:03.835,IMU-1,0x28,-3.94,179.44,279.06,0,3,0,0
2026-08-15T23:19:03.935,IMU-1,0x28,-3.94,179.44,279.06,0,3,0,0
2026-08-15T23:19:04.035,IMU-1,0x28,-3.94,179.44,279.06,0,3,0,0
2026-08-15T23:19:04.135,IMU-1,0x28,-3.94,179.44,279.06,0,3,0,0
2026-08-15T23:19:04.235,IMU-1,0x28,-4.0,179.44,279.06,0,3,0,0
2026-08-15T23:19:04.335,IMU-1,0x28,-4.0,179.44,279.06,0,3,0,0
2026-08-15T23:19:04.435,IMU-1,0x28,-4.0,179.44,279.06,0,3,0,0
2026-08-15T23:19:04.535,IMU-1,0x28,-4.0,179.44,279.06,0,3,0,0
2026-08-15T23:19:04.636,IMU-1,0x28,-4.0,179.44,279.06,0,3,0,0
2026-08-15T23:19:04.735,IMU-1,0x28,-4.0,179.44,279.06,0,3,0,0
2026-08-15T23:19:04.835,IMU-1,0x28,-4.0,179.44,279.06,0,3,0,0
2026-08-15T23:19:04.935,IMU-1,0x28,-4.0,179.44,279.06,0,3,0,0
2026-08-15T23:19:05.035,IMU-1,0x28,-4.0,179.44,279.06,0,3,0,0
2026-08-15T23:19:05.135,IMU-1,0x28,-4.0,179.44,279.06,0,3,0,0
2026-08-15T23:19:05.235,IMU-1,0x28,-3.94,179.44,279.06,0,3,0,0
2026-08-15T23:19:05.335,IMU-1,0x28,-3.81,179.44,279.06,0,3,0,0
2026-08-15T23:19:05.435,IMU-1,0x28,-3.81,179.44,279.06,0,3,0,0
2026-08-15T23:19:05.535,IMU-1,0x28,-3.81,179.44,279.06,0,3,0,0
2026-08-15T23:19:05.636,IMU-1,0x28,-3.81,179.44,279.06,0,3,0,0
2026-08-15T23:19:05.735,IMU-1,0x28,-3.81,179.44,279.06,0,3,0,0
2026-08-15T23:19:05.835,IMU-1,0x28,-3.81,179.44,279.06,0,3,0,0
2026-08-15T23:19:05.935,IMU-1,0x28,-3.81,179.44,279.06,0,3,0,0
2026-08-15T23:19:06.036,IMU-1,0x28,-3.81,179.44,279.06,0,3,0,0
2026-08-15T23:19:06.136,IMU-1,0x28,-3.81,179.44,279.06,0,3,0,0
2026-08-15T23:19:06.236,IMU-1,0x28,-3.81,179.44,279.06,0,3,0,0
2026-08-15T23:19:06.336,IMU-1,0x28,-3.81,179.44,279.06,0,3,0,0
2026-08-15T23:19:06.436,IMU-1,0x28,-3.81,179.44,279.06,0,3,0,0
2026-08-15T23:19:06.536,IMU-1,0x28,-3.81,179.44,279.06,0,3,0,0
2026-08-15T23:19:06.637,IMU-1,0x28,-3.94,179.44,279.06,0,3,0,0
2026-08-15T23:19:06.736,IMU-1,0x28,-3.94,179.44,279.06,0,3,0,0
2026-08-15T23:19:06.836,IMU-1,0x28,-3.94,179.44,279.06,0,3,0,0
2026-08-15T23:19:06.936,IMU-1,0x28,-3.94,179.44,279.06,0,3,0,0
2026-08-15T23:19:07.036,IMU-1,0x28,-3.94,179.44,279.06,0,3,0,0
2026-08-15T23:19:07.136,IMU-1,0x28,-3.94,179.44,279.06,0,3,0,0
2026-08-15T23:19:07.235,IMU-1,0x28,-3.94,179.44,279.06,0,3,0,0
2026-08-15T23:19:07.335,IMU-1,0x28,-3.94,179.44,279.06,0,3,0,0
2026-08-15T23:19:07.435,IMU-1,0x28,-4.0,179.44,279.06,0,3,0,0
2026-08-15T23:19:07.535,IMU-1,0x28,-4.0,179.44,279.06,0,3,0,0
2026-08-15T23:19:07.636,IMU-1,0x28,-3.94,179.44,279.06,0,3,0,0
2026-08-15T23:19:07.736,IMU-1,0x28,-3.94,179.44,279.06,0,3,0,0
2026-08-15T23:19:07.836,IMU-1,0x28,-3.75,179.44,279.06,0,3,0,0
2026-08-15T23:19:07.936,IMU-1,0x28,-3.31,179.44,279.06,0,3,0,0
2026-08-15T23:19:08.036,IMU-1,0x28,-3.12,179.44,279.06,0,3,0,0
2026-08-15T23:19:08.137,IMU-1,0x28,-3.0,179.44,279.06,0,3,0,0
2026-08-15T23:19:08.237,IMU-1,0x28,-3.0,179.44,279.06,0,3,0,0
2026-08-15T23:19:08.337,IMU-1,0x28,-3.0,179.44,279.06,0,3,0,0
2026-08-15T23:19:08.437,IMU-1,0x28,-3.06,179.44,279.06,0,3,0,0
2026-08-15T23:19:08.538,IMU-1,0x28,-3.06,179.44,279.06,0,3,0,0
2026-08-15T23:19:08.638,IMU-1,0x28,-3.12,179.44,279.06,0,3,0,0
2026-08-15T23:19:08.738,IMU-1,0x28,-3.12,179.44,279.06,0,3,0,0
2026-08-15T23:19:08.838,IMU-1,0x28,-3.12,179.44,279.06,0,3,0,0
2026-08-15T23:19:08.937,IMU-1,0x28,-3.12,179.44,279.06,0,3,0,0
2026-08-15T23:19:09.037,IMU-1,0x28,-3.19,179.44,279.06,0,3,0,0
2026-08-15T23:19:09.137,IMU-1,0x28,-3.19,179.44,279.06,0,3,0,0
2026-08-15T23:19:09.237,IMU-1,0x28,-3.19,179.5,279.06,0,3,0,0
2026-08-15T23:19:09.337,IMU-1,0x28,-3.19,179.5,279.06,0,3,0,0
2026-08-15T23:19:09.437,IMU-1,0x28,-3.19,179.5,279.06,0,3,0,0
2026-08-15T23:19:09.537,IMU-1,0x28,-3.19,179.5,279.06,0,3,0,0
2026-08-15T23:19:09.638,IMU-1,0x28,-3.19,179.5,279.06,0,3,0,0
2026-08-15T23:19:09.737,IMU-1,0x28,-3.19,179.5,279.06,0,3,0,0
2026-08-15T23:19:09.837,IMU-1,0x28,-3.19,179.5,279.06,0,3,0,0
2026-08-15T23:19:09.937,IMU-1,0x28,-3.19,179.5,279.06,0,3,0,0
2026-08-15T23:19:10.037,IMU-1,0x28,-3.19,179.5,279.06,0,3,0,0
2026-08-15T23:19:10.137,IMU-1,0x28,-3.25,179.5,279.06,0,3,0,0
2026-08-15T23:19:10.238,IMU-1,0x28,-3.25,179.5,279.06,0,3,0,0
2026-08-15T23:19:10.338,IMU-1,0x28,-3.44,179.5,279.06,0,3,0,0
2026-08-15T23:19:10.438,IMU-1,0x28,-3.5,179.5,279.06,0,3,0,0
2026-08-15T23:19:10.538,IMU-1,0x28,-3.5,179.5,279.06,0,3,0,0
2026-08-15T23:19:10.639,IMU-1,0x28,-3.44,179.5,279.06,0,3,0,0
2026-08-15T23:19:10.739,IMU-1,0x28,-3.38,179.5,279.06,0,3,0,0
2026-08-15T23:19:10.839,IMU-1,0x28,-3.38,179.5,279.06,0,3,0,0
2026-08-15T23:19:10.939,IMU-1,0x28,-3.38,179.5,279.06,0,3,0,0
2026-08-15T23:19:11.039,IMU-1,0x28,-3.38,179.5,279.06,0,3,0,0
2026-08-15T23:19:11.140,IMU-1,0x28,-3.44,179.5,279.06,0,3,0,0
2026-08-15T23:19:11.240,IMU-1,0x28,-3.44,179.5,279.06,0,3,0,0
2026-08-15T23:19:11.340,IMU-1,0x28,-3.44,179.5,279.06,0,3,0,0
2026-08-15T23:19:11.440,IMU-1,0x28,-3.44,179.5,279.06,0,3,0,0
2026-08-15T23:19:11.540,IMU-1,0x28,-3.44,179.5,279.06,0,3,0,0
2026-08-15T23:19:11.641,IMU-1,0x28,-3.44,179.5,279.06,0,3,0,0
2026-08-15T23:19:11.740,IMU-1,0x28,-3.44,179.5,279.06,0,3,0,0
2026-08-15T23:19:11.840,IMU-1,0x28,-3.44,179.5,279.06,0,3,0,0
2026-08-15T23:19:11.940,IMU-1,0x28,-3.44,179.5,279.06,0,3,0,0
2026-08-15T23:19:12.039,IMU-1,0x28,-3.44,179.5,279.06,0,3,0,0
2026-08-15T23:19:12.139,IMU-1,0x28,-3.38,179.5,279.06,0,3,0,0
2026-08-15T23:19:12.239,IMU-1,0x28,-3.25,179.5,279.06,0,3,0,0
2026-08-15T23:19:12.340,IMU-1,0x28,-3.25,179.5,279.06,0,3,0,0
2026-08-15T23:19:12.440,IMU-1,0x28,-3.25,179.5,279.06,0,3,0,0
2026-08-15T23:19:12.540,IMU-1,0x28,-3.25,179.5,279.06,0,3,0,0
2026-08-15T23:19:12.641,IMU-1,0x28,-3.38,179.5,279.06,0,3,0,0
2026-08-15T23:19:12.740,IMU-1,0x28,-3.44,179.5,279.06,0,3,0,0
2026-08-15T23:19:12.840,IMU-1,0x28,-3.62,179.5,279.06,0,3,0,0
2026-08-15T23:19:12.940,IMU-1,0x28,-3.69,179.5,279.06,0,3,0,0
2026-08-15T23:19:13.041,IMU-1,0x28,-3.88,179.5,279.06,0,3,0,0
2026-08-15T23:19:13.141,IMU-1,0x28,-3.81,179.5,279.06,0,3,0,0
2026-08-15T23:19:13.241,IMU-1,0x28,-3.88,179.5,279.06,0,3,0,0
2026-08-15T23:19:13.341,IMU-1,0x28,-3.88,179.5,279.06,0,3,0,0
2026-08-15T23:19:13.441,IMU-1,0x28,-3.94,179.5,279.06,0,3,0,0
2026-08-15T23:19:13.541,IMU-1,0x28,-3.94,179.5,279.06,0,3,0,0
2026-08-15T23:19:13.642,IMU-1,0x28,-3.94,179.5,279.06,0,3,0,0
2026-08-15T23:19:13.741,IMU-1,0x28,-3.88,179.5,279.06,0,3,0,0
2026-08-15T23:19:13.841,IMU-1,0x28,-3.69,179.5,279.06,0,3,0,0
2026-08-15T23:19:13.941,IMU-1,0x28,-3.69,179.5,279.06,0,3,0,0
2026-08-15T23:19:14.041,IMU-1,0x28,-3.62,179.5,279.06,0,3,0,0
2026-08-15T23:19:14.140,IMU-1,0x28,-3.62,179.5,279.06,0,3,0,0
2026-08-15T23:19:14.240,IMU-1,0x28,-3.69,179.5,279.06,0,3,0,0
2026-08-15T23:19:14.341,IMU-1,0x28,-3.69,179.5,279.06,0,3,0,0
2026-08-15T23:19:14.441,IMU-1,0x28,-3.69,179.5,279.06,0,3,0,0
2026-08-15T23:19:14.541,IMU-1,0x28,-3.69,179.5,279.06,0,3,0,0
2026-08-15T23:19:14.642,IMU-1,0x28,-3.69,179.5,279.06,0,3,0,0
2026-08-15T23:19:14.741,IMU-1,0x28,-3.69,179.5,279.06,0,3,0,0
2026-08-15T23:19:14.841,IMU-1,0x28,-3.69,179.5,279.06,0,3,0,0
2026-08-15T23:19:14.942,IMU-1,0x28,-3.69,179.5,279.06,0,3,0,0
2026-08-15T23:19:15.041,IMU-1,0x28,-3.69,179.5,279.06,0,3,0,0
2026-08-15T23:19:15.142,IMU-1,0x28,-3.69,179.5,279.06,0,3,0,0
2026-08-15T23:19:15.242,IMU-1,0x28,-3.69,179.5,279.06,0,3,0,0
2026-08-15T23:19:15.342,IMU-1,0x28,-3.69,179.5,279.06,0,3,0,0
2026-08-15T23:19:15.442,IMU-1,0x28,-3.69,179.5,279.06,0,3,0,0
2026-08-15T23:19:15.542,IMU-1,0x28,-3.69,179.5,279.06,0,3,0,0
2026-08-15T23:19:15.644,IMU-1,0x28,-3.69,179.5,279.06,0,3,0,0
2026-08-15T23:19:15.743,IMU-1,0x28,-3.69,179.5,279.06,0,3,0,0
2026-08-15T23:19:15.843,IMU-1,0x28,-3.69,179.5,279.06,0,3,0,0
2026-08-15T23:19:15.943,IMU-1,0x28,-3.69,179.5,279.06,0,3,0,0
2026-08-15T23:19:16.043,IMU-1,0x28,-3.69,179.5,279.06,0,3,0,0
2026-08-15T23:19:16.143,IMU-1,0x28,-3.69,179.5,279.06,0,3,0,0
2026-08-15T23:19:16.242,IMU-1,0x28,-3.69,179.5,279.06,0,3,0,0
2026-08-15T23:19:16.342,IMU-1,0x28,-3.69,179.5,279.06,0,3,0,0
2026-08-15T23:19:16.442,IMU-1,0x28,-3.69,179.5,279.06,0,3,0,0
2026-08-15T23:19:16.542,IMU-1,0x28,-3.69,179.5,279.06,0,3,0,0
2026-08-15T23:19:16.642,IMU-1,0x28,-3.69,179.5,279.06,0,3,0,0
2026-08-15T23:19:16.742,IMU-1,0x28,-3.69,179.5,279.06,0,3,0,0
2026-08-15T23:19:16.842,IMU-1,0x28,-3.69,179.5,279.06,0,3,0,0
2026-08-15T23:19:16.942,IMU-1,0x28,-3.69,179.5,279.06,0,3,0,0
2026-08-15T23:19:17.042,IMU-1,0x28,-3.69,179.5,279.06,0,3,0,0
2026-08-15T23:19:17.142,IMU-1,0x28,-3.69,179.5,279.06,0,3,0,0
2026-08-15T23:19:17.243,IMU-1,0x28,-3.69,179.5,279.06,0,3,0,0
2026-08-15T23:19:17.343,IMU-1,0x28,-3.69,179.5,279.06,0,3,0,0
2026-08-15T23:19:17.443,IMU-1,0x28,-3.69,179.5,279.06,0,3,0,0
2026-08-15T23:19:17.544,IMU-1,0x28,-3.69,179.5,279.06,0,3,0,0
2026-08-15T23:19:17.644,IMU-1,0x28,-3.69,179.5,279.06,0,3,0,0
2026-08-15T23:19:17.744,IMU-1,0x28,-3.69,179.5,279.06,0,3,0,0
2026-08-15T23:19:17.844,IMU-1,0x28,-3.69,179.5,279.06,0,3,0,0
2026-08-15T23:19:17.944,IMU-1,0x28,-3.69,179.5,279.06,0,3,0,0
2026-08-15T23:19:18.044,IMU-1,0x28,-3.69,179.5,279.06,0,3,0,0
2026-08-15T23:19:18.144,IMU-1,0x28,-3.69,179.5,279.06,0,3,0,0
2026-08-15T23:19:18.244,IMU-1,0x28,-3.69,179.5,279.06,0,3,0,0
2026-08-15T23:19:18.344,IMU-1,0x28,-3.69,179.5,279.06,0,3,0,0
2026-08-15T23:19:18.444,IMU-1,0x28,-3.69,179.5,279.06,0,3,0,0
2026-08-15T23:19:18.545,IMU-1,0x28,-3.69,179.5,279.06,0,3,0,0
2026-08-15T23:19:18.644,IMU-1,0x28,-3.69,179.5,279.06,0,3,0,0
2026-08-15T23:19:18.743,IMU-1,0x28,-3.69,179.5,279.06,0,3,0,0
2026-08-15T23:19:18.843,IMU-1,0x28,-3.69,179.5,279.06,0,3,0,0
2026-08-15T23:19:18.943,IMU-1,0x28,-3.69,179.5,279.06,0,3,0,0
2026-08-15T23:19:19.043,IMU-1,0x28,-3.69,179.5,279.06,0,3,0,0
2026-08-15T23:19:19.143,IMU-1,0x28,-3.69,179.5,279.06,0,3,0,0
2026-08-15T23:19:19.243,IMU-1,0x28,-3.69,179.5,279.06,0,3,0,0
2026-08-15T23:19:19.343,IMU-1,0x28,-3.69,179.5,279.06,0,3,0,0
2026-08-15T23:19:19.444,IMU-1,0x28,-3.69,179.5,279.06,0,3,0,0
2026-08-15T23:19:19.544,IMU-1,0x28,-3.69,179.5,279.06,0,3,0,0
2026-08-15T23:19:19.645,IMU-1,0x28,-3.69,179.5,279.06,0,3,0,0
2026-08-15T23:19:19.745,IMU-1,0x28,-3.69,179.5,279.06,0,3,0,0
2026-08-15T23:19:19.845,IMU-1,0x28,-3.69,179.5,279.06,0,3,0,0
2026-08-15T23:19:19.945,IMU-1,0x28,-3.69,179.5,279.06,0,3,0,0
2026-08-15T23:19:20.045,IMU-1,0x28,-3.69,179.5,279.06,0,3,0,0
2026-08-15T23:19:20.145,IMU-1,0x28,-3.69,179.5,279.06,0,3,0,0
2026-08-15T23:19:20.245,IMU-1,0x28,-3.69,179.5,279.06,0,3,0,0
2026-08-15T23:19:20.344,IMU-1,0x28,-3.69,179.5,279.06,0,3,0,0
2026-08-15T23:19:20.444,IMU-1,0x28,-3.69,179.5,279.06,0,3,0,0
2026-08-15T23:19:20.545,IMU-1,0x28,-3.69,179.5,279.06,0,3,0,0
2026-08-15T23:19:20.645,IMU-1,0x28,-3.69,179.5,279.06,0,3,0,0
2026-08-15T23:19:20.745,IMU-1,0x28,-3.69,179.5,279.06,0,3,0,0
2026-08-15T23:19:20.845,IMU-1,0x28,-3.69,179.5,279.06,0,3,0,0
2026-08-15T23:19:20.946,IMU-1,0x28,-3.69,179.5,279.06,0,3,0,0
2026-08-15T23:19:21.045,IMU-1,0x28,-3.69,179.5,279.06,0,3,0,0
2026-08-15T23:19:21.145,IMU-1,0x28,-3.69,179.5,279.06,0,3,0,0
2026-08-15T23:19:21.245,IMU-1,0x28,-3.69,179.5,279.06,0,3,0,0
2026-08-15T23:19:21.346,IMU-1,0x28,-3.69,179.5,279.06,0,3,0,0
2026-08-15T23:19:21.446,IMU-1,0x28,-3.69,179.5,279.06,0,3,0,0
2026-08-15T23:19:21.546,IMU-1,0x28,-3.69,179.5,279.06,0,3,0,0
2026-08-15T23:19:21.647,IMU-1,0x28,-3.69,179.5,279.06,0,3,0,0
2026-08-15T23:19:21.746,IMU-1,0x28,-3.69,179.5,279.06,0,3,0,0
2026-08-15T23:19:21.846,IMU-1,0x28,-3.69,179.5,279.06,0,3,0,0
2026-08-15T23:19:21.946,IMU-1,0x28,-3.69,179.5,279.06,0,3,0,0
2026-08-15T23:19:22.047,IMU-1,0x28,-3.69,179.5,279.06,0,3,0,0
2026-08-15T23:19:22.147,IMU-1,0x28,-3.69,179.5,279.06,0,3,0,0
2026-08-15T23:19:22.247,IMU-1,0x28,-3.69,179.5,279.06,0,3,0,0
2026-08-15T23:19:22.347,IMU-1,0x28,-3.69,179.5,279.06,0,3,0,0
2026-08-15T23:19:22.447,IMU-1,0x28,-3.69,179.5,279.06,0,3,0,0
2026-08-15T23:19:22.547,IMU-1,0x28,-3.69,179.5,279.06,0,3,0,0
2026-08-15T23:19:22.648,IMU-1,0x28,-3.69,179.5,279.06,0,3,0,0
2026-08-15T23:19:22.747,IMU-1,0x28,-3.69,179.5,279.06,0,3,0,0
2026-08-15T23:19:22.847,IMU-1,0x28,-3.69,179.5,279.06,0,3,0,0
2026-08-15T23:19:22.947,IMU-1,0x28,-3.69,179.5,279.06,0,3,0,0
2026-08-15T23:19:23.047,IMU-1,0x28,-3.69,179.5,279.06,0,3,0,0
2026-08-15T23:19:23.147,IMU-1,0x28,-3.69,179.5,279.06,0,3,0,0
2026-08-15T23:19:23.246,IMU-1,0x28,-3.69,179.5,279.06,0,3,0,0
2026-08-15T23:19:23.346,IMU-1,0x28,-3.69,179.5,279.06,0,3,0,0
2026-08-15T23:19:23.446,IMU-1,0x28,-3.69,179.5,279.06,0,3,0,0
2026-08-15T23:19:23.546,IMU-1,0x28,-3.69,179.5,279.06,0,3,0,0
2026-08-15T23:19:23.647,IMU-1,0x28,-3.69,179.5,279.06,0,3,0,0
2026-08-15T23:19:23.747,IMU-1,0x28,-3.69,179.5,279.06,0,3,0,0
2026-08-15T23:19:23.847,IMU-1,0x28,-3.69,179.5,279.06,0,3,0,0
2026-08-15T23:19:23.947,IMU-1,0x28,-3.69,179.5,279.06,0,3,0,0
2026-08-15T23:19:24.047,IMU-1,0x28,-3.69,179.5,279.06,0,3,0,0
2026-08-15T23:19:24.147,IMU-1,0x28,-3.69,179.5,279.06,0,3,0,0
2026-08-15T23:19:24.248,IMU-1,0x28,-3.69,179.5,279.06,0,3,0,0
2026-08-15T23:19:24.348,IMU-1,0x28,-3.69,179.5,279.06,0,3,0,0
2026-08-15T23:19:24.448,IMU-1,0x28,-3.69,179.5,279.06,0,3,0,0
2026-08-15T23:19:24.549,IMU-1,0x28,-3.69,179.5,279.06,0,3,0,0
2026-08-15T23:19:24.650,IMU-1,0x28,-3.69,179.5,279.06,0,3,0,0
2026-08-15T23:19:24.749,IMU-1,0x28,-3.69,179.5,279.06,0,3,0,0
2026-08-15T23:19:24.849,IMU-1,0x28,-3.69,179.5,279.06,0,3,0,0
2026-08-15T23:19:24.949,IMU-1,0x28,-3.69,179.5,279.06,0,3,0,0
2026-08-15T23:19:25.049,IMU-1,0x28,-3.69,179.5,279.06,0,3,0,0
2026-08-15T23:19:25.149,IMU-1,0x28,-3.69,179.5,279.06,0,3,0,0
2026-08-15T23:19:25.249,IMU-1,0x28,-3.69,179.5,279.06,0,3,0,0
2026-08-15T23:19:25.349,IMU-1,0x28,-3.69,179.5,279.06,0,3,0,0
2026-08-15T23:19:25.449,IMU-1,0x28,-3.69,179.5,279.06,0,3,0,0
2026-08-15T23:19:25.548,IMU-1,0x28,-3.69,179.5,279.06,0,3,0,0
2026-08-15T23:19:25.649,IMU-1,0x28,-3.69,179.5,279.06,0,3,0,0
2026-08-15T23:19:25.748,IMU-1,0x28,-3.69,179.5,279.06,0,3,0,0
2026-08-15T23:19:25.848,IMU-1,0x28,-3.69,179.5,279.06,0,3,0,0
2026-08-15T23:19:25.948,IMU-1,0x28,-3.69,179.5,279.06,0,3,0,0
2026-08-15T23:19:26.048,IMU-1,0x28,-3.69,179.5,279.06,0,3,0,0
2026-08-15T23:19:26.148,IMU-1,0x28,-3.69,179.5,279.06,0,3,0,0
2026-08-15T23:19:26.249,IMU-1,0x28,-3.69,179.5,279.06,0,3,0,0
2026-08-15T23:19:26.349,IMU-1,0x28,-3.69,179.5,279.06,0,3,0,0
2026-08-15T23:19:26.449,IMU-1,0x28,-3.69,179.5,279.06,0,3,0,0
2026-08-15T23:19:26.550,IMU-1,0x28,-3.69,179.5,279.06,0,3,0,0
2026-08-15T23:19:26.650,IMU-1,0x28,-3.69,179.5,279.06,0,3,0,0
2026-08-15T23:19:26.750,IMU-1,0x28,-3.69,179.5,279.06,0,3,0,0
2026-08-15T23:19:26.850,IMU-1,0x28,-3.69,179.5,279.06,0,3,0,0
2026-08-15T23:19:26.950,IMU-1,0x28,-3.69,179.5,279.06,0,3,0,0
2026-08-15T23:19:27.050,IMU-1,0x28,-3.69,179.5,279.06,0,3,0,0
2026-08-15T23:19:27.150,IMU-1,0x28,-3.69,179.5,279.06,0,3,0,0
2026-08-15T23:19:27.250,IMU-1,0x28,-3.69,179.5,279.06,0,3,0,0
2026-08-15T23:19:27.350,IMU-1,0x28,-3.69,179.5,279.06,0,3,0,0
2026-08-15T23:19:27.451,IMU-1,0x28,-3.69,179.5,279.06,0,3,0,0
2026-08-15T23:19:27.551,IMU-1,0x28,-3.69,179.5,279.06,0,3,0,0
2026-08-15T23:19:27.652,IMU-1,0x28,-3.69,179.5,279.06,0,3,0,0
2026-08-15T23:19:27.751,IMU-1,0x28,-3.69,179.5,279.06,0,3,0,0
2026-08-15T23:19:27.850,IMU-1,0x28,-3.69,179.5,279.06,0,3,0,0
2026-08-15T23:19:27.950,IMU-1,0x28,-3.69,179.5,279.06,0,3,0,0
2026-08-15T23:19:28.050,IMU-1,0x28,-3.69,179.5,279.06,0,3,0,0
2026-08-15T23:19:28.150,IMU-1,0x28,-3.69,179.5,279.06,0,3,0,0
2026-08-15T23:19:28.250,IMU-1,0x28,-3.69,179.5,279.06,0,3,0,0
2026-08-15T23:19:28.350,IMU-1,0x28,-3.69,179.5,279.06,0,3,0,0
2026-08-15T23:19:28.451,IMU-1,0x28,-3.69,179.5,279.06,0,3,0,0
2026-08-15T23:19:28.551,IMU-1,0x28,-3.69,179.5,279.06,0,3,0,0
2026-08-15T23:19:28.652,IMU-1,0x28,-3.69,179.5,279.06,0,3,0,0
2026-08-15T23:19:28.751,IMU-1,0x28,-3.69,179.5,279.06,0,3,0,0
2026-08-15T23:19:28.851,IMU-1,0x28,-3.69,179.5,279.06,0,3,0,0
2026-08-15T23:19:28.952,IMU-1,0x28,-3.69,179.5,279.06,0,3,0,0
2026-08-15T23:19:29.052,IMU-1,0x28,-3.69,179.5,279.06,0,3,0,0
2026-08-15T23:19:29.152,IMU-1,0x28,-3.69,179.5,279.06,0,3,0,0
2026-08-15T23:19:29.252,IMU-1,0x28,-3.69,179.5,279.06,0,3,0,0
2026-08-15T23:19:29.352,IMU-1,0x28,-3.69,179.5,279.06,0,3,0,0
2026-08-15T23:19:29.452,IMU-1,0x28,-3.69,179.5,279.06,0,3,0,0
2026-08-15T23:19:29.552,IMU-1,0x28,-3.69,179.5,279.06,0,3,0,0
2026-08-15T23:19:29.653,IMU-1,0x28,-3.69,179.5,279.06,0,3,0,0
2026-08-15T23:19:29.752,IMU-1,0x28,-3.69,179.5,279.06,0,3,0,0
2026-08-15T23:19:29.851,IMU-1,0x28,-3.69,179.5,279.06,0,3,0,0
2026-08-15T23:19:29.951,IMU-1,0x28,-3.69,179.5,279.06,0,3,0,0
2026-08-15T23:19:30.051,IMU-1,0x28,-3.69,179.5,279.06,0,3,0,0
2026-08-15T23:19:30.151,IMU-1,0x28,-3.69,179.5,279.06,0,3,0,0
2026-08-15T23:19:30.251,IMU-1,0x28,-3.69,179.5,279.06,0,3,0,0
2026-08-15T23:19:30.351,IMU-1,0x28,-3.69,179.5,279.06,0,3,0,0
2026-08-15T23:19:30.452,IMU-1,0x28,-3.69,179.5,279.06,0,3,0,0
2026-08-15T23:19:30.552,IMU-1,0x28,-3.69,179.5,279.06,0,3,0,0
2026-08-15T23:19:30.652,IMU-1,0x28,-3.69,179.5,279.06,0,3,0,0
2026-08-15T23:19:30.752,IMU-1,0x28,-3.69,179.5,279.06,0,3,0,0
2026-08-15T23:19:30.852,IMU-1,0x28,-3.69,179.5,279.06,0,3,0,0
2026-08-15T23:19:30.952,IMU-1,0x28,-3.69,179.5,279.06,0,3,0,0
2026-08-15T23:19:31.053,IMU-1,0x28,-3.69,179.5,279.06,0,3,0,0
2026-08-15T23:19:31.153,IMU-1,0x28,-3.69,179.5,279.06,0,3,0,0
2026-08-15T23:19:31.253,IMU-1,0x28,-3.69,179.5,279.06,0,3,0,0
2026-08-15T23:19:31.353,IMU-1,0x28,-3.69,179.5,279.06,0,3,0,0
2026-08-15T23:19:31.453,IMU-1,0x28,-3.69,179.5,279.06,0,3,0,0
2026-08-15T23:19:31.553,IMU-1,0x28,-3.69,179.5,279.06,0,3,0,0
2026-08-15T23:19:31.654,IMU-1,0x28,-3.69,179.5,279.06,0,3,0,0
2026-08-15T23:19:31.753,IMU-1,0x28,-3.69,179.5,279.06,0,3,0,0
2026-08-15T23:19:31.853,IMU-1,0x28,-3.69,179.5,279.06,0,3,0,0
2026-08-15T23:19:31.953,IMU-1,0x28,-3.69,179.5,279.06,0,3,0,0
2026-08-15T23:19:32.053,IMU-1,0x28,-3.69,179.5,279.06,0,3,0,0
2026-08-15T23:19:32.153,IMU-1,0x28,-3.69,179.5,279.06,0,3,0,0
2026-08-15T23:19:32.253,IMU-1,0x28,-3.69,179.5,279.06,0,3,0,0
2026-08-15T23:19:32.352,IMU-1,0x28,-3.69,179.5,279.06,0,3,0,0
2026-08-15T23:19:32.452,IMU-1,0x28,-3.69,179.5,279.06,0,3,0,0
2026-08-15T23:19:32.552,IMU-1,0x28,-3.69,179.5,279.06,0,3,0,0
2026-08-15T23:19:32.653,IMU-1,0x28,-3.69,179.5,279.06,0,3,0,0
2026-08-15T23:19:32.752,IMU-1,0x28,-3.69,179.5,279.06,0,3,0,0
2026-08-15T23:19:32.853,IMU-1,0x28,-3.69,179.5,279.06,0,3,0,0
2026-08-15T23:19:32.953,IMU-1,0x28,-3.69,179.5,279.06,0,3,0,0
2026-08-15T23:19:33.053,IMU-1,0x28,-3.69,179.5,279.06,0,3,0,0
2026-08-15T23:19:33.154,IMU-1,0x28,-3.69,179.5,279.06,0,3,0,0
2026-08-15T23:19:33.254,IMU-1,0x28,-3.69,179.5,279.06,0,3,0,0
2026-08-15T23:19:33.354,IMU-1,0x28,-3.69,179.5,279.06,0,3,0,0
2026-08-15T23:19:33.455,IMU-1,0x28,-3.69,179.5,279.06,0,3,0,0
2026-08-15T23:19:33.555,IMU-1,0x28,-3.69,179.5,279.06,0,3,0,0
2026-08-15T23:19:33.656,IMU-1,0x28,-3.69,179.5,279.06,0,3,0,0
2026-08-15T23:19:33.755,IMU-1,0x28,-3.69,179.5,279.06,0,3,0,0
2026-08-15T23:19:33.855,IMU-1,0x28,-3.69,179.5,279.06,0,3,0,0
2026-08-15T23:19:33.955,IMU-1,0x28,-3.69,179.5,279.06,0,3,0,0
2026-08-15T23:19:34.055,IMU-1,0x28,-3.69,179.5,279.06,0,3,0,0
2026-08-15T23:19:34.155,IMU-1,0x28,-3.69,179.5,279.06,0,3,0,0
2026-08-15T23:19:34.255,IMU-1,0x28,-3.69,179.5,279.06,0,3,0,0
2026-08-15T23:19:34.355,IMU-1,0x28,-3.69,179.5,279.06,0,3,0,0
2026-08-15T23:19:34.455,IMU-1,0x28,-3.69,179.5,279.06,0,3,0,0
2026-08-15T23:19:34.554,IMU-1,0x28,-3.69,179.5,279.06,0,3,0,0
2026-08-15T23:19:34.655,IMU-1,0x28,-3.69,179.5,279.06,0,3,0,0
2026-08-15T23:19:34.754,IMU-1,0x28,-3.69,179.5,279.06,0,3,0,0
2026-08-15T23:19:34.854,IMU-1,0x28,-3.69,179.5,279.06,0,3,0,0
2026-08-15T23:19:34.954,IMU-1,0x28,-3.69,179.5,279.06,0,3,0,0
2026-08-15T23:19:35.054,IMU-1,0x28,-3.69,179.5,279.06,0,3,0,0
2026-08-15T23:19:35.154,IMU-1,0x28,-3.69,179.5,279.06,0,3,0,0
2026-08-15T23:19:35.255,IMU-1,0x28,-3.69,179.5,279.06,0,3,0,0
2026-08-15T23:19:35.355,IMU-1,0x28,-3.69,179.5,279.06,0,3,0,0
2026-08-15T23:19:35.455,IMU-1,0x28,-3.69,179.5,279.06,0,3,0,0
2026-08-15T23:19:35.556,IMU-1,0x28,-3.69,179.5,279.06,0,3,0,0
2026-08-15T23:19:35.656,IMU-1,0x28,-3.69,179.5,279.06,0,3,0,0
2026-08-15T23:19:35.756,IMU-1,0x28,-3.69,179.5,279.06,0,3,0,0
2026-08-15T23:19:35.856,IMU-1,0x28,-3.69,179.5,279.06,0,3,0,0
2026-08-15T23:19:35.956,IMU-1,0x28,-3.69,179.5,279.06,0,3,0,0
2026-08-15T23:19:36.056,IMU-1,0x28,-3.69,179.5,279.06,0,3,0,0
2026-08-15T23:19:36.156,IMU-1,0x28,-3.69,179.5,279.06,0,3,0,0
2026-08-15T23:19:36.256,IMU-1,0x28,-3.69,179.5,279.06,0,3,0,0
2026-08-15T23:19:36.356,IMU-1,0x28,-3.69,179.5,279.06,0,3,0,0
2026-08-15T23:19:36.457,IMU-1,0x28,-3.69,179.5,279.06,0,3,0,0
2026-08-15T23:19:36.556,IMU-1,0x28,-3.69,179.5,279.06,0,3,0,0
2026-08-15T23:19:36.657,IMU-1,0x28,-3.69,179.5,279.06,0,3,0,0
2026-08-15T23:19:36.756,IMU-1,0x28,-3.69,179.5,279.06,0,3,0,0
2026-08-15T23:19:36.856,IMU-1,0x28,-3.69,179.5,279.06,0,3,0,0
2026-08-15T23:19:36.956,IMU-1,0x28,-3.69,179.5,279.06,0,3,0,0
2026-08-15T23:19:37.056,IMU-1,0x28,-3.69,179.5,279.06,0,3,0,0
2026-08-15T23:19:37.156,IMU-1,0x28,-3.69,179.5,279.06,0,3,0,0
2026-08-15T23:19:37.257,IMU-1,0x28,-3.69,179.5,279.06,0,3,0,0
2026-08-15T23:19:37.356,IMU-1,0x28,-3.69,179.5,279.06,0,3,0,0
2026-08-15T23:19:37.456,IMU-1,0x28,-3.69,179.5,279.06,0,3,0,0
2026-08-15T23:19:37.557,IMU-1,0x28,-3.69,179.5,279.06,0,3,0,0
2026-08-15T23:19:37.658,IMU-1,0x28,-3.69,179.5,279.06,0,3,0,0
2026-08-15T23:19:37.757,IMU-1,0x28,-3.69,179.5,279.06,0,3,0,0
2026-08-15T23:19:37.857,IMU-1,0x28,-3.69,179.5,279.06,0,3,0,0
2026-08-15T23:19:37.957,IMU-1,0x28,-3.69,179.5,279.06,0,3,0,0
2026-08-15T23:19:38.058,IMU-1,0x28,-3.69,179.5,279.06,0,3,0,0
2026-08-15T23:19:38.158,IMU-1,0x28,-3.69,179.5,279.06,0,3,0,0
2026-08-15T23:19:38.258,IMU-1,0x28,-3.69,179.5,279.06,0,3,0,0
2026-08-15T23:19:38.358,IMU-1,0x28,-3.69,179.5,279.06,0,3,0,0
2026-08-15T23:19:38.458,IMU-1,0x28,-3.69,179.5,279.06,0,3,0,0
2026-08-15T23:19:38.558,IMU-1,0x28,-3.69,179.5,279.06,0,3,0,0
2026-08-15T23:19:38.659,IMU-1,0x28,-3.69,179.5,279.06,0,3,0,0
2026-08-15T23:19:38.758,IMU-1,0x28,-3.69,179.5,279.06,0,3,0,0
2026-08-15T23:19:38.858,IMU-1,0x28,-3.69,179.5,279.06,0,3,0,0
2026-08-15T23:19:38.957,IMU-1,0x28,-3.69,179.5,279.06,0,3,0,0
2026-08-15T23:19:39.057,IMU-1,0x28,-3.69,179.5,279.06,0,3,0,0
2026-08-15T23:19:39.157,IMU-1,0x28,-3.69,179.5,279.06,0,3,0,0
2026-08-15T23:19:39.257,IMU-1,0x28,-3.69,179.5,279.06,0,3,0,0
2026-08-15T23:19:39.357,IMU-1,0x28,-3.69,179.5,279.06,0,3,0,0
2026-08-15T23:19:39.457,IMU-1,0x28,-3.69,179.5,279.06,0,3,0,0
2026-08-15T23:19:39.557,IMU-1,0x28,-3.69,179.5,279.06,0,3,0,0
2026-08-15T23:19:39.658,IMU-1,0x28,-3.69,179.5,279.06,0,3,0,0
2026-08-15T23:19:39.758,IMU-1,0x28,-3.69,179.5,279.06,0,3,0,0
2026-08-15T23:19:39.858,IMU-1,0x28,-3.69,179.5,279.06,0,3,0,0
2026-08-15T23:19:39.958,IMU-1,0x28,-3.69,179.5,279.06,0,3,0,0
2026-08-15T23:19:40.059,IMU-1,0x28,-3.69,179.5,279.06,0,3,0,0
2026-08-15T23:19:40.159,IMU-1,0x28,-3.69,179.5,279.06,0,3,0,0
2026-08-15T23:19:40.259,IMU-1,0x28,-3.69,179.5,279.06,0,3,0,0
2026-08-15T23:19:40.359,IMU-1,0x28,-3.69,179.5,279.06,0,3,0,0
2026-08-15T23:19:40.459,IMU-1,0x28,-3.69,179.5,279.06,0,3,0,0
2026-08-15T23:19:40.559,IMU-1,0x28,-3.69,179.5,279.06,0,3,0,0
2026-08-15T23:19:40.660,IMU-1,0x28,-3.69,179.5,279.06,0,3,0,0
2026-08-15T23:19:40.759,IMU-1,0x28,-3.69,179.5,279.06,0,3,0,0
2026-08-15T23:19:40.859,IMU-1,0x28,-3.69,179.5,279.06,0,3,0,0
2026-08-15T23:19:40.960,IMU-1,0x28,-3.69,179.5,279.06,0,3,0,0
2026-08-15T23:19:41.060,IMU-1,0x28,-3.69,179.5,279.06,0,3,0,0
2026-08-15T23:19:41.160,IMU-1,0x28,-3.69,179.5,279.06,0,3,0,0
2026-08-15T23:19:41.260,IMU-1,0x28,-3.69,179.5,279.06,0,3,0,0
2026-08-15T23:19:41.360,IMU-1,0x28,-3.69,179.5,279.06,0,3,0,0
2026-08-15T23:19:41.459,IMU-1,0x28,-3.69,179.5,279.06,0,3,0,0
2026-08-15T23:19:41.559,IMU-1,0x28,-3.69,179.5,279.06,0,3,0,0
2026-08-15T23:19:41.660,IMU-1,0x28,-3.69,179.5,279.06,0,3,0,0
2026-08-15T23:19:41.759,IMU-1,0x28,-3.69,179.5,279.06,0,3,0,0
2026-08-15T23:19:41.859,IMU-1,0x28,-3.62,179.5,279.06,0,3,0,0
2026-08-15T23:19:41.959,IMU-1,0x28,-3.62,179.5,279.06,0,3,0,0
2026-08-15T23:19:42.059,IMU-1,0x28,-3.5,179.5,279.06,0,3,0,0
2026-08-15T23:19:42.159,IMU-1,0x28,-3.44,179.5,279.06,0,3,0,0
2026-08-15T23:19:42.260,IMU-1,0x28,-3.44,179.5,279.06,0,3,0,0
2026-08-15T23:19:42.360,IMU-1,0x28,-3.44,179.5,279.06,0,3,0,0
2026-08-15T23:19:42.460,IMU-1,0x28,-3.44,179.5,279.06,0,3,0,0
2026-08-15T23:19:42.561,IMU-1,0x28,-3.44,179.5,279.06,0,3,0,0
2026-08-15T23:19:42.661,IMU-1,0x28,-3.44,179.5,279.06,0,3,0,0
2026-08-15T23:19:42.761,IMU-1,0x28,-3.44,179.5,279.06,0,3,0,0
2026-08-15T23:19:42.860,IMU-1,0x28,-3.44,179.5,279.06,0,3,0,0
2026-08-15T23:19:42.959,IMU-1,0x28,-3.44,179.5,279.06,0,3,0,0
2026-08-15T23:19:43.059,IMU-1,0x28,-3.44,179.5,279.06,0,3,0,0
2026-08-15T23:19:43.160,IMU-1,0x28,-3.44,179.5,279.06,0,3,0,0
2026-08-15T23:19:43.260,IMU-1,0x28,-3.44,179.5,279.06,0,3,0,0
2026-08-15T23:19:43.360,IMU-1,0x28,-3.44,179.5,279.06,0,3,0,0
2026-08-15T23:19:43.460,IMU-1,0x28,-3.44,179.5,279.06,0,3,0,0
2026-08-15T23:19:43.561,IMU-1,0x28,-3.44,179.5,279.06,0,3,0,0
2026-08-15T23:19:43.661,IMU-1,0x28,-3.44,179.5,279.06,0,3,0,0
2026-08-15T23:19:43.761,IMU-1,0x28,-3.44,179.5,279.06,0,3,0,0
2026-08-15T23:19:43.861,IMU-1,0x28,-3.44,179.5,279.06,0,3,0,0
2026-08-15T23:19:43.961,IMU-1,0x28,-3.44,179.5,279.06,0,3,0,0
2026-08-15T23:19:44.061,IMU-1,0x28,-3.44,179.5,279.06,0,3,0,0
2026-08-15T23:19:44.161,IMU-1,0x28,-3.44,179.5,279.06,0,3,0,0
2026-08-15T23:19:44.261,IMU-1,0x28,-3.44,179.5,279.06,0,3,0,0
2026-08-15T23:19:44.361,IMU-1,0x28,-3.44,179.5,279.06,0,3,0,0
2026-08-15T23:19:44.462,IMU-1,0x28,-3.44,179.5,279.06,0,3,0,0
2026-08-15T23:19:44.561,IMU-1,0x28,-3.44,179.5,279.06,0,3,0,0
2026-08-15T23:19:44.663,IMU-1,0x28,-3.44,179.5,279.06,0,3,0,0
2026-08-15T23:19:44.762,IMU-1,0x28,-3.44,179.5,279.06,0,3,0,0
2026-08-15T23:19:44.862,IMU-1,0x28,-3.44,179.5,279.06,0,3,0,0
2026-08-15T23:19:44.962,IMU-1,0x28,-3.44,179.5,279.06,0,3,0,0
2026-08-15T23:19:45.063,IMU-1,0x28,-3.44,179.5,279.06,0,3,0,0
2026-08-15T23:19:45.162,IMU-1,0x28,-3.44,179.5,279.06,0,3,0,0
2026-08-15T23:19:45.262,IMU-1,0x28,-3.44,179.5,279.06,0,3,0,0
2026-08-15T23:19:45.363,IMU-1,0x28,-3.44,179.5,279.06,0,3,0,0
2026-08-15T23:19:45.463,IMU-1,0x28,-3.44,179.5,279.06,0,3,0,0
2026-08-15T23:19:45.563,IMU-1,0x28,-3.44,179.5,279.06,0,3,0,0
2026-08-15T23:19:45.664,IMU-1,0x28,-3.44,179.5,279.06,0,3,0,0
2026-08-15T23:19:45.762,IMU-1,0x28,-3.44,179.5,279.06,0,3,0,0
2026-08-15T23:19:45.862,IMU-1,0x28,-3.44,179.5,279.06,0,3,0,0
2026-08-15T23:19:45.961,IMU-1,0x28,-3.44,179.5,279.06,0,3,0,0
2026-08-15T23:19:46.061,IMU-1,0x28,-3.44,179.5,279.06,0,3,0,0
2026-08-15T23:19:46.162,IMU-1,0x28,-3.44,179.5,279.06,0,3,0,0
2026-08-15T23:19:46.262,IMU-1,0x28,-3.44,179.5,279.06,0,3,0,0
2026-08-15T23:19:46.362,IMU-1,0x28,-3.44,179.5,279.06,0,3,0,0
2026-08-15T23:19:46.462,IMU-1,0x28,-3.44,179.5,279.06,0,3,0,0
2026-08-15T23:19:46.562,IMU-1,0x28,-3.44,179.5,279.06,0,3,0,0
2026-08-15T23:19:46.663,IMU-1,0x28,-3.44,179.5,279.06,0,3,0,0
2026-08-15T23:19:46.763,IMU-1,0x28,-3.44,179.5,279.06,0,3,0,0
2026-08-15T23:19:46.863,IMU-1,0x28,-3.44,179.5,279.06,0,3,0,0
2026-08-15T23:19:46.963,IMU-1,0x28,-3.44,179.5,279.06,0,3,0,0
2026-08-15T23:19:47.064,IMU-1,0x28,-3.44,179.5,279.06,0,3,0,0
2026-08-15T23:19:47.164,IMU-1,0x28,-3.44,179.5,279.06,0,3,0,0
2026-08-15T23:19:47.264,IMU-1,0x28,-3.44,179.5,279.06,0,3,0,0
2026-08-15T23:19:47.364,IMU-1,0x28,-3.44,179.5,279.06,0,3,0,0
2026-08-15T23:19:47.464,IMU-1,0x28,-3.44,179.5,279.06,0,3,0,0
2026-08-15T23:19:47.564,IMU-1,0x28,-3.44,179.5,279.06,0,3,0,0
2026-08-15T23:19:47.665,IMU-1,0x28,-3.5,179.5,279.06,0,3,0,0
2026-08-15T23:19:47.764,IMU-1,0x28,-3.5,179.5,279.06,0,3,0,0
2026-08-15T23:19:47.864,IMU-1,0x28,-3.5,179.5,279.06,0,3,0,0
2026-08-15T23:19:47.964,IMU-1,0x28,-3.5,179.5,279.06,0,3,0,0
2026-08-15T23:19:48.065,IMU-1,0x28,-3.5,179.5,279.06,0,3,0,0
2026-08-15T23:19:48.164,IMU-1,0x28,-3.5,179.5,279.06,0,3,0,0
2026-08-15T23:19:48.263,IMU-1,0x28,-3.5,179.5,279.06,0,3,0,0
2026-08-15T23:19:48.363,IMU-1,0x28,-3.5,179.5,279.06,0,3,0,0
2026-08-15T23:19:48.463,IMU-1,0x28,-3.5,179.5,279.06,0,3,0,0
2026-08-15T23:19:48.563,IMU-1,0x28,-3.5,179.5,279.06,0,3,0,0
2026-08-15T23:19:48.664,IMU-1,0x28,-3.5,179.5,279.06,0,3,0,0
2026-08-15T23:19:48.763,IMU-1,0x28,-3.5,179.5,279.06,0,3,0,0
2026-08-15T23:19:48.864,IMU-1,0x28,-3.5,179.5,279.06,0,3,0,0
2026-08-15T23:19:48.964,IMU-1,0x28,-3.5,179.5,279.06,0,3,0,0
2026-08-15T23:19:49.064,IMU-1,0x28,-3.5,179.5,279.06,0,3,0,0
2026-08-15T23:19:49.164,IMU-1,0x28,-3.5,179.5,279.06,0,3,0,0
2026-08-15T23:19:49.265,IMU-1,0x28,-3.5,179.5,279.06,0,3,0,0
2026-08-15T23:19:49.365,IMU-1,0x28,-3.5,179.5,279.06,0,3,0,0
2026-08-15T23:19:49.465,IMU-1,0x28,-3.5,179.5,279.06,0,3,0,0
2026-08-15T23:19:49.566,IMU-1,0x28,-3.5,179.5,279.06,0,3,0,0
2026-08-15T23:19:49.667,IMU-1,0x28,-3.5,179.5,279.06,0,3,0,0
2026-08-15T23:19:49.766,IMU-1,0x28,-3.5,179.5,279.06,0,3,0,0
2026-08-15T23:19:49.866,IMU-1,0x28,-3.56,179.5,279.06,0,3,0,0
2026-08-15T23:19:49.966,IMU-1,0x28,-3.56,179.5,279.06,0,3,0,0
2026-08-15T23:19:50.066,IMU-1,0x28,-3.62,179.5,279.06,0,3,0,0
2026-08-15T23:19:50.166,IMU-1,0x28,-3.62,179.5,279.06,0,3,0,0
2026-08-15T23:19:50.266,IMU-1,0x28,-3.62,179.5,279.06,0,3,0,0
2026-08-15T23:19:50.366,IMU-1,0x28,-3.62,179.5,279.06,0,3,0,0
2026-08-15T23:19:50.466,IMU-1,0x28,-3.62,179.5,279.06,0,3,0,0
2026-08-15T23:19:50.565,IMU-1,0x28,-3.62,179.5,279.06,0,3,0,0
2026-08-15T23:19:50.666,IMU-1,0x28,-3.62,179.5,279.06,0,3,0,0
2026-08-15T23:19:50.765,IMU-1,0x28,-3.62,179.5,279.06,0,3,0,0
2026-08-15T23:19:50.865,IMU-1,0x28,-3.62,179.5,279.06,0,3,0,0
2026-08-15T23:19:50.965,IMU-1,0x28,-3.62,179.5,279.06,0,3,0,0
2026-08-15T23:19:51.065,IMU-1,0x28,-3.62,179.5,279.06,0,3,0,0
2026-08-15T23:19:51.165,IMU-1,0x28,-3.62,179.5,279.06,0,3,0,0
2026-08-15T23:19:51.266,IMU-1,0x28,-3.62,179.5,279.06,0,3,0,0
2026-08-15T23:19:51.366,IMU-1,0x28,-3.62,179.5,279.06,0,3,0,0
2026-08-15T23:19:51.466,IMU-1,0x28,-3.62,179.5,279.06,0,3,0,0
2026-08-15T23:19:51.566,IMU-1,0x28,-3.62,179.5,279.06,0,3,0,0
2026-08-15T23:19:51.667,IMU-1,0x28,-3.62,179.5,279.06,0,3,0,0
2026-08-15T23:19:51.767,IMU-1,0x28,-3.62,179.5,279.06,0,3,0,0
2026-08-15T23:19:51.867,IMU-1,0x28,-3.62,179.5,279.06,0,3,0,0
2026-08-15T23:19:51.967,IMU-1,0x28,-3.62,179.5,279.06,0,3,0,0
2026-08-15T23:19:52.067,IMU-1,0x28,-3.62,179.5,279.06,0,3,0,0
2026-08-15T23:19:52.167,IMU-1,0x28,-3.62,179.5,279.06,0,3,0,0
2026-08-15T23:19:52.267,IMU-1,0x28,-3.62,179.5,279.06,0,3,0,0
2026-08-15T23:19:52.367,IMU-1,0x28,-3.62,179.5,279.06,0,3,0,0
2026-08-15T23:19:52.467,IMU-1,0x28,-3.62,179.5,279.06,0,3,0,0
2026-08-15T23:19:52.567,IMU-1,0x28,-3.62,179.5,279.06,0,3,0,0
2026-08-15T23:19:52.668,IMU-1,0x28,-3.62,179.5,279.06,0,3,0,0
2026-08-15T23:19:52.767,IMU-1,0x28,-3.62,179.5,279.06,0,3,0,0
2026-08-15T23:19:52.867,IMU-1,0x28,-3.62,179.5,279.06,0,3,0,0
2026-08-15T23:19:52.967,IMU-1,0x28,-3.62,179.5,279.06,0,3,0,0
2026-08-15T23:19:53.067,IMU-1,0x28,-3.62,179.5,279.06,0,3,0,0
2026-08-15T23:19:53.167,IMU-1,0x28,-3.62,179.5,279.06,0,3,0,0
2026-08-15T23:19:53.267,IMU-1,0x28,-3.62,179.5,279.06,0,3,0,0
2026-08-15T23:19:53.367,IMU-1,0x28,-3.62,179.5,279.06,0,3,0,0
2026-08-15T23:19:53.468,IMU-1,0x28,-3.62,179.5,279.06,0,3,0,0
2026-08-15T23:19:53.567,IMU-1,0x28,-3.62,179.5,279.06,0,3,0,0
2026-08-15T23:19:53.669,IMU-1,0x28,-3.62,179.5,279.06,0,3,0,0
2026-08-15T23:19:53.768,IMU-1,0x28,-3.62,179.5,279.06,0,3,0,0
2026-08-15T23:19:53.868,IMU-1,0x28,-3.62,179.5,279.06,0,3,0,0
2026-08-15T23:19:53.969,IMU-1,0x28,-3.62,179.5,279.06,0,3,0,0
2026-08-15T23:19:54.069,IMU-1,0x28,-3.62,179.5,279.06,0,3,0,0
2026-08-15T23:19:54.169,IMU-1,0x28,-3.62,179.5,279.06,0,3,0,0
2026-08-15T23:19:54.269,IMU-1,0x28,-3.62,179.5,279.06,0,3,0,0
2026-08-15T23:19:54.369,IMU-1,0x28,-3.62,179.5,279.06,0,3,0,0
2026-08-15T23:19:54.468,IMU-1,0x28,-3.62,179.5,279.06,0,3,0,0
2026-08-15T23:19:54.568,IMU-1,0x28,-3.62,179.5,279.06,0,3,0,0
2026-08-15T23:19:54.669,IMU-1,0x28,-3.62,179.5,279.06,0,3,0,0
2026-08-15T23:19:54.768,IMU-1,0x28,-3.62,179.5,279.06,0,3,0,0
2026-08-15T23:19:54.867,IMU-1,0x28,-3.62,179.5,279.06,0,3,0,0
2026-08-15T23:19:54.968,IMU-1,0x28,-3.62,179.5,279.06,0,3,0,0
2026-08-15T23:19:55.068,IMU-1,0x28,-3.62,179.5,279.06,0,3,0,0
2026-08-15T23:19:55.168,IMU-1,0x28,-3.62,179.5,279.06,0,3,0,0
2026-08-15T23:19:55.268,IMU-1,0x28,-3.62,179.5,279.06,0,3,0,0
2026-08-15T23:19:55.368,IMU-1,0x28,-3.62,179.5,279.06,0,3,0,0
2026-08-15T23:19:55.468,IMU-1,0x28,-3.62,179.5,279.06,0,3,0,0
2026-08-15T23:19:55.568,IMU-1,0x28,-3.62,179.5,279.06,0,3,0,0
2026-08-15T23:19:55.669,IMU-1,0x28,-3.62,179.5,279.06,0,3,0,0
2026-08-15T23:19:55.769,IMU-1,0x28,-3.62,179.5,279.06,0,3,0,0
2026-08-15T23:19:55.869,IMU-1,0x28,-3.62,179.5,279.06,0,3,0,0
2026-08-15T23:19:55.970,IMU-1,0x28,-3.62,179.5,279.06,0,3,0,0
2026-08-15T23:19:56.070,IMU-1,0x28,-3.62,179.5,279.06,0,3,0,0
2026-08-15T23:19:56.170,IMU-1,0x28,-3.62,179.5,279.06,0,3,0,0
2026-08-15T23:19:56.271,IMU-1,0x28,-3.62,179.5,279.06,0,3,0,0
2026-08-15T23:19:56.370,IMU-1,0x28,-3.62,179.5,279.06,0,3,0,0
2026-08-15T23:19:56.470,IMU-1,0x28,-3.62,179.5,279.06,0,3,0,0
2026-08-15T23:19:56.570,IMU-1,0x28,-3.62,179.5,279.06,0,3,0,0
2026-08-15T23:19:56.671,IMU-1,0x28,-3.62,179.5,279.06,0,3,0,0
2026-08-15T23:19:56.770,IMU-1,0x28,-3.62,179.5,279.06,0,3,0,0
2026-08-15T23:19:56.870,IMU-1,0x28,-3.62,179.5,279.06,0,3,0,0
2026-08-15T23:19:56.971,IMU-1,0x28,-3.62,179.5,279.06,0,3,0,0
2026-08-15T23:19:57.071,IMU-1,0x28,-3.62,179.5,279.06,0,3,0,0
2026-08-15T23:19:57.171,IMU-1,0x28,-3.62,179.5,279.06,0,3,0,0
2026-08-15T23:19:57.271,IMU-1,0x28,-3.62,179.5,279.06,0,3,0,0
2026-08-15T23:19:57.370,IMU-1,0x28,-3.62,179.5,279.06,0,3,0,0
2026-08-15T23:19:57.470,IMU-1,0x28,-3.62,179.5,279.06,0,3,0,0
2026-08-15T23:19:57.570,IMU-1,0x28,-3.62,179.5,279.06,0,3,0,0
2026-08-15T23:19:57.671,IMU-1,0x28,-3.62,179.5,279.06,0,3,0,0
2026-08-15T23:19:57.770,IMU-1,0x28,-3.62,179.5,279.06,0,3,0,0
2026-08-15T23:19:57.870,IMU-1,0x28,-3.62,179.5,279.06,0,3,0,0
2026-08-15T23:19:57.971,IMU-1,0x28,-3.62,179.5,279.06,0,3,0,0
2026-08-15T23:19:58.071,IMU-1,0x28,-3.62,179.5,279.06,0,3,0,0
2026-08-15T23:19:58.171,IMU-1,0x28,-3.62,179.5,279.06,0,3,0,0
2026-08-15T23:19:58.271,IMU-1,0x28,-3.62,179.5,279.06,0,3,0,0
2026-08-15T23:19:58.371,IMU-1,0x28,-3.62,179.5,279.06,0,3,0,0
2026-08-15T23:19:58.472,IMU-1,0x28,-3.62,179.5,279.06,0,3,0,0
2026-08-15T23:19:58.572,IMU-1,0x28,-3.62,179.5,279.06,0,3,0,0
2026-08-15T23:19:58.673,IMU-1,0x28,-3.62,179.5,279.06,0,3,0,0
2026-08-15T23:19:58.772,IMU-1,0x28,-3.62,179.5,279.06,0,3,0,0
2026-08-15T23:19:58.872,IMU-1,0x28,-3.62,179.5,279.06,0,3,0,0
2026-08-15T23:19:58.972,IMU-1,0x28,-3.62,179.5,279.06,0,3,0,0
2026-08-15T23:19:59.072,IMU-1,0x28,-3.62,179.5,279.06,0,3,0,0
2026-08-15T23:19:59.172,IMU-1,0x28,-3.62,179.5,279.06,0,3,0,0
2026-08-15T23:19:59.272,IMU-1,0x28,-3.62,179.5,279.06,0,3,0,0
2026-08-15T23:19:59.372,IMU-1,0x28,-3.62,179.5,279.06,0,3,0,0
2026-08-15T23:19:59.472,IMU-1,0x28,-3.62,179.5,279.06,0,3,0,0
2026-08-15T23:19:59.571,IMU-1,0x28,-3.62,179.5,279.06,0,3,0,0
2026-08-15T23:19:59.673,IMU-1,0x28,-3.62,179.5,279.06,0,3,0,0
2026-08-15T23:19:59.772,IMU-1,0x28,-3.62,179.5,279.06,0,3,0,0
2026-08-15T23:19:59.872,IMU-1,0x28,-3.62,179.5,279.06,0,3,0,0
2026-08-15T23:19:59.972,IMU-1,0x28,-3.62,179.5,279.06,0,3,0,0
2026-08-15T23:20:00.072,IMU-1,0x28,-3.62,179.5,279.06,0,3,0,0
2026-08-15T23:20:00.172,IMU-1,0x28,-3.62,179.5,279.06,0,3,0,0
2026-08-15T23:20:00.272,IMU-1,0x28,-3.62,179.5,279.06,0,3,0,0
2026-08-15T23:20:00.372,IMU-1,0x28,-3.62,179.5,279.06,0,3,0,0
2026-08-15T23:20:00.473,IMU-1,0x28,-3.62,179.5,279.06,0,3,0,0
2026-08-15T23:20:00.573,IMU-1,0x28,-3.62,179.5,279.06,0,3,0,0
2026-08-15T23:20:00.674,IMU-1,0x28,-3.62,179.5,279.06,0,3,0,0
2026-08-15T23:20:00.773,IMU-1,0x28,-3.62,179.5,279.06,0,3,0,0
2026-08-15T23:20:00.873,IMU-1,0x28,-3.62,179.5,279.06,0,3,0,0
2026-08-15T23:20:00.973,IMU-1,0x28,-3.62,179.5,279.06,0,3,0,0
2026-08-15T23:20:01.073,IMU-1,0x28,-3.62,179.5,279.06,0,3,0,0
2026-08-15T23:20:01.174,IMU-1,0x28,-3.62,179.5,279.06,0,3,0,0
2026-08-15T23:20:01.274,IMU-1,0x28,-3.62,179.5,279.06,0,3,0,0
2026-08-15T23:20:01.374,IMU-1,0x28,-3.62,179.5,279.06,0,3,0,0
2026-08-15T23:20:01.473,IMU-1,0x28,-3.62,179.5,279.06,0,3,0,0
2026-08-15T23:20:01.573,IMU-1,0x28,-3.62,179.5,279.06,0,3,0,0
2026-08-15T23:20:01.674,IMU-1,0x28,-3.62,179.5,279.06,0,3,0,0
2026-08-15T23:20:01.772,IMU-1,0x28,-3.62,179.5,279.06,0,3,0,0
2026-08-15T23:20:01.872,IMU-1,0x28,-3.62,179.5,279.06,0,3,0,0
2026-08-15T23:20:01.972,IMU-1,0x28,-3.62,179.5,279.06,0,3,0,0
2026-08-15T23:20:02.072,IMU-1,0x28,-3.62,179.5,279.06,0,3,0,0
2026-08-15T23:20:02.173,IMU-1,0x28,-3.62,179.5,279.06,0,3,0,0
2026-08-15T23:20:02.273,IMU-1,0x28,-3.62,179.5,279.06,0,3,0,0
2026-08-15T23:20:02.373,IMU-1,0x28,-3.62,179.5,279.06,0,3,0,0
2026-08-15T23:20:02.473,IMU-1,0x28,-3.62,179.5,279.06,0,3,0,0
2026-08-15T23:20:02.574,IMU-1,0x28,-3.62,179.5,279.06,0,3,0,0
2026-08-15T23:20:02.674,IMU-1,0x28,-3.62,179.5,279.06,0,3,0,0
2026-08-15T23:20:02.774,IMU-1,0x28,-3.62,179.5,279.06,0,3,0,0
2026-08-15T23:20:02.875,IMU-1,0x28,-3.62,179.5,279.06,0,3,0,0
2026-08-15T23:20:02.975,IMU-1,0x28,-3.62,179.5,279.06,0,3,0,0
2026-08-15T23:20:03.075,IMU-1,0x28,-3.62,179.5,279.06,0,3,0,0
2026-08-15T23:20:03.175,IMU-1,0x28,-3.62,179.5,279.06,0,3,0,0
2026-08-15T23:20:03.275,IMU-1,0x28,-3.62,179.5,279.06,0,3,0,0
2026-08-15T23:20:03.375,IMU-1,0x28,-3.62,179.5,279.06,0,3,0,0
2026-08-15T23:20:03.475,IMU-1,0x28,-3.62,179.5,279.06,0,3,0,0
2026-08-15T23:20:03.575,IMU-1,0x28,-3.62,179.5,279.06,0,3,0,0
2026-08-15T23:20:03.676,IMU-1,0x28,-3.62,179.5,279.06,0,3,0,0
2026-08-15T23:20:03.775,IMU-1,0x28,-3.62,179.5,279.06,0,3,0,0
2026-08-15T23:20:03.875,IMU-1,0x28,-3.62,179.5,279.06,0,3,0,0
2026-08-15T23:20:03.975,IMU-1,0x28,-3.62,179.5,279.06,0,3,0,0
2026-08-15T23:20:04.076,IMU-1,0x28,-3.62,179.5,279.06,0,3,0,0
2026-08-15T23:20:04.175,IMU-1,0x28,-3.62,179.5,279.06,0,3,0,0
2026-08-15T23:20:04.275,IMU-1,0x28,-3.62,179.5,279.06,0,3,0,0
2026-08-15T23:20:04.375,IMU-1,0x28,-3.62,179.5,279.06,0,3,0,0
2026-08-15T23:20:04.475,IMU-1,0x28,-3.62,179.5,279.06,0,3,0,0
2026-08-15T23:20:04.575,IMU-1,0x28,-3.62,179.5,279.06,0,3,0,0
2026-08-15T23:20:04.676,IMU-1,0x28,-3.62,179.5,279.06,0,3,0,0
2026-08-15T23:20:04.775,IMU-1,0x28,-3.62,179.5,279.06,0,3,0,0
2026-08-15T23:20:04.875,IMU-1,0x28,-3.62,179.5,279.06,0,3,0,0
2026-08-15T23:20:04.976,IMU-1,0x28,-3.62,179.5,279.06,0,3,0,0
2026-08-15T23:20:05.076,IMU-1,0x28,-3.62,179.5,279.06,0,3,0,0
2026-08-15T23:20:05.176,IMU-1,0x28,-3.62,179.5,279.06,0,3,0,0
2026-08-15T23:20:05.276,IMU-1,0x28,-3.62,179.5,279.06,0,3,0,0
2026-08-15T23:20:05.376,IMU-1,0x28,-3.62,179.5,279.06,0,3,0,0
2026-08-15T23:20:05.476,IMU-1,0x28,-3.62,179.5,279.06,0,3,0,0
2026-08-15T23:20:05.575,IMU-1,0x28,-3.62,179.5,279.06,0,3,0,0
2026-08-15T23:20:05.676,IMU-1,0x28,-3.62,179.5,279.06,0,3,0,0
2026-08-15T23:20:05.775,IMU-1,0x28,-3.62,179.5,279.06,0,3,0,0
2026-08-15T23:20:05.875,IMU-1,0x28,-3.62,179.5,279.06,0,3,0,0
2026-08-15T23:20:05.976,IMU-1,0x28,-3.62,179.5,279.06,0,3,0,0
2026-08-15T23:20:06.076,IMU-1,0x28,-3.62,179.5,279.06,0,3,0,0
2026-08-15T23:20:06.176,IMU-1,0x28,-3.62,179.5,279.06,0,3,0,0
2026-08-15T23:20:06.276,IMU-1,0x28,-3.62,179.5,279.06,0,3,0,0
2026-08-15T23:20:06.377,IMU-1,0x28,-3.62,179.5,279.06,0,3,0,0
2026-08-15T23:20:06.476,IMU-1,0x28,-3.62,179.5,279.06,0,3,0,0
2026-08-15T23:20:06.577,IMU-1,0x28,-3.62,179.5,279.06,0,3,0,0
2026-08-15T23:20:06.677,IMU-1,0x28,-3.62,179.5,279.06,0,3,0,0
2026-08-15T23:20:06.777,IMU-1,0x28,-3.62,179.5,279.06,0,3,0,0
2026-08-15T23:20:06.877,IMU-1,0x28,-3.62,179.5,279.06,0,3,0,0
2026-08-15T23:20:06.977,IMU-1,0x28,-3.62,179.5,279.06,0,3,0,0
2026-08-15T23:20:07.077,IMU-1,0x28,-3.62,179.5,279.06,0,3,0,0
2026-08-15T23:20:07.177,IMU-1,0x28,-3.62,179.5,279.06,0,3,0,0
2026-08-15T23:20:07.278,IMU-1,0x28,-3.62,179.5,279.06,0,3,0,0
2026-08-15T23:20:07.378,IMU-1,0x28,-3.62,179.5,279.06,0,3,0,0
2026-08-15T23:20:07.478,IMU-1,0x28,-3.62,179.5,279.06,0,3,0,0
2026-08-15T23:20:07.578,IMU-1,0x28,-3.62,179.5,279.06,0,3,0,0
2026-08-15T23:20:07.679,IMU-1,0x28,-3.62,179.5,279.06,0,3,0,0
2026-08-15T23:20:07.778,IMU-1,0x28,-3.62,179.5,279.06,0,3,0,0
2026-08-15T23:20:07.878,IMU-1,0x28,-3.62,179.5,279.06,0,3,0,0
2026-08-15T23:20:07.978,IMU-1,0x28,-3.62,179.5,279.06,0,3,0,0
2026-08-15T23:20:08.078,IMU-1,0x28,-3.62,179.5,279.06,0,3,0,0
2026-08-15T23:20:08.178,IMU-1,0x28,-3.62,179.5,279.06,0,3,0,0
2026-08-15T23:20:08.278,IMU-1,0x28,-3.62,179.5,279.06,0,3,0,0
2026-08-15T23:20:08.378,IMU-1,0x28,-3.62,179.5,279.06,0,3,0,0
2026-08-15T23:20:08.477,IMU-1,0x28,-3.62,179.5,279.06,0,3,0,0
2026-08-15T23:20:08.577,IMU-1,0x28,-3.62,179.5,279.06,0,3,0,0
2026-08-15T23:20:08.678,IMU-1,0x28,-3.62,179.5,279.06,0,3,0,0
2026-08-15T23:20:08.777,IMU-1,0x28,-3.62,179.5,279.06,0,3,0,0
2026-08-15T23:20:08.877,IMU-1,0x28,-3.62,179.5,279.06,0,3,0,0
2026-08-15T23:20:08.977,IMU-1,0x28,-3.62,179.5,279.06,0,3,0,0
2026-08-15T23:20:09.077,IMU-1,0x28,-3.62,179.5,279.06,0,3,0,0
2026-08-15T23:20:09.178,IMU-1,0x28,-3.62,179.5,279.06,0,3,0,0
2026-08-15T23:20:09.278,IMU-1,0x28,-3.62,179.5,279.06,0,3,0,0
2026-08-15T23:20:09.378,IMU-1,0x28,-3.62,179.5,279.06,0,3,0,0
2026-08-15T23:20:09.479,IMU-1,0x28,-3.62,179.5,279.06,0,3,0,0
2026-08-15T23:20:09.579,IMU-1,0x28,-3.62,179.5,279.06,0,3,0,0
2026-08-15T23:20:09.680,IMU-1,0x28,-3.62,179.5,279.06,0,3,0,0
2026-08-15T23:20:09.780,IMU-1,0x28,-3.62,179.5,279.06,0,3,0,0
2026-08-15T23:20:09.880,IMU-1,0x28,-3.62,179.5,279.06,0,3,0,0
2026-08-15T23:20:09.980,IMU-1,0x28,-3.62,179.5,279.06,0,3,0,0
2026-08-15T23:20:10.080,IMU-1,0x28,-3.62,179.5,279.06,0,3,0,0
2026-08-15T23:20:10.180,IMU-1,0x28,-3.62,179.5,279.06,0,3,0,0
2026-08-15T23:20:10.280,IMU-1,0x28,-3.62,179.5,279.06,0,3,0,0
2026-08-15T23:20:10.380,IMU-1,0x28,-3.62,179.5,279.06,0,3,0,0
2026-08-15T23:20:10.480,IMU-1,0x28,-3.62,179.5,279.06,0,3,0,0
2026-08-15T23:20:10.580,IMU-1,0x28,-3.56,179.5,279.06,0,3,0,0
2026-08-15T23:20:10.681,IMU-1,0x28,-3.5,179.5,279.06,0,3,0,0
2026-08-15T23:20:10.780,IMU-1,0x28,-3.5,179.5,279.06,0,3,0,0
2026-08-15T23:20:10.879,IMU-1,0x28,-3.5,179.5,279.06,0,3,0,0
2026-08-15T23:20:10.980,IMU-1,0x28,-3.5,179.5,279.06,0,3,0,0
2026-08-15T23:20:11.080,IMU-1,0x28,-3.5,179.5,279.06,0,3,0,0
2026-08-15T23:20:11.180,IMU-1,0x28,-3.5,179.5,279.06,0,3,0,0
2026-08-15T23:20:11.280,IMU-1,0x28,-3.56,179.5,279.06,0,3,0,0
2026-08-15T23:20:11.380,IMU-1,0x28,-3.56,179.5,279.06,0,3,0,0
2026-08-15T23:20:11.479,IMU-1,0x28,-3.56,179.5,279.06,0,3,0,0
2026-08-15T23:20:11.580,IMU-1,0x28,-3.56,179.5,279.06,0,3,0,0
2026-08-15T23:20:11.681,IMU-1,0x28,-3.56,179.5,279.06,0,3,0,0
2026-08-15T23:20:11.780,IMU-1,0x28,-3.56,179.5,279.06,0,3,0,0
2026-08-15T23:20:11.880,IMU-1,0x28,-3.56,179.5,279.06,0,3,0,0
2026-08-15T23:20:11.981,IMU-1,0x28,-3.56,179.5,279.06,0,3,0,0
2026-08-15T23:20:12.081,IMU-1,0x28,-3.56,179.5,279.06,0,3,0,0
2026-08-15T23:20:12.181,IMU-1,0x28,-3.56,179.5,279.06,0,3,0,0
2026-08-15T23:20:12.281,IMU-1,0x28,-3.56,179.5,279.06,0,3,0,0
2026-08-15T23:20:12.381,IMU-1,0x28,-3.56,179.5,279.06,0,3,0,0
2026-08-15T23:20:12.481,IMU-1,0x28,-3.56,179.5,279.06,0,3,0,0
2026-08-15T23:20:12.581,IMU-1,0x28,-3.56,179.5,279.06,0,3,0,0
2026-08-15T23:20:12.682,IMU-1,0x28,-3.56,179.5,279.06,0,3,0,0
2026-08-15T23:20:12.782,IMU-1,0x28,-3.56,179.5,279.06,0,3,0,0
2026-08-15T23:20:12.882,IMU-1,0x28,-3.56,179.5,279.06,0,3,0,0
2026-08-15T23:20:12.982,IMU-1,0x28,-3.56,179.5,279.06,0,3,0,0
2026-08-15T23:20:13.082,IMU-1,0x28,-3.56,179.5,279.06,0,3,0,0
2026-08-15T23:20:13.182,IMU-1,0x28,-3.56,179.5,279.06,0,3,0,0
2026-08-15T23:20:13.281,IMU-1,0x28,-3.56,179.5,279.06,0,3,0,0
2026-08-15T23:20:13.381,IMU-1,0x28,-3.56,179.5,279.06,0,3,0,0
2026-08-15T23:20:13.481,IMU-1,0x28,-3.56,179.5,279.06,0,3,0,0
2026-08-15T23:20:13.581,IMU-1,0x28,-3.56,179.5,279.06,0,3,0,0
2026-08-15T23:20:13.683,IMU-1,0x28,-3.56,179.5,279.06,0,3,0,0
2026-08-15T23:20:13.782,IMU-1,0x28,-3.56,179.5,279.06,0,3,0,0
2026-08-15T23:20:13.882,IMU-1,0x28,-3.56,179.5,279.06,0,3,0,0
2026-08-15T23:20:13.982,IMU-1,0x28,-3.56,179.5,279.06,0,3,0,0
2026-08-15T23:20:14.082,IMU-1,0x28,-3.56,179.5,279.06,0,3,0,0
2026-08-15T23:20:14.182,IMU-1,0x28,-3.56,179.5,279.06,0,3,0,0
2026-08-15T23:20:14.282,IMU-1,0x28,-3.56,179.5,279.06,0,3,0,0
2026-08-15T23:20:14.383,IMU-1,0x28,-3.56,179.5,279.06,0,3,0,0
2026-08-15T23:20:14.483,IMU-1,0x28,-3.56,179.5,279.06,0,3,0,0
2026-08-15T23:20:14.583,IMU-1,0x28,-3.56,179.5,279.06,0,3,0,0
2026-08-15T23:20:14.684,IMU-1,0x28,-3.56,179.5,279.06,0,3,0,0
2026-08-15T23:20:14.783,IMU-1,0x28,-3.56,179.5,279.06,0,3,0,0
2026-08-15T23:20:14.883,IMU-1,0x28,-3.56,179.5,279.06,0,3,0,0
2026-08-15T23:20:14.983,IMU-1,0x28,-3.56,179.5,279.06,0,3,0,0
2026-08-15T23:20:15.083,IMU-1,0x28,-3.56,179.5,279.06,0,3,0,0
2026-08-15T23:20:15.183,IMU-1,0x28,-3.56,179.5,279.06,0,3,0,0
2026-08-15T23:20:15.282,IMU-1,0x28,-3.56,179.5,279.06,0,3,0,0
2026-08-15T23:20:15.382,IMU-1,0x28,-3.56,179.5,279.06,0,3,0,0
2026-08-15T23:20:15.482,IMU-1,0x28,-3.56,179.5,279.06,0,3,0,0
2026-08-15T23:20:15.582,IMU-1,0x28,-3.56,179.5,279.06,0,3,0,0
2026-08-15T23:20:15.682,IMU-1,0x28,-3.56,179.5,279.06,0,3,0,0
2026-08-15T23:20:15.782,IMU-1,0x28,-3.56,179.5,279.06,0,3,0,0
2026-08-15T23:20:15.882,IMU-1,0x28,-3.56,179.5,279.06,0,3,0,0
2026-08-15T23:20:15.982,IMU-1,0x28,-3.56,179.5,279.06,0,3,0,0
2026-08-15T23:20:16.083,IMU-1,0x28,-3.56,179.5,279.06,0,3,0,0
2026-08-15T23:20:16.183,IMU-1,0x28,-3.56,179.5,279.06,0,3,0,0
2026-08-15T23:20:16.283,IMU-1,0x28,-3.56,179.5,279.06,0,3,0,0
2026-08-15T23:20:16.383,IMU-1,0x28,-3.56,179.5,279.06,0,3,0,0
2026-08-15T23:20:16.484,IMU-1,0x28,-3.56,179.5,279.06,0,3,0,0
2026-08-15T23:20:16.584,IMU-1,0x28,-3.56,179.5,279.06,0,3,0,0
2026-08-15T23:20:16.685,IMU-1,0x28,-3.56,179.5,279.06,0,3,0,0
2026-08-15T23:20:16.784,IMU-1,0x28,-3.56,179.5,279.06,0,3,0,0
2026-08-15T23:20:16.885,IMU-1,0x28,-3.56,179.5,279.06,0,3,0,0
2026-08-15T23:20:16.984,IMU-1,0x28,-3.56,179.5,279.06,0,3,0,0
2026-08-15T23:20:17.085,IMU-1,0x28,-3.56,179.5,279.06,0,3,0,0
2026-08-15T23:20:17.184,IMU-1,0x28,-3.56,179.5,279.06,0,3,0,0
2026-08-15T23:20:17.284,IMU-1,0x28,-3.56,179.5,279.06,0,3,0,0
2026-08-15T23:20:17.384,IMU-1,0x28,-3.56,179.5,279.06,0,3,0,0
2026-08-15T23:20:17.484,IMU-1,0x28,-3.56,179.5,279.06,0,3,0,0
2026-08-15T23:20:17.584,IMU-1,0x28,-3.56,179.5,279.06,0,3,0,0
2026-08-15T23:20:17.685,IMU-1,0x28,-3.56,179.5,279.06,0,3,0,0
2026-08-15T23:20:17.784,IMU-1,0x28,-3.56,179.5,279.06,0,3,0,0
2026-08-15T23:20:17.884,IMU-1,0x28,-3.56,179.5,279.06,0,3,0,0
2026-08-15T23:20:17.984,IMU-1,0x28,-3.56,179.5,279.06,0,3,0,0
2026-08-15T23:20:18.084,IMU-1,0x28,-3.56,179.5,279.06,0,3,0,0
2026-08-15T23:20:18.184,IMU-1,0x28,-3.56,179.5,279.06,0,3,0,0
2026-08-15T23:20:18.284,IMU-1,0x28,-3.56,179.5,279.06,0,3,0,0
2026-08-15T23:20:18.384,IMU-1,0x28,-3.56,179.5,279.06,0,3,0,0
2026-08-15T23:20:18.484,IMU-1,0x28,-3.56,179.5,279.06,0,3,0,0
2026-08-15T23:20:18.585,IMU-1,0x28,-3.56,179.5,279.06,0,3,0,0
2026-08-15T23:20:18.686,IMU-1,0x28,-3.56,179.5,279.06,0,3,0,0
2026-08-15T23:20:18.785,IMU-1,0x28,-3.56,179.5,279.06,0,3,0,0
2026-08-15T23:20:18.886,IMU-1,0x28,-3.56,179.5,279.06,0,3,0,0
2026-08-15T23:20:18.986,IMU-1,0x28,-3.56,179.5,279.06,0,3,0,0
2026-08-15T23:20:19.086,IMU-1,0x28,-3.56,179.5,279.06,0,3,0,0
2026-08-15T23:20:19.186,IMU-1,0x28,-3.56,179.5,279.06,0,3,0,0
2026-08-15T23:20:19.286,IMU-1,0x28,-3.56,179.5,279.06,0,3,0,0
2026-08-15T23:20:19.386,IMU-1,0x28,-3.56,179.5,279.06,0,3,0,0
2026-08-15T23:20:19.486,IMU-1,0x28,-3.56,179.5,279.06,0,3,0,0
2026-08-15T23:20:19.586,IMU-1,0x28,-3.56,179.5,279.06,0,3,0,0
2026-08-15T23:20:19.687,IMU-1,0x28,-3.56,179.5,279.06,0,3,0,0
2026-08-15T23:20:19.786,IMU-1,0x28,-3.56,179.5,279.06,0,3,0,0
2026-08-15T23:20:19.887,IMU-1,0x28,-3.56,179.5,279.06,0,3,0,0
2026-08-15T23:20:19.987,IMU-1,0x28,-3.56,179.5,279.06,0,3,0,0
2026-08-15T23:20:20.086,IMU-1,0x28,-3.56,179.5,279.06,0,3,0,0
2026-08-15T23:20:20.186,IMU-1,0x28,-3.56,179.5,279.06,0,3,0,0
2026-08-15T23:20:20.286,IMU-1,0x28,-3.56,179.5,279.06,0,3,0,0
2026-08-15T23:20:20.386,IMU-1,0x28,-3.56,179.5,279.06,0,3,0,0
2026-08-15T23:20:20.486,IMU-1,0x28,-3.56,179.5,279.06,0,3,0,0
2026-08-15T23:20:20.586,IMU-1,0x28,-3.56,179.5,279.06,0,3,0,0
2026-08-15T23:20:20.687,IMU-1,0x28,-3.56,179.5,279.06,0,3,0,0
2026-08-15T23:20:20.787,IMU-1,0x28,-3.56,179.5,279.06,0,3,0,0
2026-08-15T23:20:20.886,IMU-1,0x28,-3.56,179.5,279.06,0,3,0,0
2026-08-15T23:20:20.987,IMU-1,0x28,-3.56,179.5,279.06,0,3,0,0
2026-08-15T23:20:21.087,IMU-1,0x28,-3.56,179.5,279.06,0,3,0,0
2026-08-15T23:20:21.187,IMU-1,0x28,-3.56,179.5,279.06,0,3,0,0
2026-08-15T23:20:21.287,IMU-1,0x28,-3.56,179.5,279.06,0,3,0,0
2026-08-15T23:20:21.387,IMU-1,0x28,-3.56,179.5,279.06,0,3,0,0
2026-08-15T23:20:21.488,IMU-1,0x28,-3.56,179.5,279.06,0,3,0,0
2026-08-15T23:20:21.588,IMU-1,0x28,-3.56,179.5,279.06,0,3,0,0
2026-08-15T23:20:21.689,IMU-1,0x28,-3.56,179.5,279.06,0,3,0,0
2026-08-15T23:20:21.788,IMU-1,0x28,-3.56,179.5,279.06,0,3,0,0
2026-08-15T23:20:21.888,IMU-1,0x28,-3.56,179.5,279.06,0,3,0,0
2026-08-15T23:20:21.988,IMU-1,0x28,-3.56,179.5,279.06,0,3,0,0
2026-08-15T23:20:22.088,IMU-1,0x28,-3.56,179.5,279.06,0,3,0,0
2026-08-15T23:20:22.187,IMU-1,0x28,-3.56,179.5,279.06,0,3,0,0
2026-08-15T23:20:22.287,IMU-1,0x28,-3.56,179.5,279.06,0,3,0,0
2026-08-15T23:20:22.387,IMU-1,0x28,-3.56,179.5,279.06,0,3,0,0
2026-08-15T23:20:22.487,IMU-1,0x28,-3.56,179.5,279.06,0,3,0,0
2026-08-15T23:20:22.587,IMU-1,0x28,-3.56,179.5,279.06,0,3,0,0
2026-08-15T23:20:22.688,IMU-1,0x28,-3.56,179.5,279.06,0,3,0,0
2026-08-15T23:20:22.788,IMU-1,0x28,-3.56,179.5,279.06,0,3,0,0
2026-08-15T23:20:22.888,IMU-1,0x28,-3.56,179.5,279.06,0,3,0,0
2026-08-15T23:20:22.988,IMU-1,0x28,-3.56,179.5,279.06,0,3,0,0
2026-08-15T23:20:23.088,IMU-1,0x28,-3.56,179.5,279.06,0,3,0,0
2026-08-15T23:20:23.188,IMU-1,0x28,-3.56,179.5,279.06,0,3,0,0
2026-08-15T23:20:23.288,IMU-1,0x28,-3.56,179.5,279.06,0,3,0,0
2026-08-15T23:20:23.389,IMU-1,0x28,-3.56,179.5,279.06,0,3,0,0
2026-08-15T23:20:23.489,IMU-1,0x28,-3.56,179.5,279.06,0,3,0,0
2026-08-15T23:20:23.589,IMU-1,0x28,-3.56,179.5,279.06,0,3,0,0
2026-08-15T23:20:23.690,IMU-1,0x28,-3.56,179.5,279.06,0,3,0,0
2026-08-15T23:20:23.789,IMU-1,0x28,-3.56,179.5,279.06,0,3,0,0
2026-08-15T23:20:23.889,IMU-1,0x28,-3.56,179.5,279.06,0,3,0,0
2026-08-15T23:20:23.989,IMU-1,0x28,-3.56,179.5,279.06,0,3,0,0
2026-08-15T23:20:24.089,IMU-1,0x28,-3.56,179.5,279.06,0,3,0,0
2026-08-15T23:20:24.189,IMU-1,0x28,-3.56,179.5,279.06,0,3,0,0
2026-08-15T23:20:24.289,IMU-1,0x28,-3.56,179.5,279.06,0,3,0,0
2026-08-15T23:20:24.389,IMU-1,0x28,-3.56,179.5,279.06,0,3,0,0
2026-08-15T23:20:24.489,IMU-1,0x28,-3.56,179.5,279.06,0,3,0,0
2026-08-15T23:20:24.588,IMU-1,0x28,-3.56,179.5,279.06,0,3,0,0
2026-08-15T23:20:24.689,IMU-1,0x28,-3.56,179.5,279.06,0,3,0,0
2026-08-15T23:20:24.788,IMU-1,0x28,-3.56,179.5,279.06,0,3,0,0
2026-08-15T23:20:24.888,IMU-1,0x28,-3.56,179.5,279.06,0,3,0,0
2026-08-15T23:20:24.988,IMU-1,0x28,-3.56,179.5,279.06,0,3,0,0
2026-08-15T23:20:25.089,IMU-1,0x28,-3.56,179.5,279.06,0,3,0,0
2026-08-15T23:20:25.189,IMU-1,0x28,-3.56,179.5,279.06,0,3,0,0
2026-08-15T23:20:25.289,IMU-1,0x28,-3.56,179.5,279.06,0,3,0,0
2026-08-15T23:20:25.389,IMU-1,0x28,-3.56,179.5,279.06,0,3,0,0
2026-08-15T23:20:25.490,IMU-1,0x28,-3.56,179.5,279.06,0,3,0,0
2026-08-15T23:20:25.590,IMU-1,0x28,-3.56,179.5,279.06,0,3,0,0
2026-08-15T23:20:25.691,IMU-1,0x28,-3.56,179.5,279.06,0,3,0,0
2026-08-15T23:20:25.791,IMU-1,0x28,-3.56,179.5,279.06,0,3,0,0
2026-08-15T23:20:25.891,IMU-1,0x28,-3.56,179.5,279.06,0,3,0,0
2026-08-15T23:20:25.991,IMU-1,0x28,-3.56,179.5,279.06,0,3,0,0
2026-08-15T23:20:26.091,IMU-1,0x28,-3.56,179.5,279.06,0,3,0,0
2026-08-15T23:20:26.191,IMU-1,0x28,-3.56,179.5,279.06,0,3,0,0
2026-08-15T23:20:26.291,IMU-1,0x28,-3.56,179.5,279.06,0,3,0,0
2026-08-15T23:20:26.391,IMU-1,0x28,-3.56,179.5,279.06,0,3,0,0
2026-08-15T23:20:26.491,IMU-1,0x28,-3.56,179.5,279.06,0,3,0,0
2026-08-15T23:20:26.591,IMU-1,0x28,-3.56,179.5,279.06,0,3,0,0
2026-08-15T23:20:26.692,IMU-1,0x28,-3.56,179.5,279.06,0,3,0,0
2026-08-15T23:20:26.791,IMU-1,0x28,-3.56,179.5,279.06,0,3,0,0
2026-08-15T23:20:26.891,IMU-1,0x28,-3.56,179.5,279.06,0,3,0,0
2026-08-15T23:20:26.991,IMU-1,0x28,-3.56,179.5,279.06,0,3,0,0
2026-08-15T23:20:27.091,IMU-1,0x28,-3.56,179.5,279.06,0,3,0,0
2026-08-15T23:20:27.191,IMU-1,0x28,-3.56,179.5,279.06,0,3,0,0
2026-08-15T23:20:27.290,IMU-1,0x28,-3.56,179.5,279.06,0,3,0,0
2026-08-15T23:20:27.390,IMU-1,0x28,-3.56,179.5,279.06,0,3,0,0
2026-08-15T23:20:27.490,IMU-1,0x28,-3.56,179.5,279.06,0,3,0,0
2026-08-15T23:20:27.591,IMU-1,0x28,-3.56,179.5,279.06,0,3,0,0
2026-08-15T23:20:27.692,IMU-1,0x28,-3.56,179.5,279.06,0,3,0,0
2026-08-15T23:20:27.791,IMU-1,0x28,-3.56,179.5,279.06,0,3,0,0
2026-08-15T23:20:27.892,IMU-1,0x28,-3.56,179.5,279.06,0,3,0,0
2026-08-15T23:20:27.992,IMU-1,0x28,-3.56,179.5,279.06,0,3,0,0
2026-08-15T23:20:28.092,IMU-1,0x28,-3.56,179.5,279.06,0,3,0,0
