timestamp,sensor_name,address,roll_deg,pitch_deg,yaw_deg,cal_system,cal_gyro,cal_accel,cal_mag
2026-08-15T23:22:20.407,IMU-1,0x28,0.0,0.0,0.0,0,0,0,0
2026-08-15T23:22:20.504,IMU-1,0x28,0.5,179.38,97.19,0,0,0,0
2026-08-15T23:22:20.604,IMU-1,0x28,0.5,179.38,97.19,0,0,0,0
2026-08-15T23:22:20.705,IMU-1,0x28,0.5,179.38,97.19,0,0,0,0
2026-08-15T23:22:20.805,IMU-1,0x28,0.5,179.38,97.19,0,0,0,0
2026-08-15T23:22:20.905,IMU-1,0x28,0.5,179.38,97.19,0,0,0,0
2026-08-15T23:22:21.006,IMU-1,0x28,0.5,179.38,97.19,0,0,0,0
2026-08-15T23:22:21.106,IMU-1,0x28,0.5,179.38,97.19,0,0,0,0
2026-08-15T23:22:21.206,IMU-1,0x28,0.5,179.38,97.19,0,0,0,0
2026-08-15T23:22:21.307,IMU-1,0x28,0.5,179.38,97.19,0,3,0,0
2026-08-15T23:22:21.406,IMU-1,0x28,0.5,179.38,97.19,0,3,0,0
2026-08-15T23:22:21.506,IMU-1,0x28,0.5,179.38,97.19,0,3,0,0
2026-08-15T23:22:21.606,IMU-1,0x28,0.5,179.38,97.19,0,3,0,0
2026-08-15T23:22:21.706,IMU-1,0x28,0.5,179.38,97.19,0,3,0,0
2026-08-15T23:22:21.806,IMU-1,0x28,0.5,179.38,97.19,0,3,0,0
2026-08-15T23:22:21.906,IMU-1,0x28,0.5,179.38,97.19,0,3,0,0
2026-08-15T23:22:22.007,IMU-1,0x28,0.5,179.38,97.19,0,3,0,0
2026-08-15T23:22:22.107,IMU-1,0x28,0.5,179.38,97.19,0,3,0,0
2026-08-15T23:22:22.207,IMU-1,0x28,0.5,179.38,97.19,0,3,0,0
2026-08-15T23:22:22.308,IMU-1,0x28,0.5,179.38,97.19,0,3,0,0
2026-08-15T23:22:22.407,IMU-1,0x28,0.5,179.38,97.19,0,3,0,0
2026-08-15T23:22:22.507,IMU-1,0x28,0.5,179.38,97.19,0,3,0,0
2026-08-15T23:22:22.607,IMU-1,0x28,0.5,179.38,97.19,0,3,0,0
2026-08-15T23:22:22.706,IMU-1,0x28,0.5,179.38,97.19,0,3,0,0
2026-08-15T23:22:22.806,IMU-1,0x28,0.5,179.38,97.19,0,3,0,0
2026-08-15T23:22:22.906,IMU-1,0x28,0.5,179.38,97.19,0,3,0,0
2026-08-15T23:22:23.006,IMU-1,0x28,0.5,179.38,97.19,0,3,0,0
2026-08-15T23:22:23.106,IMU-1,0x28,0.5,179.38,97.19,0,3,0,0
2026-08-15T23:22:23.206,IMU-1,0x28,0.5,179.38,97.19,0,3,0,0
2026-08-15T23:22:23.307,IMU-1,0x28,0.5,179.38,97.19,0,3,0,0
2026-08-15T23:22:23.407,IMU-1,0x28,0.5,179.38,97.19,0,3,0,0
2026-08-15T23:22:23.507,IMU-1,0x28,0.5,179.38,97.19,0,3,0,0
2026-08-15T23:22:23.607,IMU-1,0x28,0.5,179.38,97.19,0,3,0,0
2026-08-15T23:22:23.707,IMU-1,0x28,0.5,179.38,97.19,0,3,0,0
2026-08-15T23:22:23.807,IMU-1,0x28,0.5,179.38,97.19,0,3,0,0
2026-08-15T23:22:23.907,IMU-1,0x28,0.5,179.38,97.19,0,3,0,0
2026-08-15T23:22:24.007,IMU-1,0x28,0.5,179.38,97.19,0,3,0,0
2026-08-15T23:22:24.107,IMU-1,0x28,0.5,179.38,97.19,0,3,0,0
2026-08-15T23:22:24.207,IMU-1,0x28,0.5,179.38,97.19,0,3,0,0
2026-08-15T23:22:24.309,IMU-1,0x28,0.5,179.38,97.19,0,3,0,0
2026-08-15T23:22:24.408,IMU-1,0x28,0.5,179.38,97.19,0,3,0,0
2026-08-15T23:22:24.508,IMU-1,0x28,0.5,179.38,97.19,0,3,0,0
2026-08-15T23:22:24.608,IMU-1,0x28,0.5,179.38,97.19,0,3,0,0
2026-08-15T23:22:24.708,IMU-1,0x28,0.5,179.38,97.19,0,3,0,0
2026-08-15T23:22:24.808,IMU-1,0x28,0.5,179.38,97.19,0,3,0,0
2026-08-15T23:22:24.908,IMU-1,0x28,0.5,179.38,97.19,0,3,0,0
2026-08-15T23:22:25.008,IMU-1,0x28,0.5,179.38,97.19,0,3,0,0
2026-08-15T23:22:25.109,IMU-1,0x28,0.5,179.38,97.19,0,3,0,0
2026-08-15T23:22:25.209,IMU-1,0x28,0.5,179.38,97.19,0,3,0,0
2026-08-15T23:22:25.309,IMU-1,0x28,0.5,179.38,97.19,0,3,0,0
2026-08-15T23:22:25.409,IMU-1,0x28,0.5,179.38,97.19,0,3,0,0
2026-08-15T23:22:25.509,IMU-1,0x28,0.5,179.38,97.19,0,3,0,0
2026-08-15T23:22:25.609,IMU-1,0x28,0.5,179.38,97.19,0,3,0,0
2026-08-15T23:22:25.709,IMU-1,0x28,0.5,179.38,97.19,0,3,0,0
2026-08-15T23:22:25.809,IMU-1,0x28,0.5,179.38,97.19,0,3,0,0
2026-08-15T23:22:25.909,IMU-1,0x28,0.5,179.38,97.19,0,3,0,0
2026-08-15T23:22:26.008,IMU-1,0x28,0.5,179.38,97.19,0,3,0,0
2026-08-15T23:22:26.108,IMU-1,0x28,0.5,179.38,97.19,0,3,0,0
2026-08-15T23:22:26.208,IMU-1,0x28,0.5,179.38,97.19,0,3,0,0
2026-08-15T23:22:26.309,IMU-1,0x28,0.5,179.38,97.19,0,3,0,0
2026-08-15T23:22:26.409,IMU-1,0x28,0.5,179.38,97.19,0,3,0,0
2026-08-15T23:22:26.509,IMU-1,0x28,0.5,179.38,97.19,0,3,0,0
2026-08-15T23:22:26.609,IMU-1,0x28,0.5,179.38,97.19,0,3,0,0
2026-08-15T23:22:26.709,IMU-1,0x28,0.5,179.38,97.19,0,3,0,0
2026-08-15T23:22:26.809,IMU-1,0x28,0.5,179.38,97.19,0,3,0,0
2026-08-15T23:22:26.909,IMU-1,0x28,0.5,179.38,97.19,0,3,0,0
2026-08-15T23:22:27.009,IMU-1,0x28,0.5,179.38,97.19,0,3,0,0
2026-08-15T23:22:27.109,IMU-1,0x28,0.5,179.38,97.19,0,3,0,0
2026-08-15T23:22:27.209,IMU-1,0x28,0.5,179.38,97.19,0,3,0,0
2026-08-15T23:22:27.310,IMU-1,0x28,0.5,179.38,97.19,0,3,0,0
2026-08-15T23:22:27.410,IMU-1,0x28,0.5,179.38,97.19,0,3,0,0
2026-08-15T23:22:27.510,IMU-1,0x28,0.5,179.38,97.19,0,3,0,0
2026-08-15T23:22:27.610,IMU-1,0x28,0.5,179.38,97.19,0,3,0,0
2026-08-15T23:22:27.710,IMU-1,0x28,0.5,179.38,97.19,0,3,0,0
2026-08-15T23:22:27.810,IMU-1,0x28,0.5,179.38,97.19,0,3,0,0
2026-08-15T23:22:27.910,IMU-1,0x28,0.5,179.38,97.19,0,3,0,0
2026-08-15T23:22:28.010,IMU-1,0x28,0.5,179.38,97.19,0,3,0,0
2026-08-15T23:22:28.111,IMU-1,0x28,0.5,179.38,97.19,0,3,0,0
2026-08-15T23:22:28.210,IMU-1,0x28,0.5,179.38,97.19,0,3,0,0
2026-08-15T23:22:28.311,IMU-1,0x28,0.5,179.38,97.19,0,3,0,0
2026-08-15T23:22:28.411,IMU-1,0x28,0.5,179.38,97.19,0,3,0,0
2026-08-15T23:22:28.511,IMU-1,0x28,0.5,179.38,97.19,0,3,0,0
2026-08-15T23:22:28.611,IMU-1,0x28,0.56,179.38,97.19,0,3,0,0
2026-08-15T23:22:28.711,IMU-1,0x28,0.62,179.38,97.19,0,3,0,0
2026-08-15T23:22:28.811,IMU-1,0x28,0.62,179.38,97.19,0,3,0,0
2026-08-15T23:22:28.911,IMU-1,0x28,0.62,179.38,97.19,0,3,0,0
2026-08-15T23:22:29.011,IMU-1,0x28,0.62,179.38,97.19,0,3,0,0
2026-08-15T23:22:29.111,IMU-1,0x28,0.62,179.38,97.19,0,3,0,0
2026-08-15T23:22:29.210,IMU-1,0x28,0.62,179.38,97.19,0,3,0,0
2026-08-15T23:22:29.311,IMU-1,0x28,0.62,179.38,97.19,0,3,0,0
2026-08-15T23:22:29.410,IMU-1,0x28,0.62,179.38,97.19,0,3,0,0
2026-08-15T23:22:29.510,IMU-1,0x28,0.75,178.0,97.19,0,3,0,0
2026-08-15T23:22:29.610,IMU-1,0x28,0.75,178.38,97.19,0,3,0,0
2026-08-15T23:22:29.710,IMU-1,0x28,0.69,179.31,97.19,0,3,0,0
2026-08-15T23:22:29.810,IMU-1,0x28,0.69,179.31,97.19,0,3,0,0
2026-08-15T23:22:29.910,IMU-1,0x28,0.69,179.31,97.19,0,3,0,0
2026-08-15T23:22:30.010,IMU-1,0x28,0.69,179.31,97.19,0,3,0,0
2026-08-15T23:22:30.111,IMU-1,0x28,0.69,179.31,97.19,0,3,0,0
2026-08-15T23:22:30.211,IMU-1,0x28,0.69,179.31,97.19,0,3,0,0
2026-08-15T23:22:30.312,IMU-1,0x28,0.69,179.31,97.19,0,3,0,0
2026-08-15T23:22:30.411,IMU-1,0x28,0.69,179.31,97.19,0,3,0,0
2026-08-15T23:22:30.512,IMU-1,0x28,0.69,179.31,97.19,0,3,0,0
2026-08-15T23:22:30.612,IMU-1,0x28,0.69,179.31,97.19,0,3,0,0
2026-08-15T23:22:30.712,IMU-1,0x28,0.69,179.31,97.19,0,3,0,0
2026-08-15T23:22:30.812,IMU-1,0x28,0.69,179.31,97.19,0,3,0,0
2026-08-15T23:22:30.912,IMU-1,0x28,0.69,179.31,97.19,0,3,0,0
2026-08-15T23:22:31.012,IMU-1,0x28,0.69,179.31,97.19,0,3,0,0
2026-08-15T23:22:31.112,IMU-1,0x28,0.69,179.31,97.19,0,3,0,0
2026-08-15T23:22:31.213,IMU-1,0x28,0.69,179.31,97.19,0,3,0,0
2026-08-15T23:22:31.313,IMU-1,0x28,0.69,179.31,97.19,0,3,0,0
2026-08-15T23:22:31.413,IMU-1,0x28,0.69,179.31,97.19,0,3,0,0
2026-08-15T23:22:31.513,IMU-1,0x28,0.69,179.31,97.19,0,3,0,0
2026-08-15T23:22:31.613,IMU-1,0x28,0.69,179.31,97.19,0,3,0,0
2026-08-15T23:22:31.713,IMU-1,0x28,0.69,179.31,97.19,0,3,0,0
2026-08-15T23:22:31.813,IMU-1,0x28,0.69,179.31,97.19,0,3,0,0
2026-08-15T23:22:31.912,IMU-1,0x28,0.69,179.31,97.19,0,3,0,0
2026-08-15T23:22:32.012,IMU-1,0x28,0.69,179.31,97.19,0,3,0,0
2026-08-15T23:22:32.112,IMU-1,0x28,0.69,179.31,97.19,0,3,0,0
2026-08-15T23:22:32.212,IMU-1,0x28,0.69,179.31,97.19,0,3,0,0
2026-08-15T23:22:32.313,IMU-1,0x28,0.69,179.31,97.19,0,3,0,0
2026-08-15T23:22:32.412,IMU-1,0x28,0.69,179.31,97.19,0,3,0,0
2026-08-15T23:22:32.513,IMU-1,0x28,0.69,179.31,97.19,0,3,0,0
2026-08-15T23:22:32.613,IMU-1,0x28,0.69,179.31,97.19,0,3,0,0
2026-08-15T23:22:32.713,IMU-1,0x28,0.69,179.31,97.19,0,3,0,0
2026-08-15T23:22:32.813,IMU-1,0x28,0.69,179.31,97.19,0,3,0,0
2026-08-15T23:22:32.913,IMU-1,0x28,0.69,179.31,97.19,0,3,0,0
2026-08-15T23:22:33.013,IMU-1,0x28,0.69,179.31,97.19,0,3,0,0
2026-08-15T23:22:33.113,IMU-1,0x28,0.69,179.31,97.19,0,3,0,0
2026-08-15T23:22:33.213,IMU-1,0x28,0.69,179.31,97.19,0,3,0,0
2026-08-15T23:22:33.314,IMU-1,0x28,0.69,179.31,97.19,0,3,0,0
2026-08-15T23:22:33.413,IMU-1,0x28,0.69,179.31,97.19,0,3,0,0
2026-08-15T23:22:33.513,IMU-1,0x28,0.69,179.31,97.19,0,3,0,0
2026-08-15T23:22:33.613,IMU-1,0x28,0.69,179.31,97.19,0,3,0,0
2026-08-15T23:22:33.714,IMU-1,0x28,0.69,179.31,97.19,0,3,0,0
2026-08-15T23:22:33.814,IMU-1,0x28,0.69,179.31,97.19,0,3,0,0
2026-08-15T23:22:33.914,IMU-1,0x28,0.69,179.31,97.19,0,3,0,0
2026-08-15T23:22:34.014,IMU-1,0x28,0.69,179.31,97.19,0,3,0,0
2026-08-15T23:22:34.114,IMU-1,0x28,0.69,179.31,97.19,0,3,0,0
2026-08-15T23:22:34.214,IMU-1,0x28,0.69,179.31,97.19,0,3,0,0
2026-08-15T23:22:34.315,IMU-1,0x28,0.69,179.31,97.19,0,3,0,0
2026-08-15T23:22:34.414,IMU-1,0x28,0.69,179.31,97.19,0,3,0,0
2026-08-15T23:22:34.513,IMU-1,0x28,0.69,179.31,97.19,0,3,0,0
2026-08-15T23:22:34.613,IMU-1,0x28,0.69,179.31,97.19,0,3,0,0
2026-08-15T23:22:34.714,IMU-1,0x28,0.69,179.31,97.19,0,3,0,0
2026-08-15T23:22:34.814,IMU-1,0x28,0.69,179.31,97.19,0,3,0,0
2026-08-15T23:22:34.914,IMU-1,0x28,0.69,179.31,97.19,0,3,0,0
2026-08-15T23:22:35.015,IMU-1,0x28,0.69,179.31,97.19,0,3,0,0
2026-08-15T23:22:35.114,IMU-1,0x28,0.69,179.31,97.19,0,3,0,0
2026-08-15T23:22:35.214,IMU-1,0x28,0.69,179.31,97.19,0,3,0,0
2026-08-15T23:22:35.316,IMU-1,0x28,0.69,179.31,97.19,0,3,0,0
2026-08-15T23:22:35.415,IMU-1,0x28,0.69,179.31,97.19,0,3,0,0
2026-08-15T23:22:35.515,IMU-1,0x28,0.69,179.31,97.19,0,3,0,0
2026-08-15T23:22:35.615,IMU-1,0x28,0.69,179.31,97.19,0,3,0,0
2026-08-15T23:22:35.715,IMU-1,0x28,0.69,179.31,97.19,0,3,0,0
2026-08-15T23:22:35.815,IMU-1,0x28,0.69,179.31,97.19,0,3,0,0
2026-08-15T23:22:35.915,IMU-1,0x28,0.69,179.31,97.19,0,3,0,0
2026-08-15T23:22:36.015,IMU-1,0x28,0.69,179.31,97.19,0,3,0,0
2026-08-15T23:22:36.115,IMU-1,0x28,0.69,179.31,97.19,0,3,0,0
2026-08-15T23:22:36.214,IMU-1,0x28,0.69,179.31,97.19,0,3,0,0
2026-08-15T23:22:36.315,IMU-1,0x28,0.69,179.31,97.19,0,3,0,0
2026-08-15T23:22:36.415,IMU-1,0x28,0.69,179.31,97.19,0,3,0,0
2026-08-15T23:22:36.515,IMU-1,0x28,0.69,179.31,97.19,0,3,0,0
2026-08-15T23:22:36.615,IMU-1,0x28,0.69,179.31,97.19,0,3,0,0
2026-08-15T23:22:36.716,IMU-1,0x28,0.69,179.31,97.19,0,3,0,0
2026-08-15T23:22:36.816,IMU-1,0x28,0.69,179.31,97.19,0,3,0,0
2026-08-15T23:22:36.916,IMU-1,0x28,0.69,179.31,97.19,0,3,0,0
2026-08-15T23:22:37.016,IMU-1,0x28,0.69,179.31,97.19,0,3,0,0
2026-08-15T23:22:37.117,IMU-1,0x28,0.69,179.31,97.19,0,3,0,0
2026-08-15T23:22:37.217,IMU-1,0x28,0.69,179.31,97.19,0,3,0,0
2026-08-15T23:22:37.318,IMU-1,0x28,0.69,179.31,97.19,0,3,0,0
2026-08-15T23:22:37.417,IMU-1,0x28,0.69,179.31,97.19,0,3,0,0
2026-08-15T23:22:37.517,IMU-1,0x28,0.69,179.31,97.19,0,3,0,0
2026-08-15T23:22:37.617,IMU-1,0x28,0.69,179.31,97.19,0,3,0,0
2026-08-15T23:22:37.717,IMU-1,0x28,0.69,179.31,97.19,0,3,0,0
2026-08-15T23:22:37.817,IMU-1,0x28,0.69,179.31,97.19,0,3,0,0
2026-08-15T23:22:37.917,IMU-1,0x28,0.69,179.31,97.19,0,3,0,0
2026-08-15T23:22:38.017,IMU-1,0x28,0.69,179.31,97.19,0,3,0,0
2026-08-15T23:22:38.117,IMU-1,0x28,0.69,179.31,97.19,0,3,0,0
2026-08-15T23:22:38.218,IMU-1,0x28,0.69,179.31,97.19,0,3,0,0
2026-08-15T23:22:38.318,IMU-1,0x28,0.69,179.31,97.19,0,3,0,0
2026-08-15T23:22:38.417,IMU-1,0x28,0.69,179.31,97.19,0,3,0,0
2026-08-15T23:22:38.516,IMU-1,0x28,0.69,179.31,97.19,0,3,0,0
2026-08-15T23:22:38.616,IMU-1,0x28,0.69,179.31,97.19,0,3,0,0
2026-08-15T23:22:38.716,IMU-1,0x28,0.69,179.31,97.19,0,3,0,0
2026-08-15T23:22:38.816,IMU-1,0x28,0.69,179.31,97.19,0,3,0,0
2026-08-15T23:22:38.916,IMU-1,0x28,0.69,179.31,97.19,0,3,0,0
2026-08-15T23:22:39.016,IMU-1,0x28,0.69,179.31,97.19,0,3,0,0
2026-08-15T23:22:39.116,IMU-1,0x28,0.69,179.31,97.19,0,3,0,0
2026-08-15T23:22:39.216,IMU-1,0x28,0.69,179.31,97.19,0,3,0,0
2026-08-15T23:22:39.317,IMU-1,0x28,0.69,179.31,97.19,0,3,0,0
2026-08-15T23:22:39.419,IMU-1,0x28,0.69,179.31,97.19,0,3,0,0
2026-08-15T23:22:39.517,IMU-1,0x28,0.69,179.31,97.19,0,3,0,0
2026-08-15T23:22:39.618,IMU-1,0x28,0.69,179.31,97.19,0,3,0,0
2026-08-15T23:22:39.718,IMU-1,0x28,0.69,179.31,97.19,0,3,0,0
2026-08-15T23:22:39.818,IMU-1,0x28,0.69,179.31,97.19,0,3,0,0
2026-08-15T23:22:39.918,IMU-1,0x28,0.69,179.31,97.19,0,3,0,0
2026-08-15T23:22:40.018,IMU-1,0x28,0.69,179.31,97.19,0,3,0,0
2026-08-15T23:22:40.118,IMU-1,0x28,0.69,179.31,97.19,0,3,0,0
2026-08-15T23:22:40.218,IMU-1,0x28,0.69,179.31,97.19,0,3,0,0
2026-08-15T23:22:40.320,IMU-1,0x28,0.69,179.31,97.19,0,3,0,0
2026-08-15T23:22:40.419,IMU-1,0x28,0.69,179.31,97.19,0,3,0,0
2026-08-15T23:22:40.519,IMU-1,0x28,0.69,179.31,97.19,0,3,0,0
2026-08-15T23:22:40.619,IMU-1,0x28,0.69,179.31,97.19,0,3,0,0
2026-08-15T23:22:40.719,IMU-1,0x28,0.69,179.31,97.19,0,3,0,0
2026-08-15T23:22:40.819,IMU-1,0x28,0.69,179.31,97.19,0,3,0,0
2026-08-15T23:22:40.919,IMU-1,0x28,0.69,179.31,97.19,0,3,0,0
2026-08-15T23:22:41.019,IMU-1,0x28,0.69,179.31,97.19,0,3,0,0
2026-08-15T23:22:41.119,IMU-1,0x28,0.69,179.31,97.19,0,3,0,0
2026-08-15T23:22:41.219,IMU-1,0x28,0.69,179.31,97.19,0,3,0,0
2026-08-15T23:22:41.320,IMU-1,0x28,0.69,179.31,97.19,0,3,0,0
2026-08-15T23:22:41.419,IMU-1,0x28,0.69,179.31,97.19,0,3,0,0
2026-08-15T23:22:41.519,IMU-1,0x28,0.69,179.31,97.19,0,3,0,0
2026-08-15T23:22:41.619,IMU-1,0x28,0.69,179.31,97.19,0,3,0,0
2026-08-15T23:22:41.719,IMU-1,0x28,0.69,179.31,97.19,0,3,0,0
2026-08-15T23:22:41.819,IMU-1,0x28,0.69,179.31,97.19,0,3,0,0
2026-08-15T23:22:41.920,IMU-1,0x28,0.69,179.31,97.19,0,3,0,0
2026-08-15T23:22:42.019,IMU-1,0x28,0.69,179.31,97.19,0,3,0,0
2026-08-15T23:22:42.119,IMU-1,0x28,0.69,179.31,97.19,0,3,0,0
2026-08-15T23:22:42.219,IMU-1,0x28,0.69,179.31,97.19,0,3,0,0
2026-08-15T23:22:42.320,IMU-1,0x28,0.69,179.31,97.19,0,3,0,0
2026-08-15T23:22:42.419,IMU-1,0x28,0.69,179.31,97.19,0,3,0,0
2026-08-15T23:22:42.519,IMU-1,0x28,0.69,179.31,97.19,0,3,0,0
2026-08-15T23:22:42.619,IMU-1,0x28,0.62,179.31,97.19,0,3,0,0
2026-08-15T23:22:42.719,IMU-1,0x28,0.62,179.31,97.19,0,3,0,0
2026-08-15T23:22:42.819,IMU-1,0x28,0.62,179.31,97.19,0,3,0,0
2026-08-15T23:22:42.919,IMU-1,0x28,0.62,179.31,97.19,0,3,0,0
2026-08-15T23:22:43.020,IMU-1,0x28,0.62,179.31,97.19,0,3,0,0
2026-08-15T23:22:43.120,IMU-1,0x28,0.62,179.31,97.19,0,3,0,0
2026-08-15T23:22:43.220,IMU-1,0x28,0.62,179.31,97.19,0,3,0,0
2026-08-15T23:22:43.321,IMU-1,0x28,0.62,179.31,97.19,0,3,0,0
2026-08-15T23:22:43.421,IMU-1,0x28,0.62,179.31,97.19,0,3,0,0
2026-08-15T23:22:43.521,IMU-1,0x28,0.62,179.31,97.19,0,3,0,0
2026-08-15T23:22:43.621,IMU-1,0x28,0.62,179.31,97.19,0,3,0,0
2026-08-15T23:22:43.721,IMU-1,0x28,0.62,179.31,97.19,0,3,0,0
2026-08-15T23:22:43.821,IMU-1,0x28,0.62,179.31,97.19,0,3,0,0
2026-08-15T23:22:43.921,IMU-1,0x28,0.62,179.31,97.19,0,3,0,0
2026-08-15T23:22:44.021,IMU-1,0x28,0.62,179.31,97.19,0,3,0,0
2026-08-15T23:22:44.121,IMU-1,0x28,0.62,179.31,97.19,0,3,0,0
2026-08-15T23:22:44.222,IMU-1,0x28,0.62,179.31,97.19,0,3,0,0
2026-08-15T23:22:44.323,IMU-1,0x28,0.62,179.31,97.19,0,3,0,0
2026-08-15T23:22:44.421,IMU-1,0x28,0.62,179.31,97.19,0,3,0,0
2026-08-15T23:22:44.522,IMU-1,0x28,0.62,179.31,97.19,0,3,0,0
2026-08-15T23:22:44.622,IMU-1,0x28,0.62,179.31,97.19,0,3,0,0
2026-08-15T23:22:44.722,IMU-1,0x28,0.69,179.31,97.19,0,3,0,0
2026-08-15T23:22:44.822,IMU-1,0x28,0.69,179.31,97.19,0,3,0,0
2026-08-15T23:22:44.922,IMU-1,0x28,0.69,179.31,97.19,0,3,0,0
2026-08-15T23:22:45.022,IMU-1,0x28,0.69,179.31,97.19,0,3,0,0
2026-08-15T23:22:45.121,IMU-1,0x28,0.69,179.31,97.19,0,3,0,0
2026-08-15T23:22:45.221,IMU-1,0x28,0.69,179.31,97.19,0,3,0,0
2026-08-15T23:22:45.322,IMU-1,0x28,0.69,179.31,97.19,0,3,0,0
2026-08-15T23:22:45.420,IMU-1,0x28,0.69,179.31,97.19,0,3,0,0
2026-08-15T23:22:45.521,IMU-1,0x28,0.69,179.31,97.19,0,3,0,0
2026-08-15T23:22:45.621,IMU-1,0x28,0.69,179.31,97.19,0,3,0,0
2026-08-15T23:22:45.721,IMU-1,0x28,0.69,179.31,97.19,0,3,0,0
2026-08-15T23:22:45.821,IMU-1,0x28,0.69,179.31,97.19,0,3,0,0
2026-08-15T23:22:45.921,IMU-1,0x28,0.69,179.31,97.19,0,3,0,0
2026-08-15T23:22:46.021,IMU-1,0x28,0.69,179.31,97.19,0,3,0,0
2026-08-15T23:22:46.122,IMU-1,0x28,0.69,179.31,97.19,0,3,0,0
2026-08-15T23:22:46.222,IMU-1,0x28,0.69,179.31,97.19,0,3,0,0
2026-08-15T23:22:46.323,IMU-1,0x28,0.69,179.31,97.19,0,3,0,0
2026-08-15T23:22:46.422,IMU-1,0x28,0.69,179.31,97.19,0,3,0,0
2026-08-15T23:22:46.523,IMU-1,0x28,0.69,179.31,97.19,0,3,0,0
2026-08-15T23:22:46.623,IMU-1,0x28,0.69,179.31,97.19,0,3,0,0
2026-08-15T23:22:46.723,IMU-1,0x28,0.69,179.31,97.19,0,3,0,0
2026-08-15T23:22:46.823,IMU-1,0x28,0.69,179.31,97.19,0,3,0,0
2026-08-15T23:22:46.923,IMU-1,0x28,0.69,179.31,97.19,0,3,0,0
2026-08-15T23:22:47.023,IMU-1,0x28,0.69,179.31,97.19,0,3,0,0
2026-08-15T23:22:47.123,IMU-1,0x28,0.69,179.31,97.19,0,3,0,0
2026-08-15T23:22:47.223,IMU-1,0x28,0.69,179.31,97.19,0,3,0,0
2026-08-15T23:22:47.324,IMU-1,0x28,0.69,179.31,97.19,0,3,0,0
2026-08-15T23:22:47.424,IMU-1,0x28,0.69,179.31,97.19,0,3,0,0
2026-08-15T23:22:47.524,IMU-1,0x28,0.69,179.31,97.19,0,3,0,0
2026-08-15T23:22:47.623,IMU-1,0x28,0.69,179.31,97.19,0,3,0,0
2026-08-15T23:22:47.723,IMU-1,0x28,0.69,179.31,97.19,0,3,0,0
2026-08-15T23:22:47.822,IMU-1,0x28,0.69,179.31,97.19,0,3,0,0
2026-08-15T23:22:47.922,IMU-1,0x28,0.69,179.31,97.19,0,3,0,0
2026-08-15T23:22:48.022,IMU-1,0x28,0.69,179.31,97.19,0,3,0,0
2026-08-15T23:22:48.122,IMU-1,0x28,0.69,179.31,97.19,0,3,0,0
2026-08-15T23:22:48.222,IMU-1,0x28,0.69,179.31,97.19,0,3,0,0
2026-08-15T23:22:48.323,IMU-1,0x28,0.62,179.31,97.19,0,3,0,0
2026-08-15T23:22:48.422,IMU-1,0x28,0.62,179.31,97.19,0,3,0,0
2026-08-15T23:22:48.523,IMU-1,0x28,0.62,179.31,97.19,0,3,0,0
2026-08-15T23:22:48.623,IMU-1,0x28,0.62,179.31,97.19,0,3,0,0
2026-08-15T23:22:48.723,IMU-1,0x28,0.62,179.31,97.19,0,3,0,0
2026-08-15T23:22:48.824,IMU-1,0x28,0.62,179.31,97.19,0,3,0,0
2026-08-15T23:22:48.924,IMU-1,0x28,0.62,179.31,97.19,0,3,0,0
2026-08-15T23:22:49.024,IMU-1,0x28,0.62,179.31,97.19,0,3,0,0
2026-08-15T23:22:49.124,IMU-1,0x28,0.62,179.31,97.19,0,3,0,0
2026-08-15T23:22:49.224,IMU-1,0x28,0.62,179.31,97.19,0,3,0,0
2026-08-15T23:22:49.325,IMU-1,0x28,0.62,179.31,97.19,0,3,0,0
2026-08-15T23:22:49.424,IMU-1,0x28,0.62,179.31,97.19,0,3,0,0
2026-08-15T23:22:49.525,IMU-1,0x28,0.62,179.31,97.19,0,3,0,0
2026-08-15T23:22:49.625,IMU-1,0x28,0.62,179.31,97.19,0,3,0,0
2026-08-15T23:22:49.725,IMU-1,0x28,0.62,179.31,97.19,0,3,0,0
2026-08-15T23:22:49.825,IMU-1,0x28,0.62,179.31,97.19,0,3,0,0
2026-08-15T23:22:49.925,IMU-1,0x28,0.62,179.31,97.19,0,3,0,0
2026-08-15T23:22:50.024,IMU-1,0x28,0.62,179.31,97.19,0,3,0,0
2026-08-15T23:22:50.124,IMU-1,0x28,0.62,179.31,97.19,0,3,0,0
2026-08-15T23:22:50.224,IMU-1,0x28,0.62,179.31,97.19,0,3,0,0
2026-08-15T23:22:50.324,IMU-1,0x28,0.62,179.31,97.19,0,3,0,0
2026-08-15T23:22:50.424,IMU-1,0x28,0.62,179.31,97.19,0,3,0,0
2026-08-15T23:22:50.524,IMU-1,0x28,0.62,179.31,97.19,0,3,0,0
2026-08-15T23:22:50.624,IMU-1,0x28,0.62,179.31,97.19,0,3,0,0
2026-08-15T23:22:50.724,IMU-1,0x28,0.62,179.31,97.19,0,3,0,0
2026-08-15T23:22:50.824,IMU-1,0x28,0.62,179.31,97.19,0,3,0,0
2026-08-15T23:22:50.925,IMU-1,0x28,0.62,179.31,97.19,0,3,0,0
2026-08-15T23:22:51.025,IMU-1,0x28,0.62,179.31,97.19,0,3,0,0
2026-08-15T23:22:51.125,IMU-1,0x28,0.62,179.31,97.19,0,3,0,0
2026-08-15T23:22:51.225,IMU-1,0x28,0.62,179.31,97.19,0,3,0,0
2026-08-15T23:22:51.326,IMU-1,0x28,0.62,179.31,97.19,0,3,0,0
2026-08-15T23:22:51.425,IMU-1,0x28,0.62,179.31,97.19,0,3,0,0
2026-08-15T23:22:51.525,IMU-1,0x28,0.62,179.31,97.19,0,3,0,0
2026-08-15T23:22:51.625,IMU-1,0x28,0.62,179.31,97.19,0,3,0,0
2026-08-15T23:22:51.725,IMU-1,0x28,0.62,179.31,97.19,0,3,0,0
2026-08-15T23:22:51.825,IMU-1,0x28,0.62,179.31,97.19,0,3,0,0
2026-08-15T23:22:51.925,IMU-1,0x28,0.62,179.31,97.19,0,3,0,0
2026-08-15T23:22:52.026,IMU-1,0x28,0.62,179.31,97.19,0,3,0,0
2026-08-15T23:22:52.126,IMU-1,0x28,0.62,179.31,97.19,0,3,0,0
2026-08-15T23:22:52.226,IMU-1,0x28,0.62,179.31,97.19,0,3,0,0
2026-08-15T23:22:52.327,IMU-1,0x28,0.62,179.31,97.19,0,3,0,0
2026-08-15T23:22:52.426,IMU-1,0x28,0.62,179.31,97.19,0,3,0,0
2026-08-15T23:22:52.526,IMU-1,0x28,0.62,179.31,97.19,0,3,0,0
2026-08-15T23:22:52.626,IMU-1,0x28,0.62,179.31,97.19,0,3,0,0
2026-08-15T23:22:52.727,IMU-1,0x28,0.62,179.31,97.19,0,3,0,0
2026-08-15T23:22:52.827,IMU-1,0x28,0.62,179.31,97.19,0,3,0,0
2026-08-15T23:22:52.927,IMU-1,0x28,0.62,179.31,97.19,0,3,0,0
2026-08-15T23:22:53.027,IMU-1,0x28,0.62,179.31,97.19,0,3,0,0
2026-08-15T23:22:53.127,IMU-1,0x28,0.62,179.31,97.19,0,3,0,0
2026-08-15T23:22:53.227,IMU-1,0x28,0.62,179.31,97.19,0,3,0,0
2026-08-15T23:22:53.328,IMU-1,0x28,0.62,179.31,97.19,0,3,0,0
2026-08-15T23:22:53.427,IMU-1,0x28,0.69,179.31,97.19,0,3,0,0
2026-08-15T23:22:53.527,IMU-1,0x28,0.69,179.31,97.19,0,3,0,0
2026-08-15T23:22:53.627,IMU-1,0x28,0.69,179.31,97.19,0,3,0,0
2026-08-15T23:22:53.727,IMU-1,0x28,0.69,179.31,97.19,0,3,0,0
2026-08-15T23:22:53.827,IMU-1,0x28,0.69,179.31,97.19,0,3,0,0
2026-08-15T23:22:53.927,IMU-1,0x28,0.69,179.31,97.19,0,3,0,0
2026-08-15T23:22:54.027,IMU-1,0x28,0.69,179.31,97.19,0,3,0,0
2026-08-15T23:22:54.127,IMU-1,0x28,0.69,179.31,97.19,0,3,0,0
2026-08-15T23:22:54.226,IMU-1,0x28,0.69,179.31,97.19,0,3,0,0
2026-08-15T23:22:54.327,IMU-1,0x28,0.69,179.31,97.19,0,3,0,0
2026-08-15T23:22:54.426,IMU-1,0x28,0.69,179.31,97.19,0,3,0,0
2026-08-15T23:22:54.526,IMU-1,0x28,0.69,179.31,97.19,0,3,0,0
2026-08-15T23:22:54.626,IMU-1,0x28,0.69,179.31,97.19,0,3,0,0
2026-08-15T23:22:54.726,IMU-1,0x28,0.69,179.31,97.19,0,3,0,0
2026-08-15T23:22:54.826,IMU-1,0x28,0.69,179.31,97.19,0,3,0,0
2026-08-15T23:22:54.926,IMU-1,0x28,0.69,179.31,97.19,0,3,0,0
2026-08-15T23:22:55.027,IMU-1,0x28,0.69,179.31,97.19,0,3,0,0
2026-08-15T23:22:55.127,IMU-1,0x28,0.69,179.31,97.19,0,3,0,0
2026-08-15T23:22:55.227,IMU-1,0x28,0.69,179.31,97.19,0,3,0,0
2026-08-15T23:22:55.328,IMU-1,0x28,0.69,179.31,97.19,0,3,0,0
2026-08-15T23:22:55.428,IMU-1,0x28,0.69,179.31,97.19,0,3,0,0
2026-08-15T23:22:55.528,IMU-1,0x28,0.69,179.31,97.19,0,3,0,0
2026-08-15T23:22:55.628,IMU-1,0x28,0.69,179.31,97.19,0,3,0,0
2026-08-15T23:22:55.728,IMU-1,0x28,0.69,179.31,97.19,0,3,0,0
2026-08-15T23:22:55.828,IMU-1,0x28,0.69,179.31,97.19,0,3,0,0
2026-08-15T23:22:55.928,IMU-1,0x28,0.69,179.31,97.19,0,3,0,0
2026-08-15T23:22:56.029,IMU-1,0x28,0.69,179.31,97.19,0,3,0,0
2026-08-15T23:22:56.129,IMU-1,0x28,0.69,179.31,97.19,0,3,0,0
2026-08-15T23:22:56.229,IMU-1,0x28,0.69,179.31,97.19,0,3,0,0
2026-08-15T23:22:56.330,IMU-1,0x28,0.69,179.31,97.19,0,3,0,0
2026-08-15T23:22:56.429,IMU-1,0x28,0.69,179.31,97.19,0,3,0,0
2026-08-15T23:22:56.529,IMU-1,0x28,0.69,179.31,97.19,0,3,0,0
2026-08-15T23:22:56.629,IMU-1,0x28,0.69,179.31,97.19,0,3,0,0
2026-08-15T23:22:56.729,IMU-1,0x28,0.69,179.31,97.19,0,3,0,0
2026-08-15T23:22:56.829,IMU-1,0x28,0.69,179.31,97.19,0,3,0,0
2026-08-15T23:22:56.929,IMU-1,0x28,0.69,179.31,97.19,0,3,0,0
2026-08-15T23:22:57.029,IMU-1,0x28,0.69,179.31,97.19,0,3,0,0
2026-08-15T23:22:57.129,IMU-1,0x28,0.69,179.31,97.19,0,3,0,0
2026-08-15T23:22:57.229,IMU-1,0x28,0.69,179.31,97.19,0,3,0,0
2026-08-15T23:22:57.329,IMU-1,0x28,0.69,179.31,97.19,0,3,0,0
2026-08-15T23:22:57.428,IMU-1,0x28,0.69,179.31,97.19,0,3,0,0
2026-08-15T23:22:57.528,IMU-1,0x28,0.69,179.31,97.19,0,3,0,0
2026-08-15T23:22:57.629,IMU-1,0x28,0.69,179.31,97.19,0,3,0,0
2026-08-15T23:22:57.729,IMU-1,0x28,0.69,179.31,97.19,0,3,0,0
2026-08-15T23:22:57.829,IMU-1,0x28,0.69,179.31,97.19,0,3,0,0
2026-08-15T23:22:57.929,IMU-1,0x28,0.69,179.31,97.19,0,3,0,0
2026-08-15T23:22:58.029,IMU-1,0x28,0.69,179.31,97.19,0,3,0,0
2026-08-15T23:22:58.129,IMU-1,0x28,0.69,179.31,97.19,0,3,0,0
2026-08-15T23:22:58.229,IMU-1,0x28,0.69,179.31,97.19,0,3,0,0
2026-08-15T23:22:58.330,IMU-1,0x28,0.69,179.31,97.19,0,3,0,0
2026-08-15T23:22:58.430,IMU-1,0x28,0.62,179.31,97.19,0,3,0,0
2026-08-15T23:22:58.530,IMU-1,0x28,0.62,179.31,97.19,0,3,0,0
2026-08-15T23:22:58.630,IMU-1,0x28,0.62,179.31,97.19,0,3,0,0
2026-08-15T23:22:58.730,IMU-1,0x28,0.62,179.31,97.19,0,3,0,0
2026-08-15T23:22:58.830,IMU-1,0x28,0.62,179.31,97.19,0,3,0,0
2026-08-15T23:22:58.930,IMU-1,0x28,0.62,179.31,97.19,0,3,0,0
2026-08-15T23:22:59.030,IMU-1,0x28,0.62,179.31,97.19,0,3,0,0
2026-08-15T23:22:59.130,IMU-1,0x28,0.62,179.31,97.19,0,3,0,0
2026-08-15T23:22:59.230,IMU-1,0x28,0.62,179.31,97.19,0,3,0,0
2026-08-15T23:22:59.332,IMU-1,0x28,0.62,179.31,97.19,0,3,0,0
2026-08-15T23:22:59.431,IMU-1,0x28,0.62,179.31,97.19,0,3,0,0
2026-08-15T23:22:59.531,IMU-1,0x28,0.62,179.31,97.19,0,3,0,0
2026-08-15T23:22:59.631,IMU-1,0x28,0.62,179.31,97.19,0,3,0,0
2026-08-15T23:22:59.731,IMU-1,0x28,0.62,179.31,97.19,0,3,0,0
2026-08-15T23:22:59.831,IMU-1,0x28,0.62,179.31,97.19,0,3,0,0
2026-08-15T23:22:59.931,IMU-1,0x28,0.62,179.31,97.19,0,3,0,0
2026-08-15T23:23:00.031,IMU-1,0x28,0.62,179.31,97.19,0,3,0,0
2026-08-15T23:23:00.132,IMU-1,0x28,0.62,179.31,97.19,0,3,0,0
2026-08-15T23:23:00.231,IMU-1,0x28,0.62,179.31,97.19,0,3,0,0
2026-08-15T23:23:00.332,IMU-1,0x28,0.62,179.31,97.19,0,3,0,0
2026-08-15T23:23:00.432,IMU-1,0x28,0.62,179.31,97.19,0,3,0,0
2026-08-15T23:23:00.532,IMU-1,0x28,0.62,179.31,97.19,0,3,0,0
2026-08-15T23:23:00.632,IMU-1,0x28,0.62,179.31,97.19,0,3,0,0
2026-08-15T23:23:00.732,IMU-1,0x28,0.62,179.31,97.19,0,3,0,0
2026-08-15T23:23:00.832,IMU-1,0x28,0.62,179.31,97.19,0,3,0,0
2026-08-15T23:23:00.932,IMU-1,0x28,0.62,179.31,97.19,0,3,0,0
2026-08-15T23:23:01.032,IMU-1,0x28,0.62,179.31,97.19,0,3,0,0
2026-08-15T23:23:01.132,IMU-1,0x28,0.69,179.31,97.19,0,3,0,0
2026-08-15T23:23:01.231,IMU-1,0x28,0.69,179.31,97.19,0,3,0,0
2026-08-15T23:23:01.331,IMU-1,0x28,0.69,179.31,97.19,0,3,0,0
2026-08-15T23:23:01.431,IMU-1,0x28,0.62,179.31,97.19,0,3,0,0
2026-08-15T23:23:01.531,IMU-1,0x28,0.62,179.31,97.19,0,3,0,0
2026-08-15T23:23:01.631,IMU-1,0x28,0.62,179.31,97.19,0,3,0,0
2026-08-15T23:23:01.731,IMU-1,0x28,0.62,179.31,97.19,0,3,0,0
2026-08-15T23:23:01.831,IMU-1,0x28,0.62,179.31,97.19,0,3,0,0
2026-08-15T23:23:01.931,IMU-1,0x28,0.62,179.31,97.19,0,3,0,0
2026-08-15T23:23:02.031,IMU-1,0x28,0.62,179.31,97.19,0,3,0,0
2026-08-15T23:23:02.132,IMU-1,0x28,0.62,179.31,97.19,0,3,0,0
2026-08-15T23:23:02.232,IMU-1,0x28,0.62,179.31,97.19,0,3,0,0
2026-08-15T23:23:02.332,IMU-1,0x28,0.62,179.31,97.19,0,3,0,0
2026-08-15T23:23:02.432,IMU-1,0x28,0.62,179.31,97.19,0,3,0,0
2026-08-15T23:23:02.533,IMU-1,0x28,0.62,179.31,97.19,0,3,0,0
2026-08-15T23:23:02.633,IMU-1,0x28,0.62,179.31,97.19,0,3,0,0
2026-08-15T23:23:02.733,IMU-1,0x28,0.62,179.31,97.19,0,3,0,0
2026-08-15T23:23:02.833,IMU-1,0x28,0.62,179.31,97.19,0,3,0,0
2026-08-15T23:23:02.933,IMU-1,0x28,0.62,179.31,97.19,0,3,0,0
2026-08-15T23:23:03.033,IMU-1,0x28,0.62,179.31,97.19,0,3,0,0
2026-08-15T23:23:03.133,IMU-1,0x28,0.62,179.31,97.19,0,3,0,0
2026-08-15T23:23:03.233,IMU-1,0x28,0.62,179.31,97.19,0,3,0,0
2026-08-15T23:23:03.334,IMU-1,0x28,0.62,179.31,97.19,0,3,0,0
2026-08-15T23:23:03.434,IMU-1,0x28,0.62,179.31,97.19,0,3,0,0
2026-08-15T23:23:03.534,IMU-1,0x28,0.62,179.31,97.19,0,3,0,0
2026-08-15T23:23:03.634,IMU-1,0x28,0.62,179.31,97.19,0,3,0,0
2026-08-15T23:23:03.734,IMU-1,0x28,0.62,179.31,97.19,0,3,0,0
2026-08-15T23:23:03.834,IMU-1,0x28,0.62,179.31,97.19,0,3,0,0
2026-08-15T23:23:03.934,IMU-1,0x28,0.62,179.31,97.19,0,3,0,0
2026-08-15T23:23:04.034,IMU-1,0x28,0.62,179.31,97.19,0,3,0,0
2026-08-15T23:23:04.133,IMU-1,0x28,0.62,179.31,97.19,0,3,0,0
2026-08-15T23:23:04.234,IMU-1,0x28,0.62,179.31,97.19,0,3,0,0
2026-08-15T23:23:04.334,IMU-1,0x28,0.62,179.31,97.19,0,3,0,0
2026-08-15T23:23:04.433,IMU-1,0x28,0.62,179.31,97.19,0,3,0,0
2026-08-15T23:23:04.533,IMU-1,0x28,0.62,179.31,97.19,0,3,0,0
2026-08-15T23:23:04.633,IMU-1,0x28,0.62,179.31,97.19,0,3,0,0
2026-08-15T23:23:04.734,IMU-1,0x28,0.62,179.31,97.19,0,3,0,0
2026-08-15T23:23:04.834,IMU-1,0x28,0.62,179.31,97.19,0,3,0,0
2026-08-15T23:23:04.934,IMU-1,0x28,0.62,179.31,97.19,0,3,0,0
2026-08-15T23:23:05.034,IMU-1,0x28,0.62,179.31,97.19,0,3,0,0
2026-08-15T23:23:05.134,IMU-1,0x28,0.62,179.31,97.19,0,3,0,0
2026-08-15T23:23:05.234,IMU-1,0x28,0.62,179.31,97.19,0,3,0,0
2026-08-15T23:23:05.334,IMU-1,0x28,0.62,179.31,97.19,0,3,0,0
2026-08-15T23:23:05.434,IMU-1,0x28,0.62,179.31,97.19,0,3,0,0
2026-08-15T23:23:05.534,IMU-1,0x28,0.62,179.31,97.19,0,3,0,0
2026-08-15T23:23:05.634,IMU-1,0x28,0.62,179.31,97.19,0,3,0,0
2026-08-15T23:23:05.734,IMU-1,0x28,0.62,179.31,97.19,0,3,0,0
2026-08-15T23:23:05.834,IMU-1,0x28,0.62,179.31,97.19,0,3,0,0
2026-08-15T23:23:05.935,IMU-1,0x28,0.62,179.31,97.19,0,3,0,0
2026-08-15T23:23:06.035,IMU-1,0x28,0.62,179.31,97.19,0,3,0,0
2026-08-15T23:23:06.135,IMU-1,0x28,0.62,179.31,97.19,0,3,0,0
2026-08-15T23:23:06.235,IMU-1,0x28,0.62,179.31,97.19,0,3,0,0
2026-08-15T23:23:06.336,IMU-1,0x28,0.62,179.31,97.19,0,3,0,0
2026-08-15T23:23:06.436,IMU-1,0x28,0.62,179.31,97.19,0,3,0,0
2026-08-15T23:23:06.535,IMU-1,0x28,0.62,179.31,97.19,0,3,0,0
2026-08-15T23:23:06.635,IMU-1,0x28,0.62,179.31,97.19,0,3,0,0
2026-08-15T23:23:06.735,IMU-1,0x28,0.62,179.31,97.19,0,3,0,0
2026-08-15T23:23:06.836,IMU-1,0x28,0.62,179.31,97.19,0,3,0,0
2026-08-15T23:23:06.936,IMU-1,0x28,0.62,179.31,97.19,0,3,0,0
2026-08-15T23:23:07.035,IMU-1,0x28,0.62,179.31,97.19,0,3,0,0
2026-08-15T23:23:07.136,IMU-1,0x28,0.62,179.31,97.19,0,3,0,0
2026-08-15T23:23:07.235,IMU-1,0x28,0.62,179.31,97.19,0,3,0,0
2026-08-15T23:23:07.337,IMU-1,0x28,0.62,179.31,97.19,0,3,0,0
2026-08-15T23:23:07.436,IMU-1,0x28,0.62,179.31,97.19,0,3,0,0
2026-08-15T23:23:07.536,IMU-1,0x28,0.62,179.31,97.19,0,3,0,0
2026-08-15T23:23:07.636,IMU-1,0x28,0.62,179.31,97.19,0,3,0,0
2026-08-15T23:23:07.736,IMU-1,0x28,0.62,179.31,97.19,0,3,0,0
2026-08-15T23:23:07.836,IMU-1,0x28,0.62,179.31,97.19,0,3,0,0
2026-08-15T23:23:07.936,IMU-1,0x28,0.62,179.31,97.19,0,3,0,0
2026-08-15T23:23:08.036,IMU-1,0x28,0.62,179.31,97.19,0,3,0,0
2026-08-15T23:23:08.136,IMU-1,0x28,0.62,179.31,97.19,0,3,0,0
2026-08-15T23:23:08.236,IMU-1,0x28,0.62,179.31,97.19,0,3,0,0
2026-08-15T23:23:08.336,IMU-1,0x28,0.62,179.31,97.19,0,3,0,0
2026-08-15T23:23:08.435,IMU-1,0x28,0.62,179.31,97.19,0,3,0,0
2026-08-15T23:23:08.535,IMU-1,0x28,0.62,179.31,97.19,0,3,0,0
2026-08-15T23:23:08.636,IMU-1,0x28,0.62,179.31,97.19,0,3,0,0
2026-08-15T23:23:08.736,IMU-1,0x28,0.62,179.31,97.19,0,3,0,0
2026-08-15T23:23:08.836,IMU-1,0x28,0.62,179.31,97.19,0,3,0,0
2026-08-15T23:23:08.936,IMU-1,0x28,0.62,179.31,97.19,0,3,0,0
2026-08-15T23:23:09.036,IMU-1,0x28,0.62,179.31,97.19,0,3,0,0
2026-08-15T23:23:09.136,IMU-1,0x28,0.62,179.31,97.19,0,3,0,0
2026-08-15T23:23:09.237,IMU-1,0x28,0.62,179.31,97.19,0,3,0,0
2026-08-15T23:23:09.337,IMU-1,0x28,0.62,179.31,97.19,0,3,0,0
2026-08-15T23:23:09.437,IMU-1,0x28,0.62,179.31,97.19,0,3,0,0
2026-08-15T23:23:09.537,IMU-1,0x28,0.62,179.31,97.19,0,3,0,0
2026-08-15T23:23:09.638,IMU-1,0x28,0.62,179.31,97.19,0,3,0,0
2026-08-15T23:23:09.738,IMU-1,0x28,0.62,179.31,97.19,0,3,0,0
2026-08-15T23:23:09.838,IMU-1,0x28,0.62,179.31,97.19,0,3,0,0
2026-08-15T23:23:09.938,IMU-1,0x28,0.62,179.31,97.19,0,3,0,0
2026-08-15T23:23:10.038,IMU-1,0x28,0.62,179.31,97.19,0,3,0,0
2026-08-15T23:23:10.138,IMU-1,0x28,0.62,179.31,97.19,0,3,0,0
2026-08-15T23:23:10.238,IMU-1,0x28,0.69,179.31,97.19,0,3,0,0
2026-08-15T23:23:10.340,IMU-1,0x28,0.69,179.31,97.19,0,3,0,0
2026-08-15T23:23:10.438,IMU-1,0x28,0.69,179.31,97.19,0,3,0,0
2026-08-15T23:23:10.539,IMU-1,0x28,0.69,179.31,97.19,0,3,0,0
2026-08-15T23:23:10.638,IMU-1,0x28,0.69,179.31,97.19,0,3,0,0
2026-08-15T23:23:10.738,IMU-1,0x28,0.69,179.31,97.19,0,3,0,0
2026-08-15T23:23:10.839,IMU-1,0x28,0.69,179.31,97.19,0,3,0,0
2026-08-15T23:23:10.939,IMU-1,0x28,0.69,179.31,97.19,0,3,0,0
2026-08-15T23:23:11.038,IMU-1,0x28,0.69,179.31,97.19,0,3,0,0
2026-08-15T23:23:11.138,IMU-1,0x28,0.69,179.31,97.19,0,3,0,0
2026-08-15T23:23:11.238,IMU-1,0x28,0.69,179.31,97.19,0,3,0,0
2026-08-15T23:23:11.339,IMU-1,0x28,0.69,179.31,97.19,0,3,0,0
2026-08-15T23:23:11.439,IMU-1,0x28,0.69,179.31,97.19,0,3,0,0
2026-08-15T23:23:11.539,IMU-1,0x28,0.69,179.31,97.19,0,3,0,0
2026-08-15T23:23:11.639,IMU-1,0x28,0.69,179.31,97.19,0,3,0,0
2026-08-15T23:23:11.738,IMU-1,0x28,0.69,179.31,97.19,0,3,0,0
2026-08-15T23:23:11.838,IMU-1,0x28,0.69,179.31,97.19,0,3,0,0
2026-08-15T23:23:11.938,IMU-1,0x28,0.69,179.31,97.19,0,3,0,0
2026-08-15T23:23:12.039,IMU-1,0x28,0.69,179.31,97.19,0,3,0,0
2026-08-15T23:23:12.139,IMU-1,0x28,0.69,179.31,97.19,0,3,0,0
2026-08-15T23:23:12.239,IMU-1,0x28,0.69,179.31,97.19,0,3,0,0
2026-08-15T23:23:12.340,IMU-1,0x28,0.69,179.31,97.19,0,3,0,0
2026-08-15T23:23:12.439,IMU-1,0x28,0.69,179.31,97.19,0,3,0,0
2026-08-15T23:23:12.539,IMU-1,0x28,0.69,179.31,97.19,0,3,0,0
2026-08-15T23:23:12.639,IMU-1,0x28,0.69,179.31,97.19,0,3,0,0
2026-08-15T23:23:12.739,IMU-1,0x28,0.69,179.31,97.19,0,3,0,0
2026-08-15T23:23:12.839,IMU-1,0x28,0.69,179.31,97.19,0,3,0,0
2026-08-15T23:23:12.939,IMU-1,0x28,0.69,179.31,97.19,0,3,0,0
2026-08-15T23:23:13.039,IMU-1,0x28,0.69,179.31,97.19,0,3,0,0
2026-08-15T23:23:13.140,IMU-1,0x28,0.69,179.31,97.19,0,3,0,0
2026-08-15T23:23:13.240,IMU-1,0x28,0.69,179.31,97.19,0,3,0,0
2026-08-15T23:23:13.341,IMU-1,0x28,0.69,179.31,97.19,0,3,0,0
2026-08-15T23:23:13.440,IMU-1,0x28,0.69,179.31,97.19,0,3,0,0
2026-08-15T23:23:13.540,IMU-1,0x28,0.69,179.31,97.19,0,3,0,0
2026-08-15T23:23:13.641,IMU-1,0x28,0.69,179.31,97.19,0,3,0,0
2026-08-15T23:23:13.741,IMU-1,0x28,0.69,179.31,97.19,0,3,0,0
2026-08-15T23:23:13.841,IMU-1,0x28,0.69,179.31,97.19,0,3,0,0
2026-08-15T23:23:13.941,IMU-1,0x28,0.69,179.31,97.19,0,3,0,0
2026-08-15T23:23:14.041,IMU-1,0x28,0.69,179.31,97.19,0,3,0,0
2026-08-15T23:23:14.141,IMU-1,0x28,0.69,179.31,97.19,0,3,0,0
2026-08-15T23:23:14.241,IMU-1,0x28,0.69,179.31,97.19,0,3,0,0
2026-08-15T23:23:14.342,IMU-1,0x28,0.69,179.31,97.19,0,3,0,0
2026-08-15T23:23:14.441,IMU-1,0x28,0.69,179.31,97.19,0,3,0,0
2026-08-15T23:23:14.541,IMU-1,0x28,0.69,179.31,97.19,0,3,0,0
2026-08-15T23:23:14.641,IMU-1,0x28,0.69,179.31,97.19,0,3,0,0
2026-08-15T23:23:14.741,IMU-1,0x28,0.69,179.31,97.19,0,3,0,0
2026-08-15T23:23:14.841,IMU-1,0x28,0.69,179.31,97.19,0,3,0,0
2026-08-15T23:23:14.941,IMU-1,0x28,0.69,179.31,97.19,0,3,0,0
2026-08-15T23:23:15.040,IMU-1,0x28,0.69,179.31,97.19,0,3,0,0
2026-08-15T23:23:15.140,IMU-1,0x28,0.69,179.31,97.19,0,3,0,0
2026-08-15T23:23:15.240,IMU-1,0x28,0.69,179.31,97.19,0,3,0,0
2026-08-15T23:23:15.340,IMU-1,0x28,0.69,179.31,97.19,0,3,0,0
2026-08-15T23:23:15.440,IMU-1,0x28,0.69,179.31,97.19,0,3,0,0
2026-08-15T23:23:15.540,IMU-1,0x28,0.69,179.31,97.19,0,3,0,0
2026-08-15T23:23:15.640,IMU-1,0x28,0.69,179.31,97.19,0,3,0,0
2026-08-15T23:23:15.740,IMU-1,0x28,0.69,179.31,97.19,0,3,0,0
2026-08-15T23:23:15.841,IMU-1,0x28,0.69,179.31,97.19,0,3,0,0
2026-08-15T23:23:15.941,IMU-1,0x28,0.69,179.31,97.19,0,3,0,0
2026-08-15T23:23:16.041,IMU-1,0x28,0.69,179.31,97.19,0,3,0,0
2026-08-15T23:23:16.141,IMU-1,0x28,0.69,179.31,97.19,0,3,0,0
2026-08-15T23:23:16.241,IMU-1,0x28,0.69,179.31,97.19,0,3,0,0
2026-08-15T23:23:16.342,IMU-1,0x28,0.69,179.31,97.19,0,3,0,0
2026-08-15T23:23:16.442,IMU-1,0x28,0.69,179.31,97.19,0,3,0,0
2026-08-15T23:23:16.542,IMU-1,0x28,0.69,179.31,97.19,0,3,0,0
2026-08-15T23:23:16.642,IMU-1,0x28,0.69,179.31,97.19,0,3,0,0
2026-08-15T23:23:16.742,IMU-1,0x28,0.69,179.31,97.19,0,3,0,0
2026-08-15T23:23:16.842,IMU-1,0x28,0.69,179.31,97.19,0,3,0,0
2026-08-15T23:23:16.943,IMU-1,0x28,0.69,179.31,97.19,0,3,0,0
2026-08-15T23:23:17.043,IMU-1,0x28,0.69,179.31,97.19,0,3,0,0
2026-08-15T23:23:17.143,IMU-1,0x28,0.69,179.31,97.19,0,3,0,0
2026-08-15T23:23:17.243,IMU-1,0x28,0.69,179.31,97.19,0,3,0,0
2026-08-15T23:23:17.344,IMU-1,0x28,0.69,179.31,97.19,0,3,0,0
2026-08-15T23:23:17.443,IMU-1,0x28,0.69,179.31,97.19,0,3,0,0
2026-08-15T23:23:17.543,IMU-1,0x28,0.69,179.31,97.19,0,3,0,0
2026-08-15T23:23:17.643,IMU-1,0x28,0.69,179.31,97.19,0,3,0,0
2026-08-15T23:23:17.743,IMU-1,0x28,0.69,179.31,97.19,0,3,0,0
2026-08-15T23:23:17.843,IMU-1,0x28,0.69,179.31,97.19,0,3,0,0
2026-08-15T23:23:17.942,IMU-1,0x28,0.69,179.31,97.19,0,3,0,0
2026-08-15T23:23:18.042,IMU-1,0x28,0.69,179.31,97.19,0,3,0,0
2026-08-15T23:23:18.143,IMU-1,0x28,0.69,179.31,97.19,0,3,0,0
2026-08-15T23:23:18.243,IMU-1,0x28,0.69,179.31,97.19,0,3,0,0
2026-08-15T23:23:18.344,IMU-1,0x28,0.69,179.31,97.19,0,3,0,0
2026-08-15T23:23:18.444,IMU-1,0x28,0.69,179.31,97.19,0,3,0,0
2026-08-15T23:23:18.543,IMU-1,0x28,0.69,179.31,97.19,0,3,0,0
2026-08-15T23:23:18.643,IMU-1,0x28,0.69,179.31,97.19,0,3,0,0
2026-08-15T23:23:18.743,IMU-1,0x28,0.69,179.31,97.19,0,3,0,0
2026-08-15T23:23:18.843,IMU-1,0x28,0.69,179.31,97.19,0,3,0,0
2026-08-15T23:23:18.943,IMU-1,0x28,0.69,179.31,97.19,0,3,0,0
2026-08-15T23:23:19.043,IMU-1,0x28,0.69,179.31,97.19,0,3,0,0
2026-08-15T23:23:19.143,IMU-1,0x28,0.69,179.31,97.19,0,3,0,0
2026-08-15T23:23:19.243,IMU-1,0x28,0.69,179.31,97.19,0,3,0,0
2026-08-15T23:23:19.344,IMU-1,0x28,0.69,179.31,97.19,0,3,0,0
2026-08-15T23:23:19.443,IMU-1,0x28,0.69,179.31,97.19,0,3,0,0
2026-08-15T23:23:19.543,IMU-1,0x28,0.69,179.31,97.19,0,3,0,0
2026-08-15T23:23:19.644,IMU-1,0x28,0.69,179.31,97.19,0,3,0,0
2026-08-15T23:23:19.744,IMU-1,0x28,0.69,179.31,97.19,0,3,0,0
2026-08-15T23:23:19.844,IMU-1,0x28,0.69,179.31,97.19,0,3,0,0
2026-08-15T23:23:19.944,IMU-1,0x28,0.69,179.31,97.19,0,3,0,0
2026-08-15T23:23:20.044,IMU-1,0x28,0.69,179.31,97.19,0,3,0,0
2026-08-15T23:23:20.145,IMU-1,0x28,0.69,179.31,97.19,0,3,0,0
2026-08-15T23:23:20.245,IMU-1,0x28,0.69,179.31,97.19,0,3,0,0
2026-08-15T23:23:20.346,IMU-1,0x28,0.69,179.31,97.19,0,3,0,0
2026-08-15T23:23:20.445,IMU-1,0x28,0.69,179.31,97.19,0,3,0,0
2026-08-15T23:23:20.545,IMU-1,0x28,0.69,179.31,97.19,0,3,0,0
2026-08-15T23:23:20.645,IMU-1,0x28,0.69,179.31,97.19,0,3,0,0
2026-08-15T23:23:20.745,IMU-1,0x28,0.69,179.31,97.19,0,3,0,0
2026-08-15T23:23:20.845,IMU-1,0x28,0.69,179.31,97.19,0,3,0,0
2026-08-15T23:23:20.945,IMU-1,0x28,0.69,179.31,97.19,0,3,0,0
2026-08-15T23:23:21.045,IMU-1,0x28,0.69,179.31,97.19,0,3,0,0
2026-08-15T23:23:21.145,IMU-1,0x28,0.69,179.31,97.19,0,3,0,0
2026-08-15T23:23:21.245,IMU-1,0x28,0.69,179.31,97.19,0,3,0,0
2026-08-15T23:23:21.346,IMU-1,0x28,0.69,179.31,97.19,0,3,0,0
2026-08-15T23:23:21.446,IMU-1,0x28,0.69,179.31,97.19,0,3,0,0
2026-08-15T23:23:21.545,IMU-1,0x28,0.69,179.31,97.19,0,3,0,0
2026-08-15T23:23:21.645,IMU-1,0x28,0.69,179.31,97.19,0,3,0,0
2026-08-15T23:23:21.745,IMU-1,0x28,0.69,179.31,97.19,0,3,0,0
2026-08-15T23:23:21.844,IMU-1,0x28,0.69,179.31,97.19,0,3,0,0
2026-08-15T23:23:21.944,IMU-1,0x28,0.69,179.31,97.19,0,3,0,0
2026-08-15T23:23:22.044,IMU-1,0x28,0.69,179.31,97.19,0,3,0,0
2026-08-15T23:23:22.144,IMU-1,0x28,0.69,179.31,97.19,0,3,0,0
2026-08-15T23:23:22.244,IMU-1,0x28,0.69,179.31,97.19,0,3,0,0
2026-08-15T23:23:22.345,IMU-1,0x28,0.69,179.31,97.19,0,3,0,0
2026-08-15T23:23:22.445,IMU-1,0x28,0.69,179.31,97.19,0,3,0,0
2026-08-15T23:23:22.545,IMU-1,0x28,0.69,179.31,97.19,0,3,0,0
2026-08-15T23:23:22.645,IMU-1,0x28,0.69,179.31,97.19,0,3,0,0
2026-08-15T23:23:22.746,IMU-1,0x28,0.69,179.31,97.19,0,3,0,0
2026-08-15T23:23:22.846,IMU-1,0x28,0.69,179.31,97.19,0,3,0,0
2026-08-15T23:23:22.946,IMU-1,0x28,0.69,179.31,97.19,0,3,0,0
2026-08-15T23:23:23.046,IMU-1,0x28,0.69,179.31,97.19,0,3,0,0
2026-08-15T23:23:23.146,IMU-1,0x28,0.69,179.31,97.19,0,3,0,0
2026-08-15T23:23:23.247,IMU-1,0x28,0.69,179.31,97.19,0,3,0,0
2026-08-15T23:23:23.347,IMU-1,0x28,0.69,179.31,97.19,0,3,0,0
2026-08-15T23:23:23.447,IMU-1,0x28,0.69,179.31,97.19,0,3,0,0
2026-08-15T23:23:23.547,IMU-1,0x28,0.69,179.31,97.19,0,3,0,0
2026-08-15T23:23:23.647,IMU-1,0x28,0.69,179.31,97.19,0,3,0,0
2026-08-15T23:23:23.747,IMU-1,0x28,0.69,179.31,97.19,0,3,0,0
2026-08-15T23:23:23.847,IMU-1,0x28,0.69,179.31,97.19,0,3,0,0
2026-08-15T23:23:23.946,IMU-1,0x28,0.69,179.31,97.19,0,3,0,0
2026-08-15T23:23:24.046,IMU-1,0x28,0.69,179.31,97.19,0,3,0,0
2026-08-15T23:23:24.146,IMU-1,0x28,0.69,179.31,97.19,0,3,0,0
2026-08-15T23:23:24.246,IMU-1,0x28,0.69,179.31,97.19,0,3,0,0
2026-08-15T23:23:24.346,IMU-1,0x28,0.69,179.31,97.19,0,3,0,0
2026-08-15T23:23:24.446,IMU-1,0x28,0.69,179.31,97.19,0,3,0,0
2026-08-15T23:23:24.546,IMU-1,0x28,0.69,179.31,97.19,0,3,0,0
2026-08-15T23:23:24.646,IMU-1,0x28,0.69,179.31,97.19,0,3,0,0
2026-08-15T23:23:24.746,IMU-1,0x28,0.69,179.31,97.19,0,3,0,0
2026-08-15T23:23:24.846,IMU-1,0x28,0.69,179.31,97.19,0,3,0,0
2026-08-15T23:23:24.946,IMU-1,0x28,0.69,179.31,97.19,0,3,0,0
2026-08-15T23:23:25.047,IMU-1,0x28,0.69,179.31,97.19,0,3,0,0
2026-08-15T23:23:25.147,IMU-1,0x28,0.69,179.31,97.19,0,3,0,0
2026-08-15T23:23:25.247,IMU-1,0x28,0.69,179.31,97.19,0,3,0,0
2026-08-15T23:23:25.348,IMU-1,0x28,0.69,179.31,97.19,0,3,0,0
2026-08-15T23:23:25.447,IMU-1,0x28,0.69,179.31,97.19,0,3,0,0
2026-08-15T23:23:25.547,IMU-1,0x28,0.69,179.31,97.19,0,3,0,0
2026-08-15T23:23:25.647,IMU-1,0x28,0.69,179.31,97.19,0,3,0,0
2026-08-15T23:23:25.748,IMU-1,0x28,0.69,179.31,97.19,0,3,0,0
2026-08-15T23:23:25.848,IMU-1,0x28,0.69,179.31,97.19,0,3,0,0
2026-08-15T23:23:25.948,IMU-1,0x28,0.69,179.31,97.19,0,3,0,0
2026-08-15T23:23:26.048,IMU-1,0x28,0.69,179.31,97.19,0,3,0,0
2026-08-15T23:23:26.148,IMU-1,0x28,0.69,179.31,97.19,0,3,0,0
2026-08-15T23:23:26.248,IMU-1,0x28,0.69,179.31,97.19,0,3,0,0
2026-08-15T23:23:26.349,IMU-1,0x28,0.69,179.31,97.19,0,3,0,0
2026-08-15T23:23:26.448,IMU-1,0x28,0.69,179.31,97.19,0,3,0,0
2026-08-15T23:23:26.549,IMU-1,0x28,0.69,179.31,97.19,0,3,0,0
2026-08-15T23:23:26.649,IMU-1,0x28,0.69,179.31,97.19,0,3,0,0
2026-08-15T23:23:26.749,IMU-1,0x28,0.69,179.31,97.19,0,3,0,0
2026-08-15T23:23:26.849,IMU-1,0x28,0.69,179.31,97.19,0,3,0,0
2026-08-15T23:23:26.949,IMU-1,0x28,0.69,179.31,97.19,0,3,0,0
2026-08-15T23:23:27.049,IMU-1,0x28,0.69,179.31,97.19,0,3,0,0
2026-08-15T23:23:27.149,IMU-1,0x28,0.69,179.31,97.19,0,3,0,0
2026-08-15T23:23:27.249,IMU-1,0x28,0.69,179.31,97.19,0,3,0,0
2026-08-15T23:23:27.350,IMU-1,0x28,0.69,179.31,97.19,0,3,0,0
2026-08-15T23:23:27.449,IMU-1,0x28,0.69,179.31,97.19,0,3,0,0
2026-08-15T23:23:27.549,IMU-1,0x28,0.69,179.31,97.19,0,3,0,0
2026-08-15T23:23:27.649,IMU-1,0x28,0.69,179.31,97.19,0,3,0,0
2026-08-15T23:23:27.749,IMU-1,0x28,0.69,179.31,97.19,0,3,0,0
2026-08-15T23:23:27.850,IMU-1,0x28,0.69,179.31,97.19,0,3,0,0
2026-08-15T23:23:27.949,IMU-1,0x28,0.69,179.31,97.19,0,3,0,0
2026-08-15T23:23:28.049,IMU-1,0x28,0.69,179.31,97.19,0,3,0,0
2026-08-15T23:23:28.148,IMU-1,0x28,0.69,179.31,97.19,0,3,0,0
2026-08-15T23:23:28.248,IMU-1,0x28,0.69,179.31,97.19,0,3,0,0
2026-08-15T23:23:28.349,IMU-1,0x28,0.69,179.31,97.19,0,3,0,0
2026-08-15T23:23:28.448,IMU-1,0x28,0.69,179.31,97.19,0,3,0,0
2026-08-15T23:23:28.548,IMU-1,0x28,0.62,179.31,97.19,0,3,0,0
2026-08-15T23:23:28.648,IMU-1,0x28,0.62,179.31,97.19,0,3,0,0
2026-08-15T23:23:28.748,IMU-1,0x28,0.62,179.31,97.19,0,3,0,0
2026-08-15T23:23:28.849,IMU-1,0x28,0.62,179.31,97.19,0,3,0,0
2026-08-15T23:23:28.949,IMU-1,0x28,0.62,179.31,97.19,0,3,0,0
2026-08-15T23:23:29.049,IMU-1,0x28,0.62,179.31,97.19,0,3,0,0
2026-08-15T23:23:29.149,IMU-1,0x28,0.62,179.31,97.19,0,3,0,0
2026-08-15T23:23:29.249,IMU-1,0x28,0.62,179.31,97.19,0,3,0,0
2026-08-15T23:23:29.350,IMU-1,0x28,0.62,179.31,97.19,0,3,0,0
2026-08-15T23:23:29.449,IMU-1,0x28,0.62,179.31,97.19,0,3,0,0
2026-08-15T23:23:29.550,IMU-1,0x28,0.62,179.31,97.19,0,3,0,0
2026-08-15T23:23:29.650,IMU-1,0x28,0.62,179.31,97.19,0,3,0,0
2026-08-15T23:23:29.750,IMU-1,0x28,0.62,179.31,97.19,0,3,0,0
2026-08-15T23:23:29.850,IMU-1,0x28,0.62,179.31,97.19,0,3,0,0
2026-08-15T23:23:29.950,IMU-1,0x28,0.62,179.31,97.19,0,3,0,0
2026-08-15T23:23:30.051,IMU-1,0x28,0.62,179.31,97.19,0,3,0,0
2026-08-15T23:23:30.151,IMU-1,0x28,0.62,179.31,97.19,0,3,0,0
2026-08-15T23:23:30.251,IMU-1,0x28,0.62,179.31,97.19,0,3,0,0
2026-08-15T23:23:30.352,IMU-1,0x28,0.62,179.31,97.19,0,3,0,0
2026-08-15T23:23:30.451,IMU-1,0x28,0.62,179.31,97.19,0,3,0,0
2026-08-15T23:23:30.551,IMU-1,0x28,0.62,179.31,97.19,0,3,0,0
2026-08-15T23:23:30.651,IMU-1,0x28,0.62,179.31,97.19,0,3,0,0
2026-08-15T23:23:30.751,IMU-1,0x28,0.62,179.31,97.19,0,3,0,0
2026-08-15T23:23:30.852,IMU-1,0x28,0.62,179.31,97.19,0,3,0,0
2026-08-15T23:23:30.951,IMU-1,0x28,0.62,179.31,97.19,0,3,0,0
2026-08-15T23:23:31.051,IMU-1,0x28,0.62,179.31,97.19,0,3,0,0
2026-08-15T23:23:31.151,IMU-1,0x28,0.62,179.31,97.19,0,3,0,0
2026-08-15T23:23:31.251,IMU-1,0x28,0.62,179.31,97.19,0,3,0,0
2026-08-15T23:23:31.351,IMU-1,0x28,0.62,179.31,97.19,0,3,0,0
2026-08-15T23:23:31.450,IMU-1,0x28,0.62,179.31,97.19,0,3,0,0
2026-08-15T23:23:31.550,IMU-1,0x28,0.62,179.31,97.19,0,3,0,0
2026-08-15T23:23:31.651,IMU-1,0x28,0.62,179.31,97.19,0,3,0,0
2026-08-15T23:23:31.751,IMU-1,0x28,0.62,179.31,97.19,0,3,0,0
2026-08-15T23:23:31.851,IMU-1,0x28,0.62,179.31,97.19,0,3,0,0
2026-08-15T23:23:31.951,IMU-1,0x28,0.62,179.31,97.19,0,3,0,0
2026-08-15T23:23:32.052,IMU-1,0x28,0.62,179.31,97.19,0,3,0,0
2026-08-15T23:23:32.152,IMU-1,0x28,0.62,179.31,97.19,0,3,0,0
2026-08-15T23:23:32.252,IMU-1,0x28,0.62,179.31,97.19,0,3,0,0
2026-08-15T23:23:32.353,IMU-1,0x28,0.62,179.31,97.19,0,3,0,0
2026-08-15T23:23:32.452,IMU-1,0x28,0.62,179.31,97.19,0,3,0,0
2026-08-15T23:23:32.552,IMU-1,0x28,0.62,179.31,97.19,0,3,0,0
2026-08-15T23:23:32.652,IMU-1,0x28,0.69,179.31,97.19,0,3,0,0
2026-08-15T23:23:32.752,IMU-1,0x28,0.69,179.31,97.19,0,3,0,0
2026-08-15T23:23:32.852,IMU-1,0x28,0.69,179.31,97.19,0,3,0,0
2026-08-15T23:23:32.953,IMU-1,0x28,0.69,179.31,97.19,0,3,0,0
2026-08-15T23:23:33.052,IMU-1,0x28,0.62,179.31,97.19,0,3,0,0
2026-08-15T23:23:33.153,IMU-1,0x28,0.62,179.31,97.19,0,3,0,0
2026-08-15T23:23:33.253,IMU-1,0x28,0.62,179.31,97.19,0,3,0,0
2026-08-15T23:23:33.354,IMU-1,0x28,0.62,179.31,97.19,0,3,0,0
2026-08-15T23:23:33.453,IMU-1,0x28,0.62,179.31,97.19,0,3,0,0
2026-08-15T23:23:33.553,IMU-1,0x28,0.62,179.31,97.19,0,3,0,0
2026-08-15T23:23:33.654,IMU-1,0x28,0.62,179.31,97.19,0,3,0,0
2026-08-15T23:23:33.754,IMU-1,0x28,0.62,179.31,97.19,0,3,0,0
2026-08-15T23:23:33.854,IMU-1,0x28,0.62,179.31,97.19,0,3,0,0
2026-08-15T23:23:33.954,IMU-1,0x28,0.62,179.31,97.19,0,3,0,0
2026-08-15T23:23:34.054,IMU-1,0x28,0.62,179.31,97.19,0,3,0,0
2026-08-15T23:23:34.154,IMU-1,0x28,0.62,179.31,97.19,0,3,0,0
2026-08-15T23:23:34.254,IMU-1,0x28,0.62,179.31,97.19,0,3,0,0
2026-08-15T23:23:34.355,IMU-1,0x28,0.62,179.31,97.19,0,3,0,0
2026-08-15T23:23:34.454,IMU-1,0x28,0.62,179.31,97.19,0,3,0,0
2026-08-15T23:23:34.554,IMU-1,0x28,0.62,179.31,97.19,0,3,0,0
2026-08-15T23:23:34.654,IMU-1,0x28,0.62,179.31,97.19,0,3,0,0
2026-08-15T23:23:34.755,IMU-1,0x28,0.62,179.31,97.19,0,3,0,0
2026-08-15T23:23:34.855,IMU-1,0x28,0.62,179.31,97.19,0,3,0,0
2026-08-15T23:23:34.954,IMU-1,0x28,0.62,179.31,97.19,0,3,0,0
2026-08-15T23:23:35.054,IMU-1,0x28,0.62,179.31,97.19,0,3,0,0
2026-08-15T23:23:35.155,IMU-1,0x28,0.62,179.31,97.19,0,3,0,0
2026-08-15T23:23:35.255,IMU-1,0x28,0.62,179.31,97.19,0,3,0,0
2026-08-15T23:23:35.355,IMU-1,0x28,0.62,179.31,97.19,0,3,0,0
2026-08-15T23:23:35.454,IMU-1,0x28,0.62,179.31,97.19,0,3,0,0
2026-08-15T23:23:35.553,IMU-1,0x28,0.62,179.31,97.19,0,3,0,0
2026-08-15T23:23:35.653,IMU-1,0x28,0.62,179.31,97.19,0,3,0,0
2026-08-15T23:23:35.753,IMU-1,0x28,0.62,179.31,97.19,0,3,0,0
2026-08-15T23:23:35.853,IMU-1,0x28,0.62,179.31,97.19,0,3,0,0
2026-08-15T23:23:35.954,IMU-1,0x28,0.62,179.31,97.19,0,3,0,0
2026-08-15T23:23:36.054,IMU-1,0x28,0.62,179.31,97.19,0,3,0,0
2026-08-15T23:23:36.154,IMU-1,0x28,0.62,179.31,97.19,0,3,0,0
2026-08-15T23:23:36.254,IMU-1,0x28,0.62,179.31,97.19,0,3,0,0
2026-08-15T23:23:36.355,IMU-1,0x28,0.62,179.31,97.19,0,3,0,0
2026-08-15T23:23:36.454,IMU-1,0x28,0.62,179.31,97.19,0,3,0,0
2026-08-15T23:23:36.555,IMU-1,0x28,0.62,179.31,97.19,0,3,0,0
2026-08-15T23:23:36.655,IMU-1,0x28,0.62,179.31,97.19,0,3,0,0
2026-08-15T23:23:36.755,IMU-1,0x28,0.62,179.31,97.19,0,3,0,0
2026-08-15T23:23:36.855,IMU-1,0x28,0.62,179.31,97.19,0,3,0,0
2026-08-15T23:23:36.956,IMU-1,0x28,0.62,179.31,97.19,0,3,0,0
2026-08-15T23:23:37.056,IMU-1,0x28,0.62,179.31,97.19,0,3,0,0
2026-08-15T23:23:37.156,IMU-1,0x28,0.62,179.31,97.19,0,3,0,0
2026-08-15T23:23:37.256,IMU-1,0x28,0.62,179.31,97.19,0,3,0,0
2026-08-15T23:23:37.357,IMU-1,0x28,0.62,179.31,97.19,0,3,0,0
2026-08-15T23:23:37.456,IMU-1,0x28,0.62,179.31,97.19,0,3,0,0
2026-08-15T23:23:37.556,IMU-1,0x28,0.62,179.31,97.19,0,3,0,0
2026-08-15T23:23:37.656,IMU-1,0x28,0.62,179.31,97.19,0,3,0,0
2026-08-15T23:23:37.756,IMU-1,0x28,0.62,179.31,97.19,0,3,0,0
2026-08-15T23:23:37.856,IMU-1,0x28,0.62,179.31,97.19,0,3,0,0
2026-08-15T23:23:37.957,IMU-1,0x28,0.62,179.31,97.19,0,3,0,0
2026-08-15T23:23:38.056,IMU-1,0x28,0.62,179.31,97.19,0,3,0,0
2026-08-15T23:23:38.157,IMU-1,0x28,0.62,179.31,97.19,0,3,0,0
2026-08-15T23:23:38.257,IMU-1,0x28,0.62,179.31,97.19,0,3,0,0
2026-08-15T23:23:38.358,IMU-1,0x28,0.62,179.31,97.19,0,3,0,0
2026-08-15T23:23:38.456,IMU-1,0x28,0.62,179.31,97.19,0,3,0,0
2026-08-15T23:23:38.556,IMU-1,0x28,0.62,179.31,97.19,0,3,0,0
2026-08-15T23:23:38.657,IMU-1,0x28,0.62,179.31,97.19,0,3,0,0
2026-08-15T23:23:38.757,IMU-1,0x28,0.62,179.31,97.19,0,3,0,0
2026-08-15T23:23:38.857,IMU-1,0x28,0.69,179.31,97.19,0,3,0,0
2026-08-15T23:23:38.957,IMU-1,0x28,0.69,179.31,97.19,0,3,0,0
2026-08-15T23:23:39.056,IMU-1,0x28,0.69,179.31,97.19,0,3,0,0
2026-08-15T23:23:39.156,IMU-1,0x28,0.69,179.31,97.19,0,3,0,0
2026-08-15T23:23:39.256,IMU-1,0x28,0.69,179.31,97.19,0,3,0,0
2026-08-15T23:23:39.357,IMU-1,0x28,0.69,179.31,97.19,0,3,0,0
2026-08-15T23:23:39.456,IMU-1,0x28,0.69,179.31,97.19,0,3,0,0
2026-08-15T23:23:39.556,IMU-1,0x28,0.69,179.31,97.19,0,3,0,0
2026-08-15T23:23:39.656,IMU-1,0x28,0.69,179.31,97.19,0,3,0,0
2026-08-15T23:23:39.756,IMU-1,0x28,0.69,179.31,97.19,0,3,0,0
2026-08-15T23:23:39.856,IMU-1,0x28,0.69,179.31,97.19,0,3,0,0
2026-08-15T23:23:39.957,IMU-1,0x28,0.69,179.31,97.19,0,3,0,0
2026-08-15T23:23:40.057,IMU-1,0x28,0.69,179.31,97.19,0,3,0,0
2026-08-15T23:23:40.157,IMU-1,0x28,0.69,179.31,97.19,0,3,0,0
2026-08-15T23:23:40.257,IMU-1,0x28,0.69,179.31,97.19,0,3,0,0
2026-08-15T23:23:40.358,IMU-1,0x28,0.69,179.31,97.19,0,3,0,0
2026-08-15T23:23:40.458,IMU-1,0x28,0.69,179.31,97.19,0,3,0,0
2026-08-15T23:23:40.558,IMU-1,0x28,0.69,179.31,97.19,0,3,0,0
2026-08-15T23:23:40.658,IMU-1,0x28,0.69,179.31,97.19,0,3,0,0
2026-08-15T23:23:40.758,IMU-1,0x28,0.69,179.31,97.19,0,3,0,0
2026-08-15T23:23:40.858,IMU-1,0x28,0.69,179.31,97.19,0,3,0,0
2026-08-15T23:23:40.959,IMU-1,0x28,0.69,179.31,97.19,0,3,0,0
2026-08-15T23:23:41.058,IMU-1,0x28,0.69,179.31,97.19,0,3,0,0
2026-08-15T23:23:41.159,IMU-1,0x28,0.69,179.31,97.19,0,3,0,0
2026-08-15T23:23:41.258,IMU-1,0x28,0.69,179.31,97.19,0,3,0,0
2026-08-15T23:23:41.359,IMU-1,0x28,0.69,179.31,97.19,0,3,0,0
2026-08-15T23:23:41.458,IMU-1,0x28,0.69,179.31,97.19,0,3,0,0
2026-08-15T23:23:41.558,IMU-1,0x28,0.69,179.31,97.19,0,3,0,0
2026-08-15T23:23:41.658,IMU-1,0x28,0.69,179.31,97.19,0,3,0,0
2026-08-15T23:23:41.758,IMU-1,0x28,0.69,179.31,97.19,0,3,0,0
2026-08-15T23:23:41.858,IMU-1,0x28,0.69,179.31,97.19,0,3,0,0
2026-08-15T23:23:41.958,IMU-1,0x28,0.62,179.31,97.19,0,3,0,0
2026-08-15T23:23:42.058,IMU-1,0x28,0.62,179.31,97.19,0,3,0,0
2026-08-15T23:23:42.158,IMU-1,0x28,0.62,179.31,97.19,0,3,0,0
2026-08-15T23:23:42.258,IMU-1,0x28,0.62,179.31,97.19,0,3,0,0
2026-08-15T23:23:42.358,IMU-1,0x28,0.62,179.31,97.19,0,3,0,0
2026-08-15T23:23:42.458,IMU-1,0x28,0.62,179.31,97.19,0,3,0,0
2026-08-15T23:23:42.558,IMU-1,0x28,0.62,179.31,97.19,0,3,0,0
2026-08-15T23:23:42.658,IMU-1,0x28,0.62,179.31,97.19,0,3,0,0
2026-08-15T23:23:42.758,IMU-1,0x28,0.62,179.31,97.19,0,3,0,0
2026-08-15T23:23:42.858,IMU-1,0x28,0.62,179.31,97.19,0,3,0,0
2026-08-15T23:23:42.958,IMU-1,0x28,0.62,179.31,97.19,0,3,0,0
2026-08-15T23:23:43.058,IMU-1,0x28,0.62,179.31,97.19,0,3,0,0
2026-08-15T23:23:43.159,IMU-1,0x28,0.62,179.31,97.19,0,3,0,0
2026-08-15T23:23:43.259,IMU-1,0x28,0.62,179.31,97.19,0,3,0,0
2026-08-15T23:23:43.360,IMU-1,0x28,0.62,179.31,97.19,0,3,0,0
2026-08-15T23:23:43.459,IMU-1,0x28,0.62,179.31,97.19,0,3,0,0
2026-08-15T23:23:43.560,IMU-1,0x28,0.62,179.31,97.19,0,3,0,0
2026-08-15T23:23:43.660,IMU-1,0x28,0.62,179.31,97.19,0,3,0,0
2026-08-15T23:23:43.760,IMU-1,0x28,0.56,179.31,97.19,0,3,0,0
2026-08-15T23:23:43.860,IMU-1,0x28,0.56,179.31,97.19,0,3,0,0
2026-08-15T23:23:43.960,IMU-1,0x28,0.56,179.31,97.19,0,3,0,0
2026-08-15T23:23:44.060,IMU-1,0x28,0.56,179.31,97.19,0,3,0,0
2026-08-15T23:23:44.160,IMU-1,0x28,0.56,179.31,97.19,0,3,0,0
2026-08-15T23:23:44.260,IMU-1,0x28,0.56,179.31,97.19,0,3,0,0
2026-08-15T23:23:44.362,IMU-1,0x28,0.56,179.31,97.19,0,3,0,0
2026-08-15T23:23:44.461,IMU-1,0x28,0.56,179.31,97.19,0,3,0,0
2026-08-15T23:23:44.561,IMU-1,0x28,0.56,179.31,97.19,0,3,0,0
2026-08-15T23:23:44.661,IMU-1,0x28,0.56,179.31,97.19,0,3,0,0
2026-08-15T23:23:44.761,IMU-1,0x28,0.56,179.31,97.19,0,3,0,0
2026-08-15T23:23:44.860,IMU-1,0x28,0.56,179.31,97.19,0,3,0,0
2026-08-15T23:23:44.960,IMU-1,0x28,0.56,179.31,97.19,0,3,0,0
2026-08-15T23:23:45.060,IMU-1,0x28,0.56,179.31,97.19,0,3,0,0
2026-08-15T23:23:45.160,IMU-1,0x28,0.56,179.31,97.19,0,3,0,0
2026-08-15T23:23:45.259,IMU-1,0x28,0.56,179.31,97.19,0,3,0,0
2026-08-15T23:23:45.361,IMU-1,0x28,0.56,179.31,97.19,0,3,0,0
2026-08-15T23:23:45.460,IMU-1,0x28,0.56,179.31,97.19,0,3,0,0
2026-08-15T23:23:45.560,IMU-1,0x28,0.56,179.31,97.19,0,3,0,0
2026-08-15T23:23:45.661,IMU-1,0x28,0.56,179.31,97.19,0,3,0,0
2026-08-15T23:23:45.760,IMU-1,0x28,0.56,179.31,97.19,0,3,0,0
2026-08-15T23:23:45.861,IMU-1,0x28,0.56,179.31,97.19,0,3,0,0
2026-08-15T23:23:45.961,IMU-1,0x28,0.56,179.31,97.19,0,3,0,0
2026-08-15T23:23:46.061,IMU-1,0x28,0.56,179.31,97.19,0,3,0,0
2026-08-15T23:23:46.161,IMU-1,0x28,0.56,179.31,97.19,0,3,0,0
2026-08-15T23:23:46.261,IMU-1,0x28,0.56,179.31,97.19,0,3,0,0
2026-08-15T23:23:46.362,IMU-1,0x28,0.56,179.31,97.19,0,3,0,0
2026-08-15T23:23:46.461,IMU-1,0x28,0.56,179.31,97.19,0,3,0,0
2026-08-15T23:23:46.561,IMU-1,0x28,0.56,179.31,97.19,0,3,0,0
2026-08-15T23:23:46.662,IMU-1,0x28,0.56,179.31,97.19,0,3,0,0
2026-08-15T23:23:46.762,IMU-1,0x28,0.56,179.31,97.19,0,3,0,0
2026-08-15T23:23:46.862,IMU-1,0x28,0.56,179.31,97.19,0,3,0,0
2026-08-15T23:23:46.962,IMU-1,0x28,0.56,179.31,97.19,0,3,0,0
2026-08-15T23:23:47.062,IMU-1,0x28,0.56,179.31,97.19,0,3,0,0
2026-08-15T23:23:47.162,IMU-1,0x28,0.56,179.31,97.19,0,3,0,0
2026-08-15T23:23:47.262,IMU-1,0x28,0.56,179.31,97.19,0,3,0,0
2026-08-15T23:23:47.363,IMU-1,0x28,0.56,179.31,97.19,0,3,0,0
2026-08-15T23:23:47.462,IMU-1,0x28,0.56,179.31,97.19,0,3,0,0
2026-08-15T23:23:47.562,IMU-1,0x28,0.56,179.31,97.19,0,3,0,0
2026-08-15T23:23:47.663,IMU-1,0x28,0.56,179.31,97.19,0,3,0,0
2026-08-15T23:23:47.762,IMU-1,0x28,0.56,179.31,97.19,0,3,0,0
2026-08-15T23:23:47.863,IMU-1,0x28,0.56,179.31,97.19,0,3,0,0
2026-08-15T23:23:47.963,IMU-1,0x28,0.56,179.31,97.19,0,3,0,0
2026-08-15T23:23:48.063,IMU-1,0x28,0.56,179.31,97.19,0,3,0,0
2026-08-15T23:23:48.163,IMU-1,0x28,0.56,179.31,97.19,0,3,0,0
2026-08-15T23:23:48.263,IMU-1,0x28,0.56,179.31,97.19,0,3,0,0
2026-08-15T23:23:48.364,IMU-1,0x28,0.56,179.31,97.19,0,3,0,0
2026-08-15T23:23:48.462,IMU-1,0x28,0.56,179.31,97.19,0,3,0,0
2026-08-15T23:23:48.562,IMU-1,0x28,0.56,179.31,97.19,0,3,0,0
2026-08-15T23:23:48.662,IMU-1,0x28,0.56,179.31,97.19,0,3,0,0
2026-08-15T23:23:48.762,IMU-1,0x28,0.56,179.31,97.19,0,3,0,0
2026-08-15T23:23:48.862,IMU-1,0x28,0.56,179.31,97.19,0,3,0,0
2026-08-15T23:23:48.962,IMU-1,0x28,0.56,179.31,97.19,0,3,0,0
2026-08-15T23:23:49.062,IMU-1,0x28,0.56,179.31,97.19,0,3,0,0
2026-08-15T23:23:49.162,IMU-1,0x28,0.56,179.31,97.19,0,3,0,0
2026-08-15T23:23:49.262,IMU-1,0x28,0.56,179.31,97.19,0,3,0,0
2026-08-15T23:23:49.363,IMU-1,0x28,0.56,179.31,97.19,0,3,0,0
2026-08-15T23:23:49.463,IMU-1,0x28,0.56,179.31,97.19,0,3,0,0
2026-08-15T23:23:49.563,IMU-1,0x28,0.56,179.31,97.19,0,3,0,0
2026-08-15T23:23:49.663,IMU-1,0x28,0.56,179.31,97.19,0,3,0,0
2026-08-15T23:23:49.763,IMU-1,0x28,0.56,179.31,97.19,0,3,0,0
2026-08-15T23:23:49.864,IMU-1,0x28,0.56,179.31,97.19,0,3,0,0
2026-08-15T23:23:49.964,IMU-1,0x28,0.56,179.31,97.19,0,3,0,0
2026-08-15T23:23:50.064,IMU-1,0x28,0.56,179.31,97.19,0,3,0,0
2026-08-15T23:23:50.164,IMU-1,0x28,0.56,179.31,97.19,0,3,0,0
2026-08-15T23:23:50.264,IMU-1,0x28,0.56,179.31,97.19,0,3,0,0
2026-08-15T23:23:50.365,IMU-1,0x28,0.56,179.31,97.19,0,3,0,0
2026-08-15T23:23:50.464,IMU-1,0x28,0.56,179.31,97.19,0,3,0,0
2026-08-15T23:23:50.564,IMU-1,0x28,0.56,179.31,97.19,0,3,0,0
2026-08-15T23:23:50.664,IMU-1,0x28,0.56,179.31,97.19,0,3,0,0
2026-08-15T23:23:50.764,IMU-1,0x28,0.56,179.31,97.19,0,3,0,0
2026-08-15T23:23:50.864,IMU-1,0x28,0.56,179.31,97.19,0,3,0,0
2026-08-15T23:23:50.964,IMU-1,0x28,0.56,179.31,97.19,0,3,0,0
2026-08-15T23:23:51.064,IMU-1,0x28,0.56,179.31,97.19,0,3,0,0
2026-08-15T23:23:51.164,IMU-1,0x28,0.56,179.31,97.19,0,3,0,0
2026-08-15T23:23:51.264,IMU-1,0x28,0.56,179.31,97.19,0,3,0,0
2026-08-15T23:23:51.364,IMU-1,0x28,0.56,179.31,97.19,0,3,0,0
2026-08-15T23:23:51.463,IMU-1,0x28,0.56,179.31,97.19,0,3,0,0
2026-08-15T23:23:51.563,IMU-1,0x28,0.56,179.31,97.19,0,3,0,0
2026-08-15T23:23:51.663,IMU-1,0x28,0.56,179.31,97.19,0,3,0,0
2026-08-15T23:23:51.763,IMU-1,0x28,0.56,179.31,97.19,0,3,0,0
2026-08-15T23:23:51.864,IMU-1,0x28,0.56,179.31,97.19,0,3,0,0
2026-08-15T23:23:51.964,IMU-1,0x28,0.56,179.31,97.19,0,3,0,0
2026-08-15T23:23:52.064,IMU-1,0x28,0.56,179.31,97.19,0,3,0,0
2026-08-15T23:23:52.164,IMU-1,0x28,0.56,179.31,97.19,0,3,0,0
2026-08-15T23:23:52.265,IMU-1,0x28,0.56,179.31,97.19,0,3,0,0
2026-08-15T23:23:52.365,IMU-1,0x28,0.56,179.31,97.19,0,3,0,0
2026-08-15T23:23:52.465,IMU-1,0x28,0.56,179.31,97.19,0,3,0,0
2026-08-15T23:23:52.565,IMU-1,0x28,0.56,179.31,97.19,0,3,0,0
2026-08-15T23:23:52.665,IMU-1,0x28,0.56,179.31,97.19,0,3,0,0
2026-08-15T23:23:52.765,IMU-1,0x28,0.56,179.31,97.19,0,3,0,0
2026-08-15T23:23:52.865,IMU-1,0x28,0.56,179.31,97.19,0,3,0,0
2026-08-15T23:23:52.966,IMU-1,0x28,0.56,179.31,97.19,0,3,0,0
2026-08-15T23:23:53.066,IMU-1,0x28,0.56,179.31,97.19,0,3,0,0
2026-08-15T23:23:53.166,IMU-1,0x28,0.56,179.31,97.19,0,3,0,0
2026-08-15T23:23:53.266,IMU-1,0x28,0.56,179.31,97.19,0,3,0,0
2026-08-15T23:23:53.367,IMU-1,0x28,0.56,179.31,97.19,0,3,0,0
2026-08-15T23:23:53.466,IMU-1,0x28,0.56,179.31,97.19,0,3,0,0
2026-08-15T23:23:53.566,IMU-1,0x28,0.56,179.31,97.19,0,3,0,0
2026-08-15T23:23:53.666,IMU-1,0x28,0.56,179.31,97.19,0,3,0,0
2026-08-15T23:23:53.766,IMU-1,0x28,0.56,179.31,97.19,0,3,0,0
2026-08-15T23:23:53.866,IMU-1,0x28,0.56,179.31,97.19,0,3,0,0
2026-08-15T23:23:53.966,IMU-1,0x28,0.56,179.31,97.19,0,3,0,0
2026-08-15T23:23:54.066,IMU-1,0x28,0.56,179.31,97.19,0,3,0,0
2026-08-15T23:23:54.166,IMU-1,0x28,0.56,179.31,97.19,0,3,0,0
2026-08-15T23:23:54.266,IMU-1,0x28,0.56,179.31,97.19,0,3,0,0
2026-08-15T23:23:54.367,IMU-1,0x28,0.56,179.31,97.19,0,3,0,0
2026-08-15T23:23:54.467,IMU-1,0x28,0.56,179.31,97.19,0,3,0,0
2026-08-15T23:23:54.567,IMU-1,0x28,0.56,179.31,97.19,0,3,0,0
2026-08-15T23:23:54.667,IMU-1,0x28,0.56,179.31,97.19,0,3,0,0
2026-08-15T23:23:54.766,IMU-1,0x28,0.56,179.31,97.19,0,3,0,0
2026-08-15T23:23:54.866,IMU-1,0x28,0.56,179.31,97.19,0,3,0,0
2026-08-15T23:23:54.966,IMU-1,0x28,0.56,179.31,97.19,0,3,0,0
2026-08-15T23:23:55.066,IMU-1,0x28,0.56,179.31,97.19,0,3,0,0
2026-08-15T23:23:55.166,IMU-1,0x28,0.56,179.31,97.19,0,3,0,0
2026-08-15T23:23:55.266,IMU-1,0x28,0.56,179.31,97.19,0,3,0,0
2026-08-15T23:23:55.367,IMU-1,0x28,0.56,179.31,97.19,0,3,0,0
2026-08-15T23:23:55.467,IMU-1,0x28,0.56,179.31,97.19,0,3,0,0
2026-08-15T23:23:55.567,IMU-1,0x28,0.56,179.31,97.19,0,3,0,0
2026-08-15T23:23:55.667,IMU-1,0x28,0.56,179.31,97.19,0,3,0,0
2026-08-15T23:23:55.767,IMU-1,0x28,0.56,179.31,97.19,0,3,0,0
2026-08-15T23:23:55.867,IMU-1,0x28,0.56,179.31,97.19,0,3,0,0
2026-08-15T23:23:55.967,IMU-1,0x28,0.56,179.31,97.19,0,3,0,0
2026-08-15T23:23:56.067,IMU-1,0x28,0.56,179.31,97.19,0,3,0,0
2026-08-15T23:23:56.167,IMU-1,0x28,0.56,179.31,97.19,0,3,0,0
2026-08-15T23:23:56.268,IMU-1,0x28,0.56,179.31,97.19,0,3,0,0
2026-08-15T23:23:56.368,IMU-1,0x28,0.56,179.31,97.19,0,3,0,0
2026-08-15T23:23:56.468,IMU-1,0x28,0.56,179.31,97.19,0,3,0,0
2026-08-15T23:23:56.568,IMU-1,0x28,0.56,179.31,97.19,0,3,0,0
2026-08-15T23:23:56.668,IMU-1,0x28,0.56,179.31,97.19,0,3,0,0
2026-08-15T23:23:56.768,IMU-1,0x28,0.56,179.31,97.19,0,3,0,0
2026-08-15T23:23:56.868,IMU-1,0x28,0.56,179.31,97.19,0,3,0,0
2026-08-15T23:23:56.968,IMU-1,0x28,0.56,179.31,97.19,0,3,0,0
2026-08-15T23:23:57.068,IMU-1,0x28,0.56,179.31,97.19,0,3,0,0
2026-08-15T23:23:57.168,IMU-1,0x28,0.56,179.31,97.19,0,3,0,0
2026-08-15T23:23:57.268,IMU-1,0x28,0.56,179.31,97.19,0,3,0,0
2026-08-15T23:23:57.369,IMU-1,0x28,0.56,179.31,97.19,0,3,0,0
2026-08-15T23:23:57.468,IMU-1,0x28,0.56,179.31,97.19,0,3,0,0
2026-08-15T23:23:57.568,IMU-1,0x28,0.56,179.31,97.19,0,3,0,0
2026-08-15T23:23:57.668,IMU-1,0x28,0.56,179.31,97.19,0,3,0,0
2026-08-15T23:23:57.768,IMU-1,0x28,0.56,179.31,97.19,0,3,0,0
2026-08-15T23:23:57.868,IMU-1,0x28,0.56,179.31,97.19,0,3,0,0
2026-08-15T23:23:57.968,IMU-1,0x28,0.56,179.31,97.19,0,3,0,0
2026-08-15T23:23:58.068,IMU-1,0x28,0.56,179.31,97.19,0,3,0,0
2026-08-15T23:23:58.167,IMU-1,0x28,0.56,179.31,97.19,0,3,0,0
2026-08-15T23:23:58.268,IMU-1,0x28,0.56,179.31,97.19,0,3,0,0
2026-08-15T23:23:58.368,IMU-1,0x28,0.56,179.31,97.19,0,3,0,0
2026-08-15T23:23:58.468,IMU-1,0x28,0.56,179.31,97.19,0,3,0,0
2026-08-15T23:23:58.568,IMU-1,0x28,0.56,179.31,97.19,0,3,0,0
2026-08-15T23:23:58.668,IMU-1,0x28,0.56,179.31,97.19,0,3,0,0
2026-08-15T23:23:58.768,IMU-1,0x28,0.56,179.31,97.19,0,3,0,0
2026-08-15T23:23:58.869,IMU-1,0x28,0.56,179.31,97.19,0,3,0,0
2026-08-15T23:23:58.969,IMU-1,0x28,0.56,179.31,97.19,0,3,0,0
2026-08-15T23:23:59.069,IMU-1,0x28,0.56,179.31,97.19,0,3,0,0
2026-08-15T23:23:59.169,IMU-1,0x28,0.56,179.31,97.19,0,3,0,0
2026-08-15T23:23:59.270,IMU-1,0x28,0.56,179.31,97.19,0,3,0,0
2026-08-15T23:23:59.370,IMU-1,0x28,0.56,179.31,97.19,0,3,0,0
2026-08-15T23:23:59.470,IMU-1,0x28,0.56,179.31,97.19,0,3,0,0
2026-08-15T23:23:59.570,IMU-1,0x28,0.56,179.31,97.19,0,3,0,0
2026-08-15T23:23:59.670,IMU-1,0x28,0.56,179.31,97.19,0,3,0,0
2026-08-15T23:23:59.770,IMU-1,0x28,0.56,179.31,97.19,0,3,0,0
2026-08-15T23:23:59.870,IMU-1,0x28,0.56,179.31,97.19,0,3,0,0
2026-08-15T23:23:59.970,IMU-1,0x28,0.56,179.31,97.19,0,3,0,0
2026-08-15T23:24:00.071,IMU-1,0x28,0.56,179.31,97.19,0,3,0,0
2026-08-15T23:24:00.170,IMU-1,0x28,0.56,179.31,97.19,0,3,0,0
2026-08-15T23:24:00.270,IMU-1,0x28,0.56,179.31,97.19,0,3,0,0
2026-08-15T23:24:00.372,IMU-1,0x28,0.56,179.31,97.19,0,3,0,0
2026-08-15T23:24:00.471,IMU-1,0x28,0.56,179.31,97.19,0,3,0,0
2026-08-15T23:24:00.570,IMU-1,0x28,0.56,179.31,97.19,0,3,0,0
2026-08-15T23:24:00.670,IMU-1,0x28,0.56,179.31,97.19,0,3,0,0
2026-08-15T23:24:00.770,IMU-1,0x28,0.56,179.31,97.19,0,3,0,0
2026-08-15T23:24:00.870,IMU-1,0x28,0.56,179.31,97.19,0,3,0,0
2026-08-15T23:24:00.969,IMU-1,0x28,0.56,179.31,97.19,0,3,0,0
2026-08-15T23:24:01.069,IMU-1,0x28,0.56,179.31,97.19,0,3,0,0
2026-08-15T23:24:01.169,IMU-1,0x28,0.56,179.31,97.19,0,3,0,0
2026-08-15T23:24:01.270,IMU-1,0x28,0.56,179.31,97.19,0,3,0,0
2026-08-15T23:24:01.370,IMU-1,0x28,0.56,179.31,97.19,0,3,0,0
2026-08-15T23:24:01.470,IMU-1,0x28,0.56,179.31,97.19,0,3,0,0
2026-08-15T23:24:01.571,IMU-1,0x28,0.56,179.31,97.19,0,3,0,0
2026-08-15T23:24:01.670,IMU-1,0x28,0.56,179.31,97.19,0,3,0,0
2026-08-15T23:24:01.770,IMU-1,0x28,0.56,179.31,97.19,0,3,0,0
2026-08-15T23:24:01.871,IMU-1,0x28,0.56,179.31,97.19,0,3,0,0
2026-08-15T23:24:01.970,IMU-1,0x28,0.56,179.31,97.19,0,3,0,0
2026-08-15T23:24:02.070,IMU-1,0x28,0.56,179.31,97.19,0,3,0,0
2026-08-15T23:24:02.170,IMU-1,0x28,0.56,179.31,97.19,0,3,0,0
2026-08-15T23:24:02.271,IMU-1,0x28,0.56,179.31,97.19,0,3,0,0
2026-08-15T23:24:02.371,IMU-1,0x28,0.56,179.31,97.19,0,3,0,0
2026-08-15T23:24:02.471,IMU-1,0x28,0.56,179.31,97.19,0,3,0,0
2026-08-15T23:24:02.571,IMU-1,0x28,0.56,179.31,97.19,0,3,0,0
2026-08-15T23:24:02.671,IMU-1,0x28,0.56,179.31,97.19,0,3,0,0
2026-08-15T23:24:02.772,IMU-1,0x28,0.56,179.31,97.19,0,3,0,0
2026-08-15T23:24:02.872,IMU-1,0x28,0.56,179.31,97.19,0,3,0,0
2026-08-15T23:24:02.972,IMU-1,0x28,0.56,179.31,97.19,0,3,0,0
2026-08-15T23:24:03.072,IMU-1,0x28,0.56,179.31,97.19,0,3,0,0
2026-08-15T23:24:03.172,IMU-1,0x28,0.56,179.31,97.19,0,3,0,0
2026-08-15T23:24:03.272,IMU-1,0x28,0.56,179.31,97.19,0,3,0,0
2026-08-15T23:24:03.373,IMU-1,0x28,0.56,179.31,97.19,0,3,0,0
2026-08-15T23:24:03.472,IMU-1,0x28,0.56,179.31,97.19,0,3,0,0
2026-08-15T23:24:03.573,IMU-1,0x28,0.56,179.31,97.19,0,3,0,0
2026-08-15T23:24:03.673,IMU-1,0x28,0.56,179.31,97.19,0,3,0,0
2026-08-15T23:24:03.773,IMU-1,0x28,0.56,179.31,97.19,0,3,0,0
2026-08-15T23:24:03.873,IMU-1,0x28,0.56,179.31,97.19,0,3,0,0
2026-08-15T23:24:03.973,IMU-1,0x28,0.56,179.31,97.19,0,3,0,0
2026-08-15T23:24:04.073,IMU-1,0x28,0.56,179.31,97.19,0,3,0,0
2026-08-15T23:24:04.173,IMU-1,0x28,0.56,179.31,97.19,0,3,0,0
2026-08-15T23:24:04.273,IMU-1,0x28,0.56,179.31,97.19,0,3,0,0
2026-08-15T23:24:04.374,IMU-1,0x28,0.56,179.31,97.19,0,3,0,0
2026-08-15T23:24:04.472,IMU-1,0x28,0.56,179.31,97.19,0,3,0,0
2026-08-15T23:24:04.572,IMU-1,0x28,0.56,179.31,97.19,0,3,0,0
2026-08-15T23:24:04.672,IMU-1,0x28,0.56,179.31,97.19,0,3,0,0
2026-08-15T23:24:04.772,IMU-1,0x28,0.56,179.31,97.19,0,3,0,0
2026-08-15T23:24:04.872,IMU-1,0x28,0.56,179.31,97.19,0,3,0,0
2026-08-15T23:24:04.972,IMU-1,0x28,0.56,179.31,97.19,0,3,0,0
2026-08-15T23:24:05.072,IMU-1,0x28,0.56,179.31,97.19,0,3,0,0
2026-08-15T23:24:05.172,IMU-1,0x28,0.56,179.31,97.19,0,3,0,0
2026-08-15T23:24:05.272,IMU-1,0x28,0.56,179.31,97.19,0,3,0,0
2026-08-15T23:24:05.373,IMU-1,0x28,0.56,179.31,97.19,0,3,0,0
2026-08-15T23:24:05.472,IMU-1,0x28,0.56,179.31,97.19,0,3,0,0
2026-08-15T23:24:05.573,IMU-1,0x28,0.56,179.31,97.19,0,3,0,0
2026-08-15T23:24:05.673,IMU-1,0x28,0.56,179.31,97.19,0,3,0,0
2026-08-15T23:24:05.773,IMU-1,0x28,0.56,179.31,97.19,0,3,0,0
2026-08-15T23:24:05.873,IMU-1,0x28,0.56,179.31,97.19,0,3,0,0
2026-08-15T23:24:05.974,IMU-1,0x28,0.56,179.31,97.19,0,3,0,0
2026-08-15T23:24:06.074,IMU-1,0x28,0.56,179.31,97.19,0,3,0,0
2026-08-15T23:24:06.174,IMU-1,0x28,0.56,179.31,97.19,0,3,0,0
2026-08-15T23:24:06.274,IMU-1,0x28,0.56,179.31,97.19,0,3,0,0
2026-08-15T23:24:06.375,IMU-1,0x28,0.56,179.31,97.19,0,3,0,0
2026-08-15T23:24:06.475,IMU-1,0x28,0.56,179.31,97.19,0,3,0,0
2026-08-15T23:24:06.575,IMU-1,0x28,0.56,179.31,97.19,0,3,0,0
2026-08-15T23:24:06.674,IMU-1,0x28,0.56,179.31,97.19,0,3,0,0
2026-08-15T23:24:06.775,IMU-1,0x28,0.56,179.31,97.19,0,3,0,0
2026-08-15T23:24:06.875,IMU-1,0x28,0.56,179.31,97.19,0,3,0,0
2026-08-15T23:24:06.975,IMU-1,0x28,0.56,179.31,97.19,0,3,0,0
2026-08-15T23:24:07.075,IMU-1,0x28,0.56,179.31,97.19,0,3,0,0
2026-08-15T23:24:07.175,IMU-1,0x28,0.56,179.31,97.19,0,3,0,0
2026-08-15T23:24:07.275,IMU-1,0x28,0.56,179.31,97.19,0,3,0,0
2026-08-15T23:24:07.376,IMU-1,0x28,0.56,179.31,97.19,0,3,0,0
2026-08-15T23:24:07.475,IMU-1,0x28,0.56,179.31,97.19,0,3,0,0
2026-08-15T23:24:07.574,IMU-1,0x28,0.56,179.31,97.19,0,3,0,0
2026-08-15T23:24:07.674,IMU-1,0x28,0.56,179.31,97.19,0,3,0,0
2026-08-15T23:24:07.774,IMU-1,0x28,0.56,179.31,97.19,0,3,0,0
2026-08-15T23:24:07.874,IMU-1,0x28,0.56,179.31,97.19,0,3,0,0
2026-08-15T23:24:07.974,IMU-1,0x28,0.56,179.31,97.19,0,3,0,0
2026-08-15T23:24:08.074,IMU-1,0x28,0.56,179.31,97.19,0,3,0,0
2026-08-15T23:24:08.174,IMU-1,0x28,0.56,179.31,97.19,0,3,0,0
2026-08-15T23:24:08.274,IMU-1,0x28,0.56,179.31,97.19,0,3,0,0
2026-08-15T23:24:08.375,IMU-1,0x28,0.56,179.31,97.19,0,3,0,0
2026-08-15T23:24:08.475,IMU-1,0x28,0.56,179.31,97.19,0,3,0,0
2026-08-15T23:24:08.575,IMU-1,0x28,0.56,179.31,97.19,0,3,0,0
2026-08-15T23:24:08.675,IMU-1,0x28,0.56,179.31,97.19,0,3,0,0
2026-08-15T23:24:08.775,IMU-1,0x28,0.56,179.31,97.19,0,3,0,0
2026-08-15T23:24:08.875,IMU-1,0x28,0.56,179.31,97.19,0,3,0,0
2026-08-15T23:24:08.975,IMU-1,0x28,0.56,179.31,97.19,0,3,0,0
2026-08-15T23:24:09.075,IMU-1,0x28,0.56,179.31,97.19,0,3,0,0
2026-08-15T23:24:09.176,IMU-1,0x28,0.56,179.31,97.19,0,3,0,0
2026-08-15T23:24:09.276,IMU-1,0x28,0.56,179.31,97.19,0,3,0,0
2026-08-15T23:24:09.377,IMU-1,0x28,0.56,179.31,97.19,0,3,0,0
2026-08-15T23:24:09.476,IMU-1,0x28,0.56,179.31,97.19,0,3,0,0
2026-08-15T23:24:09.576,IMU-1,0x28,0.56,179.31,97.19,0,3,0,0
2026-08-15T23:24:09.677,IMU-1,0x28,0.56,179.31,97.19,0,3,0,0
2026-08-15T23:24:09.777,IMU-1,0x28,0.56,179.31,97.19,0,3,0,0
2026-08-15T23:24:09.877,IMU-1,0x28,0.56,179.31,97.19,0,3,0,0
2026-08-15T23:24:09.977,IMU-1,0x28,0.56,179.31,97.19,0,3,0,0
2026-08-15T23:24:10.077,IMU-1,0x28,0.56,179.31,97.19,0,3,0,0
2026-08-15T23:24:10.177,IMU-1,0x28,0.56,179.31,97.19,0,3,0,0
2026-08-15T23:24:10.277,IMU-1,0x28,0.56,179.31,97.19,0,3,0,0
2026-08-15T23:24:10.378,IMU-1,0x28,0.56,179.31,97.19,0,3,0,0
2026-08-15T23:24:10.477,IMU-1,0x28,0.56,179.31,97.19,0,3,0,0
2026-08-15T23:24:10.577,IMU-1,0x28,0.56,179.31,97.19,0,3,0,0
2026-08-15T23:24:10.677,IMU-1,0x28,0.56,179.31,97.19,0,3,0,0
2026-08-15T23:24:10.777,IMU-1,0x28,0.56,179.31,97.19,0,3,0,0
2026-08-15T23:24:10.877,IMU-1,0x28,0.56,179.31,97.19,0,3,0,0
2026-08-15T23:24:10.978,IMU-1,0x28,0.56,179.31,97.19,0,3,0,0
2026-08-15T23:24:11.077,IMU-1,0x28,0.56,179.31,97.19,0,3,0,0
2026-08-15T23:24:11.177,IMU-1,0x28,0.56,179.31,97.19,0,3,0,0
2026-08-15T23:24:11.277,IMU-1,0x28,0.56,179.31,97.19,0,3,0,0
2026-08-15T23:24:11.378,IMU-1,0x28,0.56,179.31,97.19,0,3,0,0
2026-08-15T23:24:11.477,IMU-1,0x28,0.56,179.31,97.19,0,3,0,0
2026-08-15T23:24:11.577,IMU-1,0x28,0.56,179.31,97.19,0,3,0,0
2026-08-15T23:24:11.677,IMU-1,0x28,0.56,179.31,97.19,0,3,0,0
2026-08-15T23:24:11.777,IMU-1,0x28,0.56,179.31,97.19,0,3,0,0
2026-08-15T23:24:11.877,IMU-1,0x28,0.56,179.31,97.19,0,3,0,0
2026-08-15T23:24:11.977,IMU-1,0x28,0.56,179.31,97.19,0,3,0,0
2026-08-15T23:24:12.077,IMU-1,0x28,0.56,179.31,97.19,0,3,0,0
2026-08-15T23:24:12.177,IMU-1,0x28,0.56,179.31,97.19,0,3,0,0
2026-08-15T23:24:12.277,IMU-1,0x28,0.56,179.31,97.19,0,3,0,0
2026-08-15T23:24:12.378,IMU-1,0x28,0.56,179.31,97.19,0,3,0,0
2026-08-15T23:24:12.478,IMU-1,0x28,0.56,179.31,97.19,0,3,0,0
2026-08-15T23:24:12.578,IMU-1,0x28,0.56,179.31,97.19,0,3,0,0
2026-08-15T23:24:12.678,IMU-1,0x28,0.56,179.31,97.19,0,3,0,0
2026-08-15T23:24:12.778,IMU-1,0x28,0.56,179.31,97.19,0,3,0,0
2026-08-15T23:24:12.879,IMU-1,0x28,0.56,179.31,97.19,0,3,0,0
2026-08-15T23:24:12.978,IMU-1,0x28,0.56,179.31,97.19,0,3,0,0
2026-08-15T23:24:13.079,IMU-1,0x28,0.56,179.31,97.19,0,3,0,0
2026-08-15T23:24:13.178,IMU-1,0x28,0.56,179.31,97.19,0,3,0,0
2026-08-15T23:24:13.279,IMU-1,0x28,0.56,179.31,97.19,0,3,0,0
2026-08-15T23:24:13.380,IMU-1,0x28,0.56,179.31,97.19,0,3,0,0
2026-08-15T23:24:13.478,IMU-1,0x28,0.56,179.31,97.19,0,3,0,0
2026-08-15T23:24:13.578,IMU-1,0x28,0.56,179.31,97.19,0,3,0,0
2026-08-15T23:24:13.678,IMU-1,0x28,0.56,179.31,97.19,0,3,0,0
2026-08-15T23:24:13.778,IMU-1,0x28,0.56,179.31,97.19,0,3,0,0
2026-08-15T23:24:13.878,IMU-1,0x28,0.56,179.31,97.19,0,3,0,0
2026-08-15T23:24:13.978,IMU-1,0x28,0.56,179.31,97.19,0,3,0,0
2026-08-15T23:24:14.078,IMU-1,0x28,0.56,179.31,97.19,0,3,0,0
2026-08-15T23:24:14.178,IMU-1,0x28,0.56,179.31,97.19,0,3,0,0
2026-08-15T23:24:14.278,IMU-1,0x28,0.56,179.31,97.19,0,3,0,0
2026-08-15T23:24:14.378,IMU-1,0x28,0.56,179.31,97.19,0,3,0,0
2026-08-15T23:24:14.478,IMU-1,0x28,0.56,179.31,97.19,0,3,0,0
2026-08-15T23:24:14.578,IMU-1,0x28,0.56,179.31,97.19,0,3,0,0
2026-08-15T23:24:14.678,IMU-1,0x28,0.56,179.31,97.19,0,3,0,0
2026-08-15T23:24:14.778,IMU-1,0x28,0.56,179.31,97.19,0,3,0,0
2026-08-15T23:24:14.878,IMU-1,0x28,0.56,179.31,97.19,0,3,0,0
2026-08-15T23:24:14.978,IMU-1,0x28,0.56,179.31,97.19,0,3,0,0
2026-08-15T23:24:15.078,IMU-1,0x28,0.56,179.31,97.19,0,3,0,0
2026-08-15T23:24:15.178,IMU-1,0x28,0.56,179.31,97.19,0,3,0,0
2026-08-15T23:24:15.279,IMU-1,0x28,0.56,179.31,97.19,0,3,0,0
2026-08-15T23:24:15.379,IMU-1,0x28,0.56,179.31,97.19,0,3,0,0
2026-08-15T23:24:15.479,IMU-1,0x28,0.56,179.31,97.19,0,3,0,0
2026-08-15T23:24:15.580,IMU-1,0x28,0.56,179.31,97.19,0,3,0,0
2026-08-15T23:24:15.680,IMU-1,0x28,0.56,179.31,97.19,0,3,0,0
2026-08-15T23:24:15.780,IMU-1,0x28,0.56,179.31,97.19,0,3,0,0
2026-08-15T23:24:15.880,IMU-1,0x28,0.56,179.31,97.19,0,3,0,0
2026-08-15T23:24:15.980,IMU-1,0x28,0.56,179.31,97.19,0,3,0,0
2026-08-15T23:24:16.081,IMU-1,0x28,0.56,179.31,97.19,0,3,0,0
2026-08-15T23:24:16.181,IMU-1,0x28,0.56,179.31,97.19,0,3,0,0
2026-08-15T23:24:16.281,IMU-1,0x28,0.56,179.31,97.19,0,3,0,0
2026-08-15T23:24:16.382,IMU-1,0x28,0.56,179.31,97.19,0,3,0,0
2026-08-15T23:24:16.481,IMU-1,0x28,0.56,179.31,97.19,0,3,0,0
2026-08-15T23:24:16.581,IMU-1,0x28,0.56,179.31,97.19,0,3,0,0
2026-08-15T23:24:16.681,IMU-1,0x28,0.62,179.31,97.19,0,3,0,0
2026-08-15T23:24:16.781,IMU-1,0x28,0.56,179.31,97.19,0,3,0,0
2026-08-15T23:24:16.881,IMU-1,0x28,0.56,179.31,97.19,0,3,0,0
2026-08-15T23:24:16.981,IMU-1,0x28,0.56,179.31,97.19,0,3,0,0
2026-08-15T23:24:17.081,IMU-1,0x28,0.56,179.31,97.19,0,3,0,0
2026-08-15T23:24:17.181,IMU-1,0x28,0.56,179.31,97.19,0,3,0,0
2026-08-15T23:24:17.281,IMU-1,0x28,0.56,179.31,97.19,0,3,0,0
2026-08-15T23:24:17.383,IMU-1,0x28,0.56,179.31,97.19,0,3,0,0
2026-08-15T23:24:17.481,IMU-1,0x28,0.56,179.31,97.19,0,3,0,0
2026-08-15T23:24:17.581,IMU-1,0x28,0.56,179.31,97.19,0,3,0,0
2026-08-15T23:24:17.681,IMU-1,0x28,0.56,179.31,97.19,0,3,0,0
2026-08-15T23:24:17.781,IMU-1,0x28,0.56,179.31,97.19,0,3,0,0
2026-08-15T23:24:17.881,IMU-1,0x28,0.56,179.31,97.19,0,3,0,0
2026-08-15T23:24:17.981,IMU-1,0x28,0.56,179.31,97.19,0,3,0,0
2026-08-15T23:24:18.081,IMU-1,0x28,0.56,179.31,97.19,0,3,0,0
2026-08-15T23:24:18.181,IMU-1,0x28,0.56,179.31,97.19,0,3,0,0
2026-08-15T23:24:18.281,IMU-1,0x28,0.56,179.31,97.19,0,3,0,0
2026-08-15T23:24:18.383,IMU-1,0x28,0.56,179.31,97.19,0,3,0,0
2026-08-15T23:24:18.481,IMU-1,0x28,0.56,179.31,97.19,0,3,0,0
2026-08-15T23:24:18.581,IMU-1,0x28,0.56,179.31,97.19,0,3,0,0
2026-08-15T23:24:18.682,IMU-1,0x28,0.56,179.31,97.19,0,3,0,0
2026-08-15T23:24:18.782,IMU-1,0x28,0.56,179.31,97.19,0,3,0,0
2026-08-15T23:24:18.882,IMU-1,0x28,0.56,179.31,97.19,0,3,0,0
2026-08-15T23:24:18.982,IMU-1,0x28,0.56,179.31,97.19,0,3,0,0
2026-08-15T23:24:19.082,IMU-1,0x28,0.56,179.31,97.19,0,3,0,0
2026-08-15T23:24:19.182,IMU-1,0x28,0.56,179.31,97.19,0,3,0,0
2026-08-15T23:24:19.282,IMU-1,0x28,0.62,179.31,97.19,0,3,0,0
2026-08-15T23:24:19.383,IMU-1,0x28,0.62,179.31,97.19,0,3,0,0
2026-08-15T23:24:19.483,IMU-1,0x28,0.62,179.31,97.19,0,3,0,0
2026-08-15T23:24:19.583,IMU-1,0x28,0.62,179.31,97.19,0,3,0,0
2026-08-15T23:24:19.683,IMU-1,0x28,0.62,179.31,97.19,0,3,0,0
2026-08-15T23:24:19.783,IMU-1,0x28,0.62,179.31,97.19,0,3,0,0
2026-08-15T23:24:19.883,IMU-1,0x28,0.62,179.31,97.19,0,3,0,0
2026-08-15T23:24:19.983,IMU-1,0x28,0.62,179.31,97.19,0,3,0,0
2026-08-15T23:24:20.083,IMU-1,0x28,0.62,179.31,97.19,0,3,0,0
2026-08-15T23:24:20.183,IMU-1,0x28,0.62,179.31,97.19,0,3,0,0
2026-08-15T23:24:20.284,IMU-1,0x28,0.62,179.31,97.19,0,3,0,0
2026-08-15T23:24:20.384,IMU-1,0x28,0.62,179.31,97.19,0,3,0,0
2026-08-15T23:24:20.483,IMU-1,0x28,0.62,179.31,97.19,0,3,0,0
2026-08-15T23:24:20.584,IMU-1,0x28,0.62,179.31,97.19,0,3,0,0
2026-08-15T23:24:20.684,IMU-1,0x28,0.62,179.31,97.19,0,3,0,0
2026-08-15T23:24:20.784,IMU-1,0x28,0.62,179.31,97.19,0,3,0,0
2026-08-15T23:24:20.884,IMU-1,0x28,0.62,179.31,97.19,0,3,0,0
2026-08-15T23:24:20.984,IMU-1,0x28,0.62,179.31,97.19,0,3,0,0
2026-08-15T23:24:21.084,IMU-1,0x28,0.62,179.31,97.19,0,3,0,0
2026-08-15T23:24:21.184,IMU-1,0x28,0.62,179.31,97.19,0,3,0,0
2026-08-15T23:24:21.284,IMU-1,0x28,0.62,179.31,97.19,0,3,0,0
2026-08-15T23:24:21.384,IMU-1,0x28,0.62,179.31,97.19,0,3,0,0
2026-08-15T23:24:21.483,IMU-1,0x28,0.62,179.31,97.19,0,3,0,0
2026-08-15T23:24:21.583,IMU-1,0x28,0.62,179.31,97.19,0,3,0,0
2026-08-15T23:24:21.683,IMU-1,0x28,0.62,179.31,97.19,0,3,0,0
2026-08-15T23:24:21.783,IMU-1,0x28,0.62,179.31,97.19,0,3,0,0
2026-08-15T23:24:21.883,IMU-1,0x28,0.62,179.31,97.19,0,3,0,0
2026-08-15T23:24:21.983,IMU-1,0x28,0.62,179.31,97.19,0,3,0,0
2026-08-15T23:24:22.083,IMU-1,0x28,0.62,179.31,97.19,0,3,0,0
2026-08-15T23:24:22.183,IMU-1,0x28,0.62,179.31,97.19,0,3,0,0
2026-08-15T23:24:22.284,IMU-1,0x28,0.62,179.31,97.19,0,3,0,0
2026-08-15T23:24:22.384,IMU-1,0x28,0.62,179.31,97.19,0,3,0,0
2026-08-15T23:24:22.484,IMU-1,0x28,0.62,179.31,97.19,0,3,0,0
2026-08-15T23:24:22.584,IMU-1,0x28,0.62,179.31,97.19,0,3,0,0
2026-08-15T23:24:22.685,IMU-1,0x28,0.62,179.31,97.19,0,3,0,0
2026-08-15T23:24:22.785,IMU-1,0x28,0.62,179.31,97.19,0,3,0,0
2026-08-15T23:24:22.885,IMU-1,0x28,0.62,179.31,97.19,0,3,0,0
2026-08-15T23:24:22.985,IMU-1,0x28,0.62,179.31,97.19,0,3,0,0
2026-08-15T23:24:23.085,IMU-1,0x28,0.62,179.31,97.19,0,3,0,0
2026-08-15T23:24:23.186,IMU-1,0x28,0.62,179.31,97.19,0,3,0,0
2026-08-15T23:24:23.286,IMU-1,0x28,0.62,179.31,97.19,0,3,0,0
2026-08-15T23:24:23.386,IMU-1,0x28,0.62,179.31,97.19,0,3,0,0
2026-08-15T23:24:23.485,IMU-1,0x28,0.62,179.31,97.19,0,3,0,0
2026-08-15T23:24:23.586,IMU-1,0x28,0.62,179.31,97.19,0,3,0,0
2026-08-15T23:24:23.686,IMU-1,0x28,0.69,179.31,97.19,0,3,0,0
2026-08-15T23:24:23.786,IMU-1,0x28,0.69,179.31,97.19,0,3,0,0
2026-08-15T23:24:23.886,IMU-1,0x28,0.69,179.31,97.19,0,3,0,0
2026-08-15T23:24:23.986,IMU-1,0x28,0.69,179.31,97.19,0,3,0,0
2026-08-15T23:24:24.086,IMU-1,0x28,0.69,179.31,97.19,0,3,0,0
2026-08-15T23:24:24.186,IMU-1,0x28,0.69,179.31,97.19,0,3,0,0
2026-08-15T23:24:24.285,IMU-1,0x28,0.69,179.31,97.19,0,3,0,0
2026-08-15T23:24:24.386,IMU-1,0x28,0.69,179.31,97.19,0,3,0,0
2026-08-15T23:24:24.485,IMU-1,0x28,0.69,179.31,97.19,0,3,0,0
2026-08-15T23:24:24.585,IMU-1,0x28,0.69,179.31,97.19,0,3,0,0
2026-08-15T23:24:24.685,IMU-1,0x28,0.69,179.31,97.19,0,3,0,0
2026-08-15T23:24:24.785,IMU-1,0x28,0.69,179.31,97.19,0,3,0,0
2026-08-15T23:24:24.886,IMU-1,0x28,0.69,179.31,97.19,0,3,0,0
2026-08-15T23:24:24.986,IMU-1,0x28,0.69,179.31,97.19,0,3,0,0
2026-08-15T23:24:25.086,IMU-1,0x28,0.69,179.31,97.19,0,3,0,0
2026-08-15T23:24:25.186,IMU-1,0x28,0.69,179.31,97.19,0,3,0,0
2026-08-15T23:24:25.286,IMU-1,0x28,0.69,179.31,97.19,0,3,0,0
2026-08-15T23:24:25.387,IMU-1,0x28,0.69,179.31,97.19,0,3,0,0
2026-08-15T23:24:25.486,IMU-1,0x28,0.69,179.31,97.19,0,3,0,0
2026-08-15T23:24:25.586,IMU-1,0x28,0.69,179.31,97.19,0,3,0,0
2026-08-15T23:24:25.686,IMU-1,0x28,0.69,179.31,97.19,0,3,0,0
2026-08-15T23:24:25.786,IMU-1,0x28,0.69,179.31,97.19,0,3,0,0
2026-08-15T23:24:25.886,IMU-1,0x28,0.69,179.31,97.19,0,3,0,0
2026-08-15T23:24:25.987,IMU-1,0x28,0.69,179.31,97.19,0,3,0,0
2026-08-15T23:24:26.087,IMU-1,0x28,0.69,179.31,97.19,0,3,0,0
2026-08-15T23:24:26.187,IMU-1,0x28,0.69,179.31,97.19,0,3,0,0
2026-08-15T23:24:26.287,IMU-1,0x28,0.69,179.31,97.19,0,3,0,0
2026-08-15T23:24:26.388,IMU-1,0x28,0.69,179.31,97.19,0,3,0,0
2026-08-15T23:24:26.487,IMU-1,0x28,0.69,179.31,97.19,0,3,0,0
2026-08-15T23:24:26.588,IMU-1,0x28,0.69,179.31,97.19,0,3,0,0
2026-08-15T23:24:26.688,IMU-1,0x28,0.69,179.31,97.19,0,3,0,0
2026-08-15T23:24:26.788,IMU-1,0x28,0.69,179.31,97.19,0,3,0,0
2026-08-15T23:24:26.888,IMU-1,0x28,0.69,179.31,97.19,0,3,0,0
2026-08-15T23:24:26.988,IMU-1,0x28,0.69,179.31,97.19,0,3,0,0
2026-08-15T23:24:27.088,IMU-1,0x28,0.69,179.31,97.19,0,3,0,0
2026-08-15T23:24:27.188,IMU-1,0x28,0.69,179.31,97.19,0,3,0,0
2026-08-15T23:24:27.288,IMU-1,0x28,0.69,179.31,97.19,0,3,0,0
2026-08-15T23:24:27.389,IMU-1,0x28,0.69,179.31,97.19,0,3,0,0
2026-08-15T23:24:27.488,IMU-1,0x28,0.69,179.31,97.19,0,3,0,0
2026-08-15T23:24:27.588,IMU-1,0x28,0.69,179.31,97.19,0,3,0,0
2026-08-15T23:24:27.688,IMU-1,0x28,0.69,179.31,97.19,0,3,0,0
2026-08-15T23:24:27.788,IMU-1,0x28,0.69,179.31,97.19,0,3,0,0
2026-08-15T23:24:27.888,IMU-1,0x28,0.69,179.31,97.19,0,3,0,0
2026-08-15T23:24:27.988,IMU-1,0x28,0.69,179.31,97.19,0,3,0,0
2026-08-15T23:24:28.088,IMU-1,0x28,0.69,179.31,97.19,0,3,0,0
2026-08-15T23:24:28.188,IMU-1,0x28,0.69,179.31,97.19,0,3,0,0
2026-08-15T23:24:28.288,IMU-1,0x28,0.69,179.31,97.19,0,3,0,0
2026-08-15T23:24:28.388,IMU-1,0x28,0.69,179.31,97.19,0,3,0,0
2026-08-15T23:24:28.487,IMU-1,0x28,0.69,179.31,97.19,0,3,0,0
2026-08-15T23:24:28.587,IMU-1,0x28,0.69,179.31,97.19,0,3,0,0
2026-08-15T23:24:28.687,IMU-1,0x28,0.69,179.31,97.19,0,3,0,0
2026-08-15T23:24:28.788,IMU-1,0x28,0.69,179.31,97.19,0,3,0,0
2026-08-15T23:24:28.888,IMU-1,0x28,0.69,179.31,97.19,0,3,0,0
2026-08-15T23:24:28.988,IMU-1,0x28,0.69,179.31,97.19,0,3,0,0
2026-08-15T23:24:29.088,IMU-1,0x28,0.69,179.31,97.19,0,3,0,0
2026-08-15T23:24:29.189,IMU-1,0x28,0.69,179.31,97.19,0,3,0,0
2026-08-15T23:24:29.289,IMU-1,0x28,0.69,179.31,97.19,0,3,0,0
2026-08-15T23:24:29.390,IMU-1,0x28,0.69,179.31,97.19,0,3,0,0
2026-08-15T23:24:29.489,IMU-1,0x28,0.69,179.31,97.19,0,3,0,0
2026-08-15T23:24:29.590,IMU-1,0x28,0.69,179.31,97.19,0,3,0,0
2026-08-15T23:24:29.690,IMU-1,0x28,0.69,179.31,97.19,0,3,0,0
2026-08-15T23:24:29.790,IMU-1,0x28,0.69,179.31,97.19,0,3,0,0
2026-08-15T23:24:29.890,IMU-1,0x28,0.69,179.31,97.19,0,3,0,0
2026-08-15T23:24:29.990,IMU-1,0x28,0.69,179.31,97.19,0,3,0,0
2026-08-15T23:24:30.089,IMU-1,0x28,0.69,179.31,97.19,0,3,0,0
2026-08-15T23:24:30.189,IMU-1,0x28,0.69,179.31,97.19,0,3,0,0
2026-08-15T23:24:30.289,IMU-1,0x28,0.69,179.31,97.19,0,3,0,0
2026-08-15T23:24:30.390,IMU-1,0x28,0.69,179.31,97.19,0,3,0,0
2026-08-15T23:24:30.489,IMU-1,0x28,0.69,179.31,97.19,0,3,0,0
2026-08-15T23:24:30.589,IMU-1,0x28,0.69,179.31,97.19,0,3,0,0
2026-08-15T23:24:30.689,IMU-1,0x28,0.69,179.31,97.19,0,3,0,0
2026-08-15T23:24:30.789,IMU-1,0x28,0.69,179.31,97.19,0,3,0,0
2026-08-15T23:24:30.889,IMU-1,0x28,0.69,179.31,97.19,0,3,0,0
2026-08-15T23:24:30.989,IMU-1,0x28,0.69,179.31,97.19,0,3,0,0
2026-08-15T23:24:31.089,IMU-1,0x28,0.69,179.31,97.19,0,3,0,0
2026-08-15T23:24:31.189,IMU-1,0x28,0.69,179.31,97.19,0,3,0,0
2026-08-15T23:24:31.289,IMU-1,0x28,0.69,179.31,97.19,0,3,0,0
2026-08-15T23:24:31.389,IMU-1,0x28,0.69,179.31,97.19,0,3,0,0
2026-08-15T23:24:31.489,IMU-1,0x28,0.69,179.31,97.19,0,3,0,0
2026-08-15T23:24:31.589,IMU-1,0x28,0.69,179.31,97.19,0,3,0,0
2026-08-15T23:24:31.690,IMU-1,0x28,0.69,179.31,97.19,0,3,0,0
2026-08-15T23:24:31.790,IMU-1,0x28,0.69,179.31,97.19,0,3,0,0
2026-08-15T23:24:31.890,IMU-1,0x28,0.69,179.31,97.19,0,3,0,0
2026-08-15T23:24:31.991,IMU-1,0x28,0.69,179.31,97.19,0,3,0,0
2026-08-15T23:24:32.091,IMU-1,0x28,0.69,179.31,97.19,0,3,0,0
2026-08-15T23:24:32.190,IMU-1,0x28,0.69,179.31,97.19,0,3,0,0
2026-08-15T23:24:32.291,IMU-1,0x28,0.69,179.31,97.19,0,3,0,0
2026-08-15T23:24:32.392,IMU-1,0x28,0.69,179.31,97.19,0,3,0,0
2026-08-15T23:24:32.491,IMU-1,0x28,0.69,179.31,97.19,0,3,0,0
2026-08-15T23:24:32.591,IMU-1,0x28,0.69,179.31,97.19,0,3,0,0
2026-08-15T23:24:32.691,IMU-1,0x28,0.69,179.31,97.19,0,3,0,0
2026-08-15T23:24:32.792,IMU-1,0x28,0.69,179.31,97.19,0,3,0,0
2026-08-15T23:24:32.891,IMU-1,0x28,0.69,179.31,97.19,0,3,0,0
2026-08-15T23:24:32.992,IMU-1,0x28,0.69,179.31,97.19,0,3,0,0
2026-08-15T23:24:33.092,IMU-1,0x28,0.69,179.31,97.19,0,3,0,0
2026-08-15T23:24:33.192,IMU-1,0x28,0.69,179.31,97.19,0,3,0,0
2026-08-15T23:24:33.292,IMU-1,0x28,0.69,179.31,97.19,0,3,0,0
2026-08-15T23:24:33.393,IMU-1,0x28,0.69,179.31,97.19,0,3,0,0
2026-08-15T23:24:33.492,IMU-1,0x28,0.69,179.31,97.19,0,3,0,0
2026-08-15T23:24:33.592,IMU-1,0x28,0.69,179.31,97.19,0,3,0,0
2026-08-15T23:24:33.692,IMU-1,0x28,0.69,179.31,97.19,0,3,0,0
2026-08-15T23:24:33.792,IMU-1,0x28,0.69,179.31,97.19,0,3,0,0
2026-08-15T23:24:33.892,IMU-1,0x28,0.69,179.31,97.19,0,3,0,0
2026-08-15T23:24:33.992,IMU-1,0x28,0.69,179.31,97.19,0,3,0,0
2026-08-15T23:24:34.092,IMU-1,0x28,0.69,179.31,97.19,0,3,0,0
2026-08-15T23:24:34.192,IMU-1,0x28,0.69,179.31,97.19,0,3,0,0
2026-08-15T23:24:34.292,IMU-1,0x28,0.69,179.31,97.19,0,3,0,0
2026-08-15T23:24:34.392,IMU-1,0x28,0.69,179.31,97.19,0,3,0,0
2026-08-15T23:24:34.492,IMU-1,0x28,0.69,179.31,97.19,0,3,0,0
2026-08-15T23:24:34.592,IMU-1,0x28,0.69,179.31,97.19,0,3,0,0
2026-08-15T23:24:34.692,IMU-1,0x28,0.69,179.31,97.19,0,3,0,0
2026-08-15T23:24:34.792,IMU-1,0x28,0.69,179.31,97.19,0,3,0,0
2026-08-15T23:24:34.892,IMU-1,0x28,0.69,179.31,97.19,0,3,0,0
2026-08-15T23:24:34.992,IMU-1,0x28,0.69,179.31,97.19,0,3,0,0
2026-08-15T23:24:35.092,IMU-1,0x28,0.69,179.31,97.19,0,3,0,0
2026-08-15T23:24:35.192,IMU-1,0x28,0.69,179.31,97.19,0,3,0,0
2026-08-15T23:24:35.292,IMU-1,0x28,0.69,179.31,97.19,0,3,0,0
2026-08-15T23:24:35.393,IMU-1,0x28,0.69,179.31,97.19,0,3,0,0
2026-08-15T23:24:35.492,IMU-1,0x28,0.69,179.31,97.19,0,3,0,0
2026-08-15T23:24:35.592,IMU-1,0x28,0.69,179.31,97.19,0,3,0,0
2026-08-15T23:24:35.693,IMU-1,0x28,0.69,179.31,97.19,0,3,0,0
2026-08-15T23:24:35.793,IMU-1,0x28,0.69,179.31,97.19,0,3,0,0
2026-08-15T23:24:35.893,IMU-1,0x28,0.69,179.31,97.19,0,3,0,0
2026-08-15T23:24:35.993,IMU-1,0x28,0.69,179.31,97.19,0,3,0,0
2026-08-15T23:24:36.093,IMU-1,0x28,0.69,179.31,97.19,0,3,0,0
2026-08-15T23:24:36.194,IMU-1,0x28,0.69,179.31,97.19,0,3,0,0
2026-08-15T23:24:36.294,IMU-1,0x28,0.69,179.31,97.19,0,3,0,0
2026-08-15T23:24:36.395,IMU-1,0x28,0.69,179.31,97.19,0,3,0,0
2026-08-15T23:24:36.494,IMU-1,0x28,0.69,179.31,97.19,0,3,0,0
2026-08-15T23:24:36.594,IMU-1,0x28,0.69,179.31,97.19,0,3,0,0
2026-08-15T23:24:36.694,IMU-1,0x28,0.69,179.31,97.19,0,3,0,0
2026-08-15T23:24:36.794,IMU-1,0x28,0.69,179.31,97.19,0,3,0,0
2026-08-15T23:24:36.894,IMU-1,0x28,0.69,179.31,97.19,0,3,0,0
2026-08-15T23:24:36.994,IMU-1,0x28,0.69,179.31,97.19,0,3,0,0
2026-08-15T23:24:37.093,IMU-1,0x28,0.69,179.31,97.19,0,3,0,0
2026-08-15T23:24:37.192,IMU-1,0x28,0.69,179.31,97.19,0,3,0,0
2026-08-15T23:24:37.293,IMU-1,0x28,0.69,179.31,97.19,0,3,0,0
2026-08-15T23:24:37.393,IMU-1,0x28,0.69,179.31,97.19,0,3,0,0
2026-08-15T23:24:37.493,IMU-1,0x28,0.69,179.31,97.19,0,3,0,0
2026-08-15T23:24:37.593,IMU-1,0x28,0.69,179.31,97.19,0,3,0,0
2026-08-15T23:24:37.693,IMU-1,0x28,0.69,179.31,97.19,0,3,0,0
2026-08-15T23:24:37.793,IMU-1,0x28,0.69,179.31,97.19,0,3,0,0
2026-08-15T23:24:37.893,IMU-1,0x28,0.69,179.31,97.19,0,3,0,0
2026-08-15T23:24:37.993,IMU-1,0x28,0.69,179.31,97.19,0,3,0,0
2026-08-15T23:24:38.093,IMU-1,0x28,0.69,179.31,97.19,0,3,0,0
2026-08-15T23:24:38.193,IMU-1,0x28,0.69,179.31,97.19,0,3,0,0
2026-08-15T23:24:38.293,IMU-1,0x28,0.69,179.31,97.19,0,3,0,0
2026-08-15T23:24:38.394,IMU-1,0x28,0.69,179.31,97.19,0,3,0,0
2026-08-15T23:24:38.494,IMU-1,0x28,0.69,179.31,97.19,0,3,0,0
2026-08-15T23:24:38.594,IMU-1,0x28,0.69,179.31,97.19,0,3,0,0
2026-08-15T23:24:38.694,IMU-1,0x28,0.69,179.31,97.19,0,3,0,0
2026-08-15T23:24:38.794,IMU-1,0x28,0.69,179.31,97.19,0,3,0,0
2026-08-15T23:24:38.895,IMU-1,0x28,0.69,179.31,97.19,0,3,0,0
2026-08-15T23:24:38.995,IMU-1,0x28,0.69,179.31,97.19,0,3,0,0
2026-08-15T23:24:39.095,IMU-1,0x28,0.69,179.31,97.19,0,3,0,0
2026-08-15T23:24:39.195,IMU-1,0x28,0.62,179.31,97.19,0,3,0,0
2026-08-15T23:24:39.295,IMU-1,0x28,0.62,179.31,97.19,0,3,0,0
2026-08-15T23:24:39.397,IMU-1,0x28,0.62,179.31,97.19,0,3,0,0
2026-08-15T23:24:39.496,IMU-1,0x28,0.62,179.31,97.19,0,3,0,0
2026-08-15T23:24:39.596,IMU-1,0x28,0.62,179.31,97.19,0,3,0,0
2026-08-15T23:24:39.695,IMU-1,0x28,0.62,179.31,97.19,0,3,0,0
2026-08-15T23:24:39.796,IMU-1,0x28,0.62,179.31,97.19,0,3,0,0
2026-08-15T23:24:39.896,IMU-1,0x28,0.62,179.31,97.19,0,3,0,0
2026-08-15T23:24:39.996,IMU-1,0x28,0.62,179.31,97.19,0,3,0,0
2026-08-15T23:24:40.096,IMU-1,0x28,0.62,179.31,97.19,0,3,0,0
2026-08-15T23:24:40.196,IMU-1,0x28,0.62,179.31,97.19,0,3,0,0
2026-08-15T23:24:40.295,IMU-1,0x28,0.62,179.31,97.19,0,3,0,0
2026-08-15T23:24:40.396,IMU-1,0x28,0.62,179.31,97.19,0,3,0,0
2026-08-15T23:24:40.495,IMU-1,0x28,0.62,179.31,97.19,0,3,0,0
2026-08-15T23:24:40.595,IMU-1,0x28,0.62,179.31,97.19,0,3,0,0
2026-08-15T23:24:40.695,IMU-1,0x28,0.62,179.31,97.19,0,3,0,0
2026-08-15T23:24:40.795,IMU-1,0x28,0.62,179.31,97.19,0,3,0,0
2026-08-15T23:24:40.895,IMU-1,0x28,0.62,179.31,97.19,0,3,0,0
2026-08-15T23:24:40.995,IMU-1,0x28,0.62,179.31,97.19,0,3,0,0
2026-08-15T23:24:41.096,IMU-1,0x28,0.62,179.31,97.19,0,3,0,0
2026-08-15T23:24:41.196,IMU-1,0x28,0.62,179.31,97.19,0,3,0,0
2026-08-15T23:24:41.296,IMU-1,0x28,0.62,179.31,97.19,0,3,0,0
2026-08-15T23:24:41.397,IMU-1,0x28,0.62,179.31,97.19,0,3,0,0
2026-08-15T23:24:41.496,IMU-1,0x28,0.62,179.31,97.19,0,3,0,0
2026-08-15T23:24:41.596,IMU-1,0x28,0.62,179.31,97.19,0,3,0,0
2026-08-15T23:24:41.696,IMU-1,0x28,0.62,179.31,97.19,0,3,0,0
2026-08-15T23:24:41.796,IMU-1,0x28,0.62,179.31,97.19,0,3,0,0
2026-08-15T23:24:41.896,IMU-1,0x28,0.62,179.31,97.19,0,3,0,0
2026-08-15T23:24:41.997,IMU-1,0x28,0.62,179.31,97.19,0,3,0,0
2026-08-15T23:24:42.097,IMU-1,0x28,0.62,179.31,97.19,0,3,0,0
2026-08-15T23:24:42.197,IMU-1,0x28,0.62,179.31,97.19,0,3,0,0
2026-08-15T23:24:42.297,IMU-1,0x28,0.62,179.31,97.19,0,3,0,0
2026-08-15T23:24:42.398,IMU-1,0x28,0.62,179.31,97.19,0,3,0,0
2026-08-15T23:24:42.497,IMU-1,0x28,0.62,179.31,97.19,0,3,0,0
2026-08-15T23:24:42.597,IMU-1,0x28,0.62,179.31,97.19,0,3,0,0
2026-08-15T23:24:42.697,IMU-1,0x28,0.62,179.31,97.19,0,3,0,0
2026-08-15T23:24:42.797,IMU-1,0x28,0.62,179.31,97.19,0,3,0,0
2026-08-15T23:24:42.898,IMU-1,0x28,0.62,179.31,97.19,0,3,0,0
2026-08-15T23:24:42.998,IMU-1,0x28,0.62,179.31,97.19,0,3,0,0
2026-08-15T23:24:43.098,IMU-1,0x28,0.62,179.31,97.19,0,3,0,0
2026-08-15T23:24:43.198,IMU-1,0x28,0.62,179.31,97.19,0,3,0,0
2026-08-15T23:24:43.298,IMU-1,0x28,0.62,179.31,97.19,0,3,0,0
2026-08-15T23:24:43.399,IMU-1,0x28,0.62,179.31,97.19,0,3,0,0
2026-08-15T23:24:43.498,IMU-1,0x28,0.62,179.31,97.19,0,3,0,0
2026-08-15T23:24:43.598,IMU-1,0x28,0.62,179.31,97.19,0,3,0,0
2026-08-15T23:24:43.698,IMU-1,0x28,0.62,179.31,97.19,0,3,0,0
2026-08-15T23:24:43.798,IMU-1,0x28,0.62,179.31,97.19,0,3,0,0
2026-08-15T23:24:43.898,IMU-1,0x28,0.62,179.31,97.19,0,3,0,0
2026-08-15T23:24:43.997,IMU-1,0x28,0.62,179.31,97.19,0,3,0,0
2026-08-15T23:24:44.097,IMU-1,0x28,0.62,179.31,97.19,0,3,0,0
2026-08-15T23:24:44.198,IMU-1,0x28,0.62,179.31,97.19,0,3,0,0
2026-08-15T23:24:44.298,IMU-1,0x28,0.62,179.31,97.19,0,3,0,0
2026-08-15T23:24:44.399,IMU-1,0x28,0.62,179.31,97.19,0,3,0,0
2026-08-15T23:24:44.498,IMU-1,0x28,0.62,179.31,97.19,0,3,0,0
2026-08-15T23:24:44.597,IMU-1,0x28,0.62,179.31,97.19,0,3,0,0
2026-08-15T23:24:44.697,IMU-1,0x28,0.62,179.31,97.19,0,3,0,0
2026-08-15T23:24:44.797,IMU-1,0x28,0.62,179.31,97.19,0,3,0,0
2026-08-15T23:24:44.898,IMU-1,0x28,0.62,179.31,97.19,0,3,0,0
2026-08-15T23:24:44.998,IMU-1,0x28,0.62,179.31,97.19,0,3,0,0
2026-08-15T23:24:45.098,IMU-1,0x28,0.62,179.31,97.19,0,3,0,0
2026-08-15T23:24:45.198,IMU-1,0x28,0.62,179.31,97.19,0,3,0,0
2026-08-15T23:24:45.299,IMU-1,0x28,0.62,179.31,97.19,0,3,0,0
2026-08-15T23:24:45.399,IMU-1,0x28,0.62,179.31,97.19,0,3,0,0
2026-08-15T23:24:45.499,IMU-1,0x28,0.62,179.31,97.19,0,3,0,0
2026-08-15T23:24:45.599,IMU-1,0x28,0.62,179.31,97.19,0,3,0,0
2026-08-15T23:24:45.699,IMU-1,0x28,0.62,179.31,97.19,0,3,0,0
2026-08-15T23:24:45.799,IMU-1,0x28,0.62,179.31,97.19,0,3,0,0
2026-08-15T23:24:45.899,IMU-1,0x28,0.62,179.31,97.19,0,3,0,0
2026-08-15T23:24:45.999,IMU-1,0x28,0.62,179.31,97.19,0,3,0,0
2026-08-15T23:24:46.099,IMU-1,0x28,0.62,179.31,97.19,0,3,0,0
2026-08-15T23:24:46.199,IMU-1,0x28,0.62,179.31,97.19,0,3,0,0
2026-08-15T23:24:46.299,IMU-1,0x28,0.62,179.31,97.19,0,3,0,0
2026-08-15T23:24:46.400,IMU-1,0x28,0.62,179.31,97.19,0,3,0,0
2026-08-15T23:24:46.499,IMU-1,0x28,0.62,179.31,97.19,0,3,0,0
2026-08-15T23:24:46.599,IMU-1,0x28,0.62,179.31,97.19,0,3,0,0
2026-08-15T23:24:46.699,IMU-1,0x28,0.62,179.31,97.19,0,3,0,0
2026-08-15T23:24:46.799,IMU-1,0x28,0.62,179.31,97.19,0,3,0,0
2026-08-15T23:24:46.899,IMU-1,0x28,0.62,179.31,97.19,0,3,0,0
2026-08-15T23:24:46.998,IMU-1,0x28,0.69,179.31,97.19,0,3,0,0
2026-08-15T23:24:47.098,IMU-1,0x28,0.69,179.31,97.19,0,3,0,0
2026-08-15T23:24:47.199,IMU-1,0x28,0.69,179.31,97.19,0,3,0,0
2026-08-15T23:24:47.299,IMU-1,0x28,0.69,179.31,97.19,0,3,0,0
2026-08-15T23:24:47.399,IMU-1,0x28,0.69,179.31,97.19,0,3,0,0
2026-08-15T23:24:47.499,IMU-1,0x28,0.69,179.31,97.19,0,3,0,0
2026-08-15T23:24:47.599,IMU-1,0x28,0.69,179.31,97.19,0,3,0,0
2026-08-15T23:24:47.699,IMU-1,0x28,0.69,179.31,97.19,0,3,0,0
2026-08-15T23:24:47.799,IMU-1,0x28,0.69,179.31,97.19,0,3,0,0
2026-08-15T23:24:47.900,IMU-1,0x28,0.69,179.31,97.19,0,3,0,0
2026-08-15T23:24:48.000,IMU-1,0x28,0.69,179.31,97.19,0,3,0,0
2026-08-15T23:24:48.100,IMU-1,0x28,0.69,179.31,97.19,0,3,0,0
2026-08-15T23:24:48.200,IMU-1,0x28,0.69,179.31,97.19,0,3,0,0
2026-08-15T23:24:48.301,IMU-1,0x28,0.69,179.31,97.19,0,3,0,0
2026-08-15T23:24:48.401,IMU-1,0x28,0.69,179.31,97.19,0,3,0,0
2026-08-15T23:24:48.501,IMU-1,0x28,0.69,179.31,97.19,0,3,0,0
2026-08-15T23:24:48.601,IMU-1,0x28,0.69,179.31,97.19,0,3,0,0
2026-08-15T23:24:48.701,IMU-1,0x28,0.69,179.31,97.19,0,3,0,0
2026-08-15T23:24:48.801,IMU-1,0x28,0.69,179.31,97.19,0,3,0,0
2026-08-15T23:24:48.901,IMU-1,0x28,0.69,179.31,97.19,0,3,0,0
2026-08-15T23:24:49.001,IMU-1,0x28,0.69,179.31,97.19,0,3,0,0
2026-08-15T23:24:49.101,IMU-1,0x28,0.69,179.31,97.19,0,3,0,0
2026-08-15T23:24:49.201,IMU-1,0x28,0.69,179.31,97.19,0,3,0,0
2026-08-15T23:24:49.301,IMU-1,0x28,0.69,179.31,97.19,0,3,0,0
2026-08-15T23:24:49.402,IMU-1,0x28,0.69,179.31,97.19,0,3,0,0
2026-08-15T23:24:49.501,IMU-1,0x28,0.69,179.31,97.19,0,3,0,0
2026-08-15T23:24:49.601,IMU-1,0x28,0.69,179.31,97.19,0,3,0,0
2026-08-15T23:24:49.701,IMU-1,0x28,0.69,179.31,97.19,0,3,0,0
2026-08-15T23:24:49.801,IMU-1,0x28,0.69,179.31,97.19,0,3,0,0
2026-08-15T23:24:49.900,IMU-1,0x28,0.69,179.31,97.19,0,3,0,0
2026-08-15T23:24:50.000,IMU-1,0x28,0.69,179.31,97.19,0,3,0,0
2026-08-15T23:24:50.101,IMU-1,0x28,0.69,179.31,97.19,0,3,0,0
2026-08-15T23:24:50.201,IMU-1,0x28,0.69,179.31,97.19,0,3,0,0
2026-08-15T23:24:50.301,IMU-1,0x28,0.69,179.31,97.19,0,3,0,0
2026-08-15T23:24:50.402,IMU-1,0x28,0.69,179.31,97.19,0,3,0,0
2026-08-15T23:24:50.502,IMU-1,0x28,0.69,179.31,97.19,0,3,0,0
2026-08-15T23:24:50.602,IMU-1,0x28,0.69,179.31,97.19,0,3,0,0
2026-08-15T23:24:50.702,IMU-1,0x28,0.69,179.31,97.19,0,3,0,0
2026-08-15T23:24:50.802,IMU-1,0x28,0.69,179.31,97.19,0,3,0,0
2026-08-15T23:24:50.902,IMU-1,0x28,0.69,179.31,97.19,0,3,0,0
2026-08-15T23:24:51.002,IMU-1,0x28,0.69,179.31,97.19,0,3,0,0
2026-08-15T23:24:51.102,IMU-1,0x28,0.69,179.31,97.19,0,3,0,0
2026-08-15T23:24:51.202,IMU-1,0x28,0.69,179.31,97.19,0,3,0,0
2026-08-15T23:24:51.302,IMU-1,0x28,0.69,179.31,97.19,0,3,0,0
2026-08-15T23:24:51.403,IMU-1,0x28,0.69,179.31,97.19,0,3,0,0
2026-08-15T23:24:51.503,IMU-1,0x28,0.69,179.31,97.19,0,3,0,0
2026-08-15T23:24:51.603,IMU-1,0x28,0.69,179.31,97.19,0,3,0,0
2026-08-15T23:24:51.703,IMU-1,0x28,0.69,179.31,97.19,0,3,0,0
2026-08-15T23:24:51.803,IMU-1,0x28,0.69,179.31,97.19,0,3,0,0
2026-08-15T23:24:51.903,IMU-1,0x28,0.69,179.31,97.19,0,3,0,0
2026-08-15T23:24:52.003,IMU-1,0x28,0.69,179.31,97.19,0,3,0,0
2026-08-15T23:24:52.103,IMU-1,0x28,0.69,179.31,97.19,0,3,0,0
2026-08-15T23:24:52.203,IMU-1,0x28,0.69,179.31,97.19,0,3,0,0
2026-08-15T23:24:52.303,IMU-1,0x28,0.69,179.31,97.19,0,3,0,0
2026-08-15T23:24:52.404,IMU-1,0x28,0.69,179.31,97.19,0,3,0,0
2026-08-15T23:24:52.504,IMU-1,0x28,0.69,179.31,97.19,0,3,0,0
2026-08-15T23:24:52.604,IMU-1,0x28,0.69,179.31,97.19,0,3,0,0
2026-08-15T23:24:52.704,IMU-1,0x28,0.69,179.31,97.19,0,3,0,0
2026-08-15T23:24:52.804,IMU-1,0x28,0.69,179.31,97.19,0,3,0,0
2026-08-15T23:24:52.904,IMU-1,0x28,0.69,179.31,97.19,0,3,0,0
2026-08-15T23:24:53.004,IMU-1,0x28,0.69,179.31,97.19,0,3,0,0
2026-08-15T23:24:53.104,IMU-1,0x28,0.69,179.31,97.19,0,3,0,0
2026-08-15T23:24:53.204,IMU-1,0x28,0.69,179.31,97.19,0,3,0,0
2026-08-15T23:24:53.303,IMU-1,0x28,0.69,179.31,97.19,0,3,0,0
2026-08-15T23:24:53.404,IMU-1,0x28,0.69,179.31,97.19,0,3,0,0
2026-08-15T23:24:53.503,IMU-1,0x28,0.69,179.31,97.19,0,3,0,0
2026-08-15T23:24:53.603,IMU-1,0x28,0.69,179.31,97.19,0,3,0,0
2026-08-15T23:24:53.704,IMU-1,0x28,0.69,179.31,97.19,0,3,0,0
2026-08-15T23:24:53.803,IMU-1,0x28,0.69,179.31,97.19,0,3,0,0
2026-08-15T23:24:53.903,IMU-1,0x28,0.69,179.31,97.19,0,3,0,0
2026-08-15T23:24:54.003,IMU-1,0x28,0.69,179.31,97.19,0,3,0,0
2026-08-15T23:24:54.103,IMU-1,0x28,0.69,179.31,97.19,0,3,0,0
2026-08-15T23:24:54.204,IMU-1,0x28,0.69,179.31,97.19,0,3,0,0
2026-08-15T23:24:54.304,IMU-1,0x28,0.69,179.31,97.19,0,3,0,0
2026-08-15T23:24:54.404,IMU-1,0x28,0.69,179.31,97.19,0,3,0,0
2026-08-15T23:24:54.504,IMU-1,0x28,0.69,179.31,97.19,0,3,0,0
2026-08-15T23:24:54.604,IMU-1,0x28,0.69,179.31,97.19,0,3,0,0
2026-08-15T23:24:54.705,IMU-1,0x28,0.69,179.31,97.19,0,3,0,0
2026-08-15T23:24:54.805,IMU-1,0x28,0.69,179.31,97.19,0,3,0,0
2026-08-15T23:24:54.905,IMU-1,0x28,0.69,179.31,97.19,0,3,0,0
2026-08-15T23:24:55.005,IMU-1,0x28,0.69,179.31,97.19,0,3,0,0
2026-08-15T23:24:55.105,IMU-1,0x28,0.69,179.31,97.19,0,3,0,0
2026-08-15T23:24:55.205,IMU-1,0x28,0.69,179.31,97.19,0,3,0,0
2026-08-15T23:24:55.306,IMU-1,0x28,0.69,179.31,97.19,0,3,0,0
2026-08-15T23:24:55.407,IMU-1,0x28,0.69,179.31,97.19,0,3,0,0
2026-08-15T23:24:55.505,IMU-1,0x28,0.69,179.31,97.19,0,3,0,0
2026-08-15T23:24:55.606,IMU-1,0x28,0.69,179.31,97.19,0,3,0,0
2026-08-15T23:24:55.706,IMU-1,0x28,0.69,179.31,97.19,0,3,0,0
2026-08-15T23:24:55.806,IMU-1,0x28,0.69,179.31,97.19,0,3,0,0
2026-08-15T23:24:55.906,IMU-1,0x28,0.69,179.31,97.19,0,3,0,0
2026-08-15T23:24:56.006,IMU-1,0x28,0.69,179.31,97.19,0,3,0,0
2026-08-15T23:24:56.105,IMU-1,0x28,0.69,179.31,97.19,0,3,0,0
2026-08-15T23:24:56.205,IMU-1,0x28,0.69,179.31,97.19,0,3,0,0
2026-08-15T23:24:56.304,IMU-1,0x28,0.69,179.31,97.19,0,3,0,0
2026-08-15T23:24:56.405,IMU-1,0x28,0.69,179.31,97.19,0,3,0,0
2026-08-15T23:24:56.505,IMU-1,0x28,0.69,179.31,97.19,0,3,0,0
2026-08-15T23:24:56.605,IMU-1,0x28,0.69,179.31,97.19,0,3,0,0
2026-08-15T23:24:56.705,IMU-1,0x28,0.69,179.31,97.19,0,3,0,0
2026-08-15T23:24:56.805,IMU-1,0x28,0.69,179.31,97.19,0,3,0,0
2026-08-15T23:24:56.905,IMU-1,0x28,0.69,179.31,97.19,0,3,0,0
2026-08-15T23:24:57.005,IMU-1,0x28,0.69,179.31,97.19,0,3,0,0
2026-08-15T23:24:57.105,IMU-1,0x28,0.69,179.31,97.19,0,3,0,0
2026-08-15T23:24:57.206,IMU-1,0x28,0.69,179.31,97.19,0,3,0,0
2026-08-15T23:24:57.306,IMU-1,0x28,0.69,179.31,97.19,0,3,0,0
2026-08-15T23:24:57.406,IMU-1,0x28,0.69,179.31,97.19,0,3,0,0
2026-08-15T23:24:57.506,IMU-1,0x28,0.69,179.31,97.19,0,3,0,0
2026-08-15T23:24:57.606,IMU-1,0x28,0.69,179.31,97.19,0,3,0,0
2026-08-15T23:24:57.707,IMU-1,0x28,0.69,179.31,97.19,0,3,0,0
2026-08-15T23:24:57.807,IMU-1,0x28,0.69,179.31,97.19,0,3,0,0
2026-08-15T23:24:57.907,IMU-1,0x28,0.69,179.31,97.19,0,3,0,0
2026-08-15T23:24:58.007,IMU-1,0x28,0.69,179.31,97.19,0,3,0,0
2026-08-15T23:24:58.107,IMU-1,0x28,0.69,179.31,97.19,0,3,0,0
2026-08-15T23:24:58.207,IMU-1,0x28,0.69,179.31,97.19,0,3,0,0
2026-08-15T23:24:58.307,IMU-1,0x28,0.69,179.31,97.19,0,3,0,0
2026-08-15T23:24:58.408,IMU-1,0x28,0.69,179.31,97.19,0,3,0,0
2026-08-15T23:24:58.508,IMU-1,0x28,0.69,179.31,97.19,0,3,0,0
2026-08-15T23:24:58.608,IMU-1,0x28,0.69,179.31,97.19,0,3,0,0
2026-08-15T23:24:58.708,IMU-1,0x28,0.69,179.31,97.19,0,3,0,0
2026-08-15T23:24:58.808,IMU-1,0x28,0.69,179.31,97.19,0,3,0,0
2026-08-15T23:24:58.908,IMU-1,0x28,0.69,179.31,97.19,0,3,0,0
2026-08-15T23:24:59.008,IMU-1,0x28,0.69,179.31,97.19,0,3,0,0
2026-08-15T23:24:59.107,IMU-1,0x28,0.69,179.31,97.19,0,3,0,0
2026-08-15T23:24:59.207,IMU-1,0x28,0.69,179.31,97.19,0,3,0,0
2026-08-15T23:24:59.307,IMU-1,0x28,0.69,179.31,97.19,0,3,0,0
2026-08-15T23:24:59.408,IMU-1,0x28,0.69,179.31,97.19,0,3,0,0
2026-08-15T23:24:59.507,IMU-1,0x28,0.69,179.31,97.19,0,3,0,0
2026-08-15T23:24:59.608,IMU-1,0x28,0.69,179.31,97.19,0,3,0,0
2026-08-15T23:24:59.708,IMU-1,0x28,0.69,179.31,97.19,0,3,0,0
2026-08-15T23:24:59.808,IMU-1,0x28,0.69,179.31,97.19,0,3,0,0
2026-08-15T23:24:59.908,IMU-1,0x28,0.69,179.31,97.19,0,3,0,0
2026-08-15T23:25:00.008,IMU-1,0x28,0.75,179.31,97.19,0,3,0,0
2026-08-15T23:25:00.107,IMU-1,0x28,0.69,179.31,97.19,0,3,0,0
2026-08-15T23:25:00.207,IMU-1,0x28,0.69,179.31,97.19,0,3,0,0
2026-08-15T23:25:00.307,IMU-1,0x28,0.69,179.31,97.19,0,3,0,0
2026-08-15T23:25:00.408,IMU-1,0x28,0.69,179.31,97.19,0,3,0,0
2026-08-15T23:25:00.508,IMU-1,0x28,0.69,179.31,97.19,0,3,0,0
2026-08-15T23:25:00.608,IMU-1,0x28,0.69,179.31,97.19,0,3,0,0
2026-08-15T23:25:00.708,IMU-1,0x28,0.69,179.31,97.19,0,3,0,0
2026-08-15T23:25:00.808,IMU-1,0x28,0.69,179.31,97.19,0,3,0,0
2026-08-15T23:25:00.909,IMU-1,0x28,0.69,179.31,97.19,0,3,0,0
2026-08-15T23:25:01.009,IMU-1,0x28,0.69,179.31,97.19,0,3,0,0
2026-08-15T23:25:01.109,IMU-1,0x28,0.69,179.31,97.19,0,3,0,0
2026-08-15T23:25:01.209,IMU-1,0x28,0.69,179.31,97.19,0,3,0,0
2026-08-15T23:25:01.309,IMU-1,0x28,0.69,179.31,97.19,0,3,0,0
2026-08-15T23:25:01.410,IMU-1,0x28,0.69,179.31,97.19,0,3,0,0
2026-08-15T23:25:01.509,IMU-1,0x28,0.69,179.31,97.19,0,3,0,0
2026-08-15T23:25:01.609,IMU-1,0x28,0.69,179.31,97.19,0,3,0,0
2026-08-15T23:25:01.709,IMU-1,0x28,0.69,179.31,97.19,0,3,0,0
2026-08-15T23:25:01.809,IMU-1,0x28,0.69,179.31,97.19,0,3,0,0
2026-08-15T23:25:01.910,IMU-1,0x28,0.69,179.31,97.19,0,3,0,0
2026-08-15T23:25:02.009,IMU-1,0x28,0.69,179.31,97.19,0,3,0,0
2026-08-15T23:25:02.109,IMU-1,0x28,0.69,179.31,97.19,0,3,0,0
2026-08-15T23:25:02.209,IMU-1,0x28,0.69,179.31,97.19,0,3,0,0
2026-08-15T23:25:02.309,IMU-1,0x28,0.69,179.31,97.19,0,3,0,0
2026-08-15T23:25:02.410,IMU-1,0x28,0.69,179.31,97.19,0,3,0,0
2026-08-15T23:25:02.509,IMU-1,0x28,0.69,179.31,97.19,0,3,0,0
2026-08-15T23:25:02.609,IMU-1,0x28,0.69,179.31,97.19,0,3,0,0
2026-08-15T23:25:02.709,IMU-1,0x28,0.69,179.31,97.19,0,3,0,0
2026-08-15T23:25:02.809,IMU-1,0x28,0.69,179.31,97.19,0,3,0,0
2026-08-15T23:25:02.909,IMU-1,0x28,0.69,179.31,97.19,0,3,0,0
2026-08-15T23:25:03.009,IMU-1,0x28,0.69,179.31,97.19,0,3,0,0
2026-08-15T23:25:03.109,IMU-1,0x28,0.69,179.31,97.19,0,3,0,0
2026-08-15T23:25:03.209,IMU-1,0x28,0.69,179.31,97.19,0,3,0,0
2026-08-15T23:25:03.309,IMU-1,0x28,0.69,179.31,97.19,0,3,0,0
2026-08-15T23:25:03.409,IMU-1,0x28,0.69,179.31,97.19,0,3,0,0
2026-08-15T23:25:03.509,IMU-1,0x28,0.69,179.31,97.19,0,3,0,0
2026-08-15T23:25:03.609,IMU-1,0x28,0.69,179.31,97.19,0,3,0,0
2026-08-15T23:25:03.709,IMU-1,0x28,0.69,179.31,97.19,0,3,0,0
2026-08-15T23:25:03.810,IMU-1,0x28,0.69,179.31,97.19,0,3,0,0
2026-08-15T23:25:03.910,IMU-1,0x28,0.69,179.31,97.19,0,3,0,0
2026-08-15T23:25:04.010,IMU-1,0x28,0.69,179.31,97.19,0,3,0,0
2026-08-15T23:25:04.110,IMU-1,0x28,0.69,179.31,97.19,0,3,0,0
2026-08-15T23:25:04.211,IMU-1,0x28,0.69,179.31,97.19,0,3,0,0
2026-08-15T23:25:04.311,IMU-1,0x28,0.69,179.31,97.19,0,3,0,0
2026-08-15T23:25:04.411,IMU-1,0x28,0.69,179.31,97.19,0,3,0,0
2026-08-15T23:25:04.511,IMU-1,0x28,0.69,179.31,97.19,0,3,0,0
2026-08-15T23:25:04.611,IMU-1,0x28,0.69,179.31,97.19,0,3,0,0
2026-08-15T23:25:04.712,IMU-1,0x28,0.69,179.31,97.19,0,3,0,0
2026-08-15T23:25:04.812,IMU-1,0x28,0.69,179.31,97.19,0,3,0,0
2026-08-15T23:25:04.912,IMU-1,0x28,0.69,179.31,97.19,0,3,0,0
2026-08-15T23:25:05.012,IMU-1,0x28,0.69,179.31,97.19,0,3,0,0
2026-08-15T23:25:05.112,IMU-1,0x28,0.69,179.31,97.19,0,3,0,0
2026-08-15T23:25:05.212,IMU-1,0x28,0.69,179.31,97.19,0,3,0,0
2026-08-15T23:25:05.312,IMU-1,0x28,0.69,179.31,97.19,0,3,0,0
2026-08-15T23:25:05.413,IMU-1,0x28,0.69,179.31,97.19,0,3,0,0
2026-08-15T23:25:05.512,IMU-1,0x28,0.69,179.31,97.19,0,3,0,0
2026-08-15T23:25:05.612,IMU-1,0x28,0.69,179.31,97.19,0,3,0,0
2026-08-15T23:25:05.712,IMU-1,0x28,0.69,179.31,97.19,0,3,0,0
2026-08-15T23:25:05.812,IMU-1,0x28,0.69,179.31,97.19,0,3,0,0
2026-08-15T23:25:05.912,IMU-1,0x28,0.69,179.31,97.19,0,3,0,0
2026-08-15T23:25:06.012,IMU-1,0x28,0.69,179.31,97.19,0,3,0,0
2026-08-15T23:25:06.111,IMU-1,0x28,0.69,179.31,97.19,0,3,0,0
2026-08-15T23:25:06.211,IMU-1,0x28,0.69,179.31,97.19,0,3,0,0
2026-08-15T23:25:06.312,IMU-1,0x28,0.69,179.31,97.19,0,3,0,0
2026-08-15T23:25:06.413,IMU-1,0x28,0.69,179.31,97.19,0,3,0,0
2026-08-15T23:25:06.512,IMU-1,0x28,0.69,179.31,97.19,0,3,0,0
2026-08-15T23:25:06.612,IMU-1,0x28,0.69,179.31,97.19,0,3,0,0
2026-08-15T23:25:06.712,IMU-1,0x28,0.69,179.31,97.19,0,3,0,0
2026-08-15T23:25:06.812,IMU-1,0x28,0.69,179.31,97.19,0,3,0,0
2026-08-15T23:25:06.912,IMU-1,0x28,0.69,179.31,97.19,0,3,0,0
2026-08-15T23:25:07.012,IMU-1,0x28,0.69,179.31,97.19,0,3,0,0
2026-08-15T23:25:07.112,IMU-1,0x28,0.69,179.31,97.19,0,3,0,0
2026-08-15T23:25:07.212,IMU-1,0x28,0.69,179.31,97.19,0,3,0,0
2026-08-15T23:25:07.312,IMU-1,0x28,0.69,179.31,97.19,0,3,0,0
2026-08-15T23:25:07.414,IMU-1,0x28,0.69,179.31,97.19,0,3,0,0
2026-08-15T23:25:07.513,IMU-1,0x28,0.69,179.31,97.19,0,3,0,0
2026-08-15T23:25:07.613,IMU-1,0x28,0.69,179.31,97.19,0,3,0,0
2026-08-15T23:25:07.713,IMU-1,0x28,0.69,179.31,97.19,0,3,0,0
2026-08-15T23:25:07.813,IMU-1,0x28,0.69,179.31,97.19,0,3,0,0
2026-08-15T23:25:07.913,IMU-1,0x28,0.69,179.31,97.19,0,3,0,0
2026-08-15T23:25:08.013,IMU-1,0x28,0.69,179.31,97.19,0,3,0,0
2026-08-15T23:25:08.114,IMU-1,0x28,0.69,179.31,97.19,0,3,0,0
2026-08-15T23:25:08.214,IMU-1,0x28,0.69,179.31,97.19,0,3,0,0
2026-08-15T23:25:08.314,IMU-1,0x28,0.69,179.31,97.19,0,3,0,0
2026-08-15T23:25:08.415,IMU-1,0x28,0.69,179.31,97.19,0,3,0,0
2026-08-15T23:25:08.514,IMU-1,0x28,0.69,179.31,97.19,0,3,0,0
2026-08-15T23:25:08.614,IMU-1,0x28,0.69,179.31,97.19,0,3,0,0
2026-08-15T23:25:08.714,IMU-1,0x28,0.69,179.31,97.19,0,3,0,0
2026-08-15T23:25:08.814,IMU-1,0x28,0.69,179.31,97.19,0,3,0,0
2026-08-15T23:25:08.914,IMU-1,0x28,0.69,179.31,97.19,0,3,0,0
2026-08-15T23:25:09.015,IMU-1,0x28,0.69,179.31,97.19,0,3,0,0
2026-08-15T23:25:09.114,IMU-1,0x28,0.69,179.31,97.19,0,3,0,0
2026-08-15T23:25:09.214,IMU-1,0x28,0.69,179.31,97.19,0,3,0,0
2026-08-15T23:25:09.314,IMU-1,0x28,0.69,179.31,97.19,0,3,0,0
2026-08-15T23:25:09.415,IMU-1,0x28,0.69,179.31,97.19,0,3,0,0
2026-08-15T23:25:09.514,IMU-1,0x28,0.69,179.31,97.19,0,3,0,0
2026-08-15T23:25:09.614,IMU-1,0x28,0.69,179.31,97.19,0,3,0,0
2026-08-15T23:25:09.714,IMU-1,0x28,0.69,179.31,97.19,0,3,0,0
2026-08-15T23:25:09.814,IMU-1,0x28,0.69,179.31,97.19,0,3,0,0
2026-08-15T23:25:09.914,IMU-1,0x28,0.69,179.31,97.19,0,3,0,0
2026-08-15T23:25:10.013,IMU-1,0x28,0.69,179.31,97.19,0,3,0,0
2026-08-15T23:25:10.113,IMU-1,0x28,0.69,179.31,97.19,0,3,0,0
2026-08-15T23:25:10.213,IMU-1,0x28,0.69,179.31,97.19,0,3,0,0
2026-08-15T23:25:10.313,IMU-1,0x28,0.69,179.31,97.19,0,3,0,0
2026-08-15T23:25:10.414,IMU-1,0x28,0.69,179.31,97.19,0,3,0,0
2026-08-15T23:25:10.513,IMU-1,0x28,0.69,179.31,97.19,0,3,0,0
2026-08-15T23:25:10.614,IMU-1,0x28,0.75,179.31,97.19,0,3,0,0
2026-08-15T23:25:10.714,IMU-1,0x28,0.75,179.31,97.19,0,3,0,0
2026-08-15T23:25:10.814,IMU-1,0x28,0.75,179.31,97.19,0,3,0,0
2026-08-15T23:25:10.914,IMU-1,0x28,0.75,179.31,97.19,0,3,0,0
2026-08-15T23:25:11.015,IMU-1,0x28,0.75,179.31,97.19,0,3,0,0
2026-08-15T23:25:11.115,IMU-1,0x28,0.75,179.31,97.19,0,3,0,0
2026-08-15T23:25:11.215,IMU-1,0x28,0.75,179.31,97.19,0,3,0,0
2026-08-15T23:25:11.315,IMU-1,0x28,0.75,179.31,97.19,0,3,0,0
2026-08-15T23:25:11.416,IMU-1,0x28,0.75,179.31,97.19,0,3,0,0
2026-08-15T23:25:11.516,IMU-1,0x28,0.75,179.31,97.19,0,3,0,0
2026-08-15T23:25:11.616,IMU-1,0x28,0.75,179.31,97.19,0,3,0,0
2026-08-15T23:25:11.716,IMU-1,0x28,0.75,179.31,97.19,0,3,0,0
2026-08-15T23:25:11.816,IMU-1,0x28,0.75,179.31,97.19,0,3,0,0
2026-08-15T23:25:11.916,IMU-1,0x28,0.75,179.31,97.19,0,3,0,0
2026-08-15T23:25:12.016,IMU-1,0x28,0.75,179.31,97.19,0,3,0,0
2026-08-15T23:25:12.116,IMU-1,0x28,0.75,179.31,97.19,0,3,0,0
2026-08-15T23:25:12.216,IMU-1,0x28,0.75,179.31,97.19,0,3,0,0
2026-08-15T23:25:12.316,IMU-1,0x28,0.75,179.31,97.19,0,3,0,0
2026-08-15T23:25:12.417,IMU-1,0x28,0.81,179.31,97.19,0,3,0,0
2026-08-15T23:25:12.516,IMU-1,0x28,0.81,179.31,97.19,0,3,0,0
2026-08-15T23:25:12.616,IMU-1,0x28,0.81,179.31,97.19,0,3,0,0
2026-08-15T23:25:12.716,IMU-1,0x28,0.81,179.31,97.19,0,3,0,0
2026-08-15T23:25:12.815,IMU-1,0x28,0.81,179.31,97.19,0,3,0,0
2026-08-15T23:25:12.915,IMU-1,0x28,0.81,179.31,97.19,0,3,0,0
2026-08-15T23:25:13.015,IMU-1,0x28,0.75,179.31,97.19,0,3,0,0
2026-08-15T23:25:13.115,IMU-1,0x28,0.75,179.31,97.19,0,3,0,0
2026-08-15T23:25:13.216,IMU-1,0x28,0.75,179.31,97.19,0,3,0,0
2026-08-15T23:25:13.316,IMU-1,0x28,0.75,179.31,97.19,0,3,0,0
2026-08-15T23:25:13.417,IMU-1,0x28,0.75,179.31,97.19,0,3,0,0
2026-08-15T23:25:13.517,IMU-1,0x28,0.75,179.31,97.19,0,3,0,0
2026-08-15T23:25:13.616,IMU-1,0x28,0.75,179.31,97.19,0,3,0,0
2026-08-15T23:25:13.716,IMU-1,0x28,0.75,179.31,97.19,0,3,0,0
2026-08-15T23:25:13.816,IMU-1,0x28,0.75,179.31,97.19,0,3,0,0
2026-08-15T23:25:13.917,IMU-1,0x28,0.75,179.31,97.19,0,3,0,0
2026-08-15T23:25:14.017,IMU-1,0x28,0.75,179.31,97.19,0,3,0,0
2026-08-15T23:25:14.117,IMU-1,0x28,0.75,179.31,97.19,0,3,0,0
2026-08-15T23:25:14.217,IMU-1,0x28,0.75,179.31,97.19,0,3,0,0
2026-08-15T23:25:14.317,IMU-1,0x28,0.75,179.31,97.19,0,3,0,0
2026-08-15T23:25:14.418,IMU-1,0x28,0.75,179.31,97.19,0,3,0,0
2026-08-15T23:25:14.517,IMU-1,0x28,0.75,179.31,97.19,0,3,0,0
2026-08-15T23:25:14.617,IMU-1,0x28,0.75,179.31,97.19,0,3,0,0
2026-08-15T23:25:14.717,IMU-1,0x28,0.75,179.31,97.19,0,3,0,0
2026-08-15T23:25:14.818,IMU-1,0x28,0.75,179.31,97.19,0,3,0,0
2026-08-15T23:25:14.918,IMU-1,0x28,0.75,179.31,97.19,0,3,0,0
2026-08-15T23:25:15.018,IMU-1,0x28,0.75,179.31,97.19,0,3,0,0
2026-08-15T23:25:15.118,IMU-1,0x28,0.75,179.31,97.19,0,3,0,0
2026-08-15T23:25:15.218,IMU-1,0x28,0.75,179.31,97.19,0,3,0,0
2026-08-15T23:25:15.318,IMU-1,0x28,0.75,179.31,97.19,0,3,0,0
2026-08-15T23:25:15.419,IMU-1,0x28,0.75,179.31,97.19,0,3,0,0
2026-08-15T23:25:15.518,IMU-1,0x28,0.75,179.31,97.19,0,3,0,0
2026-08-15T23:25:15.619,IMU-1,0x28,0.75,179.31,97.19,0,3,0,0
2026-08-15T23:25:15.719,IMU-1,0x28,0.75,179.31,97.19,0,3,0,0
2026-08-15T23:25:15.819,IMU-1,0x28,0.75,179.31,97.19,0,3,0,0
2026-08-15T23:25:15.919,IMU-1,0x28,0.75,179.31,97.19,0,3,0,0
2026-08-15T23:25:16.019,IMU-1,0x28,0.75,179.31,97.19,0,3,0,0
2026-08-15T23:25:16.119,IMU-1,0x28,0.75,179.31,97.19,0,3,0,0
2026-08-15T23:25:16.219,IMU-1,0x28,0.75,179.31,97.19,0,3,0,0
2026-08-15T23:25:16.319,IMU-1,0x28,0.75,179.31,97.19,0,3,0,0
2026-08-15T23:25:16.420,IMU-1,0x28,0.75,179.31,97.19,0,3,0,0
2026-08-15T23:25:16.519,IMU-1,0x28,0.75,179.31,97.19,0,3,0,0
2026-08-15T23:25:16.619,IMU-1,0x28,0.75,179.31,97.19,0,3,0,0
2026-08-15T23:25:16.718,IMU-1,0x28,0.75,179.31,97.19,0,3,0,0
2026-08-15T23:25:16.818,IMU-1,0x28,0.75,179.31,97.19,0,3,0,0
2026-08-15T23:25:16.918,IMU-1,0x28,0.75,179.31,97.19,0,3,0,0
2026-08-15T23:25:17.018,IMU-1,0x28,0.75,179.31,97.19,0,3,0,0
2026-08-15T23:25:17.118,IMU-1,0x28,0.75,179.31,97.19,0,3,0,0
2026-08-15T23:25:17.218,IMU-1,0x28,0.75,179.31,97.19,0,3,0,0
2026-08-15T23:25:17.318,IMU-1,0x28,0.75,179.31,97.19,0,3,0,0
2026-08-15T23:25:17.418,IMU-1,0x28,0.75,179.31,97.19,0,3,0,0
2026-08-15T23:25:17.518,IMU-1,0x28,0.75,179.31,97.19,0,3,0,0
2026-08-15T23:25:17.619,IMU-1,0x28,0.75,179.31,97.19,0,3,0,0
2026-08-15T23:25:17.719,IMU-1,0x28,0.75,179.31,97.19,0,3,0,0
2026-08-15T23:25:17.819,IMU-1,0x28,0.75,179.31,97.19,0,3,0,0
2026-08-15T23:25:17.919,IMU-1,0x28,0.75,179.31,97.19,0,3,0,0
2026-08-15T23:25:18.019,IMU-1,0x28,0.75,179.31,97.19,0,3,0,0
2026-08-15T23:25:18.120,IMU-1,0x28,0.75,179.31,97.19,0,3,0,0
2026-08-15T23:25:18.220,IMU-1,0x28,0.75,179.31,97.19,0,3,0,0
2026-08-15T23:25:18.320,IMU-1,0x28,0.75,179.31,97.19,0,3,0,0
2026-08-15T23:25:18.421,IMU-1,0x28,0.75,179.31,97.19,0,3,0,0
2026-08-15T23:25:18.520,IMU-1,0x28,0.75,179.31,97.19,0,3,0,0
2026-08-15T23:25:18.620,IMU-1,0x28,0.75,179.31,97.19,0,3,0,0
2026-08-15T23:25:18.720,IMU-1,0x28,0.75,179.31,97.19,0,3,0,0
2026-08-15T23:25:18.820,IMU-1,0x28,0.75,179.31,97.19,0,3,0,0
2026-08-15T23:25:18.921,IMU-1,0x28,0.75,179.31,97.19,0,3,0,0
2026-08-15T23:25:19.021,IMU-1,0x28,0.75,179.31,97.19,0,3,0,0
2026-08-15T23:25:19.120,IMU-1,0x28,0.75,179.31,97.19,0,3,0,0
2026-08-15T23:25:19.220,IMU-1,0x28,0.75,179.31,97.19,0,3,0,0
2026-08-15T23:25:19.320,IMU-1,0x28,0.75,179.31,97.19,0,3,0,0
2026-08-15T23:25:19.420,IMU-1,0x28,0.75,179.31,97.19,0,3,0,0
2026-08-15T23:25:19.519,IMU-1,0x28,0.75,179.31,97.19,0,3,0,0
2026-08-15T23:25:19.619,IMU-1,0x28,0.75,179.31,97.19,0,3,0,0
2026-08-15T23:25:19.720,IMU-1,0x28,0.75,179.31,97.19,0,3,0,0
2026-08-15T23:25:19.820,IMU-1,0x28,0.75,179.31,97.19,0,3,0,0
2026-08-15T23:25:19.920,IMU-1,0x28,0.75,179.31,97.19,0,3,0,0
2026-08-15T23:25:20.020,IMU-1,0x28,0.75,179.31,97.19,0,3,0,0
2026-08-15T23:25:20.120,IMU-1,0x28,0.75,179.31,97.19,0,3,0,0
2026-08-15T23:25:20.220,IMU-1,0x28,0.75,179.31,97.19,0,3,0,0
2026-08-15T23:25:20.320,IMU-1,0x28,0.75,179.31,97.19,0,3,0,0
2026-08-15T23:25:20.421,IMU-1,0x28,0.75,179.31,97.19,0,3,0,0
2026-08-15T23:25:20.521,IMU-1,0x28,0.75,179.31,97.19,0,3,0,0
2026-08-15T23:25:20.621,IMU-1,0x28,0.75,179.31,97.19,0,3,0,0
2026-08-15T23:25:20.721,IMU-1,0x28,0.75,179.31,97.19,0,3,0,0
2026-08-15T23:25:20.821,IMU-1,0x28,0.75,179.31,97.19,0,3,0,0
2026-08-15T23:25:20.921,IMU-1,0x28,0.75,179.31,97.19,0,3,0,0
2026-08-15T23:25:21.022,IMU-1,0x28,0.75,179.31,97.19,0,3,0,0
2026-08-15T23:25:21.122,IMU-1,0x28,0.75,179.31,97.19,0,3,0,0
2026-08-15T23:25:21.221,IMU-1,0x28,0.75,179.31,97.19,0,3,0,0
2026-08-15T23:25:21.322,IMU-1,0x28,0.75,179.31,97.19,0,3,0,0
2026-08-15T23:25:21.423,IMU-1,0x28,0.75,179.31,97.19,0,3,0,0
2026-08-15T23:25:21.522,IMU-1,0x28,0.75,179.31,97.19,0,3,0,0
2026-08-15T23:25:21.622,IMU-1,0x28,0.75,179.31,97.19,0,3,0,0
2026-08-15T23:25:21.722,IMU-1,0x28,0.75,179.31,97.19,0,3,0,0
2026-08-15T23:25:21.822,IMU-1,0x28,0.75,179.31,97.19,0,3,0,0
2026-08-15T23:25:21.922,IMU-1,0x28,0.75,179.31,97.19,0,3,0,0
2026-08-15T23:25:22.023,IMU-1,0x28,0.75,179.31,97.19,0,3,0,0
2026-08-15T23:25:22.123,IMU-1,0x28,0.75,179.31,97.19,0,3,0,0
2026-08-15T23:25:22.223,IMU-1,0x28,0.75,179.31,97.19,0,3,0,0
2026-08-15T23:25:22.323,IMU-1,0x28,0.75,179.31,97.19,0,3,0,0
2026-08-15T23:25:22.424,IMU-1,0x28,0.75,179.31,97.19,0,3,0,0
2026-08-15T23:25:22.523,IMU-1,0x28,0.75,179.31,97.19,0,3,0,0
2026-08-15T23:25:22.623,IMU-1,0x28,0.75,179.31,97.19,0,3,0,0
2026-08-15T23:25:22.723,IMU-1,0x28,0.75,179.31,97.19,0,3,0,0
2026-08-15T23:25:22.823,IMU-1,0x28,0.75,179.31,97.19,0,3,0,0
2026-08-15T23:25:22.923,IMU-1,0x28,0.75,179.31,97.19,0,3,0,0
2026-08-15T23:25:23.023,IMU-1,0x28,0.75,179.31,97.19,0,3,0,0
2026-08-15T23:25:23.123,IMU-1,0x28,0.75,179.31,97.19,0,3,0,0
2026-08-15T23:25:23.223,IMU-1,0x28,0.75,179.31,97.19,0,3,0,0
2026-08-15T23:25:23.323,IMU-1,0x28,0.75,179.31,97.19,0,3,0,0
2026-08-15T23:25:23.423,IMU-1,0x28,0.75,179.31,97.19,0,3,0,0
2026-08-15T23:25:23.522,IMU-1,0x28,0.75,179.31,97.19,0,3,0,0
2026-08-15T23:25:23.622,IMU-1,0x28,0.75,179.31,97.19,0,3,0,0
2026-08-15T23:25:23.722,IMU-1,0x28,0.75,179.31,97.19,0,3,0,0
2026-08-15T23:25:23.822,IMU-1,0x28,0.75,179.31,97.19,0,3,0,0
2026-08-15T23:25:23.922,IMU-1,0x28,0.75,179.31,97.19,0,3,0,0
2026-08-15T23:25:24.022,IMU-1,0x28,0.75,179.31,97.19,0,3,0,0
2026-08-15T23:25:24.122,IMU-1,0x28,0.75,179.31,97.19,0,3,0,0
2026-08-15T23:25:24.223,IMU-1,0x28,0.75,179.31,97.19,0,3,0,0
2026-08-15T23:25:24.323,IMU-1,0x28,0.75,179.31,97.19,0,3,0,0
2026-08-15T23:25:24.424,IMU-1,0x28,0.75,179.31,97.19,0,3,0,0
2026-08-15T23:25:24.523,IMU-1,0x28,0.75,179.31,97.19,0,3,0,0
2026-08-15T23:25:24.623,IMU-1,0x28,0.75,179.31,97.19,0,3,0,0
2026-08-15T23:25:24.724,IMU-1,0x28,0.75,179.31,97.19,0,3,0,0
2026-08-15T23:25:24.824,IMU-1,0x28,0.75,179.31,97.19,0,3,0,0
2026-08-15T23:25:24.924,IMU-1,0x28,0.75,179.31,97.19,0,3,0,0
2026-08-15T23:25:25.024,IMU-1,0x28,0.75,179.31,97.19,0,3,0,0
2026-08-15T23:25:25.125,IMU-1,0x28,0.75,179.31,97.19,0,3,0,0
2026-08-15T23:25:25.225,IMU-1,0x28,0.75,179.31,97.19,0,3,0,0
2026-08-15T23:25:25.325,IMU-1,0x28,0.75,179.31,97.19,0,3,0,0
2026-08-15T23:25:25.426,IMU-1,0x28,0.75,179.31,97.19,0,3,0,0
2026-08-15T23:25:25.525,IMU-1,0x28,0.75,179.31,97.19,0,3,0,0
2026-08-15T23:25:25.625,IMU-1,0x28,0.75,179.31,97.19,0,3,0,0
2026-08-15T23:25:25.725,IMU-1,0x28,0.75,179.31,97.19,0,3,0,0
2026-08-15T23:25:25.825,IMU-1,0x28,0.75,179.31,97.19,0,3,0,0
2026-08-15T23:25:25.926,IMU-1,0x28,0.75,179.31,97.19,0,3,0,0
2026-08-15T23:25:26.025,IMU-1,0x28,0.75,179.31,97.19,0,3,0,0
2026-08-15T23:25:26.125,IMU-1,0x28,0.75,179.31,97.19,0,3,0,0
2026-08-15T23:25:26.226,IMU-1,0x28,0.75,179.31,97.19,0,3,0,0
2026-08-15T23:25:26.326,IMU-1,0x28,0.75,179.31,97.19,0,3,0,0
2026-08-15T23:25:26.426,IMU-1,0x28,0.75,179.31,97.19,0,3,0,0
2026-08-15T23:25:26.524,IMU-1,0x28,0.75,179.31,97.19,0,3,0,0
2026-08-15T23:25:26.624,IMU-1,0x28,0.75,179.31,97.19,0,3,0,0
2026-08-15T23:25:26.724,IMU-1,0x28,0.75,179.31,97.19,0,3,0,0
2026-08-15T23:25:26.824,IMU-1,0x28,0.75,179.31,97.19,0,3,0,0
2026-08-15T23:25:26.924,IMU-1,0x28,0.75,179.31,97.19,0,3,0,0
2026-08-15T23:25:27.024,IMU-1,0x28,0.75,179.31,97.19,0,3,0,0
2026-08-15T23:25:27.124,IMU-1,0x28,0.75,179.31,97.19,0,3,0,0
2026-08-15T23:25:27.224,IMU-1,0x28,0.75,179.31,97.19,0,3,0,0
2026-08-15T23:25:27.325,IMU-1,0x28,0.75,179.31,97.19,0,3,0,0
2026-08-15T23:25:27.425,IMU-1,0x28,0.75,179.31,97.19,0,3,0,0
2026-08-15T23:25:27.525,IMU-1,0x28,0.75,179.31,97.19,0,3,0,0
2026-08-15T23:25:27.626,IMU-1,0x28,0.75,179.31,97.19,0,3,0,0
2026-08-15T23:25:27.726,IMU-1,0x28,0.75,179.31,97.19,0,3,0,0
2026-08-15T23:25:27.826,IMU-1,0x28,0.75,179.31,97.19,0,3,0,0
2026-08-15T23:25:27.926,IMU-1,0x28,0.75,179.31,97.19,0,3,0,0
2026-08-15T23:25:28.026,IMU-1,0x28,0.75,179.31,97.19,0,3,0,0
2026-08-15T23:25:28.126,IMU-1,0x28,0.75,179.31,97.19,0,3,0,0
2026-08-15T23:25:28.226,IMU-1,0x28,0.75,179.31,97.19,0,3,0,0
2026-08-15T23:25:28.327,IMU-1,0x28,0.75,179.31,97.19,0,3,0,0
2026-08-15T23:25:28.428,IMU-1,0x28,0.75,179.31,97.19,0,3,0,0
2026-08-15T23:25:28.527,IMU-1,0x28,0.75,179.31,97.19,0,3,0,0
2026-08-15T23:25:28.627,IMU-1,0x28,0.75,179.31,97.19,0,3,0,0
2026-08-15T23:25:28.727,IMU-1,0x28,0.75,179.31,97.19,0,3,0,0
2026-08-15T23:25:28.827,IMU-1,0x28,0.75,179.31,97.19,0,3,0,0
2026-08-15T23:25:28.927,IMU-1,0x28,0.75,179.31,97.19,0,3,0,0
2026-08-15T23:25:29.027,IMU-1,0x28,0.75,179.31,97.19,0,3,0,0
2026-08-15T23:25:29.127,IMU-1,0x28,0.75,179.31,97.19,0,3,0,0
2026-08-15T23:25:29.227,IMU-1,0x28,0.75,179.31,97.19,0,3,0,0
2026-08-15T23:25:29.327,IMU-1,0x28,0.75,179.31,97.19,0,3,0,0
2026-08-15T23:25:29.428,IMU-1,0x28,0.75,179.31,97.19,0,3,0,0
2026-08-15T23:25:29.527,IMU-1,0x28,0.75,179.31,97.19,0,3,0,0
2026-08-15T23:25:29.627,IMU-1,0x28,0.75,179.31,97.19,0,3,0,0
2026-08-15T23:25:29.727,IMU-1,0x28,0.75,179.31,97.19,0,3,0,0
2026-08-15T23:25:29.828,IMU-1,0x28,0.75,179.31,97.19,0,3,0,0
2026-08-15T23:25:29.927,IMU-1,0x28,0.75,179.31,97.19,0,3,0,0
2026-08-15T23:25:30.028,IMU-1,0x28,0.75,179.31,97.19,0,3,0,0
2026-08-15T23:25:30.127,IMU-1,0x28,0.75,179.31,97.19,0,3,0,0
2026-08-15T23:25:30.227,IMU-1,0x28,0.75,179.31,97.19,0,3,0,0
2026-08-15T23:25:30.327,IMU-1,0x28,0.75,179.31,97.19,0,3,0,0
2026-08-15T23:25:30.428,IMU-1,0x28,0.75,179.31,97.19,0,3,0,0
2026-08-15T23:25:30.527,IMU-1,0x28,0.75,179.31,97.19,0,3,0,0
2026-08-15T23:25:30.628,IMU-1,0x28,0.75,179.31,97.19,0,3,0,0
2026-08-15T23:25:30.728,IMU-1,0x28,0.75,179.31,97.19,0,3,0,0
2026-08-15T23:25:30.828,IMU-1,0x28,0.75,179.31,97.19,0,3,0,0
2026-08-15T23:25:30.928,IMU-1,0x28,0.75,179.31,97.19,0,3,0,0
2026-08-15T23:25:31.028,IMU-1,0x28,0.75,179.31,97.19,0,3,0,0
2026-08-15T23:25:31.128,IMU-1,0x28,0.75,179.31,97.19,0,3,0,0
2026-08-15T23:25:31.228,IMU-1,0x28,0.75,179.31,97.19,0,3,0,0
2026-08-15T23:25:31.328,IMU-1,0x28,0.75,179.31,97.19,0,3,0,0
2026-08-15T23:25:31.429,IMU-1,0x28,0.75,179.31,97.19,0,3,0,0
2026-08-15T23:25:31.529,IMU-1,0x28,0.75,179.31,97.19,0,3,0,0
2026-08-15T23:25:31.629,IMU-1,0x28,0.81,179.31,97.19,0,3,0,0
2026-08-15T23:25:31.729,IMU-1,0x28,0.81,179.31,97.19,0,3,0,0
2026-08-15T23:25:31.829,IMU-1,0x28,0.81,179.31,97.19,0,3,0,0
2026-08-15T23:25:31.929,IMU-1,0x28,0.81,179.31,97.19,0,3,0,0
2026-08-15T23:25:32.029,IMU-1,0x28,0.81,179.31,97.19,0,3,0,0
2026-08-15T23:25:32.129,IMU-1,0x28,0.81,179.31,97.19,0,3,0,0
2026-08-15T23:25:32.229,IMU-1,0x28,0.81,179.31,97.19,0,3,0,0
2026-08-15T23:25:32.330,IMU-1,0x28,0.81,179.31,97.19,0,3,0,0
2026-08-15T23:25:32.430,IMU-1,0x28,0.81,179.31,97.19,0,3,0,0
2026-08-15T23:25:32.530,IMU-1,0x28,0.81,179.31,97.19,0,3,0,0
2026-08-15T23:25:32.630,IMU-1,0x28,0.81,179.31,97.19,0,3,0,0
2026-08-15T23:25:32.730,IMU-1,0x28,0.81,179.31,97.19,0,3,0,0
2026-08-15T23:25:32.830,IMU-1,0x28,0.81,179.31,97.19,0,3,0,0
2026-08-15T23:25:32.930,IMU-1,0x28,0.81,179.31,97.19,0,3,0,0
2026-08-15T23:25:33.030,IMU-1,0x28,0.81,179.31,97.19,0,3,0,0
2026-08-15T23:25:33.130,IMU-1,0x28,0.81,179.31,97.19,0,3,0,0
2026-08-15T23:25:33.230,IMU-1,0x28,0.81,179.31,97.19,0,3,0,0
2026-08-15T23:25:33.330,IMU-1,0x28,0.81,179.31,97.19,0,3,0,0
2026-08-15T23:25:33.430,IMU-1,0x28,0.81,179.31,97.19,0,3,0,0
2026-08-15T23:25:33.529,IMU-1,0x28,0.81,179.31,97.19,0,3,0,0
2026-08-15T23:25:33.629,IMU-1,0x28,0.81,179.31,97.19,0,3,0,0
2026-08-15T23:25:33.729,IMU-1,0x28,0.81,179.31,97.19,0,3,0,0
2026-08-15T23:25:33.829,IMU-1,0x28,0.81,179.31,97.19,0,3,0,0
2026-08-15T23:25:33.929,IMU-1,0x28,0.81,179.31,97.19,0,3,0,0
2026-08-15T23:25:34.029,IMU-1,0x28,0.81,179.31,97.19,0,3,0,0
2026-08-15T23:25:34.129,IMU-1,0x28,0.81,179.31,97.19,0,3,0,0
2026-08-15T23:25:34.230,IMU-1,0x28,0.81,179.31,97.19,0,3,0,0
2026-08-15T23:25:34.330,IMU-1,0x28,0.81,179.31,97.19,0,3,0,0
2026-08-15T23:25:34.430,IMU-1,0x28,0.81,179.31,97.19,0,3,0,0
2026-08-15T23:25:34.530,IMU-1,0x28,0.81,179.31,97.19,0,3,0,0
2026-08-15T23:25:34.630,IMU-1,0x28,0.81,179.31,97.19,0,3,0,0
2026-08-15T23:25:34.731,IMU-1,0x28,0.81,179.31,97.19,0,3,0,0
2026-08-15T23:25:34.831,IMU-1,0x28,0.81,179.31,97.19,0,3,0,0
2026-08-15T23:25:34.931,IMU-1,0x28,0.81,179.31,97.19,0,3,0,0
2026-08-15T23:25:35.031,IMU-1,0x28,0.81,179.31,97.19,0,3,0,0
2026-08-15T23:25:35.131,IMU-1,0x28,0.81,179.31,97.19,0,3,0,0
2026-08-15T23:25:35.230,IMU-1,0x28,0.81,179.31,97.19,0,3,0,0
2026-08-15T23:25:35.330,IMU-1,0x28,0.81,179.31,97.19,0,3,0,0
2026-08-15T23:25:35.431,IMU-1,0x28,0.81,179.31,97.19,0,3,0,0
2026-08-15T23:25:35.530,IMU-1,0x28,0.81,179.31,97.19,0,3,0,0
2026-08-15T23:25:35.630,IMU-1,0x28,0.81,179.31,97.19,0,3,0,0
2026-08-15T23:25:35.730,IMU-1,0x28,0.81,179.31,97.19,0,3,0,0
2026-08-15T23:25:35.830,IMU-1,0x28,0.81,179.31,97.19,0,3,0,0
2026-08-15T23:25:35.930,IMU-1,0x28,0.81,179.31,97.19,0,3,0,0
2026-08-15T23:25:36.030,IMU-1,0x28,0.81,179.31,97.19,0,3,0,0
2026-08-15T23:25:36.130,IMU-1,0x28,0.81,179.31,97.19,0,3,0,0
2026-08-15T23:25:36.230,IMU-1,0x28,0.81,179.31,97.19,0,3,0,0
2026-08-15T23:25:36.330,IMU-1,0x28,0.81,179.31,97.19,0,3,0,0
2026-08-15T23:25:36.431,IMU-1,0x28,0.81,179.31,97.19,0,3,0,0
2026-08-15T23:25:36.531,IMU-1,0x28,0.81,179.31,97.19,0,3,0,0
2026-08-15T23:25:36.631,IMU-1,0x28,0.81,179.31,97.19,0,3,0,0
2026-08-15T23:25:36.731,IMU-1,0x28,0.81,179.31,97.19,0,3,0,0
2026-08-15T23:25:36.831,IMU-1,0x28,0.81,179.31,97.19,0,3,0,0
2026-08-15T23:25:36.932,IMU-1,0x28,0.81,179.31,97.19,0,3,0,0
2026-08-15T23:25:37.032,IMU-1,0x28,0.81,179.31,97.19,0,3,0,0
2026-08-15T23:25:37.132,IMU-1,0x28,0.81,179.31,97.19,0,3,0,0
2026-08-15T23:25:37.232,IMU-1,0x28,0.81,179.31,97.19,0,3,0,0
2026-08-15T23:25:37.332,IMU-1,0x28,0.81,179.31,97.19,0,3,0,0
2026-08-15T23:25:37.433,IMU-1,0x28,0.81,179.31,97.19,0,3,0,0
2026-08-15T23:25:37.532,IMU-1,0x28,0.81,179.31,97.19,0,3,0,0
2026-08-15T23:25:37.632,IMU-1,0x28,0.81,179.31,97.19,0,3,0,0
2026-08-15T23:25:37.732,IMU-1,0x28,0.81,179.31,97.19,0,3,0,0
2026-08-15T23:25:37.833,IMU-1,0x28,0.81,179.31,97.19,0,3,0,0
2026-08-15T23:25:37.933,IMU-1,0x28,0.81,179.31,97.19,0,3,0,0
2026-08-15T23:25:38.033,IMU-1,0x28,0.81,179.31,97.19,0,3,0,0
2026-08-15T23:25:38.133,IMU-1,0x28,0.81,179.31,97.19,0,3,0,0
2026-08-15T23:25:38.233,IMU-1,0x28,0.81,179.31,97.19,0,3,0,0
2026-08-15T23:25:38.333,IMU-1,0x28,0.81,179.31,97.19,0,3,0,0
2026-08-15T23:25:38.434,IMU-1,0x28,0.81,179.31,97.19,0,3,0,0
2026-08-15T23:25:38.533,IMU-1,0x28,0.81,179.31,97.19,0,3,0,0
2026-08-15T23:25:38.633,IMU-1,0x28,0.81,179.31,97.19,0,3,0,0
2026-08-15T23:25:38.733,IMU-1,0x28,0.81,179.31,97.19,0,3,0,0
2026-08-15T23:25:38.833,IMU-1,0x28,0.81,179.31,97.19,0,3,0,0
2026-08-15T23:25:38.934,IMU-1,0x28,0.81,179.31,97.19,0,3,0,0
2026-08-15T23:25:39.034,IMU-1,0x28,0.81,179.31,97.19,0,3,0,0
2026-08-15T23:25:39.134,IMU-1,0x28,0.81,179.31,97.19,0,3,0,0
2026-08-15T23:25:39.234,IMU-1,0x28,0.81,179.31,97.19,0,3,0,0
2026-08-15T23:25:39.334,IMU-1,0x28,0.81,179.31,97.19,0,3,0,0
2026-08-15T23:25:39.435,IMU-1,0x28,0.81,179.31,97.19,0,3,0,0
2026-08-15T23:25:39.534,IMU-1,0x28,0.81,179.31,97.19,0,3,0,0
2026-08-15T23:25:39.634,IMU-1,0x28,0.81,179.31,97.19,0,3,0,0
2026-08-15T23:25:39.734,IMU-1,0x28,0.81,179.31,97.19,0,3,0,0
2026-08-15T23:25:39.834,IMU-1,0x28,0.81,179.31,97.19,0,3,0,0
2026-08-15T23:25:39.934,IMU-1,0x28,0.81,179.31,97.19,0,3,0,0
2026-08-15T23:25:40.033,IMU-1,0x28,0.81,179.31,97.19,0,3,0,0
2026-08-15T23:25:40.133,IMU-1,0x28,0.81,179.31,97.19,0,3,0,0
2026-08-15T23:25:40.233,IMU-1,0x28,0.81,179.31,97.19,0,3,0,0
2026-08-15T23:25:40.333,IMU-1,0x28,0.81,179.31,97.19,0,3,0,0
2026-08-15T23:25:40.434,IMU-1,0x28,0.81,179.31,97.19,0,3,0,0
2026-08-15T23:25:40.533,IMU-1,0x28,0.81,179.31,97.19,0,3,0,0
2026-08-15T23:25:40.633,IMU-1,0x28,0.81,179.31,97.19,0,3,0,0
2026-08-15T23:25:40.733,IMU-1,0x28,0.81,179.31,97.19,0,3,0,0
2026-08-15T23:25:40.833,IMU-1,0x28,0.81,179.31,97.19,0,3,0,0
2026-08-15T23:25:40.934,IMU-1,0x28,0.81,179.31,97.19,0,3,0,0
2026-08-15T23:25:41.034,IMU-1,0x28,0.81,179.31,97.19,0,3,0,0
2026-08-15T23:25:41.134,IMU-1,0x28,0.81,179.31,97.19,0,3,0,0
2026-08-15T23:25:41.234,IMU-1,0x28,0.81,179.31,97.19,0,3,0,0
2026-08-15T23:25:41.335,IMU-1,0x28,0.81,179.31,97.19,0,3,0,0
2026-08-15T23:25:41.435,IMU-1,0x28,0.81,179.31,97.19,0,3,0,0
2026-08-15T23:25:41.535,IMU-1,0x28,0.81,179.31,97.19,0,3,0,0
2026-08-15T23:25:41.635,IMU-1,0x28,0.81,179.31,97.19,0,3,0,0
2026-08-15T23:25:41.735,IMU-1,0x28,0.81,179.31,97.19,0,3,0,0
2026-08-15T23:25:41.835,IMU-1,0x28,0.81,179.31,97.19,0,3,0,0
2026-08-15T23:25:41.935,IMU-1,0x28,0.81,179.31,97.19,0,3,0,0
2026-08-15T23:25:42.036,IMU-1,0x28,0.81,179.31,97.19,0,3,0,0
2026-08-15T23:25:42.136,IMU-1,0x28,0.81,179.31,97.19,0,3,0,0
2026-08-15T23:25:42.236,IMU-1,0x28,0.81,179.31,97.19,0,3,0,0
2026-08-15T23:25:42.336,IMU-1,0x28,0.81,179.31,97.19,0,3,0,0
2026-08-15T23:25:42.437,IMU-1,0x28,0.81,179.31,97.19,0,3,0,0
2026-08-15T23:25:42.536,IMU-1,0x28,0.81,179.31,97.19,0,3,0,0
2026-08-15T23:25:42.635,IMU-1,0x28,0.81,179.31,97.19,0,3,0,0
2026-08-15T23:25:42.735,IMU-1,0x28,0.81,179.31,97.19,0,3,0,0
2026-08-15T23:25:42.835,IMU-1,0x28,0.81,179.31,97.19,0,3,0,0
2026-08-15T23:25:42.935,IMU-1,0x28,0.81,179.31,97.19,0,3,0,0
2026-08-15T23:25:43.035,IMU-1,0x28,0.81,179.31,97.19,0,3,0,0
2026-08-15T23:25:43.135,IMU-1,0x28,0.81,179.31,97.19,0,3,0,0
2026-08-15T23:25:43.235,IMU-1,0x28,0.81,179.31,97.19,0,3,0,0
2026-08-15T23:25:43.335,IMU-1,0x28,0.81,179.31,97.19,0,3,0,0
2026-08-15T23:25:43.435,IMU-1,0x28,0.81,179.31,97.19,0,3,0,0
2026-08-15T23:25:43.535,IMU-1,0x28,0.81,179.31,97.19,0,3,0,0
2026-08-15T23:25:43.635,IMU-1,0x28,0.81,179.31,97.19,0,3,0,0
2026-08-15T23:25:43.736,IMU-1,0x28,0.81,179.31,97.19,0,3,0,0
2026-08-15T23:25:43.836,IMU-1,0x28,0.81,179.31,97.19,0,3,0,0
2026-08-15T23:25:43.936,IMU-1,0x28,0.81,179.31,97.19,0,3,0,0
2026-08-15T23:25:44.036,IMU-1,0x28,0.81,179.31,97.19,0,3,0,0
2026-08-15T23:25:44.136,IMU-1,0x28,0.81,179.31,97.19,0,3,0,0
2026-08-15T23:25:44.236,IMU-1,0x28,0.81,179.31,97.19,0,3,0,0
2026-08-15T23:25:44.336,IMU-1,0x28,0.81,179.31,97.19,0,3,0,0
2026-08-15T23:25:44.437,IMU-1,0x28,0.81,179.31,97.19,0,3,0,0
2026-08-15T23:25:44.537,IMU-1,0x28,0.81,179.31,97.19,0,3,0,0
2026-08-15T23:25:44.637,IMU-1,0x28,0.81,179.31,97.19,0,3,0,0
2026-08-15T23:25:44.737,IMU-1,0x28,0.81,179.31,97.19,0,3,0,0
2026-08-15T23:25:44.837,IMU-1,0x28,0.81,179.31,97.19,0,3,0,0
2026-08-15T23:25:44.937,IMU-1,0x28,0.81,179.31,97.19,0,3,0,0
2026-08-15T23:25:45.038,IMU-1,0x28,0.81,179.31,97.19,0,3,0,0
2026-08-15T23:25:45.138,IMU-1,0x28,0.81,179.31,97.19,0,3,0,0
2026-08-15T23:25:45.238,IMU-1,0x28,0.81,179.31,97.19,0,3,0,0
2026-08-15T23:25:45.338,IMU-1,0x28,0.81,179.31,97.19,0,3,0,0
2026-08-15T23:25:45.439,IMU-1,0x28,0.81,179.31,97.19,0,3,0,0
2026-08-15T23:25:45.538,IMU-1,0x28,0.81,179.31,97.19,0,3,0,0
2026-08-15T23:25:45.638,IMU-1,0x28,0.81,179.31,97.19,0,3,0,0
2026-08-15T23:25:45.738,IMU-1,0x28,0.81,179.31,97.19,0,3,0,0
2026-08-15T23:25:45.838,IMU-1,0x28,0.81,179.31,97.19,0,3,0,0
2026-08-15T23:25:45.938,IMU-1,0x28,0.81,179.31,97.19,0,3,0,0
2026-08-15T23:25:46.038,IMU-1,0x28,0.81,179.31,97.19,0,3,0,0
2026-08-15T23:25:46.138,IMU-1,0x28,0.81,179.31,97.19,0,3,0,0
2026-08-15T23:25:46.238,IMU-1,0x28,0.81,179.31,97.19,0,3,0,0
2026-08-15T23:25:46.338,IMU-1,0x28,0.81,179.31,97.19,0,3,0,0
2026-08-15T23:25:46.438,IMU-1,0x28,0.81,179.31,97.19,0,3,0,0
2026-08-15T23:25:46.537,IMU-1,0x28,0.81,179.31,97.19,0,3,0,0
2026-08-15T23:25:46.637,IMU-1,0x28,0.81,179.31,97.19,0,3,0,0
2026-08-15T23:25:46.737,IMU-1,0x28,0.81,179.31,97.19,0,3,0,0
2026-08-15T23:25:46.837,IMU-1,0x28,0.81,179.31,97.19,0,3,0,0
2026-08-15T23:25:46.937,IMU-1,0x28,0.81,179.31,97.19,0,3,0,0
2026-08-15T23:25:47.037,IMU-1,0x28,0.81,179.31,97.19,0,3,0,0
2026-08-15T23:25:47.138,IMU-1,0x28,0.81,179.31,97.19,0,3,0,0
2026-08-15T23:25:47.238,IMU-1,0x28,0.81,179.31,97.19,0,3,0,0
2026-08-15T23:25:47.338,IMU-1,0x28,0.81,179.31,97.19,0,3,0,0
2026-08-15T23:25:47.439,IMU-1,0x28,0.81,179.31,97.19,0,3,0,0
2026-08-15T23:25:47.539,IMU-1,0x28,0.81,179.31,97.19,0,3,0,0
2026-08-15T23:25:47.639,IMU-1,0x28,0.81,179.31,97.19,0,3,0,0
2026-08-15T23:25:47.739,IMU-1,0x28,0.81,179.31,97.19,0,3,0,0
2026-08-15T23:25:47.839,IMU-1,0x28,0.81,179.31,97.19,0,3,0,0
2026-08-15T23:25:47.939,IMU-1,0x28,0.81,179.31,97.19,0,3,0,0
2026-08-15T23:25:48.039,IMU-1,0x28,0.81,179.31,97.19,0,3,0,0
2026-08-15T23:25:48.140,IMU-1,0x28,0.81,179.31,97.19,0,3,0,0
2026-08-15T23:25:48.240,IMU-1,0x28,0.81,179.31,97.19,0,3,0,0
2026-08-15T23:25:48.340,IMU-1,0x28,0.81,179.31,97.19,0,3,0,0
2026-08-15T23:25:48.441,IMU-1,0x28,0.81,179.31,97.19,0,3,0,0
2026-08-15T23:25:48.540,IMU-1,0x28,0.81,179.31,97.19,0,3,0,0
2026-08-15T23:25:48.640,IMU-1,0x28,0.81,179.31,97.19,0,3,0,0
2026-08-15T23:25:48.740,IMU-1,0x28,0.81,179.31,97.19,0,3,0,0
2026-08-15T23:25:48.840,IMU-1,0x28,0.81,179.31,97.19,0,3,0,0
2026-08-15T23:25:48.940,IMU-1,0x28,0.81,179.31,97.19,0,3,0,0
2026-08-15T23:25:49.040,IMU-1,0x28,0.81,179.31,97.19,0,3,0,0
2026-08-15T23:25:49.140,IMU-1,0x28,0.81,179.31,97.19,0,3,0,0
2026-08-15T23:25:49.240,IMU-1,0x28,0.81,179.31,97.19,0,3,0,0
2026-08-15T23:25:49.340,IMU-1,0x28,0.81,179.31,97.19,0,3,0,0
2026-08-15T23:25:49.441,IMU-1,0x28,0.81,179.31,97.19,0,3,0,0
2026-08-15T23:25:49.539,IMU-1,0x28,0.81,179.31,97.19,0,3,0,0
2026-08-15T23:25:49.639,IMU-1,0x28,0.81,179.31,97.19,0,3,0,0
2026-08-15T23:25:49.739,IMU-1,0x28,0.81,179.31,97.19,0,3,0,0
2026-08-15T23:25:49.839,IMU-1,0x28,0.81,179.31,97.19,0,3,0,0
2026-08-15T23:25:49.939,IMU-1,0x28,0.81,179.31,97.19,0,3,0,0
2026-08-15T23:25:50.039,IMU-1,0x28,0.81,179.31,97.19,0,3,0,0
2026-08-15T23:25:50.139,IMU-1,0x28,0.81,179.31,97.19,0,3,0,0
2026-08-15T23:25:50.240,IMU-1,0x28,0.81,179.31,97.19,0,3,0,0
2026-08-15T23:25:50.340,IMU-1,0x28,0.81,179.31,97.19,0,3,0,0
2026-08-15T23:25:50.441,IMU-1,0x28,0.81,179.31,97.19,0,3,0,0
2026-08-15T23:25:50.540,IMU-1,0x28,0.81,179.31,97.19,0,3,0,0
2026-08-15T23:25:50.641,IMU-1,0x28,0.81,179.31,97.19,0,3,0,0
2026-08-15T23:25:50.741,IMU-1,0x28,0.81,179.31,97.19,0,3,0,0
2026-08-15T23:25:50.841,IMU-1,0x28,0.81,179.31,97.19,0,3,0,0
2026-08-15T23:25:50.941,IMU-1,0x28,0.81,179.31,97.19,0,3,0,0
2026-08-15T23:25:51.041,IMU-1,0x28,0.81,179.31,97.19,0,3,0,0
2026-08-15T23:25:51.141,IMU-1,0x28,0.81,179.31,97.19,0,3,0,0
2026-08-15T23:25:51.242,IMU-1,0x28,0.81,179.31,97.19,0,3,0,0
2026-08-15T23:25:51.342,IMU-1,0x28,0.81,179.31,97.19,0,3,0,0
2026-08-15T23:25:51.443,IMU-1,0x28,0.81,179.31,97.19,0,3,0,0
2026-08-15T23:25:51.542,IMU-1,0x28,0.81,179.31,97.19,0,3,0,0
2026-08-15T23:25:51.641,IMU-1,0x28,0.81,179.31,97.19,0,3,0,0
2026-08-15T23:25:51.741,IMU-1,0x28,0.81,179.31,97.19,0,3,0,0
2026-08-15T23:25:51.840,IMU-1,0x28,0.81,179.31,97.19,0,3,0,0
2026-08-15T23:25:51.941,IMU-1,0x28,0.81,179.31,97.19,0,3,0,0
2026-08-15T23:25:52.041,IMU-1,0x28,0.81,179.31,97.19,0,3,0,0
2026-08-15T23:25:52.141,IMU-1,0x28,0.81,179.31,97.19,0,3,0,0
2026-08-15T23:25:52.241,IMU-1,0x28,0.81,179.31,97.19,0,3,0,0
2026-08-15T23:25:52.341,IMU-1,0x28,0.81,179.31,97.19,0,3,0,0
2026-08-15T23:25:52.441,IMU-1,0x28,0.81,179.31,97.19,0,3,0,0
2026-08-15T23:25:52.541,IMU-1,0x28,0.81,179.31,97.19,0,3,0,0
2026-08-15T23:25:52.641,IMU-1,0x28,0.81,179.31,97.19,0,3,0,0
2026-08-15T23:25:52.741,IMU-1,0x28,0.81,179.31,97.19,0,3,0,0
2026-08-15T23:25:52.842,IMU-1,0x28,0.81,179.31,97.19,0,3,0,0
2026-08-15T23:25:52.942,IMU-1,0x28,0.81,179.31,97.19,0,3,0,0
2026-08-15T23:25:53.042,IMU-1,0x28,0.81,179.31,97.19,0,3,0,0
2026-08-15T23:25:53.142,IMU-1,0x28,0.75,179.31,97.19,0,3,0,0
2026-08-15T23:25:53.242,IMU-1,0x28,0.75,179.31,97.19,0,3,0,0
2026-08-15T23:25:53.343,IMU-1,0x28,0.75,179.31,97.19,0,3,0,0
2026-08-15T23:25:53.444,IMU-1,0x28,0.75,179.31,97.19,0,3,0,0
2026-08-15T23:25:53.543,IMU-1,0x28,0.75,179.31,97.19,0,3,0,0
2026-08-15T23:25:53.643,IMU-1,0x28,0.75,179.31,97.19,0,3,0,0
2026-08-15T23:25:53.743,IMU-1,0x28,0.81,179.31,97.19,0,3,0,0
2026-08-15T23:25:53.843,IMU-1,0x28,0.81,179.31,97.19,0,3,0,0
2026-08-15T23:25:53.943,IMU-1,0x28,0.81,179.31,97.19,0,3,0,0
2026-08-15T23:25:54.044,IMU-1,0x28,0.81,179.31,97.19,0,3,0,0
2026-08-15T23:25:54.144,IMU-1,0x28,0.81,179.31,97.19,0,3,0,0
2026-08-15T23:25:54.244,IMU-1,0x28,0.81,179.31,97.19,0,3,0,0
2026-08-15T23:25:54.344,IMU-1,0x28,0.81,179.31,97.19,0,3,0,0
2026-08-15T23:25:54.445,IMU-1,0x28,0.81,179.31,97.19,0,3,0,0
2026-08-15T23:25:54.544,IMU-1,0x28,0.81,179.31,97.19,0,3,0,0
2026-08-15T23:25:54.644,IMU-1,0x28,0.81,179.31,97.19,0,3,0,0
2026-08-15T23:25:54.744,IMU-1,0x28,0.81,179.31,97.19,0,3,0,0
2026-08-15T23:25:54.844,IMU-1,0x28,0.81,179.31,97.19,0,3,0,0
2026-08-15T23:25:54.944,IMU-1,0x28,0.81,179.31,97.19,0,3,0,0
2026-08-15T23:25:55.044,IMU-1,0x28,0.81,179.31,97.19,0,3,0,0
2026-08-15T23:25:55.144,IMU-1,0x28,0.81,179.31,97.19,0,3,0,0
2026-08-15T23:25:55.244,IMU-1,0x28,0.81,179.31,97.19,0,3,0,0
2026-08-15T23:25:55.345,IMU-1,0x28,0.81,179.31,97.19,0,3,0,0
2026-08-15T23:25:55.445,IMU-1,0x28,0.81,179.31,97.19,0,3,0,0
2026-08-15T23:25:55.544,IMU-1,0x28,0.81,179.31,97.19,0,3,0,0
2026-08-15T23:25:55.644,IMU-1,0x28,0.81,179.31,97.19,0,3,0,0
2026-08-15T23:25:55.744,IMU-1,0x28,0.81,179.31,97.19,0,3,0,0
2026-08-15T23:25:55.844,IMU-1,0x28,0.81,179.31,97.19,0,3,0,0
2026-08-15T23:25:55.944,IMU-1,0x28,0.81,179.31,97.19,0,3,0,0
2026-08-15T23:25:56.044,IMU-1,0x28,0.81,179.31,97.19,0,3,0,0
2026-08-15T23:25:56.144,IMU-1,0x28,0.81,179.31,97.19,0,3,0,0
2026-08-15T23:25:56.244,IMU-1,0x28,0.81,179.31,97.19,0,3,0,0
2026-08-15T23:25:56.344,IMU-1,0x28,0.81,179.31,97.19,0,3,0,0
2026-08-15T23:25:56.445,IMU-1,0x28,0.81,179.31,97.19,0,3,0,0
2026-08-15T23:25:56.544,IMU-1,0x28,0.81,179.31,97.19,0,3,0,0
2026-08-15T23:25:56.644,IMU-1,0x28,0.81,179.31,97.19,0,3,0,0
2026-08-15T23:25:56.744,IMU-1,0x28,0.81,179.31,97.19,0,3,0,0
2026-08-15T23:25:56.845,IMU-1,0x28,0.81,179.31,97.19,0,3,0,0
2026-08-15T23:25:56.945,IMU-1,0x28,0.81,179.31,97.19,0,3,0,0
2026-08-15T23:25:57.045,IMU-1,0x28,0.81,179.31,97.19,0,3,0,0
2026-08-15T23:25:57.145,IMU-1,0x28,0.81,179.31,97.19,0,3,0,0
2026-08-15T23:25:57.246,IMU-1,0x28,0.81,179.31,97.19,0,3,0,0
2026-08-15T23:25:57.346,IMU-1,0x28,0.81,179.31,97.19,0,3,0,0
2026-08-15T23:25:57.447,IMU-1,0x28,0.81,179.31,97.19,0,3,0,0
2026-08-15T23:25:57.546,IMU-1,0x28,0.81,179.31,97.19,0,3,0,0
2026-08-15T23:25:57.646,IMU-1,0x28,0.81,179.31,97.19,0,3,0,0
2026-08-15T23:25:57.746,IMU-1,0x28,0.81,179.31,97.19,0,3,0,0
2026-08-15T23:25:57.846,IMU-1,0x28,0.81,179.31,97.19,0,3,0,0
2026-08-15T23:25:57.946,IMU-1,0x28,0.81,179.31,97.19,0,3,0,0
2026-08-15T23:25:58.046,IMU-1,0x28,0.81,179.31,97.19,0,3,0,0
2026-08-15T23:25:58.146,IMU-1,0x28,0.81,179.31,97.19,0,3,0,0
2026-08-15T23:25:58.246,IMU-1,0x28,0.81,179.31,97.19,0,3,0,0
2026-08-15T23:25:58.345,IMU-1,0x28,0.81,179.31,97.19,0,3,0,0
2026-08-15T23:25:58.446,IMU-1,0x28,0.81,179.31,97.19,0,3,0,0
2026-08-15T23:25:58.545,IMU-1,0x28,0.81,179.31,97.19,0,3,0,0
2026-08-15T23:25:58.645,IMU-1,0x28,0.81,179.31,97.19,0,3,0,0
2026-08-15T23:25:58.745,IMU-1,0x28,0.81,179.31,97.19,0,3,0,0
2026-08-15T23:25:58.845,IMU-1,0x28,0.81,179.31,97.19,0,3,0,0
2026-08-15T23:25:58.945,IMU-1,0x28,0.81,179.31,97.19,0,3,0,0
2026-08-15T23:25:59.045,IMU-1,0x28,0.81,179.31,97.19,0,3,0,0
2026-08-15T23:25:59.145,IMU-1,0x28,0.81,179.31,97.19,0,3,0,0
2026-08-15T23:25:59.245,IMU-1,0x28,0.81,179.31,97.19,0,3,0,0
2026-08-15T23:25:59.345,IMU-1,0x28,0.81,179.31,97.19,0,3,0,0
2026-08-15T23:25:59.446,IMU-1,0x28,0.81,179.31,97.19,0,3,0,0
2026-08-15T23:25:59.546,IMU-1,0x28,0.81,179.31,97.19,0,3,0,0
2026-08-15T23:25:59.646,IMU-1,0x28,0.81,179.31,97.19,0,3,0,0
2026-08-15T23:25:59.746,IMU-1,0x28,0.81,179.31,97.19,0,3,0,0
2026-08-15T23:25:59.847,IMU-1,0x28,0.81,179.31,97.19,0,3,0,0
2026-08-15T23:25:59.947,IMU-1,0x28,0.81,179.31,97.19,0,3,0,0
2026-08-15T23:26:00.047,IMU-1,0x28,0.81,179.31,97.19,0,3,0,0
2026-08-15T23:26:00.147,IMU-1,0x28,0.81,179.31,97.19,0,3,0,0
2026-08-15T23:26:00.247,IMU-1,0x28,0.81,179.31,97.19,0,3,0,0
2026-08-15T23:26:00.348,IMU-1,0x28,0.81,179.31,97.19,0,3,0,0
2026-08-15T23:26:00.448,IMU-1,0x28,0.81,179.31,97.19,0,3,0,0
2026-08-15T23:26:00.548,IMU-1,0x28,0.81,179.31,97.19,0,3,0,0
2026-08-15T23:26:00.648,IMU-1,0x28,0.81,179.31,97.19,0,3,0,0
2026-08-15T23:26:00.748,IMU-1,0x28,0.81,179.31,97.19,0,3,0,0
2026-08-15T23:26:00.848,IMU-1,0x28,0.81,179.31,97.19,0,3,0,0
2026-08-15T23:26:00.948,IMU-1,0x28,0.81,179.31,97.19,0,3,0,0
2026-08-15T23:26:01.048,IMU-1,0x28,0.81,179.31,97.19,0,3,0,0
2026-08-15T23:26:01.148,IMU-1,0x28,0.81,179.31,97.19,0,3,0,0
2026-08-15T23:26:01.247,IMU-1,0x28,0.81,179.31,97.19,0,3,0,0
2026-08-15T23:26:01.347,IMU-1,0x28,0.81,179.31,97.19,0,3,0,0
2026-08-15T23:26:01.448,IMU-1,0x28,0.81,179.31,97.19,0,3,0,0
2026-08-15T23:26:01.547,IMU-1,0x28,0.81,179.31,97.19,0,3,0,0
2026-08-15T23:26:01.647,IMU-1,0x28,0.81,179.31,97.19,0,3,0,0
2026-08-15T23:26:01.747,IMU-1,0x28,0.81,179.31,97.19,0,3,0,0
2026-08-15T23:26:01.847,IMU-1,0x28,0.81,179.31,97.19,0,3,0,0
2026-08-15T23:26:01.947,IMU-1,0x28,0.81,179.31,97.19,0,3,0,0
2026-08-15T23:26:02.047,IMU-1,0x28,0.81,179.31,97.19,0,3,0,0
2026-08-15T23:26:02.147,IMU-1,0x28,0.81,179.31,97.19,0,3,0,0
2026-08-15T23:26:02.248,IMU-1,0x28,0.81,179.31,97.19,0,3,0,0
2026-08-15T23:26:02.348,IMU-1,0x28,0.81,179.31,97.19,0,3,0,0
2026-08-15T23:26:02.449,IMU-1,0x28,0.81,179.31,97.19,0,3,0,0
2026-08-15T23:26:02.549,IMU-1,0x28,0.81,179.31,97.19,0,3,0,0
2026-08-15T23:26:02.648,IMU-1,0x28,0.81,179.31,97.19,0,3,0,0
2026-08-15T23:26:02.748,IMU-1,0x28,0.81,179.31,97.19,0,3,0,0
2026-08-15T23:26:02.849,IMU-1,0x28,0.81,179.31,97.19,0,3,0,0
2026-08-15T23:26:02.949,IMU-1,0x28,0.81,179.31,97.19,0,3,0,0
2026-08-15T23:26:03.049,IMU-1,0x28,0.81,179.31,97.19,0,3,0,0
2026-08-15T23:26:03.149,IMU-1,0x28,0.81,179.31,97.19,0,3,0,0
2026-08-15T23:26:03.250,IMU-1,0x28,0.81,179.31,97.19,0,3,0,0
2026-08-15T23:26:03.350,IMU-1,0x28,0.81,179.31,97.19,0,3,0,0
2026-08-15T23:26:03.451,IMU-1,0x28,0.81,179.31,97.19,0,3,0,0
2026-08-15T23:26:03.550,IMU-1,0x28,0.81,179.31,97.19,0,3,0,0
2026-08-15T23:26:03.650,IMU-1,0x28,0.81,179.31,97.19,0,3,0,0
2026-08-15T23:26:03.750,IMU-1,0x28,0.81,179.31,97.19,0,3,0,0
2026-08-15T23:26:03.850,IMU-1,0x28,0.81,179.31,97.19,0,3,0,0
2026-08-15T23:26:03.950,IMU-1,0x28,0.81,179.31,97.19,0,3,0,0
2026-08-15T23:26:04.050,IMU-1,0x28,0.81,179.31,97.19,0,3,0,0
2026-08-15T23:26:04.150,IMU-1,0x28,0.81,179.31,97.19,0,3,0,0
2026-08-15T23:26:04.250,IMU-1,0x28,0.81,179.31,97.19,0,3,0,0
2026-08-15T23:26:04.349,IMU-1,0x28,0.81,179.31,97.19,0,3,0,0
2026-08-15T23:26:04.450,IMU-1,0x28,0.81,179.31,97.19,0,3,0,0
2026-08-15T23:26:04.549,IMU-1,0x28,0.81,179.31,97.19,0,3,0,0
2026-08-15T23:26:04.650,IMU-1,0x28,0.81,179.31,97.19,0,3,0,0
2026-08-15T23:26:04.749,IMU-1,0x28,0.81,179.31,97.19,0,3,0,0
2026-08-15T23:26:04.850,IMU-1,0x28,0.81,179.31,97.19,0,3,0,0
2026-08-15T23:26:04.950,IMU-1,0x28,0.81,179.31,97.19,0,3,0,0
2026-08-15T23:26:05.050,IMU-1,0x28,0.81,179.31,97.19,0,3,0,0
2026-08-15T23:26:05.150,IMU-1,0x28,0.81,179.31,97.19,0,3,0,0
2026-08-15T23:26:05.250,IMU-1,0x28,0.81,179.31,97.19,0,3,0,0
2026-08-15T23:26:05.350,IMU-1,0x28,0.81,179.31,97.19,0,3,0,0
2026-08-15T23:26:05.451,IMU-1,0x28,0.81,179.31,97.19,0,3,0,0
2026-08-15T23:26:05.550,IMU-1,0x28,0.81,179.31,97.19,0,3,0,0
2026-08-15T23:26:05.650,IMU-1,0x28,0.81,179.31,97.19,0,3,0,0
2026-08-15T23:26:05.750,IMU-1,0x28,0.81,179.31,97.19,0,3,0,0
2026-08-15T23:26:05.851,IMU-1,0x28,0.81,179.31,97.19,0,3,0,0
2026-08-15T23:26:05.951,IMU-1,0x28,0.81,179.31,97.19,0,3,0,0
2026-08-15T23:26:06.051,IMU-1,0x28,0.81,179.31,97.19,0,3,0,0
2026-08-15T23:26:06.151,IMU-1,0x28,0.81,179.31,97.19,0,3,0,0
2026-08-15T23:26:06.251,IMU-1,0x28,0.81,179.31,97.19,0,3,0,0
2026-08-15T23:26:06.351,IMU-1,0x28,0.81,179.31,97.19,0,3,0,0
2026-08-15T23:26:06.452,IMU-1,0x28,0.81,179.31,97.19,0,3,0,0
2026-08-15T23:26:06.550,IMU-1,0x28,0.81,179.31,97.19,0,3,0,0
2026-08-15T23:26:06.650,IMU-1,0x28,0.81,179.31,97.19,0,3,0,0
2026-08-15T23:26:06.750,IMU-1,0x28,0.81,179.31,97.19,0,3,0,0
2026-08-15T23:26:06.850,IMU-1,0x28,0.81,179.31,97.19,0,3,0,0
2026-08-15T23:26:06.951,IMU-1,0x28,0.81,179.31,97.19,0,3,0,0
2026-08-15T23:26:07.051,IMU-1,0x28,0.81,179.31,97.19,0,3,0,0
2026-08-15T23:26:07.151,IMU-1,0x28,0.81,179.31,97.19,0,3,0,0
2026-08-15T23:26:07.251,IMU-1,0x28,0.81,179.31,97.19,0,3,0,0
2026-08-15T23:26:07.351,IMU-1,0x28,0.81,179.31,97.19,0,3,0,0
2026-08-15T23:26:07.452,IMU-1,0x28,0.81,179.31,97.19,0,3,0,0
2026-08-15T23:26:07.551,IMU-1,0x28,0.81,179.31,97.19,0,3,0,0
2026-08-15T23:26:07.651,IMU-1,0x28,0.81,179.31,97.19,0,3,0,0
2026-08-15T23:26:07.751,IMU-1,0x28,0.81,179.31,97.19,0,3,0,0
2026-08-15T23:26:07.851,IMU-1,0x28,0.81,179.31,97.19,0,3,0,0
2026-08-15T23:26:07.952,IMU-1,0x28,0.81,179.31,97.19,0,3,0,0
2026-08-15T23:26:08.052,IMU-1,0x28,0.81,179.31,97.19,0,3,0,0
2026-08-15T23:26:08.152,IMU-1,0x28,0.81,179.31,97.19,0,3,0,0
2026-08-15T23:26:08.252,IMU-1,0x28,0.81,179.31,97.19,0,3,0,0
2026-08-15T23:26:08.352,IMU-1,0x28,0.81,179.31,97.19,0,3,0,0
2026-08-15T23:26:08.453,IMU-1,0x28,0.81,179.31,97.19,0,3,0,0
2026-08-15T23:26:08.552,IMU-1,0x28,0.81,179.31,97.19,0,3,0,0
2026-08-15T23:26:08.652,IMU-1,0x28,0.81,179.31,97.19,0,3,0,0
2026-08-15T23:26:08.753,IMU-1,0x28,0.81,179.31,97.19,0,3,0,0
2026-08-15T23:26:08.853,IMU-1,0x28,0.81,179.31,97.19,0,3,0,0
2026-08-15T23:26:08.953,IMU-1,0x28,0.81,179.31,97.19,0,3,0,0
2026-08-15T23:26:09.053,IMU-1,0x28,0.81,179.31,97.19,0,3,0,0
2026-08-15T23:26:09.153,IMU-1,0x28,0.81,179.31,97.19,0,3,0,0
2026-08-15T23:26:09.253,IMU-1,0x28,0.81,179.31,97.19,0,3,0,0
2026-08-15T23:26:09.353,IMU-1,0x28,0.81,179.31,97.19,0,3,0,0
2026-08-15T23:26:09.454,IMU-1,0x28,0.81,179.31,97.19,0,3,0,0
2026-08-15T23:26:09.553,IMU-1,0x28,0.81,179.31,97.19,0,3,0,0
2026-08-15T23:26:09.653,IMU-1,0x28,0.81,179.31,97.19,0,3,0,0
2026-08-15T23:26:09.753,IMU-1,0x28,0.81,179.31,97.19,0,3,0,0
2026-08-15T23:26:09.854,IMU-1,0x28,0.81,179.31,97.19,0,3,0,0
2026-08-15T23:26:09.954,IMU-1,0x28,0.81,179.31,97.19,0,3,0,0
2026-08-15T23:26:10.053,IMU-1,0x28,0.81,179.31,97.19,0,3,0,0
2026-08-15T23:26:10.153,IMU-1,0x28,0.81,179.31,97.19,0,3,0,0
2026-08-15T23:26:10.252,IMU-1,0x28,0.81,179.31,97.19,0,3,0,0
2026-08-15T23:26:10.352,IMU-1,0x28,0.81,179.31,97.19,0,3,0,0
2026-08-15T23:26:10.453,IMU-1,0x28,0.81,179.31,97.19,0,3,0,0
2026-08-15T23:26:10.552,IMU-1,0x28,0.81,179.31,97.19,0,3,0,0
2026-08-15T23:26:10.652,IMU-1,0x28,0.81,179.31,97.19,0,3,0,0
2026-08-15T23:26:10.752,IMU-1,0x28,0.81,179.31,97.19,0,3,0,0
2026-08-15T23:26:10.853,IMU-1,0x28,0.81,179.31,97.19,0,3,0,0
2026-08-15T23:26:10.953,IMU-1,0x28,0.81,179.31,97.19,0,3,0,0
2026-08-15T23:26:11.053,IMU-1,0x28,0.81,179.31,97.19,0,3,0,0
2026-08-15T23:26:11.153,IMU-1,0x28,0.81,179.31,97.19,0,3,0,0
2026-08-15T23:26:11.253,IMU-1,0x28,0.81,179.31,97.19,0,3,0,0
2026-08-15T23:26:11.353,IMU-1,0x28,0.81,179.31,97.19,0,3,0,0
2026-08-15T23:26:11.454,IMU-1,0x28,0.81,179.31,97.19,0,3,0,0
2026-08-15T23:26:11.554,IMU-1,0x28,0.81,179.31,97.19,0,3,0,0
2026-08-15T23:26:11.654,IMU-1,0x28,0.81,179.31,97.19,0,3,0,0
2026-08-15T23:26:11.755,IMU-1,0x28,0.81,179.31,97.19,0,3,0,0
2026-08-15T23:26:11.855,IMU-1,0x28,0.81,179.31,97.19,0,3,0,0
2026-08-15T23:26:11.955,IMU-1,0x28,0.81,179.31,97.19,0,3,0,0
2026-08-15T23:26:12.055,IMU-1,0x28,0.81,179.31,97.19,0,3,0,0
2026-08-15T23:26:12.155,IMU-1,0x28,0.81,179.31,97.19,0,3,0,0
2026-08-15T23:26:12.255,IMU-1,0x28,0.81,179.31,97.19,0,3,0,0
2026-08-15T23:26:12.355,IMU-1,0x28,0.81,179.31,97.19,0,3,0,0
2026-08-15T23:26:12.456,IMU-1,0x28,0.81,179.31,97.19,0,3,0,0
2026-08-15T23:26:12.555,IMU-1,0x28,0.81,179.31,97.19,0,3,0,0
2026-08-15T23:26:12.655,IMU-1,0x28,0.81,179.31,97.19,0,3,0,0
2026-08-15T23:26:12.755,IMU-1,0x28,0.81,179.31,97.19,0,3,0,0
2026-08-15T23:26:12.855,IMU-1,0x28,0.81,179.31,97.19,0,3,0,0
2026-08-15T23:26:12.955,IMU-1,0x28,0.81,179.31,97.19,0,3,0,0
2026-08-15T23:26:13.054,IMU-1,0x28,0.81,179.31,97.19,0,3,0,0
2026-08-15T23:26:13.154,IMU-1,0x28,0.81,179.31,97.19,0,3,0,0
2026-08-15T23:26:13.254,IMU-1,0x28,0.81,179.31,97.19,0,3,0,0
2026-08-15T23:26:13.354,IMU-1,0x28,0.81,179.31,97.19,0,3,0,0
2026-08-15T23:26:13.455,IMU-1,0x28,0.81,179.31,97.19,0,3,0,0
2026-08-15T23:26:13.554,IMU-1,0x28,0.81,179.31,97.19,0,3,0,0
2026-08-15T23:26:13.654,IMU-1,0x28,0.81,179.31,97.19,0,3,0,0
2026-08-15T23:26:13.754,IMU-1,0x28,0.81,179.31,97.19,0,3,0,0
2026-08-15T23:26:13.854,IMU-1,0x28,0.81,179.31,97.19,0,3,0,0
2026-08-15T23:26:13.955,IMU-1,0x28,0.81,179.31,97.19,0,3,0,0
2026-08-15T23:26:14.055,IMU-1,0x28,0.81,179.31,97.19,0,3,0,0
2026-08-15T23:26:14.155,IMU-1,0x28,0.81,179.31,97.19,0,3,0,0
2026-08-15T23:26:14.256,IMU-1,0x28,0.81,179.31,97.19,0,3,0,0
2026-08-15T23:26:14.356,IMU-1,0x28,0.81,179.31,97.19,0,3,0,0
2026-08-15T23:26:14.456,IMU-1,0x28,0.81,179.31,97.19,0,3,0,0
2026-08-15T23:26:14.556,IMU-1,0x28,0.81,179.31,97.19,0,3,0,0
2026-08-15T23:26:14.656,IMU-1,0x28,0.81,179.31,97.19,0,3,0,0
2026-08-15T23:26:14.757,IMU-1,0x28,0.81,179.31,97.19,0,3,0,0
2026-08-15T23:26:14.857,IMU-1,0x28,0.81,179.31,97.19,0,3,0,0
2026-08-15T23:26:14.957,IMU-1,0x28,0.81,179.31,97.19,0,3,0,0
2026-08-15T23:26:15.057,IMU-1,0x28,0.81,179.31,97.19,0,3,0,0
2026-08-15T23:26:15.157,IMU-1,0x28,0.81,179.31,97.19,0,3,0,0
2026-08-15T23:26:15.257,IMU-1,0x28,0.81,179.31,97.19,0,3,0,0
2026-08-15T23:26:15.357,IMU-1,0x28,0.81,179.31,97.19,0,3,0,0
2026-08-15T23:26:15.458,IMU-1,0x28,0.81,179.31,97.19,0,3,0,0
2026-08-15T23:26:15.557,IMU-1,0x28,0.81,179.31,97.19,0,3,0,0
2026-08-15T23:26:15.657,IMU-1,0x28,0.81,179.31,97.19,0,3,0,0
2026-08-15T23:26:15.757,IMU-1,0x28,0.81,179.31,97.19,0,3,0,0
2026-08-15T23:26:15.857,IMU-1,0x28,0.81,179.31,97.19,0,3,0,0
2026-08-15T23:26:15.956,IMU-1,0x28,0.81,179.31,97.19,0,3,0,0
2026-08-15T23:26:16.056,IMU-1,0x28,0.81,179.31,97.19,0,3,0,0
2026-08-15T23:26:16.156,IMU-1,0x28,0.81,179.31,97.19,0,3,0,0
2026-08-15T23:26:16.256,IMU-1,0x28,0.81,179.31,97.19,0,3,0,0
2026-08-15T23:26:16.356,IMU-1,0x28,0.81,179.31,97.19,0,3,0,0
2026-08-15T23:26:16.457,IMU-1,0x28,0.81,179.31,97.19,0,3,0,0
2026-08-15T23:26:16.557,IMU-1,0x28,0.81,179.31,97.19,0,3,0,0
2026-08-15T23:26:16.657,IMU-1,0x28,0.81,179.31,97.19,0,3,0,0
2026-08-15T23:26:16.757,IMU-1,0x28,0.81,179.31,97.19,0,3,0,0
2026-08-15T23:26:16.857,IMU-1,0x28,0.81,179.31,97.19,0,3,0,0
2026-08-15T23:26:16.957,IMU-1,0x28,0.81,179.31,97.19,0,3,0,0
2026-08-15T23:26:17.057,IMU-1,0x28,0.81,179.31,97.19,0,3,0,0
2026-08-15T23:26:17.158,IMU-1,0x28,0.81,179.31,97.19,0,3,0,0
2026-08-15T23:26:17.257,IMU-1,0x28,0.81,179.31,97.19,0,3,0,0
2026-08-15T23:26:17.358,IMU-1,0x28,0.81,179.31,97.19,0,3,0,0
2026-08-15T23:26:17.459,IMU-1,0x28,0.81,179.31,97.19,0,3,0,0
2026-08-15T23:26:17.558,IMU-1,0x28,0.81,179.31,97.19,0,3,0,0
2026-08-15T23:26:17.658,IMU-1,0x28,0.81,179.31,97.19,0,3,0,0
2026-08-15T23:26:17.758,IMU-1,0x28,0.81,179.31,97.19,0,3,0,0
2026-08-15T23:26:17.858,IMU-1,0x28,0.81,179.31,97.19,0,3,0,0
2026-08-15T23:26:17.959,IMU-1,0x28,0.81,179.31,97.19,0,3,0,0
2026-08-15T23:26:18.059,IMU-1,0x28,0.81,179.31,97.19,0,3,0,0
2026-08-15T23:26:18.159,IMU-1,0x28,0.81,179.31,97.19,0,3,0,0
2026-08-15T23:26:18.259,IMU-1,0x28,0.81,179.31,97.19,0,3,0,0
2026-08-15T23:26:18.359,IMU-1,0x28,0.81,179.31,97.19,0,3,0,0
2026-08-15T23:26:18.460,IMU-1,0x28,0.81,179.31,97.19,0,3,0,0
2026-08-15T23:26:18.559,IMU-1,0x28,0.81,179.31,97.19,0,3,0,0
2026-08-15T23:26:18.659,IMU-1,0x28,0.81,179.31,97.19,0,3,0,0
2026-08-15T23:26:18.759,IMU-1,0x28,0.81,179.31,97.19,0,3,0,0
2026-08-15T23:26:18.859,IMU-1,0x28,0.81,179.31,97.19,0,3,0,0
2026-08-15T23:26:18.959,IMU-1,0x28,0.81,179.31,97.19,0,3,0,0
2026-08-15T23:26:19.059,IMU-1,0x28,0.81,179.31,97.19,0,3,0,0
2026-08-15T23:26:19.159,IMU-1,0x28,0.81,179.31,97.19,0,3,0,0
2026-08-15T23:26:19.259,IMU-1,0x28,0.81,179.31,97.19,0,3,0,0
2026-08-15T23:26:19.359,IMU-1,0x28,0.81,179.31,97.19,0,3,0,0
2026-08-15T23:26:19.460,IMU-1,0x28,0.81,179.31,97.19,0,3,0,0
2026-08-15T23:26:19.559,IMU-1,0x28,0.81,179.31,97.19,0,3,0,0
2026-08-15T23:26:19.659,IMU-1,0x28,0.81,179.31,97.19,0,3,0,0
2026-08-15T23:26:19.759,IMU-1,0x28,0.81,179.31,97.19,0,3,0,0
2026-08-15T23:26:19.859,IMU-1,0x28,0.81,179.31,97.19,0,3,0,0
2026-08-15T23:26:19.959,IMU-1,0x28,0.81,179.31,97.19,0,3,0,0
2026-08-15T23:26:20.059,IMU-1,0x28,0.81,179.31,97.19,0,3,0,0
2026-08-15T23:26:20.159,IMU-1,0x28,0.81,179.31,97.19,0,3,0,0
2026-08-15T23:26:20.259,IMU-1,0x28,0.81,179.31,97.19,0,3,0,0
2026-08-15T23:26:20.359,IMU-1,0x28,0.81,179.31,97.19,0,3,0,0
2026-08-15T23:26:20.461,IMU-1,0x28,0.81,179.31,97.19,0,3,0,0
2026-08-15T23:26:20.560,IMU-1,0x28,0.81,179.31,97.19,0,3,0,0
2026-08-15T23:26:20.660,IMU-1,0x28,0.81,179.31,97.19,0,3,0,0
2026-08-15T23:26:20.760,IMU-1,0x28,0.81,179.31,97.19,0,3,0,0
2026-08-15T23:26:20.860,IMU-1,0x28,0.81,179.31,97.19,0,3,0,0
2026-08-15T23:26:20.960,IMU-1,0x28,0.81,179.31,97.19,0,3,0,0
2026-08-15T23:26:21.061,IMU-1,0x28,0.81,179.31,97.19,0,3,0,0
2026-08-15T23:26:21.161,IMU-1,0x28,0.81,179.31,97.19,0,3,0,0
2026-08-15T23:26:21.261,IMU-1,0x28,0.81,179.31,97.19,0,3,0,0
2026-08-15T23:26:21.361,IMU-1,0x28,0.81,179.31,97.19,0,3,0,0
2026-08-15T23:26:21.461,IMU-1,0x28,0.81,179.31,97.19,0,3,0,0
2026-08-15T23:26:21.560,IMU-1,0x28,0.81,179.31,97.19,0,3,0,0
2026-08-15T23:26:21.660,IMU-1,0x28,0.81,179.31,97.19,0,3,0,0
2026-08-15T23:26:21.759,IMU-1,0x28,0.81,179.31,97.19,0,3,0,0
2026-08-15T23:26:21.859,IMU-1,0x28,0.81,179.31,97.19,0,3,0,0
2026-08-15T23:26:21.959,IMU-1,0x28,0.81,179.31,97.19,0,3,0,0
2026-08-15T23:26:22.060,IMU-1,0x28,0.81,179.31,97.19,0,3,0,0
2026-08-15T23:26:22.160,IMU-1,0x28,0.81,179.31,97.19,0,3,0,0
2026-08-15T23:26:22.260,IMU-1,0x28,0.81,179.31,97.19,0,3,0,0
2026-08-15T23:26:22.360,IMU-1,0x28,0.81,179.31,97.19,0,3,0,0
2026-08-15T23:26:22.460,IMU-1,0x28,0.81,179.31,97.19,0,3,0,0
2026-08-15T23:26:22.560,IMU-1,0x28,0.81,179.31,97.19,0,3,0,0
2026-08-15T23:26:22.660,IMU-1,0x28,0.81,179.31,97.19,0,3,0,0
2026-08-15T23:26:22.760,IMU-1,0x28,0.81,179.31,97.19,0,3,0,0
2026-08-15T23:26:22.860,IMU-1,0x28,0.81,179.31,97.19,0,3,0,0
2026-08-15T23:26:22.961,IMU-1,0x28,0.81,179.31,97.19,0,3,0,0
2026-08-15T23:26:23.061,IMU-1,0x28,0.81,179.31,97.19,0,3,0,0
2026-08-15T23:26:23.161,IMU-1,0x28,0.81,179.31,97.19,0,3,0,0
2026-08-15T23:26:23.261,IMU-1,0x28,0.81,179.31,97.19,0,3,0,0
2026-08-15T23:26:23.362,IMU-1,0x28,0.81,179.31,97.19,0,3,0,0
2026-08-15T23:26:23.462,IMU-1,0x28,0.81,179.31,97.19,0,3,0,0
2026-08-15T23:26:23.562,IMU-1,0x28,0.81,179.31,97.19,0,3,0,0
2026-08-15T23:26:23.662,IMU-1,0x28,0.81,179.31,97.19,0,3,0,0
2026-08-15T23:26:23.762,IMU-1,0x28,0.81,179.31,97.19,0,3,0,0
2026-08-15T23:26:23.862,IMU-1,0x28,0.81,179.31,97.19,0,3,0,0
2026-08-15T23:26:23.962,IMU-1,0x28,0.81,179.31,97.19,0,3,0,0
2026-08-15T23:26:24.063,IMU-1,0x28,0.81,179.31,97.19,0,3,0,0
2026-08-15T23:26:24.162,IMU-1,0x28,0.81,179.31,97.19,0,3,0,0
2026-08-15T23:26:24.262,IMU-1,0x28,0.81,179.31,97.19,0,3,0,0
2026-08-15T23:26:24.363,IMU-1,0x28,0.81,179.31,97.19,0,3,0,0
2026-08-15T23:26:24.463,IMU-1,0x28,0.81,179.31,97.19,0,3,0,0
2026-08-15T23:26:24.563,IMU-1,0x28,0.81,179.31,97.19,0,3,0,0
2026-08-15T23:26:24.663,IMU-1,0x28,0.81,179.31,97.19,0,3,0,0
2026-08-15T23:26:24.762,IMU-1,0x28,0.81,179.31,97.19,0,3,0,0
2026-08-15T23:26:24.862,IMU-1,0x28,0.81,179.31,97.19,0,3,0,0
2026-08-15T23:26:24.962,IMU-1,0x28,0.81,179.31,97.19,0,3,0,0
2026-08-15T23:26:25.061,IMU-1,0x28,0.81,179.31,97.19,0,3,0,0
2026-08-15T23:26:25.161,IMU-1,0x28,0.81,179.31,97.19,0,3,0,0
2026-08-15T23:26:25.262,IMU-1,0x28,0.81,179.31,97.19,0,3,0,0
2026-08-15T23:26:25.362,IMU-1,0x28,0.81,179.31,97.19,0,3,0,0
2026-08-15T23:26:25.462,IMU-1,0x28,0.81,179.31,97.19,0,3,0,0
2026-08-15T23:26:25.562,IMU-1,0x28,0.81,179.31,97.19,0,3,0,0
2026-08-15T23:26:25.662,IMU-1,0x28,0.81,179.31,97.19,0,3,0,0
2026-08-15T23:26:25.762,IMU-1,0x28,0.81,179.31,97.19,0,3,0,0
2026-08-15T23:26:25.863,IMU-1,0x28,0.81,179.31,97.19,0,3,0,0
2026-08-15T23:26:25.963,IMU-1,0x28,0.81,179.31,97.19,0,3,0,0
2026-08-15T23:26:26.063,IMU-1,0x28,0.81,179.31,97.19,0,3,0,0
2026-08-15T23:26:26.163,IMU-1,0x28,0.81,179.31,97.19,0,3,0,0
2026-08-15T23:26:26.263,IMU-1,0x28,0.81,179.31,97.19,0,3,0,0
2026-08-15T23:26:26.363,IMU-1,0x28,0.81,179.31,97.19,0,3,0,0
2026-08-15T23:26:26.465,IMU-1,0x28,0.81,179.31,97.19,0,3,0,0
2026-08-15T23:26:26.564,IMU-1,0x28,0.81,179.31,97.19,0,3,0,0
2026-08-15T23:26:26.664,IMU-1,0x28,0.81,179.31,97.19,0,3,0,0
2026-08-15T23:26:26.764,IMU-1,0x28,0.81,179.31,97.19,0,3,0,0
2026-08-15T23:26:26.865,IMU-1,0x28,0.81,179.31,97.19,0,3,0,0
2026-08-15T23:26:26.964,IMU-1,0x28,0.81,179.31,97.19,0,3,0,0
2026-08-15T23:26:27.064,IMU-1,0x28,0.81,179.31,97.19,0,3,0,0
2026-08-15T23:26:27.165,IMU-1,0x28,0.81,179.31,97.19,0,3,0,0
2026-08-15T23:26:27.264,IMU-1,0x28,0.81,179.31,97.19,0,3,0,0
2026-08-15T23:26:27.364,IMU-1,0x28,0.81,179.31,97.19,0,3,0,0
2026-08-15T23:26:27.465,IMU-1,0x28,0.81,179.31,97.19,0,3,0,0
2026-08-15T23:26:27.565,IMU-1,0x28,0.81,179.31,97.19,0,3,0,0
2026-08-15T23:26:27.664,IMU-1,0x28,0.81,179.31,97.19,0,3,0,0
2026-08-15T23:26:27.764,IMU-1,0x28,0.81,179.31,97.19,0,3,0,0
2026-08-15T23:26:27.864,IMU-1,0x28,0.81,179.31,97.19,0,3,0,0
2026-08-15T23:26:27.964,IMU-1,0x28,0.81,179.31,97.19,0,3,0,0
2026-08-15T23:26:28.064,IMU-1,0x28,0.81,179.31,97.19,0,3,0,0
2026-08-15T23:26:28.165,IMU-1,0x28,0.81,179.31,97.19,0,3,0,0
2026-08-15T23:26:28.264,IMU-1,0x28,0.81,179.31,97.19,0,3,0,0
2026-08-15T23:26:28.364,IMU-1,0x28,0.81,179.31,97.19,0,3,0,0
2026-08-15T23:26:28.465,IMU-1,0x28,0.81,179.31,97.19,0,3,0,0
2026-08-15T23:26:28.564,IMU-1,0x28,0.81,179.31,97.19,0,3,0,0
2026-08-15T23:26:28.665,IMU-1,0x28,0.81,179.31,97.19,0,3,0,0
2026-08-15T23:26:28.765,IMU-1,0x28,0.81,179.31,97.19,0,3,0,0
2026-08-15T23:26:28.865,IMU-1,0x28,0.81,179.31,97.19,0,3,0,0
2026-08-15T23:26:28.965,IMU-1,0x28,0.81,179.31,97.19,0,3,0,0
2026-08-15T23:26:29.065,IMU-1,0x28,0.81,179.31,97.19,0,3,0,0
2026-08-15T23:26:29.165,IMU-1,0x28,0.81,179.31,97.19,0,3,0,0
2026-08-15T23:26:29.265,IMU-1,0x28,0.81,179.31,97.19,0,3,0,0
2026-08-15T23:26:29.365,IMU-1,0x28,0.81,179.31,97.19,0,3,0,0
2026-08-15T23:26:29.466,IMU-1,0x28,0.81,179.31,97.19,0,3,0,0
2026-08-15T23:26:29.566,IMU-1,0x28,0.81,179.31,97.19,0,3,0,0
2026-08-15T23:26:29.666,IMU-1,0x28,0.81,179.31,97.19,0,3,0,0
2026-08-15T23:26:29.766,IMU-1,0x28,0.81,179.31,97.19,0,3,0,0
2026-08-15T23:26:29.866,IMU-1,0x28,0.81,179.31,97.19,0,3,0,0
2026-08-15T23:26:29.966,IMU-1,0x28,0.81,179.31,97.19,0,3,0,0
2026-08-15T23:26:30.066,IMU-1,0x28,0.81,179.31,97.19,0,3,0,0
2026-08-15T23:26:30.166,IMU-1,0x28,0.81,179.31,97.19,0,3,0,0
2026-08-15T23:26:30.266,IMU-1,0x28,0.81,179.31,97.19,0,3,0,0
2026-08-15T23:26:30.366,IMU-1,0x28,0.81,179.31,97.19,0,3,0,0
2026-08-15T23:26:30.467,IMU-1,0x28,0.81,179.31,97.19,0,3,0,0
2026-08-15T23:26:30.566,IMU-1,0x28,0.81,179.31,97.19,0,3,0,0
2026-08-15T23:26:30.667,IMU-1,0x28,0.81,179.31,97.19,0,3,0,0
2026-08-15T23:26:30.767,IMU-1,0x28,0.81,179.31,97.19,0,3,0,0
2026-08-15T23:26:30.867,IMU-1,0x28,0.81,179.31,97.19,0,3,0,0
2026-08-15T23:26:30.967,IMU-1,0x28,0.81,179.31,97.19,0,3,0,0
2026-08-15T23:26:31.067,IMU-1,0x28,0.81,179.31,97.19,0,3,0,0
2026-08-15T23:26:31.167,IMU-1,0x28,0.81,179.31,97.19,0,3,0,0
2026-08-15T23:26:31.266,IMU-1,0x28,0.81,179.31,97.19,0,3,0,0
2026-08-15T23:26:31.366,IMU-1,0x28,0.81,179.31,97.19,0,3,0,0
2026-08-15T23:26:31.467,IMU-1,0x28,0.81,179.31,97.19,0,3,0,0
2026-08-15T23:26:31.566,IMU-1,0x28,0.81,179.31,97.19,0,3,0,0
2026-08-15T23:26:31.666,IMU-1,0x28,0.81,179.31,97.19,0,3,0,0
2026-08-15T23:26:31.766,IMU-1,0x28,0.81,179.31,97.19,0,3,0,0
2026-08-15T23:26:31.866,IMU-1,0x28,0.81,179.31,97.19,0,3,0,0
2026-08-15T23:26:31.966,IMU-1,0x28,0.81,179.31,97.19,0,3,0,0
2026-08-15T23:26:32.066,IMU-1,0x28,0.81,179.31,97.19,0,3,0,0
2026-08-15T23:26:32.167,IMU-1,0x28,0.81,179.31,97.19,0,3,0,0
2026-08-15T23:26:32.267,IMU-1,0x28,0.81,179.31,97.19,0,3,0,0
2026-08-15T23:26:32.367,IMU-1,0x28,0.81,179.31,97.19,0,3,0,0
2026-08-15T23:26:32.468,IMU-1,0x28,0.81,179.31,97.19,0,3,0,0
2026-08-15T23:26:32.567,IMU-1,0x28,0.81,179.31,97.19,0,3,0,0
2026-08-15T23:26:32.668,IMU-1,0x28,0.81,179.31,97.19,0,3,0,0
2026-08-15T23:26:32.768,IMU-1,0x28,0.81,179.31,97.19,0,3,0,0
2026-08-15T23:26:32.868,IMU-1,0x28,0.81,179.31,97.19,0,3,0,0
2026-08-15T23:26:32.968,IMU-1,0x28,0.81,179.31,97.19,0,3,0,0
2026-08-15T23:26:33.068,IMU-1,0x28,0.81,179.31,97.19,0,3,0,0
2026-08-15T23:26:33.168,IMU-1,0x28,0.81,179.31,97.19,0,3,0,0
2026-08-15T23:26:33.268,IMU-1,0x28,0.81,179.31,97.19,0,3,0,0
2026-08-15T23:26:33.368,IMU-1,0x28,0.81,179.31,97.19,0,3,0,0
2026-08-15T23:26:33.469,IMU-1,0x28,0.81,179.31,97.19,0,3,0,0
2026-08-15T23:26:33.568,IMU-1,0x28,0.81,179.31,97.19,0,3,0,0
2026-08-15T23:26:33.669,IMU-1,0x28,0.81,179.31,97.19,0,3,0,0
2026-08-15T23:26:33.769,IMU-1,0x28,0.81,179.31,97.19,0,3,0,0
2026-08-15T23:26:33.869,IMU-1,0x28,0.81,179.31,97.19,0,3,0,0
2026-08-15T23:26:33.969,IMU-1,0x28,0.81,179.31,97.19,0,3,0,0
2026-08-15T23:26:34.068,IMU-1,0x28,0.81,179.31,97.19,0,3,0,0
2026-08-15T23:26:34.168,IMU-1,0x28,0.81,179.31,97.19,0,3,0,0
2026-08-15T23:26:34.268,IMU-1,0x28,0.81,179.31,97.19,0,3,0,0
2026-08-15T23:26:34.367,IMU-1,0x28,0.81,179.31,97.19,0,3,0,0
2026-08-15T23:26:34.468,IMU-1,0x28,0.81,179.31,97.19,0,3,0,0
2026-08-15T23:26:34.568,IMU-1,0x28,0.81,179.31,97.19,0,3,0,0
2026-08-15T23:26:34.668,IMU-1,0x28,0.81,179.31,97.19,0,3,0,0
2026-08-15T23:26:34.768,IMU-1,0x28,0.81,179.31,97.19,0,3,0,0
2026-08-15T23:26:34.869,IMU-1,0x28,0.81,179.31,97.19,0,3,0,0
2026-08-15T23:26:34.969,IMU-1,0x28,0.81,179.31,97.19,0,3,0,0
2026-08-15T23:26:35.069,IMU-1,0x28,0.81,179.31,97.19,0,3,0,0
2026-08-15T23:26:35.169,IMU-1,0x28,0.81,179.31,97.19,0,3,0,0
2026-08-15T23:26:35.269,IMU-1,0x28,0.81,179.31,97.19,0,3,0,0
2026-08-15T23:26:35.369,IMU-1,0x28,0.81,179.31,97.19,0,3,0,0
2026-08-15T23:26:35.470,IMU-1,0x28,0.81,179.31,97.19,0,3,0,0
2026-08-15T23:26:35.569,IMU-1,0x28,0.81,179.31,97.19,0,3,0,0
2026-08-15T23:26:35.669,IMU-1,0x28,0.81,179.31,97.19,0,3,0,0
2026-08-15T23:26:35.769,IMU-1,0x28,0.81,179.31,97.19,0,3,0,0
2026-08-15T23:26:35.869,IMU-1,0x28,0.81,179.31,97.19,0,3,0,0
2026-08-15T23:26:35.970,IMU-1,0x28,0.81,179.31,97.19,0,3,0,0
2026-08-15T23:26:36.070,IMU-1,0x28,0.81,179.31,97.19,0,3,0,0
2026-08-15T23:26:36.170,IMU-1,0x28,0.81,179.31,97.19,0,3,0,0
2026-08-15T23:26:36.270,IMU-1,0x28,0.81,179.31,97.19,0,3,0,0
2026-08-15T23:26:36.370,IMU-1,0x28,0.81,179.31,97.19,0,3,0,0
2026-08-15T23:26:36.470,IMU-1,0x28,0.81,179.31,97.19,0,3,0,0
2026-08-15T23:26:36.569,IMU-1,0x28,0.81,179.31,97.19,0,3,0,0
2026-08-15T23:26:36.669,IMU-1,0x28,0.81,179.31,97.19,0,3,0,0
2026-08-15T23:26:36.769,IMU-1,0x28,0.81,179.31,97.19,0,3,0,0
2026-08-15T23:26:36.869,IMU-1,0x28,0.81,179.31,97.19,0,3,0,0
2026-08-15T23:26:36.969,IMU-1,0x28,0.81,179.31,97.19,0,3,0,0
2026-08-15T23:26:37.070,IMU-1,0x28,0.81,179.31,97.19,0,3,0,0
2026-08-15T23:26:37.170,IMU-1,0x28,0.81,179.31,97.19,0,3,0,0
2026-08-15T23:26:37.270,IMU-1,0x28,0.81,179.31,97.19,0,3,0,0
2026-08-15T23:26:37.370,IMU-1,0x28,0.81,179.31,97.19,0,3,0,0
2026-08-15T23:26:37.471,IMU-1,0x28,0.81,179.31,97.19,0,3,0,0
2026-08-15T23:26:37.570,IMU-1,0x28,0.81,179.31,97.19,0,3,0,0
2026-08-15T23:26:37.670,IMU-1,0x28,0.81,179.31,97.19,0,3,0,0
2026-08-15T23:26:37.770,IMU-1,0x28,0.81,179.31,97.19,0,3,0,0
2026-08-15T23:26:37.870,IMU-1,0x28,0.81,179.31,97.19,0,3,0,0
2026-08-15T23:26:37.970,IMU-1,0x28,0.81,179.31,97.19,0,3,0,0
2026-08-15T23:26:38.070,IMU-1,0x28,0.81,179.31,97.19,0,3,0,0
2026-08-15T23:26:38.170,IMU-1,0x28,0.81,179.31,97.19,0,3,0,0
2026-08-15T23:26:38.270,IMU-1,0x28,0.81,179.31,97.19,0,3,0,0
2026-08-15T23:26:38.370,IMU-1,0x28,0.81,179.31,97.19,0,3,0,0
2026-08-15T23:26:38.471,IMU-1,0x28,0.81,179.31,97.19,0,3,0,0
2026-08-15T23:26:38.571,IMU-1,0x28,0.81,179.31,97.19,0,3,0,0
2026-08-15T23:26:38.671,IMU-1,0x28,0.81,179.31,97.19,0,3,0,0
2026-08-15T23:26:38.771,IMU-1,0x28,0.81,179.31,97.19,0,3,0,0
2026-08-15T23:26:38.871,IMU-1,0x28,0.81,179.31,97.19,0,3,0,0
2026-08-15T23:26:38.972,IMU-1,0x28,0.81,179.31,97.19,0,3,0,0
2026-08-15T23:26:39.072,IMU-1,0x28,0.81,179.31,97.19,0,3,0,0
2026-08-15T23:26:39.172,IMU-1,0x28,0.81,179.31,97.19,0,3,0,0
2026-08-15T23:26:39.272,IMU-1,0x28,0.81,179.31,97.19,0,3,0,0
2026-08-15T23:26:39.372,IMU-1,0x28,0.81,179.31,97.19,0,3,0,0
2026-08-15T23:26:39.473,IMU-1,0x28,0.81,179.31,97.19,0,3,0,0
2026-08-15T23:26:39.573,IMU-1,0x28,0.81,179.31,97.19,0,3,0,0
2026-08-15T23:26:39.673,IMU-1,0x28,0.81,179.31,97.19,0,3,0,0
2026-08-15T23:26:39.772,IMU-1,0x28,0.81,179.31,97.19,0,3,0,0
2026-08-15T23:26:39.872,IMU-1,0x28,0.81,179.31,97.19,0,3,0,0
2026-08-15T23:26:39.973,IMU-1,0x28,0.81,179.31,97.19,0,3,0,0
2026-08-15T23:26:40.073,IMU-1,0x28,0.81,179.31,97.19,0,3,0,0
2026-08-15T23:26:40.173,IMU-1,0x28,0.81,179.31,97.19,0,3,0,0
2026-08-15T23:26:40.273,IMU-1,0x28,0.81,179.31,97.19,0,3,0,0
2026-08-15T23:26:40.373,IMU-1,0x28,0.81,179.31,97.19,0,3,0,0
2026-08-15T23:26:40.474,IMU-1,0x28,0.81,179.31,97.19,0,3,0,0
2026-08-15T23:26:40.573,IMU-1,0x28,0.81,179.31,97.19,0,3,0,0
2026-08-15T23:26:40.671,IMU-1,0x28,0.81,179.31,97.19,0,3,0,0
2026-08-15T23:26:40.771,IMU-1,0x28,0.81,179.31,97.19,0,3,0,0
2026-08-15T23:26:40.872,IMU-1,0x28,0.81,179.31,97.19,0,3,0,0
2026-08-15T23:26:40.972,IMU-1,0x28,0.81,179.31,97.19,0,3,0,0
2026-08-15T23:26:41.072,IMU-1,0x28,0.81,179.31,97.19,0,3,0,0
2026-08-15T23:26:41.172,IMU-1,0x28,0.81,179.31,97.19,0,3,0,0
2026-08-15T23:26:41.272,IMU-1,0x28,0.81,179.31,97.19,0,3,0,0
2026-08-15T23:26:41.372,IMU-1,0x28,0.81,179.31,97.19,0,3,0,0
2026-08-15T23:26:41.473,IMU-1,0x28,0.81,179.31,97.19,0,3,0,0
2026-08-15T23:26:41.572,IMU-1,0x28,0.81,179.31,97.19,0,3,0,0
2026-08-15T23:26:41.673,IMU-1,0x28,0.81,179.31,97.19,0,3,0,0
2026-08-15T23:26:41.773,IMU-1,0x28,0.81,179.31,97.19,0,3,0,0
2026-08-15T23:26:41.873,IMU-1,0x28,0.81,179.31,97.19,0,3,0,0
2026-08-15T23:26:41.973,IMU-1,0x28,0.81,179.31,97.19,0,3,0,0
2026-08-15T23:26:42.073,IMU-1,0x28,0.81,179.31,97.19,0,3,0,0
2026-08-15T23:26:42.174,IMU-1,0x28,0.81,179.31,97.19,0,3,0,0
2026-08-15T23:26:42.274,IMU-1,0x28,0.81,179.31,97.19,0,3,0,0
2026-08-15T23:26:42.374,IMU-1,0x28,0.81,179.31,97.19,0,3,0,0
2026-08-15T23:26:42.475,IMU-1,0x28,0.81,179.31,97.19,0,3,0,0
2026-08-15T23:26:42.574,IMU-1,0x28,0.81,179.31,97.19,0,3,0,0
2026-08-15T23:26:42.674,IMU-1,0x28,0.81,179.31,97.19,0,3,0,0
2026-08-15T23:26:42.774,IMU-1,0x28,0.81,179.31,97.19,0,3,0,0
2026-08-15T23:26:42.875,IMU-1,0x28,0.81,179.31,97.19,0,3,0,0
2026-08-15T23:26:42.975,IMU-1,0x28,0.81,179.31,97.19,0,3,0,0
2026-08-15T23:26:43.075,IMU-1,0x28,0.81,179.31,97.19,0,3,0,0
2026-08-15T23:26:43.175,IMU-1,0x28,0.81,179.31,97.19,0,3,0,0
2026-08-15T23:26:43.274,IMU-1,0x28,0.81,179.31,97.19,0,3,0,0
2026-08-15T23:26:43.374,IMU-1,0x28,0.81,179.31,97.19,0,3,0,0
2026-08-15T23:26:43.475,IMU-1,0x28,0.81,179.31,97.19,0,3,0,0
2026-08-15T23:26:43.573,IMU-1,0x28,0.81,179.31,97.19,0,3,0,0
2026-08-15T23:26:43.673,IMU-1,0x28,0.81,179.31,97.19,0,3,0,0
2026-08-15T23:26:43.774,IMU-1,0x28,0.81,179.31,97.19,0,3,0,0
2026-08-15T23:26:43.874,IMU-1,0x28,0.81,179.31,97.19,0,3,0,0
2026-08-15T23:26:43.974,IMU-1,0x28,0.81,179.31,97.19,0,3,0,0
2026-08-15T23:26:44.074,IMU-1,0x28,0.81,179.31,97.19,0,3,0,0
2026-08-15T23:26:44.175,IMU-1,0x28,0.81,179.31,97.19,0,3,0,0
2026-08-15T23:26:44.275,IMU-1,0x28,0.81,179.31,97.19,0,3,0,0
2026-08-15T23:26:44.375,IMU-1,0x28,0.81,179.31,97.19,0,3,0,0
2026-08-15T23:26:44.476,IMU-1,0x28,0.81,179.31,97.19,0,3,0,0
2026-08-15T23:26:44.574,IMU-1,0x28,0.81,179.31,97.19,0,3,0,0
2026-08-15T23:26:44.674,IMU-1,0x28,0.81,179.31,97.19,0,3,0,0
2026-08-15T23:26:44.774,IMU-1,0x28,0.81,179.31,97.19,0,3,0,0
2026-08-15T23:26:44.875,IMU-1,0x28,0.81,179.31,97.19,0,3,0,0
2026-08-15T23:26:44.975,IMU-1,0x28,0.81,179.31,97.19,0,3,0,0
2026-08-15T23:26:45.075,IMU-1,0x28,0.81,179.31,97.19,0,3,0,0
2026-08-15T23:26:45.175,IMU-1,0x28,0.81,179.31,97.19,0,3,0,0
2026-08-15T23:26:45.276,IMU-1,0x28,0.81,179.31,97.19,0,3,0,0
2026-08-15T23:26:45.376,IMU-1,0x28,0.81,179.31,97.19,0,3,0,0
2026-08-15T23:26:45.477,IMU-1,0x28,0.81,179.31,97.19,0,3,0,0
2026-08-15T23:26:45.576,IMU-1,0x28,0.81,179.31,97.19,0,3,0,0
2026-08-15T23:26:45.676,IMU-1,0x28,0.81,179.31,97.19,0,3,0,0
2026-08-15T23:26:45.776,IMU-1,0x28,0.81,179.31,97.19,0,3,0,0
2026-08-15T23:26:45.876,IMU-1,0x28,0.81,179.31,97.19,0,3,0,0
2026-08-15T23:26:45.976,IMU-1,0x28,0.81,179.31,97.19,0,3,0,0
2026-08-15T23:26:46.077,IMU-1,0x28,0.81,179.31,97.19,0,3,0,0
2026-08-15T23:26:46.177,IMU-1,0x28,0.81,179.31,97.19,0,3,0,0
2026-08-15T23:26:46.277,IMU-1,0x28,0.81,179.31,97.19,0,3,0,0
2026-08-15T23:26:46.377,IMU-1,0x28,0.81,179.31,97.19,0,3,0,0
2026-08-15T23:26:46.478,IMU-1,0x28,0.81,179.31,97.19,0,3,0,0
2026-08-15T23:26:46.578,IMU-1,0x28,0.81,179.31,97.19,0,3,0,0
2026-08-15T23:26:46.677,IMU-1,0x28,0.81,179.31,97.19,0,3,0,0
2026-08-15T23:26:46.777,IMU-1,0x28,0.81,179.31,97.19,0,3,0,0
2026-08-15T23:26:46.877,IMU-1,0x28,0.81,179.31,97.19,0,3,0,0
2026-08-15T23:26:46.977,IMU-1,0x28,0.81,179.31,97.19,0,3,0,0
2026-08-15T23:26:47.077,IMU-1,0x28,0.81,179.31,97.19,0,3,0,0
2026-08-15T23:26:47.177,IMU-1,0x28,0.81,179.31,97.19,0,3,0,0
2026-08-15T23:26:47.277,IMU-1,0x28,0.81,179.31,97.19,0,3,0,0
2026-08-15T23:26:47.377,IMU-1,0x28,0.81,179.31,97.19,0,3,0,0
2026-08-15T23:26:47.478,IMU-1,0x28,0.81,179.31,97.19,0,3,0,0
2026-08-15T23:26:47.577,IMU-1,0x28,0.81,179.31,97.19,0,3,0,0
2026-08-15T23:26:47.676,IMU-1,0x28,0.81,179.31,97.19,0,3,0,0
2026-08-15T23:26:47.776,IMU-1,0x28,0.81,179.31,97.19,0,3,0,0
2026-08-15T23:26:47.876,IMU-1,0x28,0.81,179.31,97.19,0,3,0,0
2026-08-15T23:26:47.977,IMU-1,0x28,0.81,179.31,97.19,0,3,0,0
2026-08-15T23:26:48.077,IMU-1,0x28,0.81,179.31,97.19,0,3,0,0
2026-08-15T23:26:48.177,IMU-1,0x28,0.81,179.31,97.19,0,3,0,0
2026-08-15T23:26:48.278,IMU-1,0x28,0.81,179.31,97.19,0,3,0,0
2026-08-15T23:26:48.378,IMU-1,0x28,0.81,179.31,97.19,0,3,0,0
2026-08-15T23:26:48.478,IMU-1,0x28,0.81,179.31,97.19,0,3,0,0
2026-08-15T23:26:48.578,IMU-1,0x28,0.81,179.31,97.19,0,3,0,0
2026-08-15T23:26:48.679,IMU-1,0x28,0.81,179.31,97.19,0,3,0,0
2026-08-15T23:26:48.778,IMU-1,0x28,0.81,179.31,97.19,0,3,0,0
2026-08-15T23:26:48.879,IMU-1,0x28,0.81,179.31,97.19,0,3,0,0
2026-08-15T23:26:48.978,IMU-1,0x28,0.81,179.31,97.19,0,3,0,0
2026-08-15T23:26:49.079,IMU-1,0x28,0.81,179.31,97.19,0,3,0,0
2026-08-15T23:26:49.179,IMU-1,0x28,0.81,179.31,97.19,0,3,0,0
2026-08-15T23:26:49.279,IMU-1,0x28,0.81,179.31,97.19,0,3,0,0
2026-08-15T23:26:49.379,IMU-1,0x28,0.81,179.31,97.19,0,3,0,0
2026-08-15T23:26:49.480,IMU-1,0x28,0.81,179.31,97.19,0,3,0,0
2026-08-15T23:26:49.579,IMU-1,0x28,0.81,179.31,97.19,0,3,0,0
2026-08-15T23:26:49.679,IMU-1,0x28,0.81,179.31,97.19,0,3,0,0
2026-08-15T23:26:49.779,IMU-1,0x28,0.81,179.31,97.19,0,3,0,0
2026-08-15T23:26:49.879,IMU-1,0x28,0.81,179.31,97.19,0,3,0,0
2026-08-15T23:26:49.978,IMU-1,0x28,0.81,179.31,97.19,0,3,0,0
2026-08-15T23:26:50.078,IMU-1,0x28,0.81,179.31,97.19,0,3,0,0
2026-08-15T23:26:50.178,IMU-1,0x28,0.81,179.31,97.19,0,3,0,0
2026-08-15T23:26:50.278,IMU-1,0x28,0.81,179.31,97.19,0,3,0,0
2026-08-15T23:26:50.378,IMU-1,0x28,0.81,179.31,97.19,0,3,0,0
2026-08-15T23:26:50.478,IMU-1,0x28,0.81,179.31,97.19,0,3,0,0
2026-08-15T23:26:50.578,IMU-1,0x28,0.81,179.31,97.19,0,3,0,0
2026-08-15T23:26:50.678,IMU-1,0x28,0.81,179.31,97.19,0,3,0,0
2026-08-15T23:26:50.778,IMU-1,0x28,0.81,179.31,97.19,0,3,0,0
2026-08-15T23:26:50.878,IMU-1,0x28,0.81,179.31,97.19,0,3,0,0
2026-08-15T23:26:50.979,IMU-1,0x28,0.81,179.31,97.19,0,3,0,0
2026-08-15T23:26:51.079,IMU-1,0x28,0.81,179.31,97.19,0,3,0,0
2026-08-15T23:26:51.179,IMU-1,0x28,0.81,179.31,97.19,0,3,0,0
2026-08-15T23:26:51.280,IMU-1,0x28,0.81,179.31,97.19,0,3,0,0
2026-08-15T23:26:51.380,IMU-1,0x28,0.81,179.31,97.19,0,3,0,0
2026-08-15T23:26:51.480,IMU-1,0x28,0.81,179.31,97.19,0,3,0,0
2026-08-15T23:26:51.580,IMU-1,0x28,0.81,179.31,97.19,0,3,0,0
2026-08-15T23:26:51.680,IMU-1,0x28,0.81,179.31,97.19,0,3,0,0
2026-08-15T23:26:51.781,IMU-1,0x28,0.81,179.31,97.19,0,3,0,0
2026-08-15T23:26:51.880,IMU-1,0x28,0.81,179.31,97.19,0,3,0,0
2026-08-15T23:26:51.981,IMU-1,0x28,0.81,179.31,97.19,0,3,0,0
2026-08-15T23:26:52.081,IMU-1,0x28,0.81,179.31,97.19,0,3,0,0
2026-08-15T23:26:52.181,IMU-1,0x28,0.81,179.31,97.19,0,3,0,0
2026-08-15T23:26:52.280,IMU-1,0x28,0.81,179.31,97.19,0,3,0,0
2026-08-15T23:26:52.379,IMU-1,0x28,0.81,179.31,97.19,0,3,0,0
2026-08-15T23:26:52.480,IMU-1,0x28,0.81,179.31,97.19,0,3,0,0
2026-08-15T23:26:52.579,IMU-1,0x28,0.81,179.31,97.19,0,3,0,0
2026-08-15T23:26:52.679,IMU-1,0x28,0.81,179.31,97.19,0,3,0,0
2026-08-15T23:26:52.779,IMU-1,0x28,0.81,179.31,97.19,0,3,0,0
2026-08-15T23:26:52.880,IMU-1,0x28,0.81,179.31,97.19,0,3,0,0
2026-08-15T23:26:52.980,IMU-1,0x28,0.81,179.31,97.19,0,3,0,0
2026-08-15T23:26:53.080,IMU-1,0x28,0.81,179.31,97.19,0,3,0,0
2026-08-15T23:26:53.180,IMU-1,0x28,0.81,179.31,97.19,0,3,0,0
2026-08-15T23:26:53.280,IMU-1,0x28,0.81,179.31,97.19,0,3,0,0
2026-08-15T23:26:53.380,IMU-1,0x28,0.81,179.31,97.19,0,3,0,0
2026-08-15T23:26:53.481,IMU-1,0x28,0.81,179.31,97.19,0,3,0,0
2026-08-15T23:26:53.581,IMU-1,0x28,0.81,179.31,97.19,0,3,0,0
2026-08-15T23:26:53.681,IMU-1,0x28,0.81,179.31,97.19,0,3,0,0
2026-08-15T23:26:53.781,IMU-1,0x28,0.81,179.31,97.19,0,3,0,0
2026-08-15T23:26:53.881,IMU-1,0x28,0.81,179.31,97.19,0,3,0,0
2026-08-15T23:26:53.981,IMU-1,0x28,0.81,179.31,97.19,0,3,0,0
2026-08-15T23:26:54.081,IMU-1,0x28,0.81,179.31,97.19,0,3,0,0
2026-08-15T23:26:54.181,IMU-1,0x28,0.81,179.31,97.19,0,3,0,0
2026-08-15T23:26:54.282,IMU-1,0x28,0.81,179.31,97.19,0,3,0,0
2026-08-15T23:26:54.382,IMU-1,0x28,0.81,179.31,97.19,0,3,0,0
2026-08-15T23:26:54.483,IMU-1,0x28,0.81,179.31,97.19,0,3,0,0
2026-08-15T23:26:54.582,IMU-1,0x28,0.81,179.31,97.19,0,3,0,0
2026-08-15T23:26:54.683,IMU-1,0x28,0.81,179.31,97.19,0,3,0,0
2026-08-15T23:26:54.783,IMU-1,0x28,0.81,179.31,97.19,0,3,0,0
2026-08-15T23:26:54.883,IMU-1,0x28,0.81,179.31,97.19,0,3,0,0
2026-08-15T23:26:54.982,IMU-1,0x28,0.81,179.31,97.19,0,3,0,0
2026-08-15T23:26:55.082,IMU-1,0x28,0.81,179.31,97.19,0,3,0,0
2026-08-15T23:26:55.183,IMU-1,0x28,0.81,179.31,97.19,0,3,0,0
2026-08-15T23:26:55.283,IMU-1,0x28,0.81,179.31,97.19,0,3,0,0
2026-08-15T23:26:55.383,IMU-1,0x28,0.81,179.31,97.19,0,3,0,0
2026-08-15T23:26:55.484,IMU-1,0x28,0.81,179.31,97.19,0,3,0,0
2026-08-15T23:26:55.583,IMU-1,0x28,0.81,179.31,97.19,0,3,0,0
2026-08-15T23:26:55.683,IMU-1,0x28,0.81,179.31,97.19,0,3,0,0
2026-08-15T23:26:55.783,IMU-1,0x28,0.81,179.31,97.19,0,3,0,0
2026-08-15T23:26:55.883,IMU-1,0x28,0.81,179.31,97.19,0,3,0,0
2026-08-15T23:26:55.983,IMU-1,0x28,0.81,179.31,97.19,0,3,0,0
2026-08-15T23:26:56.083,IMU-1,0x28,0.81,179.31,97.19,0,3,0,0
2026-08-15T23:26:56.182,IMU-1,0x28,0.81,179.31,97.19,0,3,0,0
2026-08-15T23:26:56.282,IMU-1,0x28,0.81,179.31,97.19,0,3,0,0
2026-08-15T23:26:56.382,IMU-1,0x28,0.81,179.31,97.19,0,3,0,0
2026-08-15T23:26:56.483,IMU-1,0x28,0.81,179.31,97.19,0,3,0,0
2026-08-15T23:26:56.582,IMU-1,0x28,0.81,179.31,97.19,0,3,0,0
2026-08-15T23:26:56.682,IMU-1,0x28,0.81,179.31,97.19,0,3,0,0
2026-08-15T23:26:56.782,IMU-1,0x28,0.81,179.31,97.19,0,3,0,0
2026-08-15T23:26:56.882,IMU-1,0x28,0.81,179.31,97.19,0,3,0,0
2026-08-15T23:26:56.983,IMU-1,0x28,0.81,179.31,97.19,0,3,0,0
2026-08-15T23:26:57.083,IMU-1,0x28,0.81,179.31,97.19,0,3,0,0
2026-08-15T23:26:57.183,IMU-1,0x28,0.81,179.31,97.19,0,3,0,0
2026-08-15T23:26:57.283,IMU-1,0x28,0.81,179.31,97.19,0,3,0,0
2026-08-15T23:26:57.384,IMU-1,0x28,0.81,179.31,97.19,0,3,0,0
2026-08-15T23:26:57.484,IMU-1,0x28,0.81,179.31,97.19,0,3,0,0
2026-08-15T23:26:57.584,IMU-1,0x28,0.81,179.31,97.19,0,3,0,0
2026-08-15T23:26:57.684,IMU-1,0x28,0.81,179.31,97.19,0,3,0,0
2026-08-15T23:26:57.784,IMU-1,0x28,0.81,179.31,97.19,0,3,0,0
2026-08-15T23:26:57.885,IMU-1,0x28,0.81,179.31,97.19,0,3,0,0
2026-08-15T23:26:57.985,IMU-1,0x28,0.81,179.31,97.19,0,3,0,0
2026-08-15T23:26:58.085,IMU-1,0x28,0.81,179.31,97.19,0,3,0,0
2026-08-15T23:26:58.185,IMU-1,0x28,0.81,179.31,97.19,0,3,0,0
2026-08-15T23:26:58.285,IMU-1,0x28,0.81,179.31,97.19,0,3,0,0
2026-08-15T23:26:58.385,IMU-1,0x28,0.81,179.31,97.19,0,3,0,0
2026-08-15T23:26:58.486,IMU-1,0x28,0.81,179.31,97.19,0,3,0,0
2026-08-15T23:26:58.585,IMU-1,0x28,0.81,179.31,97.19,0,3,0,0
2026-08-15T23:26:58.685,IMU-1,0x28,0.81,179.31,97.19,0,3,0,0
2026-08-15T23:26:58.785,IMU-1,0x28,0.81,179.31,97.19,0,3,0,0
2026-08-15T23:26:58.885,IMU-1,0x28,0.81,179.31,97.19,0,3,0,0
2026-08-15T23:26:58.985,IMU-1,0x28,0.81,179.31,97.19,0,3,0,0
2026-08-15T23:26:59.085,IMU-1,0x28,0.81,179.31,97.19,0,3,0,0
2026-08-15T23:26:59.184,IMU-1,0x28,0.81,179.31,97.19,0,3,0,0
2026-08-15T23:26:59.284,IMU-1,0x28,0.81,179.31,97.19,0,3,0,0
2026-08-15T23:26:59.384,IMU-1,0x28,0.81,179.31,97.19,0,3,0,0
2026-08-15T23:26:59.485,IMU-1,0x28,0.81,179.31,97.19,0,3,0,0
2026-08-15T23:26:59.584,IMU-1,0x28,0.81,179.31,97.19,0,3,0,0
2026-08-15T23:26:59.684,IMU-1,0x28,0.81,179.31,97.19,0,3,0,0
2026-08-15T23:26:59.784,IMU-1,0x28,0.81,179.31,97.19,0,3,0,0
2026-08-15T23:26:59.884,IMU-1,0x28,0.81,179.31,97.19,0,3,0,0
2026-08-15T23:26:59.985,IMU-1,0x28,0.81,179.31,97.19,0,3,0,0
2026-08-15T23:27:00.085,IMU-1,0x28,0.81,179.31,97.19,0,3,0,0
2026-08-15T23:27:00.185,IMU-1,0x28,0.81,179.31,97.19,0,3,0,0
2026-08-15T23:27:00.285,IMU-1,0x28,0.81,179.31,97.19,0,3,0,0
2026-08-15T23:27:00.386,IMU-1,0x28,0.81,179.31,97.19,0,3,0,0
2026-08-15T23:27:00.486,IMU-1,0x28,0.81,179.31,97.19,0,3,0,0
2026-08-15T23:27:00.586,IMU-1,0x28,0.81,179.31,97.19,0,3,0,0
2026-08-15T23:27:00.686,IMU-1,0x28,0.81,179.31,97.19,0,3,0,0
2026-08-15T23:27:00.786,IMU-1,0x28,0.81,179.31,97.19,0,3,0,0
2026-08-15T23:27:00.886,IMU-1,0x28,0.81,179.31,97.19,0,3,0,0
2026-08-15T23:27:00.987,IMU-1,0x28,0.81,179.31,97.19,0,3,0,0
2026-08-15T23:27:01.086,IMU-1,0x28,0.81,179.31,97.19,0,3,0,0
2026-08-15T23:27:01.187,IMU-1,0x28,0.81,179.31,97.19,0,3,0,0
2026-08-15T23:27:01.287,IMU-1,0x28,0.81,179.31,97.19,0,3,0,0
2026-08-15T23:27:01.387,IMU-1,0x28,0.81,179.31,97.19,0,3,0,0
2026-08-15T23:27:01.488,IMU-1,0x28,0.81,179.31,97.19,0,3,0,0
2026-08-15T23:27:01.587,IMU-1,0x28,0.81,179.31,97.19,0,3,0,0
2026-08-15T23:27:01.687,IMU-1,0x28,0.81,179.31,97.19,0,3,0,0
2026-08-15T23:27:01.787,IMU-1,0x28,0.81,179.31,97.19,0,3,0,0
2026-08-15T23:27:01.887,IMU-1,0x28,0.81,179.31,97.19,0,3,0,0
2026-08-15T23:27:01.986,IMU-1,0x28,0.81,179.31,97.19,0,3,0,0
2026-08-15T23:27:02.086,IMU-1,0x28,0.81,179.31,97.19,0,3,0,0
2026-08-15T23:27:02.186,IMU-1,0x28,0.81,179.31,97.19,0,3,0,0
2026-08-15T23:27:02.286,IMU-1,0x28,0.81,179.31,97.19,0,3,0,0
2026-08-15T23:27:02.386,IMU-1,0x28,0.81,179.31,97.19,0,3,0,0
2026-08-15T23:27:02.487,IMU-1,0x28,0.81,179.31,97.19,0,3,0,0
2026-08-15T23:27:02.587,IMU-1,0x28,0.81,179.31,97.19,0,3,0,0
2026-08-15T23:27:02.687,IMU-1,0x28,0.81,179.31,97.19,0,3,0,0
2026-08-15T23:27:02.787,IMU-1,0x28,0.81,179.31,97.19,0,3,0,0
2026-08-15T23:27:02.887,IMU-1,0x28,0.81,179.31,97.19,0,3,0,0
2026-08-15T23:27:02.987,IMU-1,0x28,0.81,179.31,97.19,0,3,0,0
2026-08-15T23:27:03.087,IMU-1,0x28,0.81,179.31,97.19,0,3,0,0
2026-08-15T23:27:03.187,IMU-1,0x28,0.81,179.31,97.19,0,3,0,0
2026-08-15T23:27:03.287,IMU-1,0x28,0.81,179.31,97.19,0,3,0,0
2026-08-15T23:27:03.387,IMU-1,0x28,0.81,179.31,97.19,0,3,0,0
2026-08-15T23:27:03.488,IMU-1,0x28,0.81,179.31,97.19,0,3,0,0
2026-08-15T23:27:03.588,IMU-1,0x28,0.81,179.31,97.19,0,3,0,0
2026-08-15T23:27:03.688,IMU-1,0x28,0.81,179.31,97.19,0,3,0,0
2026-08-15T23:27:03.788,IMU-1,0x28,0.81,179.31,97.19,0,3,0,0
2026-08-15T23:27:03.888,IMU-1,0x28,0.81,179.31,97.19,0,3,0,0
2026-08-15T23:27:03.989,IMU-1,0x28,0.81,179.31,97.19,0,3,0,0
2026-08-15T23:27:04.088,IMU-1,0x28,0.81,179.31,97.19,0,3,0,0
2026-08-15T23:27:04.189,IMU-1,0x28,0.81,179.31,97.19,0,3,0,0
2026-08-15T23:27:04.289,IMU-1,0x28,0.81,179.31,97.19,0,3,0,0
2026-08-15T23:27:04.389,IMU-1,0x28,0.81,179.31,97.19,0,3,0,0
2026-08-15T23:27:04.490,IMU-1,0x28,0.81,179.31,97.19,0,3,0,0
2026-08-15T23:27:04.589,IMU-1,0x28,0.81,179.31,97.19,0,3,0,0
2026-08-15T23:27:04.689,IMU-1,0x28,0.81,179.31,97.19,0,3,0,0
2026-08-15T23:27:04.789,IMU-1,0x28,0.81,179.31,97.19,0,3,0,0
2026-08-15T23:27:04.889,IMU-1,0x28,0.81,179.31,97.19,0,3,0,0
2026-08-15T23:27:04.989,IMU-1,0x28,0.81,179.31,97.19,0,3,0,0
2026-08-15T23:27:05.090,IMU-1,0x28,0.81,179.31,97.19,0,3,0,0
2026-08-15T23:27:05.189,IMU-1,0x28,0.81,179.31,97.19,0,3,0,0
2026-08-15T23:27:05.289,IMU-1,0x28,0.81,179.31,97.19,0,3,0,0
2026-08-15T23:27:05.390,IMU-1,0x28,0.81,179.31,97.19,0,3,0,0
2026-08-15T23:27:05.491,IMU-1,0x28,0.81,179.31,97.19,0,3,0,0
2026-08-15T23:27:05.589,IMU-1,0x28,0.81,179.31,97.19,0,3,0,0
2026-08-15T23:27:05.689,IMU-1,0x28,0.81,179.31,97.19,0,3,0,0
2026-08-15T23:27:05.789,IMU-1,0x28,0.81,179.31,97.19,0,3,0,0
2026-08-15T23:27:05.889,IMU-1,0x28,0.81,179.31,97.19,0,3,0,0
2026-08-15T23:27:05.988,IMU-1,0x28,0.81,179.31,97.19,0,3,0,0
2026-08-15T23:27:06.088,IMU-1,0x28,0.81,179.31,97.19,0,3,0,0
2026-08-15T23:27:06.188,IMU-1,0x28,0.81,179.31,97.19,0,3,0,0
2026-08-15T23:27:06.288,IMU-1,0x28,0.81,179.31,97.19,0,3,0,0
2026-08-15T23:27:06.389,IMU-1,0x28,0.81,179.31,97.19,0,3,0,0
2026-08-15T23:27:06.489,IMU-1,0x28,0.81,179.31,97.19,0,3,0,0
2026-08-15T23:27:06.589,IMU-1,0x28,0.81,179.31,97.19,0,3,0,0
2026-08-15T23:27:06.689,IMU-1,0x28,0.81,179.31,97.19,0,3,0,0
2026-08-15T23:27:06.789,IMU-1,0x28,0.81,179.31,97.19,0,3,0,0
2026-08-15T23:27:06.890,IMU-1,0x28,0.81,179.31,97.19,0,3,0,0
2026-08-15T23:27:06.990,IMU-1,0x28,0.81,179.31,97.19,0,3,0,0
2026-08-15T23:27:07.090,IMU-1,0x28,0.81,179.31,97.19,0,3,0,0
2026-08-15T23:27:07.191,IMU-1,0x28,0.81,179.31,97.19,0,3,0,0
2026-08-15T23:27:07.291,IMU-1,0x28,0.81,179.31,97.19,0,3,0,0
2026-08-15T23:27:07.391,IMU-1,0x28,0.81,179.31,97.19,0,3,0,0
2026-08-15T23:27:07.491,IMU-1,0x28,0.81,179.31,97.19,0,3,0,0
2026-08-15T23:27:07.590,IMU-1,0x28,0.81,179.31,97.19,0,3,0,0
2026-08-15T23:27:07.689,IMU-1,0x28,0.81,179.31,97.19,0,3,0,0
2026-08-15T23:27:07.789,IMU-1,0x28,0.81,179.31,97.19,0,3,0,0
2026-08-15T23:27:07.889,IMU-1,0x28,0.81,179.31,97.19,0,3,0,0
2026-08-15T23:27:07.989,IMU-1,0x28,0.81,179.31,97.19,0,3,0,0
2026-08-15T23:27:08.089,IMU-1,0x28,0.81,179.31,97.19,0,3,0,0
2026-08-15T23:27:08.189,IMU-1,0x28,0.81,179.31,97.19,0,3,0,0
2026-08-15T23:27:08.290,IMU-1,0x28,0.81,179.31,97.19,0,3,0,0
2026-08-15T23:27:08.390,IMU-1,0x28,0.81,179.31,97.19,0,3,0,0
2026-08-15T23:27:08.490,IMU-1,0x28,0.81,179.31,97.19,0,3,0,0
2026-08-15T23:27:08.590,IMU-1,0x28,0.81,179.31,97.19,0,3,0,0
2026-08-15T23:27:08.690,IMU-1,0x28,0.81,179.31,97.19,0,3,0,0
2026-08-15T23:27:08.790,IMU-1,0x28,0.81,179.31,97.19,0,3,0,0
2026-08-15T23:27:08.890,IMU-1,0x28,0.81,179.31,97.19,0,3,0,0
2026-08-15T23:27:08.990,IMU-1,0x28,0.81,179.31,97.19,0,3,0,0
2026-08-15T23:27:09.090,IMU-1,0x28,0.81,179.31,97.19,0,3,0,0
2026-08-15T23:27:09.191,IMU-1,0x28,0.81,179.31,97.19,0,3,0,0
2026-08-15T23:27:09.291,IMU-1,0x28,0.81,179.31,97.19,0,3,0,0
2026-08-15T23:27:09.391,IMU-1,0x28,0.81,179.31,97.19,0,3,0,0
2026-08-15T23:27:09.492,IMU-1,0x28,0.81,179.31,97.19,0,3,0,0
2026-08-15T23:27:09.591,IMU-1,0x28,0.81,179.31,97.19,0,3,0,0
2026-08-15T23:27:09.692,IMU-1,0x28,0.81,179.31,97.19,0,3,0,0
2026-08-15T23:27:09.791,IMU-1,0x28,0.81,179.31,97.19,0,3,0,0
2026-08-15T23:27:09.892,IMU-1,0x28,0.81,179.31,97.19,0,3,0,0
2026-08-15T23:27:09.992,IMU-1,0x28,0.81,179.31,97.19,0,3,0,0
2026-08-15T23:27:10.092,IMU-1,0x28,0.81,179.31,97.19,0,3,0,0
2026-08-15T23:27:10.192,IMU-1,0x28,0.81,179.31,97.19,0,3,0,0
2026-08-15T23:27:10.293,IMU-1,0x28,0.81,179.31,97.19,0,3,0,0
2026-08-15T23:27:10.393,IMU-1,0x28,0.81,179.31,97.19,0,3,0,0
2026-08-15T23:27:10.494,IMU-1,0x28,0.81,179.31,97.19,0,3,0,0
2026-08-15T23:27:10.593,IMU-1,0x28,0.81,179.31,97.19,0,3,0,0
2026-08-15T23:27:10.693,IMU-1,0x28,0.81,179.31,97.19,0,3,0,0
2026-08-15T23:27:10.793,IMU-1,0x28,0.81,179.31,97.19,0,3,0,0
2026-08-15T23:27:10.893,IMU-1,0x28,0.81,179.31,97.19,0,3,0,0
2026-08-15T23:27:10.993,IMU-1,0x28,0.81,179.31,97.19,0,3,0,0
2026-08-15T23:27:11.093,IMU-1,0x28,0.81,179.31,97.19,0,3,0,0
2026-08-15T23:27:11.193,IMU-1,0x28,0.81,179.31,97.19,0,3,0,0
2026-08-15T23:27:11.293,IMU-1,0x28,0.81,179.31,97.19,0,3,0,0
2026-08-15T23:27:11.393,IMU-1,0x28,0.81,179.31,97.19,0,3,0,0
2026-08-15T23:27:11.494,IMU-1,0x28,0.81,179.31,97.19,0,3,0,0
2026-08-15T23:27:11.593,IMU-1,0x28,0.81,179.31,97.19,0,3,0,0
2026-08-15T23:27:11.693,IMU-1,0x28,0.81,179.31,97.19,0,3,0,0
2026-08-15T23:27:11.793,IMU-1,0x28,0.81,179.31,97.19,0,3,0,0
2026-08-15T23:27:11.893,IMU-1,0x28,0.81,179.31,97.19,0,3,0,0
2026-08-15T23:27:11.993,IMU-1,0x28,0.81,179.31,97.19,0,3,0,0
2026-08-15T23:27:12.093,IMU-1,0x28,0.81,179.31,97.19,0,3,0,0
2026-08-15T23:27:12.193,IMU-1,0x28,0.81,179.31,97.19,0,3,0,0
2026-08-15T23:27:12.293,IMU-1,0x28,0.81,179.31,97.19,0,3,0,0
2026-08-15T23:27:12.393,IMU-1,0x28,0.81,179.31,97.19,0,3,0,0
2026-08-15T23:27:12.494,IMU-1,0x28,0.81,179.31,97.19,0,3,0,0
2026-08-15T23:27:12.593,IMU-1,0x28,0.81,179.31,97.19,0,3,0,0
2026-08-15T23:27:12.693,IMU-1,0x28,0.81,179.31,97.19,0,3,0,0
2026-08-15T23:27:12.793,IMU-1,0x28,0.81,179.31,97.19,0,3,0,0
2026-08-15T23:27:12.893,IMU-1,0x28,0.81,179.31,97.19,0,3,0,0
2026-08-15T23:27:12.993,IMU-1,0x28,0.81,179.31,97.19,0,3,0,0
2026-08-15T23:27:13.094,IMU-1,0x28,0.81,179.31,97.19,0,3,0,0
2026-08-15T23:27:13.194,IMU-1,0x28,0.81,179.31,97.19,0,3,0,0
2026-08-15T23:27:13.294,IMU-1,0x28,0.81,179.31,97.19,0,3,0,0
2026-08-15T23:27:13.394,IMU-1,0x28,0.81,179.31,97.19,0,3,0,0
2026-08-15T23:27:13.495,IMU-1,0x28,0.81,179.31,97.19,0,3,0,0
2026-08-15T23:27:13.595,IMU-1,0x28,0.81,179.31,97.19,0,3,0,0
2026-08-15T23:27:13.695,IMU-1,0x28,0.81,179.31,97.19,0,3,0,0
2026-08-15T23:27:13.795,IMU-1,0x28,0.81,179.31,97.19,0,3,0,0
2026-08-15T23:27:13.895,IMU-1,0x28,0.81,179.31,97.19,0,3,0,0
2026-08-15T23:27:13.995,IMU-1,0x28,0.81,179.31,97.19,0,3,0,0
2026-08-15T23:27:14.095,IMU-1,0x28,0.81,179.31,97.19,0,3,0,0
2026-08-15T23:27:14.195,IMU-1,0x28,0.81,179.31,97.19,0,3,0,0
2026-08-15T23:27:14.295,IMU-1,0x28,0.81,179.31,97.19,0,3,0,0
2026-08-15T23:27:14.395,IMU-1,0x28,0.81,179.31,97.19,0,3,0,0
2026-08-15T23:27:14.496,IMU-1,0x28,0.81,179.31,97.19,0,3,0,0
2026-08-15T23:27:14.595,IMU-1,0x28,0.81,179.31,97.19,0,3,0,0
2026-08-15T23:27:14.695,IMU-1,0x28,0.81,179.31,97.19,0,3,0,0
2026-08-15T23:27:14.795,IMU-1,0x28,0.81,179.31,97.19,0,3,0,0
2026-08-15T23:27:14.895,IMU-1,0x28,0.81,179.31,97.19,0,3,0,0
2026-08-15T23:27:14.994,IMU-1,0x28,0.81,179.31,97.19,0,3,0,0
2026-08-15T23:27:15.094,IMU-1,0x28,0.81,179.31,97.19,0,3,0,0
2026-08-15T23:27:15.194,IMU-1,0x28,0.81,179.31,97.19,0,3,0,0
2026-08-15T23:27:15.294,IMU-1,0x28,0.81,179.31,97.19,0,3,0,0
2026-08-15T23:27:15.394,IMU-1,0x28,0.81,179.31,97.19,0,3,0,0
2026-08-15T23:27:15.495,IMU-1,0x28,0.81,179.31,97.19,0,3,0,0
2026-08-15T23:27:15.594,IMU-1,0x28,0.81,179.31,97.19,0,3,0,0
2026-08-15T23:27:15.694,IMU-1,0x28,0.81,179.31,97.19,0,3,0,0
2026-08-15T23:27:15.794,IMU-1,0x28,0.81,179.31,97.19,0,3,0,0
2026-08-15T23:27:15.895,IMU-1,0x28,0.81,179.31,97.19,0,3,0,0
2026-08-15T23:27:15.995,IMU-1,0x28,0.81,179.31,97.19,0,3,0,0
2026-08-15T23:27:16.095,IMU-1,0x28,0.81,179.31,97.19,0,3,0,0
2026-08-15T23:27:16.196,IMU-1,0x28,0.81,179.31,97.19,0,3,0,0
2026-08-15T23:27:16.296,IMU-1,0x28,0.81,179.31,97.19,0,3,0,0
2026-08-15T23:27:16.396,IMU-1,0x28,0.81,179.31,97.19,0,3,0,0
2026-08-15T23:27:16.497,IMU-1,0x28,0.81,179.31,97.19,0,3,0,0
2026-08-15T23:27:16.596,IMU-1,0x28,0.81,179.31,97.19,0,3,0,0
2026-08-15T23:27:16.697,IMU-1,0x28,0.81,179.31,97.19,0,3,0,0
2026-08-15T23:27:16.797,IMU-1,0x28,0.81,179.31,97.19,0,3,0,0
2026-08-15T23:27:16.897,IMU-1,0x28,0.81,179.31,97.19,0,3,0,0
2026-08-15T23:27:16.997,IMU-1,0x28,0.81,179.31,97.19,0,3,0,0
2026-08-15T23:27:17.097,IMU-1,0x28,0.81,179.31,97.19,0,3,0,0
2026-08-15T23:27:17.197,IMU-1,0x28,0.81,179.31,97.19,0,3,0,0
2026-08-15T23:27:17.297,IMU-1,0x28,0.81,179.31,97.19,0,3,0,0
2026-08-15T23:27:17.397,IMU-1,0x28,0.81,179.31,97.19,0,3,0,0
2026-08-15T23:27:17.498,IMU-1,0x28,0.81,179.31,97.19,0,3,0,0
2026-08-15T23:27:17.597,IMU-1,0x28,0.81,179.31,97.19,0,3,0,0
2026-08-15T23:27:17.697,IMU-1,0x28,0.81,179.31,97.19,0,3,0,0
2026-08-15T23:27:17.797,IMU-1,0x28,0.81,179.31,97.19,0,3,0,0
2026-08-15T23:27:17.897,IMU-1,0x28,0.81,179.31,97.19,0,3,0,0
2026-08-15T23:27:17.997,IMU-1,0x28,0.81,179.31,97.19,0,3,0,0
2026-08-15T23:27:18.097,IMU-1,0x28,0.81,179.31,97.19,0,3,0,0
2026-08-15T23:27:18.198,IMU-1,0x28,0.81,179.31,97.19,0,3,0,0
2026-08-15T23:27:18.298,IMU-1,0x28,0.81,179.31,97.19,0,3,0,0
2026-08-15T23:27:18.397,IMU-1,0x28,0.81,179.31,97.19,0,3,0,0
2026-08-15T23:27:18.498,IMU-1,0x28,0.81,179.31,97.19,0,3,0,0
2026-08-15T23:27:18.597,IMU-1,0x28,0.81,179.31,97.19,0,3,0,0
2026-08-15T23:27:18.697,IMU-1,0x28,0.81,179.31,97.19,0,3,0,0
2026-08-15T23:27:18.797,IMU-1,0x28,0.81,179.31,97.19,0,3,0,0
2026-08-15T23:27:18.896,IMU-1,0x28,0.81,179.31,97.19,0,3,0,0
2026-08-15T23:27:18.996,IMU-1,0x28,0.81,179.31,97.19,0,3,0,0
2026-08-15T23:27:19.097,IMU-1,0x28,0.81,179.31,97.19,0,3,0,0
2026-08-15T23:27:19.197,IMU-1,0x28,0.81,179.31,97.19,0,3,0,0
2026-08-15T23:27:19.297,IMU-1,0x28,0.81,179.31,97.19,0,3,0,0
2026-08-15T23:27:19.397,IMU-1,0x28,0.81,179.31,97.19,0,3,0,0
2026-08-15T23:27:19.498,IMU-1,0x28,0.81,179.31,97.19,0,3,0,0
2026-08-15T23:27:19.598,IMU-1,0x28,0.81,179.31,97.19,0,3,0,0
2026-08-15T23:27:19.698,IMU-1,0x28,0.81,179.31,97.19,0,3,0,0
2026-08-15T23:27:19.798,IMU-1,0x28,0.81,179.31,97.19,0,3,0,0
2026-08-15T23:27:19.899,IMU-1,0x28,0.81,179.31,97.19,0,3,0,0
2026-08-15T23:27:19.999,IMU-1,0x28,0.81,179.31,97.19,0,3,0,0
2026-08-15T23:27:20.099,IMU-1,0x28,0.81,179.31,97.19,0,3,0,0
2026-08-15T23:27:20.199,IMU-1,0x28,0.81,179.31,97.19,0,3,0,0
2026-08-15T23:27:20.299,IMU-1,0x28,0.81,179.31,97.19,0,3,0,0
2026-08-15T23:27:20.399,IMU-1,0x28,0.81,179.31,97.19,0,3,0,0
2026-08-15T23:27:20.500,IMU-1,0x28,0.81,179.31,97.19,0,3,0,0
2026-08-15T23:27:20.599,IMU-1,0x28,0.81,179.31,97.19,0,3,0,0
2026-08-15T23:27:20.699,IMU-1,0x28,0.81,179.31,97.19,0,3,0,0
2026-08-15T23:27:20.800,IMU-1,0x28,0.81,179.31,97.19,0,3,0,0
2026-08-15T23:27:20.899,IMU-1,0x28,0.81,179.31,97.19,0,3,0,0
2026-08-15T23:27:20.999,IMU-1,0x28,0.81,179.31,97.19,0,3,0,0
2026-08-15T23:27:21.099,IMU-1,0x28,0.81,179.31,97.19,0,3,0,0
2026-08-15T23:27:21.199,IMU-1,0x28,0.81,179.31,97.19,0,3,0,0
2026-08-15T23:27:21.300,IMU-1,0x28,0.81,179.31,97.19,0,3,0,0
2026-08-15T23:27:21.400,IMU-1,0x28,0.81,179.31,97.19,0,3,0,0
2026-08-15T23:27:21.501,IMU-1,0x28,0.81,179.31,97.19,0,3,0,0
2026-08-15T23:27:21.600,IMU-1,0x28,0.81,179.31,97.19,0,3,0,0
2026-08-15T23:27:21.699,IMU-1,0x28,0.81,179.31,97.19,0,3,0,0
2026-08-15T23:27:21.799,IMU-1,0x28,0.81,179.31,97.19,0,3,0,0
2026-08-15T23:27:21.899,IMU-1,0x28,0.81,179.31,97.19,0,3,0,0
2026-08-15T23:27:21.998,IMU-1,0x28,0.81,179.31,97.19,0,3,0,0
2026-08-15T23:27:22.098,IMU-1,0x28,0.81,179.31,97.19,0,3,0,0
2026-08-15T23:27:22.199,IMU-1,0x28,0.81,179.31,97.19,0,3,0,0
2026-08-15T23:27:22.299,IMU-1,0x28,0.81,179.31,97.19,0,3,0,0
2026-08-15T23:27:22.399,IMU-1,0x28,0.81,179.31,97.19,0,3,0,0
2026-08-15T23:27:22.500,IMU-1,0x28,0.81,179.31,97.19,0,3,0,0
2026-08-15T23:27:22.599,IMU-1,0x28,0.81,179.31,97.19,0,3,0,0
2026-08-15T23:27:22.700,IMU-1,0x28,0.81,179.31,97.19,0,3,0,0
2026-08-15T23:27:22.800,IMU-1,0x28,0.81,179.31,97.19,0,3,0,0
2026-08-15T23:27:22.900,IMU-1,0x28,0.81,179.31,97.19,0,3,0,0
2026-08-15T23:27:23.000,IMU-1,0x28,0.81,179.31,97.19,0,3,0,0
2026-08-15T23:27:23.101,IMU-1,0x28,0.81,179.31,97.19,0,3,0,0
2026-08-15T23:27:23.201,IMU-1,0x28,0.81,179.31,97.19,0,3,0,0
2026-08-15T23:27:23.301,IMU-1,0x28,0.81,179.31,97.19,0,3,0,0
2026-08-15T23:27:23.401,IMU-1,0x28,0.81,179.31,97.19,0,3,0,0
2026-08-15T23:27:23.502,IMU-1,0x28,0.81,179.31,97.19,0,3,0,0
2026-08-15T23:27:23.601,IMU-1,0x28,0.81,179.31,97.19,0,3,0,0
2026-08-15T23:27:23.701,IMU-1,0x28,0.81,179.31,97.19,0,3,0,0
2026-08-15T23:27:23.801,IMU-1,0x28,0.81,179.31,97.19,0,3,0,0
2026-08-15T23:27:23.901,IMU-1,0x28,0.81,179.31,97.19,0,3,0,0
2026-08-15T23:27:24.001,IMU-1,0x28,0.81,179.31,97.19,0,3,0,0
2026-08-15T23:27:24.100,IMU-1,0x28,0.81,179.31,97.19,0,3,0,0
2026-08-15T23:27:24.200,IMU-1,0x28,0.81,179.31,97.19,0,3,0,0
2026-08-15T23:27:24.300,IMU-1,0x28,0.81,179.31,97.19,0,3,0,0
2026-08-15T23:27:24.400,IMU-1,0x28,0.81,179.31,97.19,0,3,0,0
2026-08-15T23:27:24.501,IMU-1,0x28,0.81,179.31,97.19,0,3,0,0
2026-08-15T23:27:24.600,IMU-1,0x28,0.81,179.31,97.19,0,3,0,0
2026-08-15T23:27:24.700,IMU-1,0x28,0.81,179.31,97.19,0,3,0,0
2026-08-15T23:27:24.800,IMU-1,0x28,0.81,179.31,97.19,0,3,0,0
2026-08-15T23:27:24.900,IMU-1,0x28,0.81,179.31,97.19,0,3,0,0
2026-08-15T23:27:25.000,IMU-1,0x28,0.81,179.31,97.19,0,3,0,0
2026-08-15T23:27:25.101,IMU-1,0x28,0.81,179.31,97.19,0,3,0,0
2026-08-15T23:27:25.201,IMU-1,0x28,0.81,179.31,97.19,0,3,0,0
2026-08-15T23:27:25.301,IMU-1,0x28,0.81,179.31,97.19,0,3,0,0
2026-08-15T23:27:25.402,IMU-1,0x28,0.81,179.31,97.19,0,3,0,0
2026-08-15T23:27:25.502,IMU-1,0x28,0.81,179.31,97.19,0,3,0,0
2026-08-15T23:27:25.602,IMU-1,0x28,0.81,179.31,97.19,0,3,0,0
2026-08-15T23:27:25.702,IMU-1,0x28,0.81,179.31,97.19,0,3,0,0
2026-08-15T23:27:25.802,IMU-1,0x28,0.81,179.31,97.19,0,3,0,0
2026-08-15T23:27:25.902,IMU-1,0x28,0.81,179.31,97.19,0,3,0,0
2026-08-15T23:27:26.002,IMU-1,0x28,0.81,179.31,97.19,0,3,0,0
2026-08-15T23:27:26.102,IMU-1,0x28,0.81,179.31,97.19,0,3,0,0
2026-08-15T23:27:26.203,IMU-1,0x28,0.81,179.31,97.19,0,3,0,0
2026-08-15T23:27:26.303,IMU-1,0x28,0.81,179.31,97.19,0,3,0,0
2026-08-15T23:27:26.403,IMU-1,0x28,0.81,179.31,97.19,0,3,0,0
2026-08-15T23:27:26.504,IMU-1,0x28,0.81,179.31,97.19,0,3,0,0
2026-08-15T23:27:26.603,IMU-1,0x28,0.81,179.31,97.19,0,3,0,0
2026-08-15T23:27:26.703,IMU-1,0x28,0.81,179.31,97.19,0,3,0,0
2026-08-15T23:27:26.803,IMU-1,0x28,0.81,179.31,97.19,0,3,0,0
2026-08-15T23:27:26.903,IMU-1,0x28,0.81,179.31,97.19,0,3,0,0
2026-08-15T23:27:27.003,IMU-1,0x28,0.81,179.31,97.19,0,3,0,0
2026-08-15T23:27:27.103,IMU-1,0x28,0.81,179.31,97.19,0,3,0,0
2026-08-15T23:27:27.203,IMU-1,0x28,0.81,179.31,97.19,0,3,0,0
2026-08-15T23:27:27.303,IMU-1,0x28,0.81,179.31,97.19,0,3,0,0
2026-08-15T23:27:27.404,IMU-1,0x28,0.81,179.31,97.19,0,3,0,0
2026-08-15T23:27:27.505,IMU-1,0x28,0.81,179.31,97.19,0,3,0,0
2026-08-15T23:27:27.604,IMU-1,0x28,0.81,179.31,97.19,0,3,0,0
2026-08-15T23:27:27.704,IMU-1,0x28,0.81,179.31,97.19,0,3,0,0
2026-08-15T23:27:27.804,IMU-1,0x28,0.81,179.31,97.19,0,3,0,0
2026-08-15T23:27:27.904,IMU-1,0x28,0.81,179.31,97.19,0,3,0,0
2026-08-15T23:27:28.004,IMU-1,0x28,0.81,179.31,97.19,0,3,0,0
2026-08-15T23:27:28.104,IMU-1,0x28,0.81,179.31,97.19,0,3,0,0
2026-08-15T23:27:28.204,IMU-1,0x28,0.81,179.31,97.19,0,3,0,0
2026-08-15T23:27:28.303,IMU-1,0x28,0.81,179.31,97.19,0,3,0,0
2026-08-15T23:27:28.403,IMU-1,0x28,0.81,179.31,97.19,0,3,0,0
2026-08-15T23:27:28.504,IMU-1,0x28,0.81,179.31,97.19,0,3,0,0
2026-08-15T23:27:28.604,IMU-1,0x28,0.81,179.31,97.19,0,3,0,0
2026-08-15T23:27:28.703,IMU-1,0x28,0.81,179.31,97.19,0,3,0,0
2026-08-15T23:27:28.803,IMU-1,0x28,0.81,179.31,97.19,0,3,0,0
2026-08-15T23:27:28.903,IMU-1,0x28,0.81,179.31,97.19,0,3,0,0
2026-08-15T23:27:29.003,IMU-1,0x28,0.81,179.31,97.19,0,3,0,0
2026-08-15T23:27:29.103,IMU-1,0x28,0.81,179.31,97.19,0,3,0,0
2026-08-15T23:27:29.204,IMU-1,0x28,0.81,179.31,97.19,0,3,0,0
2026-08-15T23:27:29.304,IMU-1,0x28,0.81,179.31,97.19,0,3,0,0
2026-08-15T23:27:29.404,IMU-1,0x28,0.81,179.31,97.19,0,3,0,0
2026-08-15T23:27:29.505,IMU-1,0x28,0.81,179.31,97.19,0,3,0,0
2026-08-15T23:27:29.605,IMU-1,0x28,0.81,179.31,97.19,0,3,0,0
2026-08-15T23:27:29.705,IMU-1,0x28,0.81,179.31,97.19,0,3,0,0
2026-08-15T23:27:29.805,IMU-1,0x28,0.81,179.31,97.19,0,3,0,0
2026-08-15T23:27:29.905,IMU-1,0x28,0.81,179.31,97.19,0,3,0,0
2026-08-15T23:27:30.005,IMU-1,0x28,0.81,179.31,97.19,0,3,0,0
2026-08-15T23:27:30.105,IMU-1,0x28,0.81,179.31,97.19,0,3,0,0
2026-08-15T23:27:30.205,IMU-1,0x28,0.81,179.31,97.19,0,3,0,0
2026-08-15T23:27:30.306,IMU-1,0x28,0.81,179.31,97.19,0,3,0,0
2026-08-15T23:27:30.406,IMU-1,0x28,0.81,179.31,97.19,0,3,0,0
2026-08-15T23:27:30.506,IMU-1,0x28,0.81,179.31,97.19,0,3,0,0
2026-08-15T23:27:30.606,IMU-1,0x28,0.81,179.31,97.19,0,3,0,0
2026-08-15T23:27:30.706,IMU-1,0x28,0.81,179.31,97.19,0,3,0,0
2026-08-15T23:27:30.806,IMU-1,0x28,0.81,179.31,97.19,0,3,0,0
2026-08-15T23:27:30.905,IMU-1,0x28,0.81,179.31,97.19,0,3,0,0
2026-08-15T23:27:31.005,IMU-1,0x28,0.81,179.31,97.19,0,3,0,0
2026-08-15T23:27:31.105,IMU-1,0x28,0.81,179.31,97.19,0,3,0,0
2026-08-15T23:27:31.204,IMU-1,0x28,0.81,179.31,97.19,0,3,0,0
2026-08-15T23:27:31.304,IMU-1,0x28,0.81,179.31,97.19,0,3,0,0
2026-08-15T23:27:31.405,IMU-1,0x28,0.81,179.31,97.19,0,3,0,0
2026-08-15T23:27:31.505,IMU-1,0x28,0.81,179.31,97.19,0,3,0,0
2026-08-15T23:27:31.605,IMU-1,0x28,0.81,179.31,97.19,0,3,0,0
2026-08-15T23:27:31.705,IMU-1,0x28,0.81,179.31,97.19,0,3,0,0
2026-08-15T23:27:31.805,IMU-1,0x28,0.81,179.31,97.19,0,3,0,0
2026-08-15T23:27:31.905,IMU-1,0x28,0.81,179.31,97.19,0,3,0,0
2026-08-15T23:27:32.006,IMU-1,0x28,0.81,179.31,97.19,0,3,0,0
2026-08-15T23:27:32.106,IMU-1,0x28,0.81,179.31,97.19,0,3,0,0
2026-08-15T23:27:32.206,IMU-1,0x28,0.81,179.31,97.19,0,3,0,0
2026-08-15T23:27:32.306,IMU-1,0x28,0.81,179.31,97.19,0,3,0,0
2026-08-15T23:27:32.406,IMU-1,0x28,0.81,179.31,97.19,0,3,0,0
2026-08-15T23:27:32.507,IMU-1,0x28,0.81,179.31,97.19,0,3,0,0
2026-08-15T23:27:32.606,IMU-1,0x28,0.81,179.31,97.19,0,3,0,0
2026-08-15T23:27:32.707,IMU-1,0x28,0.81,179.31,97.19,0,3,0,0
2026-08-15T23:27:32.807,IMU-1,0x28,0.81,179.31,97.19,0,3,0,0
2026-08-15T23:27:32.907,IMU-1,0x28,0.81,179.31,97.19,0,3,0,0
2026-08-15T23:27:33.007,IMU-1,0x28,0.81,179.31,97.19,0,3,0,0
2026-08-15T23:27:33.107,IMU-1,0x28,0.81,179.31,97.19,0,3,0,0
2026-08-15T23:27:33.207,IMU-1,0x28,0.81,179.31,97.19,0,3,0,0
2026-08-15T23:27:33.307,IMU-1,0x28,0.81,179.31,97.19,0,3,0,0
2026-08-15T23:27:33.407,IMU-1,0x28,0.81,179.31,97.19,0,3,0,0
2026-08-15T23:27:33.508,IMU-1,0x28,0.81,179.31,97.19,0,3,0,0
2026-08-15T23:27:33.607,IMU-1,0x28,0.81,179.31,97.19,0,3,0,0
2026-08-15T23:27:33.707,IMU-1,0x28,0.81,179.31,97.19,0,3,0,0
2026-08-15T23:27:33.807,IMU-1,0x28,0.81,179.31,97.19,0,3,0,0
2026-08-15T23:27:33.908,IMU-1,0x28,0.81,179.31,97.19,0,3,0,0
2026-08-15T23:27:34.008,IMU-1,0x28,0.81,179.31,97.19,0,3,0,0
2026-08-15T23:27:34.108,IMU-1,0x28,0.81,179.31,97.19,0,3,0,0
2026-08-15T23:27:34.208,IMU-1,0x28,0.81,179.31,97.19,0,3,0,0
2026-08-15T23:27:34.308,IMU-1,0x28,0.81,179.31,97.19,0,3,0,0
2026-08-15T23:27:34.408,IMU-1,0x28,0.81,179.31,97.19,0,3,0,0
2026-08-15T23:27:34.509,IMU-1,0x28,0.81,179.31,97.19,0,3,0,0
2026-08-15T23:27:34.608,IMU-1,0x28,0.81,179.31,97.19,0,3,0,0
2026-08-15T23:27:34.707,IMU-1,0x28,0.81,179.31,97.19,0,3,0,0
2026-08-15T23:27:34.807,IMU-1,0x28,0.81,179.31,97.19,0,3,0,0
2026-08-15T23:27:34.907,IMU-1,0x28,0.81,179.31,97.19,0,3,0,0
2026-08-15T23:27:35.008,IMU-1,0x28,0.81,179.31,97.19,0,3,0,0
2026-08-15T23:27:35.108,IMU-1,0x28,0.81,179.31,97.19,0,3,0,0
2026-08-15T23:27:35.208,IMU-1,0x28,0.81,179.31,97.19,0,3,0,0
2026-08-15T23:27:35.308,IMU-1,0x28,0.81,179.31,97.19,0,3,0,0
2026-08-15T23:27:35.408,IMU-1,0x28,0.81,179.31,97.19,0,3,0,0
2026-08-15T23:27:35.509,IMU-1,0x28,0.81,179.31,97.19,0,3,0,0
2026-08-15T23:27:35.608,IMU-1,0x28,0.81,179.31,97.19,0,3,0,0
2026-08-15T23:27:35.708,IMU-1,0x28,0.81,179.31,97.19,0,3,0,0
2026-08-15T23:27:35.808,IMU-1,0x28,0.81,179.31,97.19,0,3,0,0
2026-08-15T23:27:35.908,IMU-1,0x28,0.81,179.31,97.19,0,3,0,0
2026-08-15T23:27:36.008,IMU-1,0x28,0.81,179.31,97.19,0,3,0,0
2026-08-15T23:27:36.109,IMU-1,0x28,0.81,179.31,97.19,0,3,0,0
2026-08-15T23:27:36.209,IMU-1,0x28,0.81,179.31,97.19,0,3,0,0
2026-08-15T23:27:36.309,IMU-1,0x28,0.81,179.31,97.19,0,3,0,0
2026-08-15T23:27:36.409,IMU-1,0x28,0.81,179.31,97.19,0,3,0,0
2026-08-15T23:27:36.510,IMU-1,0x28,0.81,179.31,97.19,0,3,0,0
2026-08-15T23:27:36.609,IMU-1,0x28,0.81,179.31,97.19,0,3,0,0
2026-08-15T23:27:36.710,IMU-1,0x28,0.81,179.31,97.19,0,3,0,0
2026-08-15T23:27:36.809,IMU-1,0x28,0.81,179.31,97.19,0,3,0,0
2026-08-15T23:27:36.909,IMU-1,0x28,0.81,179.31,97.19,0,3,0,0
2026-08-15T23:27:37.009,IMU-1,0x28,0.81,179.31,97.19,0,3,0,0
2026-08-15T23:27:37.110,IMU-1,0x28,0.81,179.31,97.19,0,3,0,0
2026-08-15T23:27:37.210,IMU-1,0x28,0.81,179.31,97.19,0,3,0,0
2026-08-15T23:27:37.310,IMU-1,0x28,0.81,179.31,97.19,0,3,0,0
2026-08-15T23:27:37.410,IMU-1,0x28,0.81,179.31,97.19,0,3,0,0
2026-08-15T23:27:37.511,IMU-1,0x28,0.81,179.31,97.19,0,3,0,0
2026-08-15T23:27:37.610,IMU-1,0x28,0.81,179.31,97.19,0,3,0,0
2026-08-15T23:27:37.710,IMU-1,0x28,0.81,179.31,97.19,0,3,0,0
2026-08-15T23:27:37.809,IMU-1,0x28,0.81,179.31,97.19,0,3,0,0
2026-08-15T23:27:37.908,IMU-1,0x28,0.81,179.31,97.19,0,3,0,0
2026-08-15T23:27:38.009,IMU-1,0x28,0.81,179.31,97.19,0,3,0,0
2026-08-15T23:27:38.109,IMU-1,0x28,0.81,179.31,97.19,0,3,0,0
2026-08-15T23:27:38.209,IMU-1,0x28,0.81,179.31,97.19,0,3,0,0
2026-08-15T23:27:38.309,IMU-1,0x28,0.81,179.31,97.19,0,3,0,0
2026-08-15T23:27:38.409,IMU-1,0x28,0.81,179.31,97.19,0,3,0,0
2026-08-15T23:27:38.509,IMU-1,0x28,0.81,179.31,97.19,0,3,0,0
2026-08-15T23:27:38.609,IMU-1,0x28,0.81,179.31,97.19,0,3,0,0
2026-08-15T23:27:38.709,IMU-1,0x28,0.81,179.31,97.19,0,3,0,0
2026-08-15T23:27:38.810,IMU-1,0x28,0.81,179.31,97.19,0,3,0,0
2026-08-15T23:27:38.910,IMU-1,0x28,0.81,179.31,97.19,0,3,0,0
2026-08-15T23:27:39.010,IMU-1,0x28,0.81,179.31,97.19,0,3,0,0
2026-08-15T23:27:39.110,IMU-1,0x28,0.81,179.31,97.19,0,3,0,0
2026-08-15T23:27:39.210,IMU-1,0x28,0.81,179.31,97.19,0,3,0,0
2026-08-15T23:27:39.311,IMU-1,0x28,0.81,179.31,97.19,0,3,0,0
2026-08-15T23:27:39.411,IMU-1,0x28,0.81,179.31,97.19,0,3,0,0
2026-08-15T23:27:39.512,IMU-1,0x28,0.81,179.31,97.19,0,3,0,0
2026-08-15T23:27:39.611,IMU-1,0x28,0.81,179.31,97.19,0,3,0,0
2026-08-15T23:27:39.711,IMU-1,0x28,0.81,179.31,97.19,0,3,0,0
2026-08-15T23:27:39.811,IMU-1,0x28,0.81,179.31,97.19,0,3,0,0
2026-08-15T23:27:39.911,IMU-1,0x28,0.81,179.31,97.19,0,3,0,0
2026-08-15T23:27:40.011,IMU-1,0x28,0.81,179.31,97.19,0,3,0,0
2026-08-15T23:27:40.110,IMU-1,0x28,0.81,179.31,97.19,0,3,0,0
2026-08-15T23:27:40.210,IMU-1,0x28,0.81,179.31,97.19,0,3,0,0
2026-08-15T23:27:40.310,IMU-1,0x28,0.81,179.31,97.19,0,3,0,0
2026-08-15T23:27:40.410,IMU-1,0x28,0.81,179.31,97.19,0,3,0,0
2026-08-15T23:27:40.511,IMU-1,0x28,0.81,179.31,97.19,0,3,0,0
2026-08-15T23:27:40.610,IMU-1,0x28,0.81,179.31,97.19,0,3,0,0
2026-08-15T23:27:40.710,IMU-1,0x28,0.81,179.31,97.19,0,3,0,0
2026-08-15T23:27:40.810,IMU-1,0x28,0.81,179.31,97.19,0,3,0,0
2026-08-15T23:27:40.911,IMU-1,0x28,0.81,179.31,97.19,0,3,0,0
2026-08-15T23:27:41.011,IMU-1,0x28,0.81,179.31,97.19,0,3,0,0
2026-08-15T23:27:41.111,IMU-1,0x28,0.81,179.31,97.19,0,3,0,0
2026-08-15T23:27:41.212,IMU-1,0x28,0.81,179.31,97.19,0,3,0,0
2026-08-15T23:27:41.311,IMU-1,0x28,0.81,179.31,97.19,0,3,0,0
2026-08-15T23:27:41.411,IMU-1,0x28,0.81,179.31,97.19,0,3,0,0
2026-08-15T23:27:41.513,IMU-1,0x28,0.81,179.31,97.19,0,3,0,0
2026-08-15T23:27:41.611,IMU-1,0x28,0.81,179.31,97.19,0,3,0,0
2026-08-15T23:27:41.711,IMU-1,0x28,0.81,179.31,97.19,0,3,0,0
2026-08-15T23:27:41.811,IMU-1,0x28,0.81,179.31,97.19,0,3,0,0
2026-08-15T23:27:41.911,IMU-1,0x28,0.81,179.31,97.19,0,3,0,0
2026-08-15T23:27:42.011,IMU-1,0x28,0.81,179.31,97.19,0,3,0,0
2026-08-15T23:27:42.112,IMU-1,0x28,0.81,179.31,97.19,0,3,0,0
2026-08-15T23:27:42.212,IMU-1,0x28,0.81,179.31,97.19,0,3,0,0
2026-08-15T23:27:42.312,IMU-1,0x28,0.81,179.31,97.19,0,3,0,0
2026-08-15T23:27:42.412,IMU-1,0x28,0.81,179.31,97.19,0,3,0,0
2026-08-15T23:27:42.513,IMU-1,0x28,0.81,179.31,97.19,0,3,0,0
2026-08-15T23:27:42.613,IMU-1,0x28,0.81,179.31,97.19,0,3,0,0
2026-08-15T23:27:42.713,IMU-1,0x28,0.81,179.31,97.19,0,3,0,0
2026-08-15T23:27:42.813,IMU-1,0x28,0.81,179.31,97.19,0,3,0,0
2026-08-15T23:27:42.913,IMU-1,0x28,0.81,179.31,97.19,0,3,0,0
2026-08-15T23:27:43.013,IMU-1,0x28,0.81,179.31,97.19,0,3,0,0
2026-08-15T23:27:43.113,IMU-1,0x28,0.81,179.31,97.19,0,3,0,0
2026-08-15T23:27:43.214,IMU-1,0x28,0.81,179.31,97.19,0,3,0,0
2026-08-15T23:27:43.314,IMU-1,0x28,0.81,179.31,97.19,0,3,0,0
2026-08-15T23:27:43.414,IMU-1,0x28,0.81,179.31,97.19,0,3,0,0
2026-08-15T23:27:43.515,IMU-1,0x28,0.81,179.31,97.19,0,3,0,0
2026-08-15T23:27:43.614,IMU-1,0x28,0.81,179.31,97.19,0,3,0,0
2026-08-15T23:27:43.714,IMU-1,0x28,0.81,179.31,97.19,0,3,0,0
2026-08-15T23:27:43.814,IMU-1,0x28,0.81,179.31,97.19,0,3,0,0
2026-08-15T23:27:43.914,IMU-1,0x28,0.81,179.31,97.19,0,3,0,0
2026-08-15T23:27:44.014,IMU-1,0x28,0.81,179.31,97.19,0,3,0,0
2026-08-15T23:27:44.114,IMU-1,0x28,0.81,179.31,97.19,0,3,0,0
2026-08-15T23:27:44.214,IMU-1,0x28,0.81,179.31,97.19,0,3,0,0
2026-08-15T23:27:44.314,IMU-1,0x28,0.81,179.31,97.19,0,3,0,0
2026-08-15T23:27:44.414,IMU-1,0x28,0.81,179.31,97.19,0,3,0,0
2026-08-15T23:27:44.513,IMU-1,0x28,0.81,179.31,97.19,0,3,0,0
2026-08-15T23:27:44.613,IMU-1,0x28,0.81,179.31,97.19,0,3,0,0
2026-08-15T23:27:44.713,IMU-1,0x28,0.81,179.31,97.19,0,3,0,0
2026-08-15T23:27:44.813,IMU-1,0x28,0.81,179.31,97.19,0,3,0,0
2026-08-15T23:27:44.913,IMU-1,0x28,0.81,179.31,97.19,0,3,0,0
2026-08-15T23:27:45.013,IMU-1,0x28,0.81,179.31,97.19,0,3,0,0
2026-08-15T23:27:45.113,IMU-1,0x28,0.81,179.31,97.19,0,3,0,0
2026-08-15T23:27:45.213,IMU-1,0x28,0.81,179.31,97.19,0,3,0,0
2026-08-15T23:27:45.313,IMU-1,0x28,0.81,179.31,97.19,0,3,0,0
2026-08-15T23:27:45.414,IMU-1,0x28,0.81,179.31,97.19,0,3,0,0
2026-08-15T23:27:45.515,IMU-1,0x28,0.81,179.31,97.19,0,3,0,0
2026-08-15T23:27:45.614,IMU-1,0x28,0.81,179.31,97.19,0,3,0,0
2026-08-15T23:27:45.714,IMU-1,0x28,0.81,179.31,97.19,0,3,0,0
2026-08-15T23:27:45.814,IMU-1,0x28,0.81,179.31,97.19,0,3,0,0
2026-08-15T23:27:45.914,IMU-1,0x28,0.81,179.31,97.19,0,3,0,0
2026-08-15T23:27:46.015,IMU-1,0x28,0.81,179.31,97.19,0,3,0,0
2026-08-15T23:27:46.115,IMU-1,0x28,0.81,179.31,97.19,0,3,0,0
2026-08-15T23:27:46.215,IMU-1,0x28,0.81,179.31,97.19,0,3,0,0
2026-08-15T23:27:46.315,IMU-1,0x28,0.81,179.31,97.19,0,3,0,0
2026-08-15T23:27:46.415,IMU-1,0x28,0.81,179.31,97.19,0,3,0,0
2026-08-15T23:27:46.517,IMU-1,0x28,0.81,179.31,97.19,0,3,0,0
2026-08-15T23:27:46.615,IMU-1,0x28,0.81,179.31,97.19,0,3,0,0
2026-08-15T23:27:46.715,IMU-1,0x28,0.81,179.31,97.19,0,3,0,0
2026-08-15T23:27:46.815,IMU-1,0x28,0.81,179.31,97.19,0,3,0,0
2026-08-15T23:27:46.916,IMU-1,0x28,0.81,179.31,97.19,0,3,0,0
2026-08-15T23:27:47.016,IMU-1,0x28,0.81,179.31,97.19,0,3,0,0
2026-08-15T23:27:47.116,IMU-1,0x28,0.81,179.31,97.19,0,3,0,0
2026-08-15T23:27:47.215,IMU-1,0x28,0.81,179.31,97.19,0,3,0,0
2026-08-15T23:27:47.315,IMU-1,0x28,0.81,179.31,97.19,0,3,0,0
2026-08-15T23:27:47.415,IMU-1,0x28,0.81,179.31,97.19,0,3,0,0
2026-08-15T23:27:47.516,IMU-1,0x28,0.81,179.31,97.19,0,3,0,0
2026-08-15T23:27:47.616,IMU-1,0x28,0.81,179.31,97.19,0,3,0,0
2026-08-15T23:27:47.716,IMU-1,0x28,0.81,179.31,97.19,0,3,0,0
2026-08-15T23:27:47.816,IMU-1,0x28,0.81,179.31,97.19,0,3,0,0
2026-08-15T23:27:47.915,IMU-1,0x28,0.81,179.31,97.19,0,3,0,0
2026-08-15T23:27:48.016,IMU-1,0x28,0.81,179.31,97.19,0,3,0,0
2026-08-15T23:27:48.116,IMU-1,0x28,0.81,179.31,97.19,0,3,0,0
2026-08-15T23:27:48.216,IMU-1,0x28,0.81,179.31,97.19,0,3,0,0
2026-08-15T23:27:48.316,IMU-1,0x28,0.81,179.31,97.19,0,3,0,0
2026-08-15T23:27:48.416,IMU-1,0x28,0.81,179.31,97.19,0,3,0,0
2026-08-15T23:27:48.517,IMU-1,0x28,0.81,179.31,97.19,0,3,0,0
2026-08-15T23:27:48.616,IMU-1,0x28,0.81,179.31,97.19,0,3,0,0
2026-08-15T23:27:48.716,IMU-1,0x28,0.81,179.31,97.19,0,3,0,0
2026-08-15T23:27:48.816,IMU-1,0x28,0.81,179.31,97.19,0,3,0,0
2026-08-15T23:27:48.916,IMU-1,0x28,0.81,179.31,97.19,0,3,0,0
2026-08-15T23:27:49.016,IMU-1,0x28,0.81,179.31,97.19,0,3,0,0
2026-08-15T23:27:49.116,IMU-1,0x28,0.81,179.31,97.19,0,3,0,0
2026-08-15T23:27:49.216,IMU-1,0x28,0.81,179.31,97.19,0,3,0,0
2026-08-15T23:27:49.317,IMU-1,0x28,0.81,179.31,97.19,0,3,0,0
2026-08-15T23:27:49.417,IMU-1,0x28,0.81,179.31,97.19,0,3,0,0
2026-08-15T23:27:49.517,IMU-1,0x28,0.81,179.31,97.19,0,3,0,0
2026-08-15T23:27:49.617,IMU-1,0x28,0.81,179.31,97.19,0,3,0,0
2026-08-15T23:27:49.717,IMU-1,0x28,0.81,179.31,97.19,0,3,0,0
2026-08-15T23:27:49.818,IMU-1,0x28,0.81,179.31,97.19,0,3,0,0
2026-08-15T23:27:49.917,IMU-1,0x28,0.81,179.31,97.19,0,3,0,0
2026-08-15T23:27:50.018,IMU-1,0x28,0.81,179.31,97.19,0,3,0,0
2026-08-15T23:27:50.118,IMU-1,0x28,0.81,179.31,97.19,0,3,0,0
2026-08-15T23:27:50.218,IMU-1,0x28,0.81,179.31,97.19,0,3,0,0
2026-08-15T23:27:50.318,IMU-1,0x28,0.81,179.31,97.19,0,3,0,0
2026-08-15T23:27:50.418,IMU-1,0x28,0.81,179.31,97.19,0,3,0,0
2026-08-15T23:27:50.519,IMU-1,0x28,0.81,179.31,97.19,0,3,0,0
2026-08-15T23:27:50.618,IMU-1,0x28,0.81,179.31,97.19,0,3,0,0
2026-08-15T23:27:50.718,IMU-1,0x28,0.81,179.31,97.19,0,3,0,0
2026-08-15T23:27:50.818,IMU-1,0x28,0.81,179.31,97.19,0,3,0,0
2026-08-15T23:27:50.918,IMU-1,0x28,0.81,179.31,97.19,0,3,0,0
2026-08-15T23:27:51.018,IMU-1,0x28,0.81,179.31,97.19,0,3,0,0
2026-08-15T23:27:51.118,IMU-1,0x28,0.81,179.31,97.19,0,3,0,0
2026-08-15T23:27:51.217,IMU-1,0x28,0.81,179.31,97.19,0,3,0,0
2026-08-15T23:27:51.317,IMU-1,0x28,0.81,179.31,97.19,0,3,0,0
2026-08-15T23:27:51.417,IMU-1,0x28,0.81,179.31,97.19,0,3,0,0
2026-08-15T23:27:51.517,IMU-1,0x28,0.81,179.31,97.19,0,3,0,0
2026-08-15T23:27:51.617,IMU-1,0x28,0.81,179.31,97.19,0,3,0,0
2026-08-15T23:27:51.717,IMU-1,0x28,0.81,179.31,97.19,0,3,0,0
2026-08-15T23:27:51.817,IMU-1,0x28,0.81,179.31,97.19,0,3,0,0
2026-08-15T23:27:51.917,IMU-1,0x28,0.81,179.31,97.19,0,3,0,0
2026-08-15T23:27:52.018,IMU-1,0x28,0.81,179.31,97.19,0,3,0,0
2026-08-15T23:27:52.118,IMU-1,0x28,0.81,179.31,97.19,0,3,0,0
2026-08-15T23:27:52.218,IMU-1,0x28,0.81,179.31,97.19,0,3,0,0
2026-08-15T23:27:52.318,IMU-1,0x28,0.81,179.31,97.19,0,3,0,0
2026-08-15T23:27:52.419,IMU-1,0x28,0.81,179.31,97.19,0,3,0,0
2026-08-15T23:27:52.519,IMU-1,0x28,0.81,179.31,97.19,0,3,0,0
2026-08-15T23:27:52.619,IMU-1,0x28,0.81,179.31,97.19,0,3,0,0
2026-08-15T23:27:52.719,IMU-1,0x28,0.81,179.31,97.19,0,3,0,0
2026-08-15T23:27:52.819,IMU-1,0x28,0.81,179.31,97.19,0,3,0,0
2026-08-15T23:27:52.919,IMU-1,0x28,0.81,179.31,97.19,0,3,0,0
2026-08-15T23:27:53.019,IMU-1,0x28,0.81,179.31,97.19,0,3,0,0
2026-08-15T23:27:53.119,IMU-1,0x28,0.81,179.31,97.19,0,3,0,0
2026-08-15T23:27:53.219,IMU-1,0x28,0.81,179.31,97.19,0,3,0,0
2026-08-15T23:27:53.320,IMU-1,0x28,0.81,179.31,97.19,0,3,0,0
2026-08-15T23:27:53.420,IMU-1,0x28,0.81,179.31,97.19,0,3,0,0
2026-08-15T23:27:53.521,IMU-1,0x28,0.81,179.31,97.19,0,3,0,0
2026-08-15T23:27:53.620,IMU-1,0x28,0.81,179.31,97.19,0,3,0,0
2026-08-15T23:27:53.720,IMU-1,0x28,0.81,179.31,97.19,0,3,0,0
2026-08-15T23:27:53.820,IMU-1,0x28,0.81,179.31,97.19,0,3,0,0
2026-08-15T23:27:53.920,IMU-1,0x28,0.81,179.31,97.19,0,3,0,0
2026-08-15T23:27:54.020,IMU-1,0x28,0.81,179.31,97.19,0,3,0,0
2026-08-15T23:27:54.120,IMU-1,0x28,0.81,179.31,97.19,0,3,0,0
2026-08-15T23:27:54.221,IMU-1,0x28,0.81,179.31,97.19,0,3,0,0
2026-08-15T23:27:54.320,IMU-1,0x28,0.81,179.31,97.19,0,3,0,0
2026-08-15T23:27:54.421,IMU-1,0x28,0.81,179.31,97.19,0,3,0,0
2026-08-15T23:27:54.521,IMU-1,0x28,0.81,179.31,97.19,0,3,0,0
2026-08-15T23:27:54.620,IMU-1,0x28,0.81,179.31,97.19,0,3,0,0
2026-08-15T23:27:54.720,IMU-1,0x28,0.81,179.31,97.19,0,3,0,0
2026-08-15T23:27:54.820,IMU-1,0x28,0.81,179.31,97.19,0,3,0,0
2026-08-15T23:27:54.920,IMU-1,0x28,0.81,179.31,97.19,0,3,0,0
2026-08-15T23:27:55.020,IMU-1,0x28,0.81,179.31,97.19,0,3,0,0
2026-08-15T23:27:55.120,IMU-1,0x28,0.81,179.31,97.19,0,3,0,0
2026-08-15T23:27:55.220,IMU-1,0x28,0.81,179.31,97.19,0,3,0,0
2026-08-15T23:27:55.320,IMU-1,0x28,0.81,179.31,97.19,0,3,0,0
2026-08-15T23:27:55.420,IMU-1,0x28,0.81,179.31,97.19,0,3,0,0
2026-08-15T23:27:55.521,IMU-1,0x28,0.81,179.31,97.19,0,3,0,0
2026-08-15T23:27:55.620,IMU-1,0x28,0.81,179.31,97.19,0,3,0,0
2026-08-15T23:27:55.720,IMU-1,0x28,0.81,179.31,97.19,0,3,0,0
2026-08-15T23:27:55.820,IMU-1,0x28,0.81,179.31,97.19,0,3,0,0
2026-08-15T23:27:55.920,IMU-1,0x28,0.81,179.31,97.19,0,3,0,0
2026-08-15T23:27:56.021,IMU-1,0x28,0.81,179.31,97.19,0,3,0,0
2026-08-15T23:27:56.121,IMU-1,0x28,0.81,179.31,97.19,0,3,0,0
2026-08-15T23:27:56.221,IMU-1,0x28,0.81,179.31,97.19,0,3,0,0
2026-08-15T23:27:56.321,IMU-1,0x28,0.81,179.31,97.19,0,3,0,0
2026-08-15T23:27:56.422,IMU-1,0x28,0.81,179.31,97.19,0,3,0,0
2026-08-15T23:27:56.522,IMU-1,0x28,0.81,179.31,97.19,0,3,0,0
2026-08-15T23:27:56.622,IMU-1,0x28,0.81,179.31,97.19,0,3,0,0
2026-08-15T23:27:56.722,IMU-1,0x28,0.81,179.31,97.19,0,3,0,0
2026-08-15T23:27:56.822,IMU-1,0x28,0.81,179.31,97.19,0,3,0,0
2026-08-15T23:27:56.922,IMU-1,0x28,0.81,179.31,97.19,0,3,0,0
2026-08-15T23:27:57.022,IMU-1,0x28,0.81,179.31,97.19,0,3,0,0
2026-08-15T23:27:57.122,IMU-1,0x28,0.81,179.31,97.19,0,3,0,0
2026-08-15T23:27:57.221,IMU-1,0x28,0.81,179.31,97.19,0,3,0,0
2026-08-15T23:27:57.321,IMU-1,0x28,0.81,179.31,97.19,0,3,0,0
2026-08-15T23:27:57.421,IMU-1,0x28,0.81,179.31,97.19,0,3,0,0
2026-08-15T23:27:57.523,IMU-1,0x28,0.81,179.31,97.19,0,3,0,0
2026-08-15T23:27:57.621,IMU-1,0x28,0.81,179.31,97.19,0,3,0,0
2026-08-15T23:27:57.721,IMU-1,0x28,0.81,179.31,97.19,0,3,0,0
2026-08-15T23:27:57.821,IMU-1,0x28,0.81,179.31,97.19,0,3,0,0
2026-08-15T23:27:57.921,IMU-1,0x28,0.81,179.31,97.19,0,3,0,0
2026-08-15T23:27:58.021,IMU-1,0x28,0.81,179.31,97.19,0,3,0,0
2026-08-15T23:27:58.121,IMU-1,0x28,0.81,179.31,97.19,0,3,0,0
2026-08-15T23:27:58.221,IMU-1,0x28,0.81,179.31,97.19,0,3,0,0
2026-08-15T23:27:58.321,IMU-1,0x28,0.81,179.31,97.19,0,3,0,0
2026-08-15T23:27:58.421,IMU-1,0x28,0.81,179.31,97.19,0,3,0,0
2026-08-15T23:27:58.522,IMU-1,0x28,0.81,179.31,97.19,0,3,0,0
2026-08-15T23:27:58.622,IMU-1,0x28,0.81,179.31,97.19,0,3,0,0
2026-08-15T23:27:58.722,IMU-1,0x28,0.81,179.31,97.19,0,3,0,0
2026-08-15T23:27:58.822,IMU-1,0x28,0.81,179.31,97.19,0,3,0,0
2026-08-15T23:27:58.923,IMU-1,0x28,0.81,179.31,97.19,0,3,0,0
2026-08-15T23:27:59.023,IMU-1,0x28,0.81,179.31,97.19,0,3,0,0
2026-08-15T23:27:59.123,IMU-1,0x28,0.81,179.31,97.19,0,3,0,0
2026-08-15T23:27:59.223,IMU-1,0x28,0.81,179.31,97.19,0,3,0,0
2026-08-15T23:27:59.323,IMU-1,0x28,0.81,179.31,97.19,0,3,0,0
2026-08-15T23:27:59.423,IMU-1,0x28,0.81,179.31,97.19,0,3,0,0
2026-08-15T23:27:59.524,IMU-1,0x28,0.81,179.31,97.19,0,3,0,0
2026-08-15T23:27:59.623,IMU-1,0x28,0.81,179.31,97.19,0,3,0,0
2026-08-15T23:27:59.724,IMU-1,0x28,0.81,179.31,97.19,0,3,0,0
2026-08-15T23:27:59.824,IMU-1,0x28,0.81,179.31,97.19,0,3,0,0
2026-08-15T23:27:59.924,IMU-1,0x28,0.81,179.31,97.19,0,3,0,0
2026-08-15T23:28:00.024,IMU-1,0x28,0.81,179.31,97.19,0,3,0,0
2026-08-15T23:28:00.124,IMU-1,0x28,0.81,179.31,97.19,0,3,0,0
2026-08-15T23:28:00.224,IMU-1,0x28,0.81,179.31,97.19,0,3,0,0
2026-08-15T23:28:00.324,IMU-1,0x28,0.81,179.31,97.19,0,3,0,0
2026-08-15T23:28:00.424,IMU-1,0x28,0.81,179.31,97.19,0,3,0,0
2026-08-15T23:28:00.525,IMU-1,0x28,0.81,179.31,97.19,0,3,0,0
2026-08-15T23:28:00.624,IMU-1,0x28,0.81,179.31,97.19,0,3,0,0
2026-08-15T23:28:00.724,IMU-1,0x28,0.81,179.31,97.19,0,3,0,0
2026-08-15T23:28:00.825,IMU-1,0x28,0.81,179.31,97.19,0,3,0,0
2026-08-15T23:28:00.925,IMU-1,0x28,0.81,179.31,97.19,0,3,0,0
2026-08-15T23:28:01.025,IMU-1,0x28,0.81,179.31,97.19,0,3,0,0
2026-08-15T23:28:01.125,IMU-1,0x28,0.81,179.31,97.19,0,3,0,0
2026-08-15T23:28:01.225,IMU-1,0x28,0.81,179.31,97.19,0,3,0,0
2026-08-15T23:28:01.325,IMU-1,0x28,0.81,179.31,97.19,0,3,0,0
2026-08-15T23:28:01.425,IMU-1,0x28,0.81,179.31,97.19,0,3,0,0
2026-08-15T23:28:01.526,IMU-1,0x28,0.81,179.31,97.19,0,3,0,0
2026-08-15T23:28:01.624,IMU-1,0x28,0.81,179.31,97.19,0,3,0,0
2026-08-15T23:28:01.724,IMU-1,0x28,0.81,179.31,97.19,0,3,0,0
2026-08-15T23:28:01.824,IMU-1,0x28,0.81,179.31,97.19,0,3,0,0
2026-08-15T23:28:01.924,IMU-1,0x28,0.81,179.31,97.19,0,3,0,0
2026-08-15T23:28:02.024,IMU-1,0x28,0.81,179.31,97.19,0,3,0,0
2026-08-15T23:28:02.124,IMU-1,0x28,0.81,179.31,97.19,0,3,0,0
2026-08-15T23:28:02.224,IMU-1,0x28,0.81,179.31,97.19,0,3,0,0
2026-08-15T23:28:02.324,IMU-1,0x28,0.81,179.31,97.19,0,3,0,0
2026-08-15T23:28:02.424,IMU-1,0x28,0.81,179.31,97.19,0,3,0,0
2026-08-15T23:28:02.525,IMU-1,0x28,0.81,179.31,97.19,0,3,0,0
2026-08-15T23:28:02.625,IMU-1,0x28,0.81,179.31,97.19,0,3,0,0
2026-08-15T23:28:02.725,IMU-1,0x28,0.81,179.31,97.19,0,3,0,0
2026-08-15T23:28:02.825,IMU-1,0x28,0.81,179.31,97.19,0,3,0,0
2026-08-15T23:28:02.925,IMU-1,0x28,0.81,179.31,97.19,0,3,0,0
2026-08-15T23:28:03.026,IMU-1,0x28,0.81,179.31,97.19,0,3,0,0
2026-08-15T23:28:03.126,IMU-1,0x28,0.81,179.31,97.19,0,3,0,0
2026-08-15T23:28:03.226,IMU-1,0x28,0.81,179.31,97.19,0,3,0,0
2026-08-15T23:28:03.326,IMU-1,0x28,0.81,179.31,97.19,0,3,0,0
2026-08-15T23:28:03.426,IMU-1,0x28,0.81,179.31,97.19,0,3,0,0
2026-08-15T23:28:03.527,IMU-1,0x28,0.81,179.31,97.19,0,3,0,0
2026-08-15T23:28:03.627,IMU-1,0x28,0.81,179.31,97.19,0,3,0,0
2026-08-15T23:28:03.726,IMU-1,0x28,0.81,179.31,97.19,0,3,0,0
2026-08-15T23:28:03.826,IMU-1,0x28,0.81,179.31,97.19,0,3,0,0
2026-08-15T23:28:03.926,IMU-1,0x28,0.81,179.31,97.19,0,3,0,0
2026-08-15T23:28:04.026,IMU-1,0x28,0.81,179.31,97.19,0,3,0,0
2026-08-15T23:28:04.127,IMU-1,0x28,0.81,179.31,97.19,0,3,0,0
2026-08-15T23:28:04.227,IMU-1,0x28,0.81,179.31,97.19,0,3,0,0
2026-08-15T23:28:04.326,IMU-1,0x28,0.81,179.31,97.19,0,3,0,0
2026-08-15T23:28:04.426,IMU-1,0x28,0.81,179.31,97.19,0,3,0,0
2026-08-15T23:28:04.527,IMU-1,0x28,0.81,179.31,97.19,0,3,0,0
2026-08-15T23:28:04.625,IMU-1,0x28,0.81,179.31,97.19,0,3,0,0
2026-08-15T23:28:04.725,IMU-1,0x28,0.81,179.31,97.19,0,3,0,0
2026-08-15T23:28:04.825,IMU-1,0x28,0.81,179.31,97.19,0,3,0,0
2026-08-15T23:28:04.925,IMU-1,0x28,0.81,179.31,97.19,0,3,0,0
2026-08-15T23:28:05.026,IMU-1,0x28,0.81,179.31,97.19,0,3,0,0
2026-08-15T23:28:05.126,IMU-1,0x28,0.81,179.31,97.19,0,3,0,0
2026-08-15T23:28:05.226,IMU-1,0x28,0.81,179.31,97.19,0,3,0,0
2026-08-15T23:28:05.326,IMU-1,0x28,0.81,179.31,97.19,0,3,0,0
2026-08-15T23:28:05.427,IMU-1,0x28,0.81,179.31,97.19,0,3,0,0
2026-08-15T23:28:05.528,IMU-1,0x28,0.81,179.31,97.19,0,3,0,0
2026-08-15T23:28:05.627,IMU-1,0x28,0.81,179.31,97.19,0,3,0,0
2026-08-15T23:28:05.727,IMU-1,0x28,0.81,179.31,97.19,0,3,0,0
2026-08-15T23:28:05.827,IMU-1,0x28,0.81,179.31,97.19,0,3,0,0
2026-08-15T23:28:05.927,IMU-1,0x28,0.81,179.31,97.19,0,3,0,0
2026-08-15T23:28:06.027,IMU-1,0x28,0.81,179.31,97.19,0,3,0,0
2026-08-15T23:28:06.127,IMU-1,0x28,0.81,179.31,97.19,0,3,0,0
2026-08-15T23:28:06.227,IMU-1,0x28,0.81,179.31,97.19,0,3,0,0
2026-08-15T23:28:06.328,IMU-1,0x28,0.81,179.31,97.19,0,3,0,0
2026-08-15T23:28:06.428,IMU-1,0x28,0.81,179.31,97.19,0,3,0,0
2026-08-15T23:28:06.529,IMU-1,0x28,0.81,179.31,97.19,0,3,0,0
2026-08-15T23:28:06.628,IMU-1,0x28,0.81,179.31,97.19,0,3,0,0
2026-08-15T23:28:06.728,IMU-1,0x28,0.81,179.31,97.19,0,3,0,0
2026-08-15T23:28:06.828,IMU-1,0x28,0.81,179.31,97.19,0,3,0,0
2026-08-15T23:28:06.928,IMU-1,0x28,0.81,179.31,97.19,0,3,0,0
2026-08-15T23:28:07.028,IMU-1,0x28,0.81,179.31,97.19,0,3,0,0
2026-08-15T23:28:07.128,IMU-1,0x28,0.81,179.31,97.19,0,3,0,0
2026-08-15T23:28:07.228,IMU-1,0x28,0.81,179.31,97.19,0,3,0,0
2026-08-15T23:28:07.328,IMU-1,0x28,0.81,179.31,97.19,0,3,0,0
2026-08-15T23:28:07.428,IMU-1,0x28,0.81,179.31,97.19,0,3,0,0
2026-08-15T23:28:07.530,IMU-1,0x28,0.81,179.31,97.19,0,3,0,0
2026-08-15T23:28:07.629,IMU-1,0x28,0.81,179.31,97.19,0,3,0,0
2026-08-15T23:28:07.729,IMU-1,0x28,0.81,179.31,97.19,0,3,0,0
2026-08-15T23:28:07.829,IMU-1,0x28,0.81,179.31,97.19,0,3,0,0
2026-08-15T23:28:07.929,IMU-1,0x28,0.81,179.31,97.19,0,3,0,0
2026-08-15T23:28:08.029,IMU-1,0x28,0.81,179.31,97.19,0,3,0,0
2026-08-15T23:28:08.128,IMU-1,0x28,0.81,179.31,97.19,0,3,0,0
2026-08-15T23:28:08.228,IMU-1,0x28,0.81,179.31,97.19,0,3,0,0
2026-08-15T23:28:08.328,IMU-1,0x28,0.81,179.31,97.19,0,3,0,0
2026-08-15T23:28:08.429,IMU-1,0x28,0.81,179.31,97.19,0,3,0,0
2026-08-15T23:28:08.529,IMU-1,0x28,0.81,179.31,97.19,0,3,0,0
2026-08-15T23:28:08.628,IMU-1,0x28,0.81,179.31,97.19,0,3,0,0
2026-08-15T23:28:08.728,IMU-1,0x28,0.81,179.31,97.19,0,3,0,0
2026-08-15T23:28:08.828,IMU-1,0x28,0.81,179.31,97.19,0,3,0,0
2026-08-15T23:28:08.928,IMU-1,0x28,0.81,179.31,97.19,0,3,0,0
2026-08-15T23:28:09.028,IMU-1,0x28,0.81,179.31,97.19,0,3,0,0
2026-08-15T23:28:09.129,IMU-1,0x28,0.81,179.31,97.19,0,3,0,0
2026-08-15T23:28:09.229,IMU-1,0x28,0.81,179.31,97.19,0,3,0,0
2026-08-15T23:28:09.329,IMU-1,0x28,0.81,179.31,97.19,0,3,0,0
2026-08-15T23:28:09.429,IMU-1,0x28,0.81,179.31,97.19,0,3,0,0
2026-08-15T23:28:09.530,IMU-1,0x28,0.81,179.31,97.19,0,3,0,0
2026-08-15T23:28:09.630,IMU-1,0x28,0.81,179.31,97.19,0,3,0,0
2026-08-15T23:28:09.730,IMU-1,0x28,0.81,179.31,97.19,0,3,0,0
2026-08-15T23:28:09.830,IMU-1,0x28,0.81,179.31,97.19,0,3,0,0
2026-08-15T23:28:09.931,IMU-1,0x28,0.81,179.31,97.19,0,3,0,0
2026-08-15T23:28:10.030,IMU-1,0x28,0.81,179.31,97.19,0,3,0,0
2026-08-15T23:28:10.130,IMU-1,0x28,0.81,179.31,97.19,0,3,0,0
2026-08-15T23:28:10.230,IMU-1,0x28,0.81,179.31,97.19,0,3,0,0
2026-08-15T23:28:10.330,IMU-1,0x28,0.81,179.31,97.19,0,3,0,0
2026-08-15T23:28:10.430,IMU-1,0x28,0.88,179.31,97.19,0,3,0,0
2026-08-15T23:28:10.531,IMU-1,0x28,0.88,179.31,97.19,0,3,0,0
2026-08-15T23:28:10.631,IMU-1,0x28,0.88,179.31,97.19,0,3,0,0
2026-08-15T23:28:10.731,IMU-1,0x28,0.88,179.31,97.19,0,3,0,0
2026-08-15T23:28:10.831,IMU-1,0x28,0.88,179.31,97.19,0,3,0,0
2026-08-15T23:28:10.931,IMU-1,0x28,0.88,179.31,97.19,0,3,0,0
2026-08-15T23:28:11.031,IMU-1,0x28,0.88,179.31,97.19,0,3,0,0
2026-08-15T23:28:11.130,IMU-1,0x28,0.88,179.31,97.19,0,3,0,0
2026-08-15T23:28:11.230,IMU-1,0x28,0.88,179.31,97.19,0,3,0,0
2026-08-15T23:28:11.330,IMU-1,0x28,0.88,179.31,97.19,0,3,0,0
2026-08-15T23:28:11.430,IMU-1,0x28,0.88,179.31,97.19,0,3,0,0
2026-08-15T23:28:11.530,IMU-1,0x28,0.88,179.31,97.19,0,3,0,0
2026-08-15T23:28:11.630,IMU-1,0x28,0.88,179.31,97.19,0,3,0,0
2026-08-15T23:28:11.730,IMU-1,0x28,0.88,179.31,97.19,0,3,0,0
2026-08-15T23:28:11.830,IMU-1,0x28,0.88,179.31,97.19,0,3,0,0
2026-08-15T23:28:11.930,IMU-1,0x28,0.88,179.31,97.19,0,3,0,0
2026-08-15T23:28:12.031,IMU-1,0x28,0.88,179.31,97.19,0,3,0,0
2026-08-15T23:28:12.131,IMU-1,0x28,0.88,179.31,97.19,0,3,0,0
2026-08-15T23:28:12.231,IMU-1,0x28,0.88,179.31,97.19,0,3,0,0
2026-08-15T23:28:12.331,IMU-1,0x28,0.88,179.31,97.19,0,3,0,0
2026-08-15T23:28:12.431,IMU-1,0x28,0.88,179.31,97.19,0,3,0,0
2026-08-15T23:28:12.532,IMU-1,0x28,0.88,179.31,97.19,0,3,0,0
2026-08-15T23:28:12.631,IMU-1,0x28,0.88,179.31,97.19,0,3,0,0
2026-08-15T23:28:12.731,IMU-1,0x28,0.88,179.31,97.19,0,3,0,0
2026-08-15T23:28:12.831,IMU-1,0x28,0.88,179.31,97.19,0,3,0,0
2026-08-15T23:28:12.932,IMU-1,0x28,0.88,179.31,97.19,0,3,0,0
2026-08-15T23:28:13.032,IMU-1,0x28,0.88,179.31,97.19,0,3,0,0
2026-08-15T23:28:13.132,IMU-1,0x28,0.88,179.31,97.19,0,3,0,0
2026-08-15T23:28:13.232,IMU-1,0x28,0.88,179.31,97.19,0,3,0,0
2026-08-15T23:28:13.332,IMU-1,0x28,0.88,179.31,97.19,0,3,0,0
2026-08-15T23:28:13.432,IMU-1,0x28,0.88,179.31,97.19,0,3,0,0
2026-08-15T23:28:13.533,IMU-1,0x28,0.88,179.31,97.19,0,3,0,0
2026-08-15T23:28:13.632,IMU-1,0x28,0.88,179.31,97.19,0,3,0,0
2026-08-15T23:28:13.731,IMU-1,0x28,0.88,179.31,97.19,0,3,0,0
2026-08-15T23:28:13.831,IMU-1,0x28,0.88,179.31,97.19,0,3,0,0
2026-08-15T23:28:13.931,IMU-1,0x28,0.88,179.31,97.19,0,3,0,0
2026-08-15T23:28:14.031,IMU-1,0x28,0.88,179.31,97.19,0,3,0,0
2026-08-15T23:28:14.132,IMU-1,0x28,0.88,179.31,97.19,0,3,0,0
2026-08-15T23:28:14.232,IMU-1,0x28,0.88,179.31,97.19,0,3,0,0
2026-08-15T23:28:14.332,IMU-1,0x28,0.88,179.31,97.19,0,3,0,0
2026-08-15T23:28:14.433,IMU-1,0x28,0.88,179.31,97.19,0,3,0,0
2026-08-15T23:28:14.533,IMU-1,0x28,0.88,179.31,97.19,0,3,0,0
2026-08-15T23:28:14.632,IMU-1,0x28,0.88,179.31,97.19,0,3,0,0
2026-08-15T23:28:14.732,IMU-1,0x28,0.88,179.31,97.19,0,3,0,0
2026-08-15T23:28:14.832,IMU-1,0x28,0.88,179.31,97.19,0,3,0,0
2026-08-15T23:28:14.932,IMU-1,0x28,0.88,179.31,97.19,0,3,0,0
2026-08-15T23:28:15.032,IMU-1,0x28,0.88,179.31,97.19,0,3,0,0
2026-08-15T23:28:15.132,IMU-1,0x28,0.88,179.31,97.19,0,3,0,0
2026-08-15T23:28:15.232,IMU-1,0x28,0.88,179.31,97.19,0,3,0,0
2026-08-15T23:28:15.332,IMU-1,0x28,0.88,179.31,97.19,0,3,0,0
2026-08-15T23:28:15.432,IMU-1,0x28,0.88,179.31,97.19,0,3,0,0
2026-08-15T23:28:15.533,IMU-1,0x28,0.88,179.31,97.19,0,3,0,0
2026-08-15T23:28:15.633,IMU-1,0x28,0.88,179.31,97.19,0,3,0,0
2026-08-15T23:28:15.733,IMU-1,0x28,0.88,179.31,97.19,0,3,0,0
2026-08-15T23:28:15.833,IMU-1,0x28,0.88,179.31,97.19,0,3,0,0
2026-08-15T23:28:15.933,IMU-1,0x28,0.88,179.31,97.19,0,3,0,0
2026-08-15T23:28:16.033,IMU-1,0x28,0.88,179.31,97.19,0,3,0,0
2026-08-15T23:28:16.134,IMU-1,0x28,0.88,179.31,97.19,0,3,0,0
2026-08-15T23:28:16.234,IMU-1,0x28,0.88,179.31,97.19,0,3,0,0
2026-08-15T23:28:16.334,IMU-1,0x28,0.88,179.31,97.19,0,3,0,0
2026-08-15T23:28:16.434,IMU-1,0x28,0.88,179.31,97.19,0,3,0,0
2026-08-15T23:28:16.535,IMU-1,0x28,0.88,179.31,97.19,0,3,0,0
2026-08-15T23:28:16.635,IMU-1,0x28,0.88,179.31,97.19,0,3,0,0
2026-08-15T23:28:16.735,IMU-1,0x28,0.88,179.31,97.19,0,3,0,0
2026-08-15T23:28:16.834,IMU-1,0x28,0.88,179.31,97.19,0,3,0,0
2026-08-15T23:28:16.935,IMU-1,0x28,0.88,179.31,97.19,0,3,0,0
2026-08-15T23:28:17.035,IMU-1,0x28,0.88,179.31,97.19,0,3,0,0
2026-08-15T23:28:17.135,IMU-1,0x28,0.88,179.31,97.19,0,3,0,0
2026-08-15T23:28:17.235,IMU-1,0x28,0.88,179.31,97.19,0,3,0,0
2026-08-15T23:28:17.335,IMU-1,0x28,0.88,179.31,97.19,0,3,0,0
2026-08-15T23:28:17.435,IMU-1,0x28,0.88,179.31,97.19,0,3,0,0
2026-08-15T23:28:17.536,IMU-1,0x28,0.88,179.31,97.19,0,3,0,0
2026-08-15T23:28:17.635,IMU-1,0x28,0.88,179.31,97.19,0,3,0,0
2026-08-15T23:28:17.735,IMU-1,0x28,0.88,179.31,97.19,0,3,0,0
2026-08-15T23:28:17.835,IMU-1,0x28,0.88,179.31,97.19,0,3,0,0
2026-08-15T23:28:17.934,IMU-1,0x28,0.88,179.31,97.19,0,3,0,0
2026-08-15T23:28:18.034,IMU-1,0x28,0.88,179.31,97.19,0,3,0,0
2026-08-15T23:28:18.134,IMU-1,0x28,0.88,179.31,97.19,0,3,0,0
2026-08-15T23:28:18.234,IMU-1,0x28,0.88,179.31,97.19,0,3,0,0
2026-08-15T23:28:18.334,IMU-1,0x28,0.88,179.31,97.19,0,3,0,0
2026-08-15T23:28:18.434,IMU-1,0x28,0.88,179.31,97.19,0,3,0,0
2026-08-15T23:28:18.534,IMU-1,0x28,0.88,179.31,97.19,0,3,0,0
2026-08-15T23:28:18.634,IMU-1,0x28,0.88,179.31,97.19,0,3,0,0
2026-08-15T23:28:18.735,IMU-1,0x28,0.88,179.31,97.19,0,3,0,0
2026-08-15T23:28:18.835,IMU-1,0x28,0.88,179.31,97.19,0,3,0,0
2026-08-15T23:28:18.935,IMU-1,0x28,0.88,179.31,97.19,0,3,0,0
2026-08-15T23:28:19.035,IMU-1,0x28,0.88,179.31,97.19,0,3,0,0
2026-08-15T23:28:19.135,IMU-1,0x28,0.88,179.31,97.19,0,3,0,0
2026-08-15T23:28:19.235,IMU-1,0x28,0.88,179.31,97.19,0,3,0,0
2026-08-15T23:28:19.335,IMU-1,0x28,0.88,179.31,97.19,0,3,0,0
2026-08-15T23:28:19.435,IMU-1,0x28,0.88,179.31,97.19,0,3,0,0
2026-08-15T23:28:19.537,IMU-1,0x28,0.88,179.31,97.19,0,3,0,0
2026-08-15T23:28:19.636,IMU-1,0x28,0.88,179.31,97.19,0,3,0,0
2026-08-15T23:28:19.736,IMU-1,0x28,0.88,179.31,97.19,0,3,0,0
2026-08-15T23:28:19.836,IMU-1,0x28,0.88,179.31,97.19,0,3,0,0
2026-08-15T23:28:19.937,IMU-1,0x28,0.88,179.31,97.19,0,3,0,0
2026-08-15T23:28:20.037,IMU-1,0x28,0.88,179.31,97.19,0,3,0,0
2026-08-15T23:28:20.136,IMU-1,0x28,0.88,179.31,97.19,0,3,0,0
2026-08-15T23:28:20.237,IMU-1,0x28,0.88,179.31,97.19,0,3,0,0
2026-08-15T23:28:20.337,IMU-1,0x28,0.88,179.31,97.19,0,3,0,0
2026-08-15T23:28:20.437,IMU-1,0x28,0.88,179.31,97.19,0,3,0,0
2026-08-15T23:28:20.538,IMU-1,0x28,0.88,179.31,97.19,0,3,0,0
2026-08-15T23:28:20.637,IMU-1,0x28,0.88,179.31,97.19,0,3,0,0
2026-08-15T23:28:20.737,IMU-1,0x28,0.88,179.31,97.19,0,3,0,0
2026-08-15T23:28:20.836,IMU-1,0x28,0.88,179.31,97.19,0,3,0,0
2026-08-15T23:28:20.937,IMU-1,0x28,0.88,179.31,97.19,0,3,0,0
2026-08-15T23:28:21.037,IMU-1,0x28,0.88,179.31,97.19,0,3,0,0
2026-08-15T23:28:21.137,IMU-1,0x28,0.88,179.31,97.19,0,3,0,0
2026-08-15T23:28:21.237,IMU-1,0x28,0.88,179.31,97.19,0,3,0,0
2026-08-15T23:28:21.337,IMU-1,0x28,0.88,179.31,97.19,0,3,0,0
2026-08-15T23:28:21.437,IMU-1,0x28,0.88,179.31,97.19,0,3,0,0
2026-08-15T23:28:21.538,IMU-1,0x28,0.88,179.31,97.19,0,3,0,0
2026-08-15T23:28:21.637,IMU-1,0x28,0.88,179.31,97.19,0,3,0,0
2026-08-15T23:28:21.737,IMU-1,0x28,0.88,179.31,97.19,0,3,0,0
2026-08-15T23:28:21.837,IMU-1,0x28,0.88,179.31,97.19,0,3,0,0
2026-08-15T23:28:21.937,IMU-1,0x28,0.88,179.31,97.19,0,3,0,0
2026-08-15T23:28:22.037,IMU-1,0x28,0.88,179.31,97.19,0,3,0,0
2026-08-15T23:28:22.137,IMU-1,0x28,0.88,179.31,97.19,0,3,0,0
2026-08-15T23:28:22.237,IMU-1,0x28,0.88,179.31,97.19,0,3,0,0
2026-08-15T23:28:22.337,IMU-1,0x28,0.88,179.31,97.19,0,3,0,0
2026-08-15T23:28:22.437,IMU-1,0x28,0.88,179.31,97.19,0,3,0,0
2026-08-15T23:28:22.538,IMU-1,0x28,0.88,179.31,97.19,0,3,0,0
2026-08-15T23:28:22.637,IMU-1,0x28,0.88,179.31,97.19,0,3,0,0
2026-08-15T23:28:22.737,IMU-1,0x28,0.88,179.31,97.19,0,3,0,0
2026-08-15T23:28:22.838,IMU-1,0x28,0.88,179.31,97.19,0,3,0,0
2026-08-15T23:28:22.938,IMU-1,0x28,0.88,179.31,97.19,0,3,0,0
2026-08-15T23:28:23.038,IMU-1,0x28,0.88,179.31,97.19,0,3,0,0
2026-08-15T23:28:23.138,IMU-1,0x28,0.88,179.31,97.19,0,3,0,0
2026-08-15T23:28:23.238,IMU-1,0x28,0.88,179.31,97.19,0,3,0,0
2026-08-15T23:28:23.339,IMU-1,0x28,0.88,179.31,97.19,0,3,0,0
2026-08-15T23:28:23.439,IMU-1,0x28,0.88,179.31,97.19,0,3,0,0
2026-08-15T23:28:23.540,IMU-1,0x28,0.88,179.31,97.19,0,3,0,0
2026-08-15T23:28:23.639,IMU-1,0x28,0.88,179.31,97.19,0,3,0,0
2026-08-15T23:28:23.739,IMU-1,0x28,0.88,179.31,97.19,0,3,0,0
2026-08-15T23:28:23.839,IMU-1,0x28,0.88,179.31,97.19,0,3,0,0
2026-08-15T23:28:23.939,IMU-1,0x28,0.88,179.31,97.19,0,3,0,0
2026-08-15T23:28:24.039,IMU-1,0x28,0.88,179.31,97.19,0,3,0,0
2026-08-15T23:28:24.139,IMU-1,0x28,0.88,179.31,97.19,0,3,0,0
2026-08-15T23:28:24.239,IMU-1,0x28,0.88,179.31,97.19,0,3,0,0
2026-08-15T23:28:24.339,IMU-1,0x28,0.88,179.31,97.19,0,3,0,0
2026-08-15T23:28:24.439,IMU-1,0x28,0.88,179.31,97.19,0,3,0,0
2026-08-15T23:28:24.540,IMU-1,0x28,0.88,179.31,97.19,0,3,0,0
2026-08-15T23:28:24.639,IMU-1,0x28,0.88,179.31,97.19,0,3,0,0
2026-08-15T23:28:24.738,IMU-1,0x28,0.88,179.31,97.19,0,3,0,0
2026-08-15T23:28:24.838,IMU-1,0x28,0.88,179.31,97.19,0,3,0,0
2026-08-15T23:28:24.938,IMU-1,0x28,0.88,179.31,97.19,0,3,0,0
2026-08-15T23:28:25.038,IMU-1,0x28,0.88,179.31,97.19,0,3,0,0
2026-08-15T23:28:25.138,IMU-1,0x28,0.88,179.31,97.19,0,3,0,0
2026-08-15T23:28:25.238,IMU-1,0x28,0.88,179.31,97.19,0,3,0,0
2026-08-15T23:28:25.338,IMU-1,0x28,0.88,179.31,97.19,0,3,0,0
2026-08-15T23:28:25.438,IMU-1,0x28,0.88,179.31,97.19,0,3,0,0
2026-08-15T23:28:25.539,IMU-1,0x28,0.88,179.31,97.19,0,3,0,0
2026-08-15T23:28:25.639,IMU-1,0x28,0.88,179.31,97.19,0,3,0,0
2026-08-15T23:28:25.739,IMU-1,0x28,0.88,179.31,97.19,0,3,0,0
2026-08-15T23:28:25.840,IMU-1,0x28,0.88,179.31,97.19,0,3,0,0
2026-08-15T23:28:25.940,IMU-1,0x28,0.88,179.31,97.19,0,3,0,0
2026-08-15T23:28:26.039,IMU-1,0x28,0.88,179.31,97.19,0,3,0,0
2026-08-15T23:28:26.139,IMU-1,0x28,0.88,179.31,97.19,0,3,0,0
2026-08-15T23:28:26.240,IMU-1,0x28,0.88,179.31,97.19,0,3,0,0
2026-08-15T23:28:26.340,IMU-1,0x28,0.88,179.31,97.19,0,3,0,0
2026-08-15T23:28:26.440,IMU-1,0x28,0.88,179.31,97.19,0,3,0,0
2026-08-15T23:28:26.541,IMU-1,0x28,0.88,179.31,97.19,0,3,0,0
2026-08-15T23:28:26.641,IMU-1,0x28,0.88,179.31,97.19,0,3,0,0
2026-08-15T23:28:26.741,IMU-1,0x28,0.88,179.31,97.19,0,3,0,0
2026-08-15T23:28:26.841,IMU-1,0x28,0.88,179.31,97.19,0,3,0,0
2026-08-15T23:28:26.939,IMU-1,0x28,1.0,179.31,97.19,0,3,0,0
2026-08-15T23:28:27.039,IMU-1,0x28,0.88,179.31,97.19,0,3,0,0
2026-08-15T23:28:27.141,IMU-1,0x28,0.88,179.31,97.19,0,3,0,0
2026-08-15T23:28:27.241,IMU-1,0x28,0.88,179.31,97.19,0,3,0,0
2026-08-15T23:28:27.341,IMU-1,0x28,0.94,179.31,97.19,0,3,0,0
2026-08-15T23:28:27.441,IMU-1,0x28,0.94,179.31,97.19,0,3,0,0
2026-08-15T23:28:27.542,IMU-1,0x28,0.94,179.31,97.19,0,3,0,0
2026-08-15T23:28:27.641,IMU-1,0x28,0.94,179.31,97.19,0,3,0,0
2026-08-15T23:28:27.742,IMU-1,0x28,0.94,179.31,97.19,0,3,0,0
2026-08-15T23:28:27.842,IMU-1,0x28,1.0,179.31,97.19,0,3,0,0
2026-08-15T23:28:27.942,IMU-1,0x28,1.0,179.31,97.19,0,3,0,0
2026-08-15T23:28:28.042,IMU-1,0x28,1.0,179.31,97.19,0,3,0,0
2026-08-15T23:28:28.141,IMU-1,0x28,1.06,179.31,97.19,0,3,0,0
2026-08-15T23:28:28.242,IMU-1,0x28,1.0,179.31,97.19,0,3,0,0
2026-08-15T23:28:28.342,IMU-1,0x28,1.0,179.31,97.19,0,3,0,0
2026-08-15T23:28:28.441,IMU-1,0x28,1.0,179.31,97.19,0,3,0,0
2026-08-15T23:28:28.542,IMU-1,0x28,1.0,179.31,97.19,0,3,0,0
2026-08-15T23:28:28.641,IMU-1,0x28,1.0,179.31,97.19,0,3,0,0
2026-08-15T23:28:28.741,IMU-1,0x28,1.0,179.31,97.19,0,3,0,0
2026-08-15T23:28:28.841,IMU-1,0x28,1.0,179.31,97.19,0,3,0,0
2026-08-15T23:28:28.941,IMU-1,0x28,1.0,179.31,97.19,0,3,0,0
2026-08-15T23:28:29.041,IMU-1,0x28,1.0,179.31,97.19,0,3,0,0
2026-08-15T23:28:29.141,IMU-1,0x28,1.0,179.31,97.19,0,3,0,0
2026-08-15T23:28:29.241,IMU-1,0x28,0.94,179.31,97.19,0,3,0,0
2026-08-15T23:28:29.341,IMU-1,0x28,0.94,179.31,97.19,0,3,0,0
2026-08-15T23:28:29.441,IMU-1,0x28,1.0,179.31,97.19,0,3,0,0
2026-08-15T23:28:29.542,IMU-1,0x28,0.94,179.31,97.19,0,3,0,0
2026-08-15T23:28:29.642,IMU-1,0x28,0.94,179.31,97.19,0,3,0,0
2026-08-15T23:28:29.742,IMU-1,0x28,0.94,179.31,97.19,0,3,0,0
2026-08-15T23:28:29.842,IMU-1,0x28,0.88,179.38,97.19,0,3,0,0
2026-08-15T23:28:29.942,IMU-1,0x28,0.88,179.38,97.19,0,3,0,0
2026-08-15T23:28:30.043,IMU-1,0x28,0.88,179.38,97.19,0,3,0,0
2026-08-15T23:28:30.143,IMU-1,0x28,0.88,179.38,97.19,0,3,0,0
2026-08-15T23:28:30.243,IMU-1,0x28,0.88,179.38,97.19,0,3,0,0
2026-08-15T23:28:30.343,IMU-1,0x28,0.88,179.38,97.19,0,3,0,0
2026-08-15T23:28:30.442,IMU-1,0x28,0.81,179.38,97.19,0,3,0,0
2026-08-15T23:28:30.543,IMU-1,0x28,0.81,179.38,97.19,0,3,0,0
2026-08-15T23:28:30.642,IMU-1,0x28,0.81,179.38,97.19,0,3,0,0
2026-08-15T23:28:30.742,IMU-1,0x28,0.81,179.38,97.19,0,3,0,0
2026-08-15T23:28:30.843,IMU-1,0x28,0.81,179.38,97.19,0,3,0,0
2026-08-15T23:28:30.943,IMU-1,0x28,0.81,179.38,97.19,0,3,0,0
2026-08-15T23:28:31.043,IMU-1,0x28,0.81,179.38,97.19,0,3,0,0
2026-08-15T23:28:31.143,IMU-1,0x28,0.81,179.38,97.19,0,3,0,0
2026-08-15T23:28:31.243,IMU-1,0x28,0.81,179.38,97.19,0,3,0,0
2026-08-15T23:28:31.342,IMU-1,0x28,0.81,179.38,97.19,0,3,0,0
2026-08-15T23:28:31.442,IMU-1,0x28,0.81,179.38,97.19,0,3,0,0
2026-08-15T23:28:31.543,IMU-1,0x28,0.81,179.38,97.19,0,3,0,0
2026-08-15T23:28:31.642,IMU-1,0x28,0.81,179.38,97.19,0,3,0,0
2026-08-15T23:28:31.742,IMU-1,0x28,0.81,179.38,97.19,0,3,0,0
2026-08-15T23:28:31.842,IMU-1,0x28,0.81,179.38,97.19,0,3,0,0
2026-08-15T23:28:31.942,IMU-1,0x28,0.81,179.38,97.19,0,3,0,0
2026-08-15T23:28:32.043,IMU-1,0x28,0.81,179.38,97.19,0,3,0,0
2026-08-15T23:28:32.143,IMU-1,0x28,0.81,179.38,97.19,0,3,0,0
2026-08-15T23:28:32.243,IMU-1,0x28,0.81,179.38,97.19,0,3,0,0
2026-08-15T23:28:32.343,IMU-1,0x28,0.81,179.38,97.19,0,3,0,0
2026-08-15T23:28:32.444,IMU-1,0x28,0.81,179.38,97.19,0,3,0,0
2026-08-15T23:28:32.544,IMU-1,0x28,0.81,179.38,97.19,0,3,0,0
2026-08-15T23:28:32.644,IMU-1,0x28,0.81,179.38,97.19,0,3,0,0
2026-08-15T23:28:32.744,IMU-1,0x28,0.81,179.38,97.19,0,3,0,0
2026-08-15T23:28:32.845,IMU-1,0x28,0.81,179.38,97.19,0,3,0,0
2026-08-15T23:28:32.945,IMU-1,0x28,0.81,179.38,97.19,0,3,0,0
2026-08-15T23:28:33.045,IMU-1,0x28,0.81,179.38,97.19,0,3,0,0
2026-08-15T23:28:33.145,IMU-1,0x28,0.81,179.38,97.19,0,3,0,0
2026-08-15T23:28:33.245,IMU-1,0x28,0.81,179.38,97.19,0,3,0,0
2026-08-15T23:28:33.345,IMU-1,0x28,0.81,179.38,97.19,0,3,0,0
2026-08-15T23:28:33.445,IMU-1,0x28,0.81,179.38,97.19,0,3,0,0
2026-08-15T23:28:33.546,IMU-1,0x28,0.81,179.38,97.19,0,3,0,0
2026-08-15T23:28:33.646,IMU-1,0x28,0.81,179.38,97.19,0,3,0,0
2026-08-15T23:28:33.745,IMU-1,0x28,0.81,179.38,97.19,0,3,0,0
2026-08-15T23:28:33.846,IMU-1,0x28,0.81,179.38,97.19,0,3,0,0
2026-08-15T23:28:33.945,IMU-1,0x28,0.81,179.38,97.19,0,3,0,0
2026-08-15T23:28:34.045,IMU-1,0x28,0.81,179.38,97.19,0,3,0,0
2026-08-15T23:28:34.145,IMU-1,0x28,0.81,179.38,97.19,0,3,0,0
2026-08-15T23:28:34.244,IMU-1,0x28,0.81,179.38,97.19,0,3,0,0
2026-08-15T23:28:34.344,IMU-1,0x28,0.81,179.38,97.19,0,3,0,0
2026-08-15T23:28:34.444,IMU-1,0x28,0.81,179.38,97.19,0,3,0,0
2026-08-15T23:28:34.545,IMU-1,0x28,0.81,179.38,97.19,0,3,0,0
2026-08-15T23:28:34.644,IMU-1,0x28,0.81,179.38,97.19,0,3,0,0
2026-08-15T23:28:34.745,IMU-1,0x28,0.81,179.38,97.19,0,3,0,0
2026-08-15T23:28:34.845,IMU-1,0x28,0.81,179.38,97.19,0,3,0,0
2026-08-15T23:28:34.945,IMU-1,0x28,0.81,179.38,97.19,0,3,0,0
2026-08-15T23:28:35.046,IMU-1,0x28,0.81,179.38,97.19,0,3,0,0
2026-08-15T23:28:35.145,IMU-1,0x28,0.81,179.38,97.19,0,3,0,0
2026-08-15T23:28:35.245,IMU-1,0x28,0.81,179.38,97.19,0,3,0,0
2026-08-15T23:28:35.345,IMU-1,0x28,0.81,179.38,97.19,0,3,0,0
2026-08-15T23:28:35.446,IMU-1,0x28,0.81,179.38,97.19,0,3,0,0
2026-08-15T23:28:35.547,IMU-1,0x28,0.81,179.38,97.19,0,3,0,0
2026-08-15T23:28:35.646,IMU-1,0x28,0.81,179.38,97.19,0,3,0,0
2026-08-15T23:28:35.746,IMU-1,0x28,0.81,179.38,97.19,0,3,0,0
2026-08-15T23:28:35.846,IMU-1,0x28,0.81,179.38,97.19,0,3,0,0
2026-08-15T23:28:35.946,IMU-1,0x28,0.81,179.38,97.19,0,3,0,0
2026-08-15T23:28:36.047,IMU-1,0x28,0.81,179.38,97.19,0,3,0,0
2026-08-15T23:28:36.147,IMU-1,0x28,0.81,179.38,97.19,0,3,0,0
2026-08-15T23:28:36.247,IMU-1,0x28,0.81,179.38,97.19,0,3,0,0
2026-08-15T23:28:36.347,IMU-1,0x28,0.81,179.38,97.19,0,3,0,0
2026-08-15T23:28:36.447,IMU-1,0x28,0.81,179.38,97.19,0,3,0,0
2026-08-15T23:28:36.548,IMU-1,0x28,0.81,179.38,97.19,0,3,0,0
2026-08-15T23:28:36.647,IMU-1,0x28,0.81,179.38,97.19,0,3,0,0
2026-08-15T23:28:36.747,IMU-1,0x28,0.81,179.38,97.19,0,3,0,0
2026-08-15T23:28:36.847,IMU-1,0x28,0.81,179.38,97.19,0,3,0,0
2026-08-15T23:28:36.947,IMU-1,0x28,0.81,179.38,97.19,0,3,0,0
2026-08-15T23:28:37.047,IMU-1,0x28,0.81,179.38,97.19,0,3,0,0
2026-08-15T23:28:37.148,IMU-1,0x28,0.81,179.38,97.19,0,3,0,0
2026-08-15T23:28:37.248,IMU-1,0x28,0.81,179.38,97.19,0,3,0,0
2026-08-15T23:28:37.348,IMU-1,0x28,0.81,179.38,97.19,0,3,0,0
2026-08-15T23:28:37.448,IMU-1,0x28,0.81,179.38,97.19,0,3,0,0
2026-08-15T23:28:37.549,IMU-1,0x28,0.81,179.38,97.19,0,3,0,0
2026-08-15T23:28:37.647,IMU-1,0x28,0.81,179.38,97.19,0,3,0,0
2026-08-15T23:28:37.747,IMU-1,0x28,0.81,179.38,97.19,0,3,0,0
2026-08-15T23:28:37.847,IMU-1,0x28,0.81,179.38,97.19,0,3,0,0
2026-08-15T23:28:37.946,IMU-1,0x28,0.81,179.38,97.19,0,3,0,0
2026-08-15T23:28:38.046,IMU-1,0x28,0.81,179.38,97.19,0,3,0,0
2026-08-15T23:28:38.147,IMU-1,0x28,0.81,179.38,97.19,0,3,0,0
2026-08-15T23:28:38.247,IMU-1,0x28,0.81,179.38,97.19,0,3,0,0
2026-08-15T23:28:38.347,IMU-1,0x28,0.81,179.38,97.19,0,3,0,0
2026-08-15T23:28:38.447,IMU-1,0x28,0.81,179.38,97.19,0,3,0,0
2026-08-15T23:28:38.548,IMU-1,0x28,0.81,179.38,97.19,0,3,0,0
2026-08-15T23:28:38.647,IMU-1,0x28,0.81,179.38,97.19,0,3,0,0
2026-08-15T23:28:38.748,IMU-1,0x28,0.81,179.38,97.19,0,3,0,0
2026-08-15T23:28:38.848,IMU-1,0x28,0.81,179.38,97.19,0,3,0,0
2026-08-15T23:28:38.948,IMU-1,0x28,0.81,179.38,97.19,0,3,0,0
2026-08-15T23:28:39.048,IMU-1,0x28,0.81,179.38,97.19,0,3,0,0
2026-08-15T23:28:39.149,IMU-1,0x28,0.81,179.38,97.19,0,3,0,0
2026-08-15T23:28:39.249,IMU-1,0x28,0.81,179.38,97.19,0,3,0,0
2026-08-15T23:28:39.349,IMU-1,0x28,0.81,179.38,97.19,0,3,0,0
2026-08-15T23:28:39.449,IMU-1,0x28,0.81,179.38,97.19,0,3,0,0
2026-08-15T23:28:39.550,IMU-1,0x28,0.81,179.38,97.19,0,3,0,0
2026-08-15T23:28:39.649,IMU-1,0x28,0.81,179.38,97.19,0,3,0,0
2026-08-15T23:28:39.750,IMU-1,0x28,0.81,179.38,97.19,0,3,0,0
2026-08-15T23:28:39.849,IMU-1,0x28,0.81,179.38,97.19,0,3,0,0
2026-08-15T23:28:39.949,IMU-1,0x28,0.81,179.38,97.19,0,3,0,0
2026-08-15T23:28:40.049,IMU-1,0x28,0.81,179.38,97.19,0,3,0,0
2026-08-15T23:28:40.149,IMU-1,0x28,0.81,179.38,97.19,0,3,0,0
2026-08-15T23:28:40.250,IMU-1,0x28,0.81,179.38,97.19,0,3,0,0
2026-08-15T23:28:40.350,IMU-1,0x28,0.81,179.38,97.19,0,3,0,0
2026-08-15T23:28:40.450,IMU-1,0x28,0.81,179.38,97.19,0,3,0,0
2026-08-15T23:28:40.550,IMU-1,0x28,0.81,179.38,97.19,0,3,0,0
2026-08-15T23:28:40.649,IMU-1,0x28,0.81,179.38,97.19,0,3,0,0
2026-08-15T23:28:40.749,IMU-1,0x28,0.81,179.38,97.19,0,3,0,0
2026-08-15T23:28:40.848,IMU-1,0x28,0.81,179.38,97.19,0,3,0,0
2026-08-15T23:28:40.948,IMU-1,0x28,0.81,179.38,97.19,0,3,0,0
2026-08-15T23:28:41.048,IMU-1,0x28,0.81,179.38,97.19,0,3,0,0
2026-08-15T23:28:41.148,IMU-1,0x28,0.81,179.38,97.19,0,3,0,0
2026-08-15T23:28:41.248,IMU-1,0x28,0.81,179.38,97.19,0,3,0,0
2026-08-15T23:28:41.349,IMU-1,0x28,0.81,179.38,97.19,0,3,0,0
2026-08-15T23:28:41.449,IMU-1,0x28,0.81,179.38,97.19,0,3,0,0
2026-08-15T23:28:41.550,IMU-1,0x28,0.81,179.38,97.19,0,3,0,0
2026-08-15T23:28:41.649,IMU-1,0x28,0.81,179.38,97.19,0,3,0,0
2026-08-15T23:28:41.750,IMU-1,0x28,0.81,179.38,97.19,0,3,0,0
2026-08-15T23:28:41.850,IMU-1,0x28,0.81,179.38,97.19,0,3,0,0
2026-08-15T23:28:41.950,IMU-1,0x28,0.81,179.38,97.19,0,3,0,0
2026-08-15T23:28:42.050,IMU-1,0x28,0.81,179.38,97.19,0,3,0,0
2026-08-15T23:28:42.151,IMU-1,0x28,0.81,179.38,97.19,0,3,0,0
2026-08-15T23:28:42.251,IMU-1,0x28,0.81,179.38,97.19,0,3,0,0
2026-08-15T23:28:42.351,IMU-1,0x28,0.81,179.38,97.19,0,3,0,0
2026-08-15T23:28:42.451,IMU-1,0x28,0.81,179.38,97.19,0,3,0,0
2026-08-15T23:28:42.552,IMU-1,0x28,0.81,179.38,97.19,0,3,0,0
2026-08-15T23:28:42.651,IMU-1,0x28,0.81,179.38,97.19,0,3,0,0
2026-08-15T23:28:42.751,IMU-1,0x28,0.81,179.38,97.19,0,3,0,0
2026-08-15T23:28:42.851,IMU-1,0x28,0.81,179.38,97.19,0,3,0,0
2026-08-15T23:28:42.951,IMU-1,0x28,0.81,179.38,97.19,0,3,0,0
2026-08-15T23:28:43.051,IMU-1,0x28,0.81,179.38,97.19,0,3,0,0
2026-08-15T23:28:43.151,IMU-1,0x28,0.81,179.38,97.19,0,3,0,0
2026-08-15T23:28:43.251,IMU-1,0x28,0.81,179.38,97.19,0,3,0,0
2026-08-15T23:28:43.350,IMU-1,0x28,0.81,179.38,97.19,0,3,0,0
2026-08-15T23:28:43.450,IMU-1,0x28,0.81,179.38,97.19,0,3,0,0
2026-08-15T23:28:43.551,IMU-1,0x28,0.81,179.38,97.19,0,3,0,0
2026-08-15T23:28:43.650,IMU-1,0x28,0.81,179.38,97.19,0,3,0,0
2026-08-15T23:28:43.750,IMU-1,0x28,0.81,179.38,97.19,0,3,0,0
2026-08-15T23:28:43.850,IMU-1,0x28,0.81,179.38,97.19,0,3,0,0
2026-08-15T23:28:43.950,IMU-1,0x28,0.81,179.38,97.19,0,3,0,0
2026-08-15T23:28:44.050,IMU-1,0x28,0.81,179.38,97.19,0,3,0,0
2026-08-15T23:28:44.151,IMU-1,0x28,0.81,179.38,97.19,0,3,0,0
2026-08-15T23:28:44.251,IMU-1,0x28,0.81,179.38,97.19,0,3,0,0
2026-08-15T23:28:44.351,IMU-1,0x28,0.81,179.38,97.19,0,3,0,0
2026-08-15T23:28:44.451,IMU-1,0x28,0.81,179.38,97.19,0,3,0,0
2026-08-15T23:28:44.552,IMU-1,0x28,0.81,179.38,97.19,0,3,0,0
2026-08-15T23:28:44.651,IMU-1,0x28,0.81,179.38,97.19,0,3,0,0
2026-08-15T23:28:44.752,IMU-1,0x28,0.81,179.38,97.19,0,3,0,0
2026-08-15T23:28:44.852,IMU-1,0x28,0.81,179.38,97.19,0,3,0,0
2026-08-15T23:28:44.952,IMU-1,0x28,0.81,179.38,97.19,0,3,0,0
2026-08-15T23:28:45.052,IMU-1,0x28,0.81,179.38,97.19,0,3,0,0
2026-08-15T23:28:45.153,IMU-1,0x28,0.81,179.38,97.19,0,3,0,0
2026-08-15T23:28:45.253,IMU-1,0x28,0.81,179.38,97.19,0,3,0,0
2026-08-15T23:28:45.353,IMU-1,0x28,0.81,179.38,97.19,0,3,0,0
2026-08-15T23:28:45.453,IMU-1,0x28,0.81,179.38,97.19,0,3,0,0
2026-08-15T23:28:45.552,IMU-1,0x28,0.81,179.38,97.19,0,3,0,0
2026-08-15T23:28:45.651,IMU-1,0x28,0.81,179.38,97.19,0,3,0,0
2026-08-15T23:28:45.751,IMU-1,0x28,0.81,179.38,97.19,0,3,0,0
2026-08-15T23:28:45.851,IMU-1,0x28,0.81,179.38,97.19,0,3,0,0
2026-08-15T23:28:45.951,IMU-1,0x28,0.81,179.38,97.19,0,3,0,0
2026-08-15T23:28:46.051,IMU-1,0x28,0.81,179.38,97.19,0,3,0,0
2026-08-15T23:28:46.152,IMU-1,0x28,0.81,179.38,97.19,0,3,0,0
2026-08-15T23:28:46.252,IMU-1,0x28,0.81,179.38,97.19,0,3,0,0
2026-08-15T23:28:46.352,IMU-1,0x28,0.81,179.38,97.19,0,3,0,0
2026-08-15T23:28:46.452,IMU-1,0x28,0.81,179.38,97.19,0,3,0,0
2026-08-15T23:28:46.553,IMU-1,0x28,0.81,179.38,97.19,0,3,0,0
2026-08-15T23:28:46.652,IMU-1,0x28,0.81,179.38,97.19,0,3,0,0
2026-08-15T23:28:46.753,IMU-1,0x28,0.81,179.38,97.19,0,3,0,0
2026-08-15T23:28:46.853,IMU-1,0x28,0.81,179.38,97.19,0,3,0,0
2026-08-15T23:28:46.953,IMU-1,0x28,0.81,179.38,97.19,0,3,0,0
2026-08-15T23:28:47.053,IMU-1,0x28,0.81,179.38,97.19,0,3,0,0
2026-08-15T23:28:47.153,IMU-1,0x28,0.81,179.38,97.19,0,3,0,0
2026-08-15T23:28:47.253,IMU-1,0x28,0.81,179.38,97.19,0,3,0,0
2026-08-15T23:28:47.353,IMU-1,0x28,0.81,179.38,97.19,0,3,0,0
2026-08-15T23:28:47.454,IMU-1,0x28,0.81,179.38,97.19,0,3,0,0
2026-08-15T23:28:47.554,IMU-1,0x28,0.81,179.38,97.19,0,3,0,0
2026-08-15T23:28:47.654,IMU-1,0x28,0.81,179.38,97.19,0,3,0,0
2026-08-15T23:28:47.754,IMU-1,0x28,0.81,179.38,97.19,0,3,0,0
2026-08-15T23:28:47.854,IMU-1,0x28,0.81,179.38,97.19,0,3,0,0
2026-08-15T23:28:47.954,IMU-1,0x28,0.81,179.38,97.19,0,3,0,0
2026-08-15T23:28:48.054,IMU-1,0x28,0.81,179.38,97.19,0,3,0,0
2026-08-15T23:28:48.155,IMU-1,0x28,0.81,179.38,97.19,0,3,0,0
2026-08-15T23:28:48.254,IMU-1,0x28,0.81,179.38,97.19,0,3,0,0
2026-08-15T23:28:48.354,IMU-1,0x28,0.81,179.38,97.19,0,3,0,0
2026-08-15T23:28:48.454,IMU-1,0x28,0.81,179.38,97.19,0,3,0,0
2026-08-15T23:28:48.555,IMU-1,0x28,0.81,179.38,97.19,0,3,0,0
2026-08-15T23:28:48.654,IMU-1,0x28,0.81,179.38,97.19,0,3,0,0
2026-08-15T23:28:48.755,IMU-1,0x28,0.81,179.38,97.19,0,3,0,0
2026-08-15T23:28:48.855,IMU-1,0x28,0.81,179.38,97.19,0,3,0,0
2026-08-15T23:28:48.955,IMU-1,0x28,0.81,179.38,97.19,0,3,0,0
2026-08-15T23:28:49.055,IMU-1,0x28,0.81,179.38,97.19,0,3,0,0
2026-08-15T23:28:49.155,IMU-1,0x28,0.81,179.38,97.19,0,3,0,0
2026-08-15T23:28:49.255,IMU-1,0x28,0.81,179.38,97.19,0,3,0,0
2026-08-15T23:28:49.355,IMU-1,0x28,0.81,179.38,97.19,0,3,0,0
2026-08-15T23:28:49.455,IMU-1,0x28,0.81,179.38,97.19,0,3,0,0
2026-08-15T23:28:49.555,IMU-1,0x28,0.81,179.38,97.19,0,3,0,0
2026-08-15T23:28:49.654,IMU-1,0x28,0.81,179.38,97.19,0,3,0,0
2026-08-15T23:28:49.754,IMU-1,0x28,0.81,179.38,97.19,0,3,0,0
2026-08-15T23:28:49.854,IMU-1,0x28,0.81,179.38,97.19,0,3,0,0
2026-08-15T23:28:49.954,IMU-1,0x28,0.81,179.38,97.19,0,3,0,0
2026-08-15T23:28:50.054,IMU-1,0x28,0.81,179.38,97.19,0,3,0,0
2026-08-15T23:28:50.154,IMU-1,0x28,0.81,179.38,97.19,0,3,0,0
2026-08-15T23:28:50.254,IMU-1,0x28,0.81,179.38,97.19,0,3,0,0
2026-08-15T23:28:50.354,IMU-1,0x28,0.81,179.38,97.19,0,3,0,0
2026-08-15T23:28:50.455,IMU-1,0x28,0.81,179.38,97.19,0,3,0,0
2026-08-15T23:28:50.555,IMU-1,0x28,0.81,179.38,97.19,0,3,0,0
2026-08-15T23:28:50.655,IMU-1,0x28,0.81,179.38,97.19,0,3,0,0
2026-08-15T23:28:50.755,IMU-1,0x28,0.81,179.38,97.19,0,3,0,0
2026-08-15T23:28:50.855,IMU-1,0x28,0.81,179.38,97.19,0,3,0,0
2026-08-15T23:28:50.956,IMU-1,0x28,0.81,179.38,97.19,0,3,0,0
2026-08-15T23:28:51.056,IMU-1,0x28,0.81,179.38,97.19,0,3,0,0
2026-08-15T23:28:51.156,IMU-1,0x28,0.81,179.38,97.19,0,3,0,0
2026-08-15T23:28:51.256,IMU-1,0x28,0.81,179.38,97.19,0,3,0,0
2026-08-15T23:28:51.357,IMU-1,0x28,0.81,179.38,97.19,0,3,0,0
2026-08-15T23:28:51.457,IMU-1,0x28,0.81,179.38,97.19,0,3,0,0
2026-08-15T23:28:51.558,IMU-1,0x28,0.81,179.38,97.19,0,3,0,0
2026-08-15T23:28:51.657,IMU-1,0x28,0.81,179.38,97.19,0,3,0,0
2026-08-15T23:28:51.756,IMU-1,0x28,0.81,179.38,97.19,0,3,0,0
2026-08-15T23:28:51.857,IMU-1,0x28,0.81,179.38,97.19,0,3,0,0
2026-08-15T23:28:51.957,IMU-1,0x28,0.81,179.38,97.19,0,3,0,0
2026-08-15T23:28:52.057,IMU-1,0x28,0.81,179.38,97.19,0,3,0,0
2026-08-15T23:28:52.157,IMU-1,0x28,0.81,179.38,97.19,0,3,0,0
2026-08-15T23:28:52.257,IMU-1,0x28,0.81,179.38,97.19,0,3,0,0
2026-08-15T23:28:52.356,IMU-1,0x28,0.81,179.38,97.19,0,3,0,0
2026-08-15T23:28:52.456,IMU-1,0x28,0.81,179.38,97.19,0,3,0,0
2026-08-15T23:28:52.557,IMU-1,0x28,0.81,179.38,97.19,0,3,0,0
2026-08-15T23:28:52.656,IMU-1,0x28,0.81,179.38,97.19,0,3,0,0
2026-08-15T23:28:52.756,IMU-1,0x28,0.81,179.38,97.19,0,3,0,0
2026-08-15T23:28:52.856,IMU-1,0x28,0.81,179.38,97.19,0,3,0,0
2026-08-15T23:28:52.956,IMU-1,0x28,0.81,179.38,97.19,0,3,0,0
2026-08-15T23:28:53.056,IMU-1,0x28,0.81,179.38,97.19,0,3,0,0
2026-08-15T23:28:53.156,IMU-1,0x28,0.81,179.38,97.19,0,3,0,0
2026-08-15T23:28:53.256,IMU-1,0x28,0.81,179.38,97.19,0,3,0,0
2026-08-15T23:28:53.356,IMU-1,0x28,0.81,179.38,97.19,0,3,0,0
2026-08-15T23:28:53.457,IMU-1,0x28,0.81,179.38,97.19,0,3,0,0
2026-08-15T23:28:53.557,IMU-1,0x28,0.81,179.38,97.19,0,3,0,0
2026-08-15T23:28:53.657,IMU-1,0x28,0.81,179.38,97.19,0,3,0,0
2026-08-15T23:28:53.757,IMU-1,0x28,0.81,179.38,97.19,0,3,0,0
2026-08-15T23:28:53.858,IMU-1,0x28,0.81,179.38,97.19,0,3,0,0
2026-08-15T23:28:53.958,IMU-1,0x28,0.81,179.38,97.19,0,3,0,0
2026-08-15T23:28:54.058,IMU-1,0x28,0.81,179.38,97.19,0,3,0,0
2026-08-15T23:28:54.158,IMU-1,0x28,0.81,179.38,97.19,0,3,0,0
2026-08-15T23:28:54.258,IMU-1,0x28,0.81,179.38,97.19,0,3,0,0
2026-08-15T23:28:54.358,IMU-1,0x28,0.81,179.38,97.19,0,3,0,0
2026-08-15T23:28:54.458,IMU-1,0x28,0.81,179.38,97.19,0,3,0,0
2026-08-15T23:28:54.559,IMU-1,0x28,0.81,179.38,97.19,0,3,0,0
2026-08-15T23:28:54.658,IMU-1,0x28,0.81,179.38,97.19,0,3,0,0
2026-08-15T23:28:54.758,IMU-1,0x28,0.81,179.38,97.19,0,3,0,0
2026-08-15T23:28:54.859,IMU-1,0x28,0.81,179.38,97.19,0,3,0,0
2026-08-15T23:28:54.959,IMU-1,0x28,0.81,179.38,97.19,0,3,0,0
2026-08-15T23:28:55.059,IMU-1,0x28,0.81,179.38,97.19,0,3,0,0
2026-08-15T23:28:55.158,IMU-1,0x28,0.81,179.38,97.19,0,3,0,0
2026-08-15T23:28:55.258,IMU-1,0x28,0.81,179.38,97.19,0,3,0,0
2026-08-15T23:28:55.358,IMU-1,0x28,0.81,179.38,97.19,0,3,0,0
2026-08-15T23:28:55.457,IMU-1,0x28,0.81,179.38,97.19,0,3,0,0
2026-08-15T23:28:55.558,IMU-1,0x28,0.81,179.38,97.19,0,3,0,0
2026-08-15T23:28:55.657,IMU-1,0x28,0.81,179.38,97.19,0,3,0,0
2026-08-15T23:28:55.758,IMU-1,0x28,0.81,179.38,97.19,0,3,0,0
2026-08-15T23:28:55.858,IMU-1,0x28,0.81,179.38,97.19,0,3,0,0
2026-08-15T23:28:55.958,IMU-1,0x28,0.81,179.38,97.19,0,3,0,0
2026-08-15T23:28:56.058,IMU-1,0x28,0.81,179.38,97.19,0,3,0,0
2026-08-15T23:28:56.159,IMU-1,0x28,0.81,179.38,97.19,0,3,0,0
2026-08-15T23:28:56.259,IMU-1,0x28,0.81,179.38,97.19,0,3,0,0
2026-08-15T23:28:56.359,IMU-1,0x28,0.81,179.38,97.19,0,3,0,0
2026-08-15T23:28:56.459,IMU-1,0x28,0.81,179.38,97.19,0,3,0,0
2026-08-15T23:28:56.560,IMU-1,0x28,0.81,179.38,97.19,0,3,0,0
2026-08-15T23:28:56.659,IMU-1,0x28,0.81,179.38,97.19,0,3,0,0
2026-08-15T23:28:56.759,IMU-1,0x28,0.81,179.38,97.19,0,3,0,0
2026-08-15T23:28:56.859,IMU-1,0x28,0.81,179.38,97.19,0,3,0,0
2026-08-15T23:28:56.960,IMU-1,0x28,0.81,179.38,97.19,0,3,0,0
2026-08-15T23:28:57.060,IMU-1,0x28,0.81,179.38,97.19,0,3,0,0
2026-08-15T23:28:57.160,IMU-1,0x28,0.81,179.38,97.19,0,3,0,0
2026-08-15T23:28:57.260,IMU-1,0x28,0.81,179.38,97.19,0,3,0,0
2026-08-15T23:28:57.360,IMU-1,0x28,0.81,179.38,97.19,0,3,0,0
2026-08-15T23:28:57.460,IMU-1,0x28,0.81,179.38,97.19,0,3,0,0
2026-08-15T23:28:57.561,IMU-1,0x28,0.81,179.38,97.19,0,3,0,0
2026-08-15T23:28:57.660,IMU-1,0x28,0.81,179.38,97.19,0,3,0,0
2026-08-15T23:28:57.760,IMU-1,0x28,0.81,179.38,97.19,0,3,0,0
2026-08-15T23:28:57.860,IMU-1,0x28,0.81,179.38,97.19,0,3,0,0
2026-08-15T23:28:57.960,IMU-1,0x28,0.81,179.38,97.19,0,3,0,0
2026-08-15T23:28:58.061,IMU-1,0x28,0.81,179.38,97.19,0,3,0,0
2026-08-15T23:28:58.161,IMU-1,0x28,0.81,179.38,97.19,0,3,0,0
2026-08-15T23:28:58.261,IMU-1,0x28,0.81,179.38,97.19,0,3,0,0
2026-08-15T23:28:58.361,IMU-1,0x28,0.81,179.38,97.19,0,3,0,0
2026-08-15T23:28:58.461,IMU-1,0x28,0.81,179.38,97.19,0,3,0,0
2026-08-15T23:28:58.561,IMU-1,0x28,0.81,179.38,97.19,0,3,0,0
2026-08-15T23:28:58.660,IMU-1,0x28,0.81,179.38,97.19,0,3,0,0
2026-08-15T23:28:58.760,IMU-1,0x28,0.81,179.38,97.19,0,3,0,0
2026-08-15T23:28:58.860,IMU-1,0x28,0.81,179.38,97.19,0,3,0,0
2026-08-15T23:28:58.960,IMU-1,0x28,0.81,179.38,97.19,0,3,0,0
2026-08-15T23:28:59.060,IMU-1,0x28,0.81,179.38,97.19,0,3,0,0
2026-08-15T23:28:59.161,IMU-1,0x28,0.81,179.38,97.19,0,3,0,0
2026-08-15T23:28:59.261,IMU-1,0x28,0.81,179.38,97.19,0,3,0,0
2026-08-15T23:28:59.361,IMU-1,0x28,0.81,179.38,97.19,0,3,0,0
2026-08-15T23:28:59.461,IMU-1,0x28,0.81,179.38,97.19,0,3,0,0
2026-08-15T23:28:59.562,IMU-1,0x28,0.81,179.38,97.19,0,3,0,0
2026-08-15T23:28:59.661,IMU-1,0x28,0.81,179.38,97.19,0,3,0,0
2026-08-15T23:28:59.761,IMU-1,0x28,0.81,179.38,97.19,0,3,0,0
2026-08-15T23:28:59.861,IMU-1,0x28,0.81,179.38,97.19,0,3,0,0
2026-08-15T23:28:59.962,IMU-1,0x28,0.81,179.38,97.19,0,3,0,0
2026-08-15T23:29:00.062,IMU-1,0x28,0.81,179.38,97.19,0,3,0,0
2026-08-15T23:29:00.161,IMU-1,0x28,0.81,179.38,97.19,0,3,0,0
2026-08-15T23:29:00.261,IMU-1,0x28,0.81,179.38,97.19,0,3,0,0
2026-08-15T23:29:00.362,IMU-1,0x28,0.81,179.38,97.19,0,3,0,0
2026-08-15T23:29:00.462,IMU-1,0x28,0.81,179.38,97.19,0,3,0,0
2026-08-15T23:29:00.563,IMU-1,0x28,0.81,179.38,97.19,0,3,0,0
2026-08-15T23:29:00.661,IMU-1,0x28,0.81,179.38,97.19,0,3,0,0
2026-08-15T23:29:00.762,IMU-1,0x28,0.81,179.38,97.19,0,3,0,0
2026-08-15T23:29:00.861,IMU-1,0x28,0.81,179.38,97.19,0,3,0,0
2026-08-15T23:29:00.962,IMU-1,0x28,0.81,179.38,97.19,0,3,0,0
2026-08-15T23:29:01.061,IMU-1,0x28,0.81,179.38,97.19,0,3,0,0
2026-08-15T23:29:01.161,IMU-1,0x28,0.81,179.38,97.19,0,3,0,0
2026-08-15T23:29:01.261,IMU-1,0x28,0.81,179.38,97.19,0,3,0,0
2026-08-15T23:29:01.361,IMU-1,0x28,0.81,179.38,97.19,0,3,0,0
2026-08-15T23:29:01.461,IMU-1,0x28,0.81,179.38,97.19,0,3,0,0
2026-08-15T23:29:01.562,IMU-1,0x28,0.81,179.38,97.19,0,3,0,0
2026-08-15T23:29:01.661,IMU-1,0x28,0.81,179.38,97.19,0,3,0,0
2026-08-15T23:29:01.761,IMU-1,0x28,0.81,179.38,97.19,0,3,0,0
2026-08-15T23:29:01.861,IMU-1,0x28,0.81,179.38,97.19,0,3,0,0
2026-08-15T23:29:01.961,IMU-1,0x28,0.81,179.38,97.19,0,3,0,0
2026-08-15T23:29:02.062,IMU-1,0x28,0.81,179.38,97.19,0,3,0,0
2026-08-15T23:29:02.162,IMU-1,0x28,0.81,179.38,97.19,0,3,0,0
2026-08-15T23:29:02.262,IMU-1,0x28,0.81,179.38,97.19,0,3,0,0
2026-08-15T23:29:02.362,IMU-1,0x28,0.81,179.38,97.19,0,3,0,0
2026-08-15T23:29:02.463,IMU-1,0x28,0.81,179.38,97.19,0,3,0,0
2026-08-15T23:29:02.563,IMU-1,0x28,0.81,179.38,97.19,0,3,0,0
2026-08-15T23:29:02.663,IMU-1,0x28,0.81,179.38,97.19,0,3,0,0
2026-08-15T23:29:02.763,IMU-1,0x28,0.81,179.38,97.19,0,3,0,0
2026-08-15T23:29:02.864,IMU-1,0x28,0.81,179.38,97.19,0,3,0,0
2026-08-15T23:29:02.964,IMU-1,0x28,0.81,179.38,97.19,0,3,0,0
2026-08-15T23:29:03.064,IMU-1,0x28,0.81,179.38,97.19,0,3,0,0
2026-08-15T23:29:03.164,IMU-1,0x28,0.81,179.38,97.19,0,3,0,0
2026-08-15T23:29:03.264,IMU-1,0x28,0.81,179.38,97.19,0,3,0,0
2026-08-15T23:29:03.364,IMU-1,0x28,0.81,179.38,97.19,0,3,0,0
2026-08-15T23:29:03.464,IMU-1,0x28,0.88,179.38,97.19,0,3,0,0
2026-08-15T23:29:03.565,IMU-1,0x28,0.88,179.38,97.19,0,3,0,0
2026-08-15T23:29:03.664,IMU-1,0x28,0.88,179.38,97.19,0,3,0,0
2026-08-15T23:29:03.764,IMU-1,0x28,0.88,179.38,97.19,0,3,0,0
2026-08-15T23:29:03.864,IMU-1,0x28,0.88,179.38,97.19,0,3,0,0
2026-08-15T23:29:03.965,IMU-1,0x28,0.88,179.38,97.19,0,3,0,0
2026-08-15T23:29:04.065,IMU-1,0x28,0.88,179.38,97.19,0,3,0,0
2026-08-15T23:29:04.164,IMU-1,0x28,0.88,179.38,97.19,0,3,0,0
2026-08-15T23:29:04.264,IMU-1,0x28,0.88,179.38,97.19,0,3,0,0
2026-08-15T23:29:04.363,IMU-1,0x28,0.88,179.38,97.19,0,3,0,0
2026-08-15T23:29:04.463,IMU-1,0x28,0.88,179.38,97.19,0,3,0,0
2026-08-15T23:29:04.564,IMU-1,0x28,0.88,179.38,97.19,0,3,0,0
2026-08-15T23:29:04.663,IMU-1,0x28,0.88,179.38,97.19,0,3,0,0
2026-08-15T23:29:04.764,IMU-1,0x28,0.88,179.38,97.19,0,3,0,0
2026-08-15T23:29:04.864,IMU-1,0x28,0.88,179.38,97.19,0,3,0,0
2026-08-15T23:29:04.964,IMU-1,0x28,0.88,179.38,97.19,0,3,0,0
2026-08-15T23:29:05.064,IMU-1,0x28,0.88,179.38,97.19,0,3,0,0
2026-08-15T23:29:05.164,IMU-1,0x28,0.88,179.38,97.19,0,3,0,0
2026-08-15T23:29:05.264,IMU-1,0x28,0.88,179.38,97.19,0,3,0,0
2026-08-15T23:29:05.364,IMU-1,0x28,0.88,179.38,97.19,0,3,0,0
2026-08-15T23:29:05.465,IMU-1,0x28,0.88,179.38,97.19,0,3,0,0
2026-08-15T23:29:05.566,IMU-1,0x28,0.88,179.38,97.19,0,3,0,0
2026-08-15T23:29:05.665,IMU-1,0x28,0.88,179.38,97.19,0,3,0,0
2026-08-15T23:29:05.765,IMU-1,0x28,0.88,179.38,97.19,0,3,0,0
2026-08-15T23:29:05.865,IMU-1,0x28,0.88,179.38,97.19,0,3,0,0
2026-08-15T23:29:05.965,IMU-1,0x28,0.88,179.38,97.19,0,3,0,0
2026-08-15T23:29:06.066,IMU-1,0x28,0.88,179.38,97.19,0,3,0,0
2026-08-15T23:29:06.166,IMU-1,0x28,0.88,179.38,97.19,0,3,0,0
2026-08-15T23:29:06.266,IMU-1,0x28,0.88,179.38,97.19,0,3,0,0
2026-08-15T23:29:06.366,IMU-1,0x28,0.88,179.38,97.19,0,3,0,0
2026-08-15T23:29:06.466,IMU-1,0x28,0.88,179.38,97.19,0,3,0,0
2026-08-15T23:29:06.567,IMU-1,0x28,0.88,179.38,97.19,0,3,0,0
2026-08-15T23:29:06.666,IMU-1,0x28,0.88,179.38,97.19,0,3,0,0
2026-08-15T23:29:06.766,IMU-1,0x28,0.88,179.38,97.19,0,3,0,0
2026-08-15T23:29:06.866,IMU-1,0x28,0.88,179.38,97.19,0,3,0,0
2026-08-15T23:29:06.966,IMU-1,0x28,0.88,179.38,97.19,0,3,0,0
2026-08-15T23:29:07.067,IMU-1,0x28,0.88,179.38,97.19,0,3,0,0
2026-08-15T23:29:07.167,IMU-1,0x28,0.88,179.38,97.19,0,3,0,0
2026-08-15T23:29:07.267,IMU-1,0x28,0.88,179.38,97.19,0,3,0,0
2026-08-15T23:29:07.367,IMU-1,0x28,0.88,179.38,97.19,0,3,0,0
2026-08-15T23:29:07.467,IMU-1,0x28,0.88,179.38,97.19,0,3,0,0
2026-08-15T23:29:07.568,IMU-1,0x28,0.88,179.38,97.19,0,3,0,0
2026-08-15T23:29:07.667,IMU-1,0x28,0.88,179.38,97.19,0,3,0,0
2026-08-15T23:29:07.766,IMU-1,0x28,0.88,179.38,97.19,0,3,0,0
2026-08-15T23:29:07.866,IMU-1,0x28,0.88,179.38,97.19,0,3,0,0
2026-08-15T23:29:07.966,IMU-1,0x28,0.88,179.38,97.19,0,3,0,0
2026-08-15T23:29:08.066,IMU-1,0x28,0.88,179.38,97.19,0,3,0,0
2026-08-15T23:29:08.166,IMU-1,0x28,0.88,179.38,97.19,0,3,0,0
2026-08-15T23:29:08.266,IMU-1,0x28,0.88,179.38,97.19,0,3,0,0
2026-08-15T23:29:08.365,IMU-1,0x28,0.88,179.38,97.19,0,3,0,0
2026-08-15T23:29:08.466,IMU-1,0x28,0.88,179.38,97.19,0,3,0,0
2026-08-15T23:29:08.567,IMU-1,0x28,0.88,179.38,97.19,0,3,0,0
2026-08-15T23:29:08.666,IMU-1,0x28,0.88,179.38,97.19,0,3,0,0
2026-08-15T23:29:08.766,IMU-1,0x28,0.88,179.38,97.19,0,3,0,0
2026-08-15T23:29:08.867,IMU-1,0x28,0.88,179.38,97.19,0,3,0,0
2026-08-15T23:29:08.967,IMU-1,0x28,0.88,179.38,97.19,0,3,0,0
2026-08-15T23:29:09.067,IMU-1,0x28,0.88,179.38,97.19,0,3,0,0
2026-08-15T23:29:09.168,IMU-1,0x28,0.88,179.38,97.19,0,3,0,0
2026-08-15T23:29:09.268,IMU-1,0x28,0.88,179.38,97.19,0,3,0,0
2026-08-15T23:29:09.368,IMU-1,0x28,0.88,179.38,97.19,0,3,0,0
2026-08-15T23:29:09.468,IMU-1,0x28,0.88,179.38,97.19,0,3,0,0
2026-08-15T23:29:09.569,IMU-1,0x28,0.88,179.38,97.19,0,3,0,0
2026-08-15T23:29:09.668,IMU-1,0x28,0.88,179.38,97.19,0,3,0,0
2026-08-15T23:29:09.768,IMU-1,0x28,0.88,179.38,97.19,0,3,0,0
2026-08-15T23:29:09.868,IMU-1,0x28,0.88,179.38,97.19,0,3,0,0
2026-08-15T23:29:09.968,IMU-1,0x28,0.88,179.38,97.19,0,3,0,0
2026-08-15T23:29:10.068,IMU-1,0x28,0.88,179.38,97.19,0,3,0,0
2026-08-15T23:29:10.168,IMU-1,0x28,0.88,179.38,97.19,0,3,0,0
2026-08-15T23:29:10.268,IMU-1,0x28,0.88,179.38,97.19,0,3,0,0
2026-08-15T23:29:10.368,IMU-1,0x28,0.88,179.38,97.19,0,3,0,0
2026-08-15T23:29:10.468,IMU-1,0x28,0.88,179.38,97.19,0,3,0,0
2026-08-15T23:29:10.568,IMU-1,0x28,0.88,179.38,97.19,0,3,0,0
2026-08-15T23:29:10.667,IMU-1,0x28,0.88,179.38,97.19,0,3,0,0
2026-08-15T23:29:10.767,IMU-1,0x28,0.88,179.38,97.19,0,3,0,0
2026-08-15T23:29:10.867,IMU-1,0x28,0.88,179.38,97.19,0,3,0,0
2026-08-15T23:29:10.967,IMU-1,0x28,0.88,179.38,97.19,0,3,0,0
2026-08-15T23:29:11.067,IMU-1,0x28,0.88,179.38,97.19,0,3,0,0
2026-08-15T23:29:11.167,IMU-1,0x28,0.88,179.38,97.19,0,3,0,0
2026-08-15T23:29:11.267,IMU-1,0x28,0.88,179.38,97.19,0,3,0,0
2026-08-15T23:29:11.368,IMU-1,0x28,0.88,179.38,97.19,0,3,0,0
2026-08-15T23:29:11.468,IMU-1,0x28,0.88,179.38,97.19,0,3,0,0
2026-08-15T23:29:11.569,IMU-1,0x28,0.88,179.38,97.19,0,3,0,0
2026-08-15T23:29:11.668,IMU-1,0x28,0.88,179.38,97.19,0,3,0,0
2026-08-15T23:29:11.768,IMU-1,0x28,0.88,179.38,97.19,0,3,0,0
2026-08-15T23:29:11.869,IMU-1,0x28,0.88,179.38,97.19,0,3,0,0
2026-08-15T23:29:11.969,IMU-1,0x28,0.88,179.38,97.19,0,3,0,0
2026-08-15T23:29:12.069,IMU-1,0x28,0.88,179.38,97.19,0,3,0,0
2026-08-15T23:29:12.169,IMU-1,0x28,0.88,179.38,97.19,0,3,0,0
2026-08-15T23:29:12.269,IMU-1,0x28,0.88,179.38,97.19,0,3,0,0
2026-08-15T23:29:12.369,IMU-1,0x28,0.88,179.38,97.19,0,3,0,0
2026-08-15T23:29:12.469,IMU-1,0x28,0.88,179.38,97.19,0,3,0,0
2026-08-15T23:29:12.570,IMU-1,0x28,0.88,179.38,97.19,0,3,0,0
2026-08-15T23:29:12.670,IMU-1,0x28,0.88,179.38,97.19,0,3,0,0
2026-08-15T23:29:12.770,IMU-1,0x28,0.88,179.38,97.19,0,3,0,0
2026-08-15T23:29:12.870,IMU-1,0x28,0.88,179.38,97.19,0,3,0,0
2026-08-15T23:29:12.970,IMU-1,0x28,0.88,179.38,97.19,0,3,0,0
2026-08-15T23:29:13.070,IMU-1,0x28,0.88,179.38,97.19,0,3,0,0
2026-08-15T23:29:13.170,IMU-1,0x28,0.88,179.38,97.19,0,3,0,0
2026-08-15T23:29:13.270,IMU-1,0x28,0.88,179.38,97.19,0,3,0,0
2026-08-15T23:29:13.370,IMU-1,0x28,0.88,179.38,97.19,0,3,0,0
2026-08-15T23:29:13.470,IMU-1,0x28,0.88,179.38,97.19,0,3,0,0
2026-08-15T23:29:13.571,IMU-1,0x28,0.88,179.38,97.19,0,3,0,0
2026-08-15T23:29:13.670,IMU-1,0x28,0.88,179.38,97.19,0,3,0,0
2026-08-15T23:29:13.770,IMU-1,0x28,0.88,179.38,97.19,0,3,0,0
2026-08-15T23:29:13.870,IMU-1,0x28,0.88,179.38,97.19,0,3,0,0
2026-08-15T23:29:13.970,IMU-1,0x28,0.88,179.38,97.19,0,3,0,0
2026-08-15T23:29:14.070,IMU-1,0x28,0.88,179.38,97.19,0,3,0,0
2026-08-15T23:29:14.170,IMU-1,0x28,0.88,179.38,97.19,0,3,0,0
2026-08-15T23:29:14.270,IMU-1,0x28,0.88,179.38,97.19,0,3,0,0
2026-08-15T23:29:14.370,IMU-1,0x28,0.81,179.38,97.19,0,3,0,0
2026-08-15T23:29:14.470,IMU-1,0x28,0.81,179.38,97.19,0,3,0,0
2026-08-15T23:29:14.571,IMU-1,0x28,0.81,179.38,97.19,0,3,0,0
2026-08-15T23:29:14.670,IMU-1,0x28,0.81,179.38,97.19,0,3,0,0
2026-08-15T23:29:14.770,IMU-1,0x28,0.81,179.38,97.19,0,3,0,0
2026-08-15T23:29:14.870,IMU-1,0x28,0.81,179.38,97.19,0,3,0,0
2026-08-15T23:29:14.971,IMU-1,0x28,0.81,179.38,97.19,0,3,0,0
2026-08-15T23:29:15.071,IMU-1,0x28,0.81,179.38,97.19,0,3,0,0
2026-08-15T23:29:15.171,IMU-1,0x28,0.81,179.38,97.19,0,3,0,0
2026-08-15T23:29:15.271,IMU-1,0x28,0.81,179.38,97.19,0,3,0,0
2026-08-15T23:29:15.371,IMU-1,0x28,0.81,179.38,97.19,0,3,0,0
2026-08-15T23:29:15.470,IMU-1,0x28,0.81,179.38,97.19,0,3,0,0
2026-08-15T23:29:15.571,IMU-1,0x28,0.81,179.38,97.19,0,3,0,0
2026-08-15T23:29:15.671,IMU-1,0x28,0.81,179.38,97.19,0,3,0,0
2026-08-15T23:29:15.771,IMU-1,0x28,0.81,179.38,97.19,0,3,0,0
2026-08-15T23:29:15.872,IMU-1,0x28,0.75,179.38,97.19,0,3,0,0
2026-08-15T23:29:15.971,IMU-1,0x28,0.75,179.38,97.19,0,3,0,0
2026-08-15T23:29:16.071,IMU-1,0x28,0.75,179.38,97.19,0,3,0,0
2026-08-15T23:29:16.171,IMU-1,0x28,0.75,179.38,97.19,0,3,0,0
2026-08-15T23:29:16.271,IMU-1,0x28,0.75,179.38,97.19,0,3,0,0
2026-08-15T23:29:16.371,IMU-1,0x28,0.75,179.38,97.19,0,3,0,0
2026-08-15T23:29:16.471,IMU-1,0x28,0.75,179.38,97.19,0,3,0,0
2026-08-15T23:29:16.572,IMU-1,0x28,0.75,179.38,97.19,0,3,0,0
2026-08-15T23:29:16.671,IMU-1,0x28,0.75,179.38,97.19,0,3,0,0
2026-08-15T23:29:16.771,IMU-1,0x28,0.75,179.38,97.19,0,3,0,0
2026-08-15T23:29:16.871,IMU-1,0x28,0.81,179.38,97.19,0,3,0,0
2026-08-15T23:29:16.971,IMU-1,0x28,0.81,179.38,97.19,0,3,0,0
2026-08-15T23:29:17.071,IMU-1,0x28,0.81,179.38,97.19,0,3,0,0
2026-08-15T23:29:17.171,IMU-1,0x28,0.81,179.38,97.19,0,3,0,0
2026-08-15T23:29:17.271,IMU-1,0x28,0.81,179.38,97.19,0,3,0,0
2026-08-15T23:29:17.371,IMU-1,0x28,0.81,179.38,97.19,0,3,0,0
2026-08-15T23:29:17.471,IMU-1,0x28,0.81,179.38,97.19,0,3,0,0
2026-08-15T23:29:17.572,IMU-1,0x28,0.81,179.38,97.19,0,3,0,0
2026-08-15T23:29:17.672,IMU-1,0x28,0.81,179.38,97.19,0,3,0,0
2026-08-15T23:29:17.772,IMU-1,0x28,0.81,179.38,97.19,0,3,0,0
2026-08-15T23:29:17.872,IMU-1,0x28,0.81,179.38,97.19,0,3,0,0
2026-08-15T23:29:17.973,IMU-1,0x28,0.81,179.38,97.19,0,3,0,0
2026-08-15T23:29:18.073,IMU-1,0x28,0.81,179.38,97.19,0,3,0,0
2026-08-15T23:29:18.173,IMU-1,0x28,0.81,179.38,97.19,0,3,0,0
2026-08-15T23:29:18.273,IMU-1,0x28,0.81,179.38,97.19,0,3,0,0
2026-08-15T23:29:18.374,IMU-1,0x28,0.81,179.38,97.19,0,3,0,0
2026-08-15T23:29:18.473,IMU-1,0x28,0.81,179.38,97.19,0,3,0,0
2026-08-15T23:29:18.574,IMU-1,0x28,0.81,179.38,97.19,0,3,0,0
2026-08-15T23:29:18.673,IMU-1,0x28,0.81,179.38,97.19,0,3,0,0
2026-08-15T23:29:18.773,IMU-1,0x28,0.81,179.38,97.19,0,3,0,0
2026-08-15T23:29:18.873,IMU-1,0x28,0.81,179.38,97.19,0,3,0,0
2026-08-15T23:29:18.973,IMU-1,0x28,0.81,179.38,97.19,0,3,0,0
2026-08-15T23:29:19.074,IMU-1,0x28,0.81,179.38,97.19,0,3,0,0
2026-08-15T23:29:19.174,IMU-1,0x28,0.81,179.38,97.19,0,3,0,0
2026-08-15T23:29:19.273,IMU-1,0x28,0.81,179.38,97.19,0,3,0,0
2026-08-15T23:29:19.373,IMU-1,0x28,0.81,179.38,97.19,0,3,0,0
2026-08-15T23:29:19.473,IMU-1,0x28,0.81,179.38,97.19,0,3,0,0
2026-08-15T23:29:19.573,IMU-1,0x28,0.81,179.38,97.19,0,3,0,0
2026-08-15T23:29:19.672,IMU-1,0x28,0.81,179.38,97.19,0,3,0,0
2026-08-15T23:29:19.772,IMU-1,0x28,0.81,179.38,97.19,0,3,0,0
2026-08-15T23:29:19.873,IMU-1,0x28,0.81,179.38,97.19,0,3,0,0
2026-08-15T23:29:19.973,IMU-1,0x28,0.81,179.38,97.19,0,3,0,0
2026-08-15T23:29:20.073,IMU-1,0x28,0.81,179.38,97.19,0,3,0,0
2026-08-15T23:29:20.174,IMU-1,0x28,0.81,179.38,97.19,0,3,0,0
2026-08-15T23:29:20.274,IMU-1,0x28,0.81,179.38,97.19,0,3,0,0
2026-08-15T23:29:20.374,IMU-1,0x28,0.81,179.38,97.19,0,3,0,0
2026-08-15T23:29:20.474,IMU-1,0x28,0.81,179.38,97.19,0,3,0,0
2026-08-15T23:29:20.575,IMU-1,0x28,0.81,179.38,97.19,0,3,0,0
2026-08-15T23:29:20.674,IMU-1,0x28,0.81,179.38,97.19,0,3,0,0
2026-08-15T23:29:20.774,IMU-1,0x28,0.81,179.38,97.19,0,3,0,0
2026-08-15T23:29:20.874,IMU-1,0x28,0.81,179.38,97.19,0,3,0,0
2026-08-15T23:29:20.974,IMU-1,0x28,0.81,179.38,97.19,0,3,0,0
2026-08-15T23:29:21.074,IMU-1,0x28,0.81,179.38,97.19,0,3,0,0
2026-08-15T23:29:21.175,IMU-1,0x28,0.81,179.38,97.19,0,3,0,0
2026-08-15T23:29:21.275,IMU-1,0x28,0.81,179.38,97.19,0,3,0,0
2026-08-15T23:29:21.375,IMU-1,0x28,0.81,179.38,97.19,0,3,0,0
2026-08-15T23:29:21.475,IMU-1,0x28,0.81,179.38,97.19,0,3,0,0
2026-08-15T23:29:21.576,IMU-1,0x28,0.81,179.38,97.19,0,3,0,0
2026-08-15T23:29:21.675,IMU-1,0x28,0.81,179.38,97.19,0,3,0,0
2026-08-15T23:29:21.775,IMU-1,0x28,0.81,179.38,97.19,0,3,0,0
2026-08-15T23:29:21.875,IMU-1,0x28,0.81,179.38,97.19,0,3,0,0
2026-08-15T23:29:21.975,IMU-1,0x28,0.81,179.38,97.19,0,3,0,0
2026-08-15T23:29:22.076,IMU-1,0x28,0.81,179.38,97.19,0,3,0,0
2026-08-15T23:29:22.176,IMU-1,0x28,0.81,179.38,97.19,0,3,0,0
2026-08-15T23:29:22.276,IMU-1,0x28,0.81,179.38,97.19,0,3,0,0
2026-08-15T23:29:22.376,IMU-1,0x28,0.81,179.38,97.19,0,3,0,0
2026-08-15T23:29:22.476,IMU-1,0x28,0.81,179.38,97.19,0,3,0,0
2026-08-15T23:29:22.576,IMU-1,0x28,0.81,179.38,97.19,0,3,0,0
2026-08-15T23:29:22.676,IMU-1,0x28,0.81,179.38,97.19,0,3,0,0
2026-08-15T23:29:22.775,IMU-1,0x28,0.88,179.38,97.19,0,3,0,0
2026-08-15T23:29:22.874,IMU-1,0x28,0.81,179.38,97.19,0,3,0,0
2026-08-15T23:29:22.974,IMU-1,0x28,0.81,179.38,97.19,0,3,0,0
2026-08-15T23:29:23.075,IMU-1,0x28,0.81,179.38,97.19,0,3,0,0
2026-08-15T23:29:23.175,IMU-1,0x28,0.81,179.38,97.19,0,3,0,0
2026-08-15T23:29:23.275,IMU-1,0x28,0.81,179.38,97.19,0,3,0,0
2026-08-15T23:29:23.375,IMU-1,0x28,0.81,179.38,97.19,0,3,0,0
2026-08-15T23:29:23.475,IMU-1,0x28,0.81,179.38,97.19,0,3,0,0
2026-08-15T23:29:23.576,IMU-1,0x28,0.81,179.38,97.19,0,3,0,0
2026-08-15T23:29:23.676,IMU-1,0x28,0.81,179.38,97.19,0,3,0,0
2026-08-15T23:29:23.776,IMU-1,0x28,0.81,179.38,97.19,0,3,0,0
2026-08-15T23:29:23.876,IMU-1,0x28,0.81,179.38,97.19,0,3,0,0
2026-08-15T23:29:23.976,IMU-1,0x28,0.81,179.38,97.19,0,3,0,0
2026-08-15T23:29:24.076,IMU-1,0x28,0.81,179.38,97.19,0,3,0,0
2026-08-15T23:29:24.177,IMU-1,0x28,0.81,179.38,97.19,0,3,0,0
2026-08-15T23:29:24.277,IMU-1,0x28,0.81,179.38,97.19,0,3,0,0
2026-08-15T23:29:24.377,IMU-1,0x28,0.81,179.38,97.19,0,3,0,0
2026-08-15T23:29:24.477,IMU-1,0x28,0.81,179.38,97.19,0,3,0,0
2026-08-15T23:29:24.578,IMU-1,0x28,0.81,179.38,97.19,0,3,0,0
2026-08-15T23:29:24.678,IMU-1,0x28,0.81,179.38,97.19,0,3,0,0
2026-08-15T23:29:24.777,IMU-1,0x28,0.81,179.38,97.19,0,3,0,0
2026-08-15T23:29:24.877,IMU-1,0x28,0.81,179.38,97.19,0,3,0,0
2026-08-15T23:29:24.978,IMU-1,0x28,0.81,179.38,97.19,0,3,0,0
2026-08-15T23:29:25.077,IMU-1,0x28,0.81,179.38,97.19,0,3,0,0
2026-08-15T23:29:25.177,IMU-1,0x28,0.81,179.38,97.19,0,3,0,0
2026-08-15T23:29:25.278,IMU-1,0x28,0.81,179.38,97.19,0,3,0,0
2026-08-15T23:29:25.378,IMU-1,0x28,0.81,179.38,97.19,0,3,0,0
2026-08-15T23:29:25.478,IMU-1,0x28,0.81,179.38,97.19,0,3,0,0
2026-08-15T23:29:25.579,IMU-1,0x28,0.81,179.38,97.19,0,3,0,0
2026-08-15T23:29:25.676,IMU-1,0x28,0.81,179.38,97.19,0,3,0,0
2026-08-15T23:29:25.776,IMU-1,0x28,0.81,179.38,97.19,0,3,0,0
2026-08-15T23:29:25.876,IMU-1,0x28,0.81,179.38,97.19,0,3,0,0
2026-08-15T23:29:25.976,IMU-1,0x28,0.81,179.38,97.19,0,3,0,0
2026-08-15T23:29:26.076,IMU-1,0x28,0.81,179.38,97.19,0,3,0,0
2026-08-15T23:29:26.176,IMU-1,0x28,0.81,179.38,97.19,0,3,0,0
2026-08-15T23:29:26.277,IMU-1,0x28,0.81,179.38,97.19,0,3,0,0
2026-08-15T23:29:26.377,IMU-1,0x28,0.81,179.38,97.19,0,3,0,0
2026-08-15T23:29:26.477,IMU-1,0x28,0.81,179.38,97.19,0,3,0,0
2026-08-15T23:29:26.578,IMU-1,0x28,0.81,179.38,97.19,0,3,0,0
2026-08-15T23:29:26.677,IMU-1,0x28,0.81,179.38,97.19,0,3,0,0
2026-08-15T23:29:26.778,IMU-1,0x28,0.81,179.38,97.19,0,3,0,0
2026-08-15T23:29:26.878,IMU-1,0x28,0.81,179.38,97.19,0,3,0,0
2026-08-15T23:29:26.978,IMU-1,0x28,0.81,179.38,97.19,0,3,0,0
2026-08-15T23:29:27.078,IMU-1,0x28,0.81,179.38,97.19,0,3,0,0
2026-08-15T23:29:27.179,IMU-1,0x28,0.81,179.38,97.19,0,3,0,0
2026-08-15T23:29:27.279,IMU-1,0x28,0.81,179.38,97.19,0,3,0,0
2026-08-15T23:29:27.379,IMU-1,0x28,0.81,179.38,97.19,0,3,0,0
2026-08-15T23:29:27.479,IMU-1,0x28,0.81,179.38,97.19,0,3,0,0
2026-08-15T23:29:27.580,IMU-1,0x28,0.81,179.38,97.19,0,3,0,0
2026-08-15T23:29:27.679,IMU-1,0x28,0.81,179.38,97.19,0,3,0,0
2026-08-15T23:29:27.779,IMU-1,0x28,0.88,179.38,97.19,0,3,0,0
2026-08-15T23:29:27.879,IMU-1,0x28,0.81,179.38,97.19,0,3,0,0
2026-08-15T23:29:27.979,IMU-1,0x28,0.81,179.38,97.19,0,3,0,0
2026-08-15T23:29:28.079,IMU-1,0x28,0.81,179.38,97.19,0,3,0,0
2026-08-15T23:29:28.179,IMU-1,0x28,0.81,179.38,97.19,0,3,0,0
2026-08-15T23:29:28.279,IMU-1,0x28,0.81,179.38,97.19,0,3,0,0
2026-08-15T23:29:28.379,IMU-1,0x28,0.81,179.38,97.19,0,3,0,0
2026-08-15T23:29:28.479,IMU-1,0x28,0.81,179.38,97.19,0,3,0,0
2026-08-15T23:29:28.579,IMU-1,0x28,0.81,179.38,97.19,0,3,0,0
2026-08-15T23:29:28.678,IMU-1,0x28,0.81,179.38,97.19,0,3,0,0
2026-08-15T23:29:28.778,IMU-1,0x28,0.81,179.38,97.19,0,3,0,0
2026-08-15T23:29:28.879,IMU-1,0x28,0.81,179.38,97.19,0,3,0,0
2026-08-15T23:29:28.979,IMU-1,0x28,0.88,179.38,97.19,0,3,0,0
2026-08-15T23:29:29.079,IMU-1,0x28,0.88,179.38,97.19,0,3,0,0
2026-08-15T23:29:29.179,IMU-1,0x28,0.88,179.38,97.19,0,3,0,0
2026-08-15T23:29:29.279,IMU-1,0x28,0.88,179.38,97.19,0,3,0,0
2026-08-15T23:29:29.379,IMU-1,0x28,0.88,179.38,97.19,0,3,0,0
2026-08-15T23:29:29.479,IMU-1,0x28,0.88,179.38,97.19,0,3,0,0
2026-08-15T23:29:29.580,IMU-1,0x28,0.88,179.38,97.19,0,3,0,0
2026-08-15T23:29:29.680,IMU-1,0x28,0.88,179.38,97.19,0,3,0,0
2026-08-15T23:29:29.780,IMU-1,0x28,0.88,179.38,97.19,0,3,0,0
2026-08-15T23:29:29.880,IMU-1,0x28,0.88,179.38,97.19,0,3,0,0
2026-08-15T23:29:29.980,IMU-1,0x28,0.88,179.38,97.19,0,3,0,0
2026-08-15T23:29:30.080,IMU-1,0x28,0.88,179.38,97.19,0,3,0,0
2026-08-15T23:29:30.180,IMU-1,0x28,0.88,179.38,97.19,0,3,0,0
2026-08-15T23:29:30.281,IMU-1,0x28,0.88,179.38,97.19,0,3,0,0
2026-08-15T23:29:30.381,IMU-1,0x28,0.88,179.38,97.19,0,3,0,0
2026-08-15T23:29:30.481,IMU-1,0x28,0.88,179.38,97.19,0,3,0,0
2026-08-15T23:29:30.582,IMU-1,0x28,0.88,179.38,97.19,0,3,0,0
2026-08-15T23:29:30.680,IMU-1,0x28,0.88,179.38,97.19,0,3,0,0
2026-08-15T23:29:30.779,IMU-1,0x28,0.88,179.38,97.19,0,3,0,0
2026-08-15T23:29:30.880,IMU-1,0x28,0.88,179.38,97.19,0,3,0,0
2026-08-15T23:29:30.980,IMU-1,0x28,0.88,179.38,97.19,0,3,0,0
2026-08-15T23:29:31.080,IMU-1,0x28,0.88,179.38,97.19,0,3,0,0
2026-08-15T23:29:31.180,IMU-1,0x28,0.88,179.38,97.19,0,3,0,0
2026-08-15T23:29:31.281,IMU-1,0x28,0.88,179.38,97.19,0,3,0,0
2026-08-15T23:29:31.381,IMU-1,0x28,0.88,179.38,97.19,0,3,0,0
2026-08-15T23:29:31.481,IMU-1,0x28,0.88,179.38,97.19,0,3,0,0
2026-08-15T23:29:31.582,IMU-1,0x28,0.88,179.38,97.19,0,3,0,0
2026-08-15T23:29:31.681,IMU-1,0x28,0.88,179.38,97.19,0,3,0,0
2026-08-15T23:29:31.781,IMU-1,0x28,0.88,179.38,97.19,0,3,0,0
2026-08-15T23:29:31.881,IMU-1,0x28,0.88,179.38,97.19,0,3,0,0
2026-08-15T23:29:31.981,IMU-1,0x28,0.88,179.38,97.19,0,3,0,0
2026-08-15T23:29:32.081,IMU-1,0x28,0.88,179.38,97.19,0,3,0,0
2026-08-15T23:29:32.181,IMU-1,0x28,0.88,179.38,97.19,0,3,0,0
2026-08-15T23:29:32.281,IMU-1,0x28,0.88,179.38,97.19,0,3,0,0
2026-08-15T23:29:32.381,IMU-1,0x28,0.88,179.38,97.19,0,3,0,0
2026-08-15T23:29:32.481,IMU-1,0x28,0.88,179.38,97.19,0,3,0,0
2026-08-15T23:29:32.582,IMU-1,0x28,0.88,179.38,97.19,0,3,0,0
2026-08-15T23:29:32.681,IMU-1,0x28,0.88,179.38,97.19,0,3,0,0
2026-08-15T23:29:32.782,IMU-1,0x28,0.88,179.38,97.19,0,3,0,0
2026-08-15T23:29:32.882,IMU-1,0x28,0.88,179.38,97.19,0,3,0,0
2026-08-15T23:29:32.982,IMU-1,0x28,0.88,179.38,97.19,0,3,0,0
2026-08-15T23:29:33.082,IMU-1,0x28,0.88,179.38,97.19,0,3,0,0
2026-08-15T23:29:33.182,IMU-1,0x28,0.88,179.38,97.19,0,3,0,0
2026-08-15T23:29:33.283,IMU-1,0x28,0.88,179.38,97.19,0,3,0,0
2026-08-15T23:29:33.383,IMU-1,0x28,0.88,179.38,97.19,0,3,0,0
2026-08-15T23:29:33.483,IMU-1,0x28,0.88,179.38,97.19,0,3,0,0
2026-08-15T23:29:33.584,IMU-1,0x28,0.88,179.38,97.19,0,3,0,0
2026-08-15T23:29:33.683,IMU-1,0x28,0.88,179.38,97.19,0,3,0,0
2026-08-15T23:29:33.783,IMU-1,0x28,0.88,179.38,97.19,0,3,0,0
2026-08-15T23:29:33.883,IMU-1,0x28,0.88,179.38,97.19,0,3,0,0
2026-08-15T23:29:33.983,IMU-1,0x28,0.88,179.38,97.19,0,3,0,0
2026-08-15T23:29:34.083,IMU-1,0x28,0.88,179.38,97.19,0,3,0,0
2026-08-15T23:29:34.183,IMU-1,0x28,0.88,179.38,97.19,0,3,0,0
2026-08-15T23:29:34.283,IMU-1,0x28,0.88,179.38,97.19,0,3,0,0
2026-08-15T23:29:34.383,IMU-1,0x28,0.88,179.38,97.19,0,3,0,0
2026-08-15T23:29:34.483,IMU-1,0x28,0.88,179.38,97.19,0,3,0,0
2026-08-15T23:29:34.583,IMU-1,0x28,0.88,179.38,97.19,0,3,0,0
2026-08-15T23:29:34.682,IMU-1,0x28,0.88,179.38,97.19,0,3,0,0
2026-08-15T23:29:34.782,IMU-1,0x28,0.88,179.38,97.19,0,3,0,0
2026-08-15T23:29:34.882,IMU-1,0x28,0.88,179.38,97.19,0,3,0,0
2026-08-15T23:29:34.982,IMU-1,0x28,0.88,179.38,97.19,0,3,0,0
2026-08-15T23:29:35.082,IMU-1,0x28,0.88,179.38,97.19,0,3,0,0
2026-08-15T23:29:35.182,IMU-1,0x28,0.88,179.38,97.19,0,3,0,0
2026-08-15T23:29:35.282,IMU-1,0x28,0.88,179.38,97.19,0,3,0,0
2026-08-15T23:29:35.382,IMU-1,0x28,0.88,179.38,97.19,0,3,0,0
2026-08-15T23:29:35.483,IMU-1,0x28,0.88,179.38,97.19,0,3,0,0
2026-08-15T23:29:35.583,IMU-1,0x28,0.88,179.38,97.19,0,3,0,0
2026-08-15T23:29:35.683,IMU-1,0x28,0.88,179.38,97.19,0,3,0,0
2026-08-15T23:29:35.784,IMU-1,0x28,0.88,179.38,97.19,0,3,0,0
2026-08-15T23:29:35.884,IMU-1,0x28,0.88,179.38,97.19,0,3,0,0
2026-08-15T23:29:35.984,IMU-1,0x28,0.88,179.38,97.19,0,3,0,0
2026-08-15T23:29:36.084,IMU-1,0x28,0.88,179.38,97.19,0,3,0,0
2026-08-15T23:29:36.184,IMU-1,0x28,0.88,179.38,97.19,0,3,0,0
2026-08-15T23:29:36.284,IMU-1,0x28,0.88,179.38,97.19,0,3,0,0
2026-08-15T23:29:36.385,IMU-1,0x28,0.88,179.38,97.19,0,3,0,0
2026-08-15T23:29:36.485,IMU-1,0x28,0.88,179.38,97.19,0,3,0,0
2026-08-15T23:29:36.586,IMU-1,0x28,0.88,179.38,97.19,0,3,0,0
2026-08-15T23:29:36.685,IMU-1,0x28,0.88,179.38,97.19,0,3,0,0
2026-08-15T23:29:36.785,IMU-1,0x28,0.88,179.38,97.19,0,3,0,0
2026-08-15T23:29:36.885,IMU-1,0x28,0.88,179.38,97.19,0,3,0,0
2026-08-15T23:29:36.985,IMU-1,0x28,0.88,179.38,97.19,0,3,0,0
2026-08-15T23:29:37.085,IMU-1,0x28,0.88,179.38,97.19,0,3,0,0
2026-08-15T23:29:37.185,IMU-1,0x28,0.88,179.38,97.19,0,3,0,0
2026-08-15T23:29:37.285,IMU-1,0x28,0.88,179.38,97.19,0,3,0,0
2026-08-15T23:29:37.385,IMU-1,0x28,0.88,179.38,97.19,0,3,0,0
2026-08-15T23:29:37.485,IMU-1,0x28,0.88,179.38,97.19,0,3,0,0
